dataset_id,family,level,seed,arm,point,tau,eligible_patterns,nodes,pruned_support,pruned_canonical,pruned_v,correlation_evaluations,screened_u,traversals,remaining_eligible_pattern_visits,all_eligible_pattern_visits,full_dictionary_exclusion_rate,fit_seconds,audit_seconds,verified,audit_status,source_sha256
count_02_s2609271101,count,2,2609271101,PATH,0,1.0,50336,0,0,0,0,0,0,0,0,0,,0.012810351967345923,0.025113001000136137,True,passed,8ea5dcc2267f17fe236b9c2e49eab09b9d22d22dcfde907843ebcb346b70ebb0
count_02_s2609271101,count,2,2609271101,PATH,1,0.954992586021436,50336,719,0,0,685,34,31,2,3,100672,0.9999702002542912,0.05081063701072708,0.025802075979299843,True,passed,a3e706815837579093bb698bbf000fc19c247db7cab67d73f1bd4844337a118c
count_02_s2609271101,count,2,2609271101,PATH,2,0.9120108393559098,50336,568,0,0,538,30,28,2,2,100672,0.9999801335028607,0.045782845991197973,0.02481349802110344,True,passed,1d58ed772fd6c0c96796eab9d0f2567a880268c15b286d46e80bd9effc002a23
count_02_s2609271101,count,2,2609271101,PATH,3,0.8709635899560807,50336,696,0,0,663,33,31,2,2,100672,0.9999801335028607,0.050297180947382,0.024746046983636916,True,passed,56e321bbde4b509a454c5496025a5cb57f73a0c8b2e14d373365a89ace09cb0e
count_02_s2609271101,count,2,2609271101,PATH,4,0.831763771102671,50336,794,0,0,758,36,34,2,2,100672,0.9999801335028607,0.05432637198828161,0.02737106999848038,True,passed,3794516419d831abddd768148830ae225b7e9e9815147f150ea5af0914042ddb
count_02_s2609271101,count,2,2609271101,PATH,5,0.7943282347242815,50336,870,0,0,832,38,36,2,2,100672,0.9999801335028607,0.05703100998653099,0.03135041001951322,True,passed,6164fd7290174a746469fe15c409756edf813601d150cee815459b3f284fe944
count_02_s2609271101,count,2,2609271101,PATH,6,0.7585775750291838,50336,870,0,0,832,38,36,2,2,100672,0.9999801335028607,0.057820694986730814,0.03137052000965923,True,passed,e904d2dbcf8cce6b1e7a8aeed71ae5061343010d467af3c9ac82390db80ddfe0
count_02_s2609271101,count,2,2609271101,PATH,7,0.72443596007499,50336,945,0,0,905,40,38,2,2,100672,0.9999801335028607,0.05977397400420159,0.031733201001770794,True,passed,4711e3a418e8daa756ded05a6ddfeb4c8505513fae247197eb909228b3e3b165
count_02_s2609271101,count,2,2609271101,PATH,8,0.6918309709189365,50336,1113,0,0,1067,46,44,2,2,100672,0.9999801335028607,0.06640460999915376,0.03445480595109984,True,passed,2f48531d35037a302aa69a44cae78938c99279ed0f4d194b5910df2dad305f4f
count_02_s2609271101,count,2,2609271101,PATH,9,0.660693448007596,50336,1206,0,0,1156,50,48,2,2,100672,0.9999801335028607,0.06962962704710662,0.03813008399447426,True,passed,08b2e092d02f6460404353ca446b4b4536d8427a12de13d5bd57b63b68000a6d
count_02_s2609271101,count,2,2609271101,PATH,10,0.6309573444801932,50336,1276,0,0,1223,53,51,2,2,100672,0.9999801335028607,0.07193674496375024,0.0382899499963969,True,passed,0f7f0a01cc8766b4fec7517ef73bb9ed66c53a1df0113f05a68bb672764d7cfc
count_02_s2609271101,count,2,2609271101,PATH,11,0.6025595860743578,50336,1346,0,0,1290,56,54,2,2,100672,0.9999801335028607,0.07657860399922356,0.039779137005098164,True,passed,f8624f4171821bcc05b919463a4a21d03595ed2a35c960a213c344e21b1c8d04
count_02_s2609271101,count,2,2609271101,PATH,12,0.5754399373371569,50336,2088,0,0,2000,88,84,3,4,151008,0.9999735113371477,0.10769437899580225,0.04144074401119724,True,passed,ffb8dbcef641408f8a47f5d3358cdc8816c8f9f6de07b0ff90f93ab942f192a3
count_02_s2609271101,count,2,2609271101,PATH,13,0.5495408738576245,50336,1392,0,0,1332,60,55,2,5,100672,0.9999503337571519,0.07646197802387178,0.04226515599293634,True,passed,11a0f5568f54f2dba1359850803d5ae11f29ffa1526b0417a25f0b142c2735bf
count_02_s2609271101,count,2,2609271101,PATH,14,0.5248074602497725,50336,2784,0,0,2664,120,112,4,8,201344,0.9999602670057216,0.13935930200386792,0.041831511014606804,True,passed,980e078f29b4360301296980df88edd81bc874109ac1407f71cce3dd94ae052e
count_02_s2609271101,count,2,2609271101,PATH,15,0.5011872336272722,50336,2784,0,0,2664,120,112,4,8,201344,0.9999602670057216,0.14776345796417445,0.041834426985587925,True,passed,f86147f8771f60dae839a37240203d7e0026e32912566b49d3885ab2db9898b9
count_02_s2609271101,count,2,2609271101,PATH,16,0.4786300923226383,50336,2784,0,0,2664,120,112,4,8,201344,0.9999602670057216,0.13962449703831226,0.04189534502802417,True,passed,1fff0abd77858fc85efc8ed555ca347702e689db0241db27ec11ae6f056b20cb
count_02_s2609271101,count,2,2609271101,PATH,17,0.457088189614875,50336,2784,0,0,2664,120,112,4,8,201344,0.9999602670057216,0.1404068439733237,0.04168322205077857,True,passed,1b66cf1a7926932721eea5ce5dbc3c99e314f1fefc293253a1a4d99e357d4a0c
count_02_s2609271101,count,2,2609271101,PATH,18,0.436515832240166,50336,2784,0,0,2664,120,112,4,8,201344,0.9999602670057216,0.13961546402424574,0.04218560399021953,True,passed,daf19b3a1ea6cbea97541901c5c12ef1226caf2287b150b0f9f0f2f71a61b4d4
count_02_s2609271101,count,2,2609271101,PATH,19,0.4168693834703354,50336,2835,0,0,2714,121,113,4,8,201344,0.9999602670057216,0.1417862399830483,0.04208935395581648,True,passed,fa6e7d091f08323f4cbcb67805d5707bbfb038151aa26137f1290f7de3527394
count_02_s2609271101,count,2,2609271101,PATH,20,0.3981071705534972,50336,2907,0,0,2782,125,116,4,9,201344,0.9999553003814368,0.14490244496846572,0.04149523103842512,True,passed,239e6304f0801e1557641b953e9f9f36de2870138af7ef41d88154cca28c3732
count_02_s2609271101,count,2,2609271101,PATH,21,0.3801893963205612,50336,2914,0,0,2788,126,117,4,9,201344,0.9999553003814368,0.14538777898997068,0.04195440100738779,True,passed,e2eaba605a23841aaa0bda291eb7ee24633221dae19247a7e5db2178142015db
count_02_s2609271101,count,2,2609271101,PATH,22,0.36307805477010135,50336,2941,0,0,2812,129,120,4,9,201344,0.9999553003814368,0.14591193402884528,0.04198790300870314,True,passed,5c74038c124dc2db1b678fd0f6b95da7c4ad3a6517eddaec45a650602e730d6a
count_02_s2609271101,count,2,2609271101,PATH,23,0.3467368504525316,50336,3194,0,0,3059,135,125,4,10,201344,0.9999503337571519,0.15551203401992097,0.043638527975417674,True,passed,5439cec00205b7ccdb8799b619abbc71703da878c9c3d4b2db86a5db8947096f
count_02_s2609271101,count,2,2609271101,PATH,24,0.3311311214825911,50336,3283,0,0,3144,139,129,4,10,201344,0.9999503337571519,0.15818384097656235,0.04366541199851781,True,passed,cc6239cf4b19cbe941fbfe94e9cd8a61ce595b5760de0c09bca5fc048d8ae31f
count_02_s2609271101,count,2,2609271101,PATH,25,0.31622776601683794,50336,3497,0,0,3344,153,143,4,10,201344,0.9999503337571519,0.16657636099262163,0.04719913494773209,True,passed,e89fdf6868d9da7352237e391f1ba8f3c8ce8cb094a8b39b0c046009725f7eb8
count_02_s2609271101,count,2,2609271101,PATH,26,0.3019951720402016,50336,3537,0,0,3380,157,147,4,10,201344,0.9999503337571519,0.19051869300892577,0.04694605298573151,True,passed,01f796321e5660737448d0a600c59db2fc3669a28be8cd6dbec9d0748826581d
count_02_s2609271101,count,2,2609271101,PATH,27,0.28840315031266056,50336,3647,0,0,3480,167,157,4,10,201344,0.9999503337571519,0.17262405500514433,0.048303359013516456,True,passed,f154bf168469b04accbc8fbc93ee92597a6b6e7098354df62e12fd92b2e64405
count_02_s2609271101,count,2,2609271101,PATH,28,0.2754228703338166,50336,3905,0,0,3726,179,168,4,11,201344,0.9999453671328671,0.18217703903792426,0.05043590604327619,True,passed,4ec40409c795c9596d1a3c0384f5f64a5fdb051d7d425dc8bca24edd7a37113e
count_02_s2609271101,count,2,2609271101,PATH,29,0.2630267991895382,50336,4173,0,0,3984,189,177,4,12,201344,0.9999404005085823,0.1925595499924384,0.05404163699131459,True,passed,edf71d23340a77ea2a7243504cb0ed5f85c268fd06c006ca053bf9ae08985c31
count_02_s2609271101,count,2,2609271101,PATH,30,0.251188643150958,50336,4282,0,0,4087,195,182,4,13,201344,0.9999354338842975,0.19533729401882738,0.05461916700005531,True,passed,89fc01918dc2f26bf343a8b9cc66e618b8d9fecb6eafafbcfc53c9571d2dbe19
count_02_s2609271101,count,2,2609271101,PATH,31,0.23988329190194904,50336,4430,0,0,4226,204,190,4,14,201344,0.9999304672600127,0.2016731550102122,0.055718604009598494,True,passed,0d49e4adf02154af7e4aeb0b8e1b5810d6c33b1ff872f97a94c0d16c7474ffba
count_02_s2609271101,count,2,2609271101,PATH,32,0.2290867652767773,50336,4590,0,0,4372,218,204,4,14,201344,0.9999304672600127,0.20766451000235975,0.056480367959011346,True,passed,30d21743c76816c1f006bc3b36bd436478a27e38fac8ec903b1fb4c9f14e46e7
count_02_s2609271101,count,2,2609271101,PATH,33,0.21877616239495523,50336,4823,0,0,4591,232,218,4,14,201344,0.9999304672600127,0.21529483899939805,0.05749267799546942,True,passed,9d24dfa22386a56c662722f7dc31f74488347091748e9c718a05eb405fa67283
count_02_s2609271101,count,2,2609271101,PATH,34,0.20892961308540392,50336,4952,0,0,4711,241,227,4,14,201344,0.9999304672600127,0.22070404095575213,0.057994419999886304,True,passed,96748426ccf6abae9a667a04cea1d4060090c6b0de109d526ee0d9a59befea9e
count_02_s2609271101,count,2,2609271101,PATH,35,0.19952623149688797,50336,5152,0,0,4889,263,249,4,14,201344,0.9999304672600127,0.22734278900315985,0.0598693749634549,True,passed,41bc8917e886e97e8c6ef653f70bd7784634c058dbbebece01fca941bead5f1d
count_02_s2609271101,count,2,2609271101,PATH,36,0.19054607179632474,50336,5304,0,0,5028,276,262,4,14,201344,0.9999304672600127,0.2513608350418508,0.06128177099162713,True,passed,bef96d55114cc291506988ed9e4fee9f12022da7688f63f9a43785c7c8235b84
count_02_s2609271101,count,2,2609271101,PATH,37,0.18197008586099836,50336,5668,0,0,5374,294,280,4,14,201344,0.9999304672600127,0.24587503500515595,0.06548678601393476,True,passed,d1649051028c739e3615a125ce862d97739b2e4f5d4be76a7a13d6e209583cfc
count_02_s2609271101,count,2,2609271101,PATH,38,0.17378008287493754,50336,5748,0,0,5445,303,289,4,14,201344,0.9999304672600127,0.24883894599042833,0.06653467699652538,True,passed,dfb411ac13fb8b8f3692a81ccfb1925a64f1666ad2feb09d2d88527df37325c1
count_02_s2609271101,count,2,2609271101,PATH,39,0.16595869074375605,50336,6028,0,0,5705,323,308,4,15,201344,0.9999255006357279,0.25854533101664856,0.07005372201092541,True,passed,7e2a9b11a55cd4e396f4f51e870f7f4c68bc8a377729a8d32503ca64836858d4
count_02_s2609271101,count,2,2609271101,PATH,40,0.15848931924611134,50336,6364,0,0,6013,351,333,4,18,201344,0.9999106007628735,0.2715218790108338,0.07487140299053863,True,passed,c3dd766bcda2835a26022762bee7a6c551cc52303ef1069c788abda6f3bde437
count_02_s2609271101,count,2,2609271101,PATH,41,0.15135612484362082,50336,6658,0,0,6279,379,361,4,18,201344,0.9999106007628735,0.28291963099036366,0.07850293401861563,True,passed,b49a39e3802052ad33aebebb1e7d4458f1ea0e240e7d8b747acc75b762cf4de0
count_02_s2609271101,count,2,2609271101,PATH,42,0.14454397707459277,50336,6868,0,0,6464,404,386,4,18,201344,0.9999106007628735,0.28867531899595633,0.07872876897454262,True,passed,2528ee440791a5d840a75e524949e39703e03207bcda033a538a9c7aad389c3f
count_02_s2609271101,count,2,2609271101,PATH,43,0.1380384264602885,50336,7029,0,0,6604,425,406,4,19,201344,0.9999056341385887,0.2949952019844204,0.0841745639918372,True,passed,463b3f435e25810518190a86978ecb123e5958f0dd694664fb36fd67677474ab
count_02_s2609271101,count,2,2609271101,PATH,44,0.1318256738556407,50336,7171,0,0,6734,437,416,4,21,201344,0.9998957008900191,0.3021387960179709,0.08400893799262121,True,passed,c40b888a235457aa441e53b90c43540f2073c9ecacf4aee81f2af56100fb7d83
count_02_s2609271101,count,2,2609271101,PATH,45,0.12589254117941673,50336,7307,0,0,6861,446,423,4,23,201344,0.9998857676414494,0.30645865900442004,0.08306961902417243,True,passed,1627dad8e21e8cefa2ccafc5c57278ac898c06d863741d8e73b96d6a99bdd5cb
count_02_s2609271101,count,2,2609271101,PATH,46,0.12022644346174129,50336,7695,0,0,7222,473,450,4,23,201344,0.9998857676414494,0.32043617201270536,0.08376353303901851,True,passed,19c92e4c74a8a167cd3df59945a1478abb412abf3dfaf56397aa0f92a4b2dbd4
count_02_s2609271101,count,2,2609271101,PATH,47,0.1148153621496883,50336,6371,0,0,5976,395,374,3,21,151008,0.9998609345200254,0.2659857369726524,0.08328869001707062,True,passed,7cd63da28bd49d42cae97b0494465033e38c6aa1863364dbb8d28ddb1e5439e3
count_02_s2609271101,count,2,2609271101,PATH,48,0.1096478196143185,50336,6675,0,0,6255,420,399,3,21,151008,0.9998609345200254,0.27328046603361145,0.08413026796188205,True,passed,a94d522431d5344825b1d94c62eb4cbf23906d6ecbcab404bfde59a1cff5e218
count_02_s2609271101,count,2,2609271101,PATH,49,0.10471285480508996,50336,7105,0,0,6660,445,423,3,22,151008,0.9998543123543123,0.28809151001041755,0.08556703198701143,True,passed,e2b11e4d9e63b5035e48872503ee6762d79cd084facb03a4f097ff1b8e4b83a3
count_02_s2609271101,count,2,2609271101,PATH,50,0.1,50336,9361,0,0,8756,605,578,4,27,201344,0.9998659011443103,0.3801603929605335,0.08971815300174057,True,passed,f5cc6d5cd08868dfd9c6d6b394875f363bafd7fed892f1de5191fe8af1f790b2
count_02_s2609271101,count,2,2609271101,PATH,51,0.09549925860214359,50336,8336,0,0,7828,508,468,2,40,100672,0.9996026700572155,0.32094733900157735,0.09713357797591016,True,passed,2f15c9f6c26ece4c7cfea059599dde1c6d3be3ff05139e1ccabc2404e943f215
count_02_s2609271101,count,2,2609271101,PATH,52,0.09120108393559097,50336,14176,0,0,13302,874,826,4,48,201344,0.9997616020343293,0.543575219984632,0.10298053495353088,True,passed,d5e3244c82c2502ee2607f17888284a306b93ed1b02f30d354623c9fc6da8754
count_02_s2609271101,count,2,2609271101,PATH,53,0.08709635899560805,50336,14395,0,0,13530,865,833,4,32,201344,0.9998410680228862,0.5508366950089112,0.12197681498946622,True,passed,8c8e0f8f5aec2dbd66edd26582f954de51acfd837621cb666c7171b87735effa
count_02_s2609271101,count,2,2609271101,PATH,54,0.08317637711026708,50336,16649,2,0,15663,984,950,4,34,201344,0.9998311347743166,0.6262005349854007,0.12845901102991775,True,passed,228521e3693f43e213178fc419e67a72e1fd884498e8dc6629ff049ccd3340bb
count_02_s2609271101,count,2,2609271101,PATH,55,0.07943282347242814,50336,19409,9,0,18282,1118,1083,4,35,201344,0.9998261681500318,0.7163324819994159,0.13784352299990132,True,passed,b6125c699b4668095708252c2b2a8abf5fad545ce6f842c510b2c67057400538
count_02_s2609271101,count,2,2609271101,PATH,56,0.07585775750291836,50336,21770,27,0,20493,1250,1215,4,35,201344,0.9998261681500318,0.7950010999920778,0.14931558503303677,True,passed,d50534e304acc697374502fde2471e7ee86d81d7c06d608c6385453a15bd4c25
count_02_s2609271101,count,2,2609271101,PATH,57,0.07244359600749903,50336,24177,73,0,22711,1393,1356,4,37,201344,0.9998162349014622,0.8702933120075613,0.15348729898687452,True,passed,ad9ca00a5a7eede395cfe274570406ac6cc32dbe52c35db60cd10df3d107f719
count_02_s2609271101,count,2,2609271101,PATH,58,0.06918309709189366,50336,26363,168,0,24658,1537,1493,4,44,201344,0.9997814685314685,0.9471756410202943,0.1652976039913483,True,passed,1c40c40dc6c1a5dd5b5b1c288fe1456c50d17b5e07321a518522f243358e09a6
count_02_s2609271101,count,2,2609271101,PATH,59,0.06606934480075961,50336,29165,324,0,27134,1707,1659,4,48,201344,0.9997616020343293,1.0307843589689583,0.17985418700845912,True,passed,ded52740704607a702665d8621f34e1b37fef73d38f604ef6c1ea29afc269465
count_02_s2609271101,count,2,2609271101,PATH,60,0.06309573444801933,50336,34192,673,0,31542,1977,1924,4,53,201344,0.9997367689129053,1.189331951958593,0.20793663599761203,True,passed,75505fa2dd034f4dd58ba322ea5efceece32ae13e287ae136a2ea1a7d9750f80
count_02_s2609271101,count,2,2609271101,PATH,61,0.06025595860743578,50336,39923,1139,0,36483,2301,2242,4,59,201344,0.9997069691671965,1.3607578299706802,0.24218929099151865,True,passed,09b19386060040e7bc51e5cce25d967da3fa382a203b285da4aa143bd10a8cb4
count_02_s2609271101,count,2,2609271101,PATH,62,0.057543993733715694,50336,48829,2043,0,43990,2796,2730,4,66,201344,0.9996722027972028,1.6223840810125694,0.2934421429526992,True,passed,df93721c1c146ae546a2bdb72d889b30584e4a137db5335c6985f42490a777c2
count_02_s2609271101,count,2,2609271101,PATH,63,0.054954087385762455,50336,58348,3227,0,51766,3355,3283,4,72,201344,0.999642403051494,1.903707448975183,0.34502353001153097,True,passed,a353db8fd51beee1aa1f0bc26f48c89cee16128fe7888af6ccfba500951e1229
count_02_s2609271101,count,2,2609271101,PATH,64,0.05248074602497726,50336,67235,4438,0,58897,3900,3823,4,77,201344,0.9996175699300699,2.162641827017069,0.40193739300593734,True,passed,4c7d4ee097f65aab2fbeabc3af1418ed382134e680adc9fa660ba6c2c4aced26
count_02_s2609271101,count,2,2609271101,PATH,65,0.05011872336272722,50336,73789,5498,0,63895,4396,4306,4,90,201344,0.9995530038143674,2.3396720190066844,0.4447629440110177,True,passed,3851b69abd81382061c42bdf167b5f9297e0df7f394393f9739597e7abebb546
count_02_s2609271101,count,2,2609271101,PATH,66,0.047863009232263824,50336,78495,6225,0,67412,4858,4747,4,111,201344,0.9994487047043865,2.4872285809833556,0.4839102759724483,True,passed,205313ebdf3dfa73a4f73eeec3d813dcdd0d185e71a65d47ec45a9b106429a2d
count_02_s2609271101,count,2,2609271101,PATH,67,0.04570881896148749,50336,81710,6734,0,69633,5343,5208,4,135,201344,0.9993295057215512,2.5922997759771533,0.5129829570068978,True,passed,91e83e10b2076d51f4bb71b05d3dac5f04d4462a6d562c79b6ecd92673fbac0e
count_02_s2609271101,count,2,2609271101,PATH,68,0.043651583224016584,50336,86260,7594,0,72648,6018,5850,4,168,201344,0.9991656071201526,2.7287848130217753,0.5525619330001064,True,passed,d3426dc1986e49d5e5b8e9967fd296d7f9c11915f2f4770b62fe1532fe3ec025
count_02_s2609271101,count,2,2609271101,PATH,69,0.04168693834703355,50336,93015,8624,0,77484,6907,6690,4,217,201344,0.9989222425301971,2.9362975480034947,0.6141173020005226,True,passed,2f4b02e44bd72320508f08d67b191a64ecd0a5c1975fc5af70c1f943566f857e
count_02_s2609271101,count,2,2609271101,PATH,70,0.039810717055349734,50336,100418,10608,0,81892,7918,7651,4,267,201344,0.9986739113159567,3.128416169958655,0.6805020149913616,True,passed,bcb4001ff902693e80af8ea93c9cc03bbb91885362dd9c4f284ff927f74c9e79
count_02_s2609271101,count,2,2609271101,PATH,71,0.038018939632056124,50336,109933,13230,0,87676,9027,8676,4,351,201344,0.9982567148760331,3.3957157940021716,0.7557169409701601,True,passed,ff884308cdd154a8bb13452da4712a16953a43a0870d93d5488e6826058a005e
count_02_s2609271101,count,2,2609271101,PATH,72,0.03630780547701014,50336,132393,20811,0,100131,11451,10974,4,477,201344,0.9976309202161475,3.9611579540069215,0.8539414330152795,True,passed,3f1b56b213931199a7e1dd1cab02b8e4f160c8edaeff1d27f56371aee86b8d7e
count_02_s2609271101,count,2,2609271101,PATH,73,0.034673685045253165,50336,142471,25723,0,104719,12029,11438,4,591,201344,0.9970647250476796,4.112758431991097,0.943754909967538,True,passed,25d57a4fbcaf82ae584ceb50f6d08f2a8e21e48b5b6db3ec2fc557121a069941
count_02_s2609271101,count,2,2609271101,PATH,74,0.03311311214825911,50336,152704,31353,0,108243,13108,12357,4,751,201344,0.9962700651621106,4.303049430018291,1.0227452730177902,True,passed,889ad4970009b75f1b764d533a729627d30c50c7096a97963f89d4c9cd9db77d
count_02_s2609271101,count,2,2609271101,PATH,75,0.03162277660168379,50336,165502,39832,0,109923,15747,14676,4,1071,201344,0.9946807453909726,4.558274629991502,1.0737791860010475,True,passed,8979b5aee73569d3ab951038ce6cce50c76ac61063ac8a7e7c2bfebfa75af249
count_02_s2609271101,count,2,2609271101,PATH,76,0.03019951720402016,50336,173681,45414,0,112575,15692,14462,4,1230,201344,0.9938910521296885,4.610060609993525,1.1124400569824502,True,passed,6caceecabcf1de821fa0ce17318a269c116d7915d7b0d011ee462c28c450b7fe
count_02_s2609271101,count,2,2609271101,PATH,77,0.028840315031266057,50336,184095,53660,0,113298,17137,15620,4,1517,201344,0.9924656309599491,4.7317040269845165,1.1471408979850821,True,passed,ba716309b654a4f1dcc847b4f2253cbcd5dca1370a741d848df877fe50662332
count_02_s2609271101,count,2,2609271101,PATH,78,0.02754228703338166,50336,275264,105661,0,142349,27254,23668,5,3586,251680,0.9857517482517483,6.347130913985893,1.1624981890199706,True,passed,49f4689d37c2dda0abcc62940dcdebe376b7424a40e568a3b241802613e30f02
count_02_s2609271101,count,2,2609271101,PATH,79,0.026302679918953815,50336,300097,126875,0,143265,29957,25630,5,4327,251680,0.9828075333757152,6.560727352043614,1.1763165989541449,True,passed,c373647f0a240a4ec1078738009e629f824eea7c4f2a1a50a2d0a42b58749a25
count_02_s2609271101,count,2,2609271101,PATH,80,0.025118864315095794,50336,225578,88768,0,113343,23467,20841,4,2626,201344,0.9869576446280992,5.145698058011476,1.1978770540445112,True,passed,2749d14d80095b53a8ac3f0b215ce9cf90c7b834ca11451ba990078af75134e4
count_02_s2609271101,count,2,2609271101,PATH,81,0.023988329190194897,50336,373006,189676,0,143174,40156,33942,5,6214,251680,0.9753099173553719,7.234270636981819,1.2107775710173883,True,passed,73f759e236e5033cd3c637d5e109ab2ebcb7ab0149a88ef7eb9b898ac331313f
count_02_s2609271101,count,2,2609271101,PATH,82,0.022908676527677734,50336,406677,219234,0,142094,45349,38021,5,7328,251680,0.9708836617927527,7.5434247789671645,1.230010518047493,True,passed,28391b4073cf2f62ca09f95a45d95223f0bc64a5bbbb9b1effc7a2e07ac55d86
count_02_s2609271101,count,2,2609271101,PATH,83,0.02187761623949553,50336,449876,257391,0,139535,52950,44213,5,8737,251680,0.9652852828989192,7.955511389998719,1.2537656479980797,True,passed,e683b6234c7193b2b9fd622b3b91d557e665a3fbc00590c1fe9365441bed3c02
count_02_s2609271101,count,2,2609271101,PATH,84,0.020892961308540396,50336,483558,287742,0,135393,60423,50086,5,10337,251680,0.9589280038143675,8.336865374003537,1.2774751129909419,True,passed,50add8297d9f71ae37c8d14c31d47ed124cc31aef710454546d26eeda672557f
count_02_s2609271101,count,2,2609271101,PATH,85,0.0199526231496888,50336,527587,326962,0,130675,69950,57570,5,12380,251680,0.9508105530832803,8.80169307399774,1.3104002909967676,True,passed,7a2957065654e83c836654e66af3a9021889629d5e2625b887a46c23ca407f81
count_02_s2609271101,count,2,2609271101,PATH,86,0.019054607179632473,50336,548835,346796,0,123103,78936,64581,5,14355,251680,0.9429632867132867,9.116478790994734,1.3337176659842953,True,passed,b313e0a613fee14e3884b6dbe22c71b02c081d8147b806896c8cbce8d1a5fed4
count_02_s2609271101,count,2,2609271101,PATH,87,0.018197008586099836,50336,562810,359900,2,114429,88479,71534,5,16945,251680,0.9326724411951685,9.429552902001888,1.3723349560168572,True,passed,fd40ef94bfffb3798c75d76b4de70c5d3b5f1f65a7a727a14a5cc2536461bc4e
count_02_s2609271101,count,2,2609271101,PATH,88,0.017378008287493755,50336,591793,385521,4,107518,98750,78642,5,20108,251680,0.9201048951048951,9.860246316005941,1.4087278670049272,True,passed,38bf0df4f3bf5d02bdaf6f48335c8436580616f997059eed564beb4f20b95fb5
count_02_s2609271101,count,2,2609271101,PATH,89,0.016595869074375606,50336,626974,416195,4,101712,109063,85642,5,23421,251680,0.906941354100445,10.36996664997423,1.4459278139984235,True,passed,13c66cddda208255b81acaa1204ee9ed7f94f3314bc655a36231dc4ce8f6f995
count_02_s2609271101,count,2,2609271101,PATH,90,0.015848931924611134,50336,796086,536241,4,126019,133822,105199,6,28623,302016,0.9052268753973299,12.810751495009754,1.486701007001102,True,passed,eabe88286460b862aaccc90ee1db88b8c61f93990d0349396796515175b3a325
count_02_s2609271101,count,2,2609271101,PATH,91,0.01513561248436208,50336,828829,564974,6,121313,142536,109199,6,33337,302016,0.8896184308116126,13.128917175985407,1.5276625019614585,True,passed,e3929f929bab435c98fc76274659c178da1df62f31ead17dff14946ceff0b599
count_02_s2609271101,count,2,2609271101,PATH,92,0.014454397707459272,50336,670017,453759,6,89492,126760,89883,5,36877,251680,0.8534766369993643,11.04766312398715,1.5892067280365154,True,passed,bb8c0f0c6111930aad9ed53aba6db8c790d530eb680ee4b3a02d4829d6963b84
count_02_s2609271101,count,2,2609271101,PATH,93,0.013803842646028845,50336,907234,634091,6,113495,159642,114575,6,45067,302016,0.8507794289044289,13.970151818997692,1.6556727040442638,True,passed,080eeb7c67e6fb169fe107f6808f9d3d9d80ff0d63cb3a63014ffa0f1e76481c
count_02_s2609271101,count,2,2609271101,PATH,94,0.013182567385564075,50336,761254,533546,6,86398,141304,91725,5,49579,251680,0.8030077876668786,11.977378173964098,1.7403540629893541,True,passed,86f8dab67ca765dc97be8f29f6744258fb7e26d8c40f587ba1bac39c471fa6a1
count_02_s2609271101,count,2,2609271101,PATH,95,0.012589254117941675,50336,783204,552805,6,85603,144790,89191,5,55599,251680,0.7790885251112524,12.170006136992015,1.8231372549780644,True,passed,6536bc99a687b4d928b5c1d31885467b2184536e7702f0a6ce539532b624b1ab
count_02_s2609271101,count,2,2609271101,PATH,96,0.012022644346174132,50336,984455,702341,6,108584,173524,109594,6,63930,302016,0.7883224729815639,14.877288226038218,1.9030116309877485,True,passed,2d52c116a8fef05e63b5f9f90d534e7dd2ef369a8f25cd4d19c423eb2d87cd09
count_02_s2609271101,count,2,2609271101,PATH,97,0.01148153621496883,50336,1051658,763913,10,84711,203024,127529,6,75495,302016,0.7500297997457088,15.896094440016896,2.0121413549641147,True,passed,3db3234519674cf0fc614f633af1398d645f986b180fa22481384077f81d4dee
count_02_s2609271101,count,2,2609271101,PATH,98,0.01096478196143185,50336,1059050,769568,8,93998,195476,119982,6,75494,302016,0.7500331108285654,15.85342767596012,2.0791527580004185,True,passed,25fd7b55ca9d947846dd30975692ce43217457b2dbec466b40941446f7b27db0
count_02_s2609271101,count,2,2609271101,PATH,99,0.010471285480508996,50336,1087464,795650,10,80002,211802,128188,6,83614,302016,0.7231471180334816,16.35318943497259,2.166503160027787,True,passed,4eadf6333edb2b45798ffbdeba9014c89aee393eb684500b53513be1a40f7b2d
count_02_s2609271101,count,2,2609271101,PATH,100,0.01,50336,1109403,815328,10,73927,220138,132742,6,87396,302016,0.7106246026700572,16.839467329031322,2.266394166974351,True,passed,743fb6c588e927947c14766ac7421fb0c7fdd86360111565de8cf1cf7974bc23
count_02_s2609271102,count,2,2609271102,PATH,0,1.0,50215,0,0,0,0,0,0,0,0,0,,0.012789717991836369,0.02503983600763604,True,passed,1bc82f994c2f93c50196d2ee476f43d8ca1d77881610416a38a33f543fa4d14d
count_02_s2609271102,count,2,2609271102,PATH,1,0.954992586021436,50215,626,0,0,596,30,28,2,2,100430,0.9999800856317833,0.044805251993238926,0.025611166027374566,True,passed,88bbfd37955066e6e109ba19ee5d5d4c814220a38e4fdeab5c45e49821f9ff79
count_02_s2609271102,count,2,2609271102,PATH,2,0.9120108393559098,50215,626,0,0,596,30,28,2,2,100430,0.9999800856317833,0.045785120979417115,0.025244657008443028,True,passed,c387cadeae11299928b8f99c78361450294db9fcedfc5b45b01c6d9c07fdcb55
count_02_s2609271102,count,2,2609271102,PATH,3,0.8709635899560807,50215,626,0,0,596,30,28,2,2,100430,0.9999800856317833,0.04575405101059005,0.02481003198772669,True,passed,3752bac3e68886f0894cd172faafbf3bbd45d753b45def645ebcfce0b3441c7f
count_02_s2609271102,count,2,2609271102,PATH,4,0.831763771102671,50215,626,0,0,596,30,28,2,2,100430,0.9999800856317833,0.045410355960484594,0.025239950977265835,True,passed,5f13419a9db6ecc58d38e1301c6f9f66de1f296c71a3d6dcfdd982db73d383c5
count_02_s2609271102,count,2,2609271102,PATH,5,0.7943282347242815,50215,710,0,0,678,32,30,2,2,100430,0.9999800856317833,0.04923482902813703,0.024762718006968498,True,passed,8baae01c97a594fb450a66dafe0fdcd3a1d840bf37cd4d9d4df8ac65beaf030b
count_02_s2609271102,count,2,2609271102,PATH,6,0.7585775750291838,50215,809,0,0,775,34,32,2,2,100430,0.9999800856317833,0.051952173991594464,0.024906999024096876,True,passed,ba36ee24ffc8908f6f8bc5d88a6cd22d77272afded7253c2eb603cd0d0b5081e
count_02_s2609271102,count,2,2609271102,PATH,7,0.72443596007499,50215,992,0,0,954,38,36,2,2,100430,0.9999800856317833,0.05917787901125848,0.030585756991058588,True,passed,f930d3c94f13e74e1af6d4eb009e4a12c5a2b60efd34cae81e27c3bc3ada0752
count_02_s2609271102,count,2,2609271102,PATH,8,0.6918309709189365,50215,992,0,0,954,38,36,2,2,100430,0.9999800856317833,0.058716102968901396,0.03222343197558075,True,passed,e1af4eda1583c8108e7fbcdf3649e2c0c4ed1a8578e41e983bbf6e1a814e1c72
count_02_s2609271102,count,2,2609271102,PATH,9,0.660693448007596,50215,992,0,0,954,38,36,2,2,100430,0.9999800856317833,0.059704050014261156,0.03217455104459077,True,passed,0acb57efbccc96eb869a2d41d9b99a1f1454f712800a6faf3ca150ff4327771a
count_02_s2609271102,count,2,2609271102,PATH,10,0.6309573444801932,50215,1106,0,0,1064,42,40,2,2,100430,0.9999800856317833,0.06287409598007798,0.03246670699445531,True,passed,4932e21ddff1e24d0c5ddc5089a3820d352604ba5fa155f7fbf30e2e3f1bbc7b
count_02_s2609271102,count,2,2609271102,PATH,11,0.6025595860743578,50215,1251,0,0,1205,46,44,2,2,100430,0.9999800856317833,0.06799662398407236,0.032985197962261736,True,passed,2b4bd1670cfe663eecd4671737376f912e579f2408546dec4ad8720630795e9d
count_02_s2609271102,count,2,2609271102,PATH,12,0.5754399373371569,50215,1418,0,0,1368,50,48,2,2,100430,0.9999800856317833,0.07329091097926721,0.039567122992593795,True,passed,1de181fb94a5eac4e068bfffa3abad1083587ce7af2237b0711bdb2fccb6779c
count_02_s2609271102,count,2,2609271102,PATH,13,0.5495408738576245,50215,2241,0,0,2162,79,76,3,3,150645,0.9999800856317833,0.10690408997470513,0.040065479988697916,True,passed,a7e365d152f573707465a9d0ea2b7d6772a92b92420de7b5e7920dbc80b1e682
count_02_s2609271102,count,2,2609271102,PATH,14,0.5248074602497725,50215,2469,0,0,2382,87,84,3,3,150645,0.9999800856317833,0.1164718410000205,0.04228929104283452,True,passed,f4690404b3e33900d0136bf0971082e1bde0689d2b954f64d556b17564610974
count_02_s2609271102,count,2,2609271102,PATH,15,0.5011872336272722,50215,2469,0,0,2381,88,84,3,4,150645,0.9999734475090445,0.11462314700474963,0.043615904985927045,True,passed,c8dda4dd19696f774f1b1cc72e207be3e6ddf2d9d79d2aaa993f75b092d654cd
count_02_s2609271102,count,2,2609271102,PATH,16,0.4786300923226383,50215,3369,0,0,3246,123,115,4,8,200860,0.9999601712635666,0.1520532499998808,0.044281623035203665,True,passed,c48542dd65af34c00d9214d1fe2419c33661f875bfed4297963afe84708f8d3d
count_02_s2609271102,count,2,2609271102,PATH,17,0.457088189614875,50215,3292,0,0,3172,120,112,4,8,200860,0.9999601712635666,0.14913544803857803,0.043596014962531626,True,passed,fcc0fdc32a0176332f0ceaa5fd3627cf7331b8ddfdd017f5c1a8c0d064932174
count_02_s2609271102,count,2,2609271102,PATH,18,0.436515832240166,50215,3292,0,0,3172,120,112,4,8,200860,0.9999601712635666,0.15017082105623558,0.04388538101920858,True,passed,4682c2a9519ddcb767f51490729e32e9617bb8ea0dc400b9f7de9ac08fedf17b
count_02_s2609271102,count,2,2609271102,PATH,19,0.4168693834703354,50215,3308,0,0,3187,121,113,4,8,200860,0.9999601712635666,0.14914372697239742,0.04411325399996713,True,passed,17967cb6676e488dcc479140921b4830af66b7249ed03588a33f24cdb725ff2d
count_02_s2609271102,count,2,2609271102,PATH,20,0.3981071705534972,50215,3369,0,0,3246,123,115,4,8,200860,0.9999601712635666,0.15171402000123635,0.04383418697398156,True,passed,2cd908afd82e6a801ccb1f5de1231d6df3f9052458bf61774c7b4dedcdbced7e
count_02_s2609271102,count,2,2609271102,PATH,21,0.3801893963205612,50215,3468,0,0,3340,128,120,4,8,200860,0.9999601712635666,0.15582956100115553,0.04402265098178759,True,passed,eb9394e9bcfaf02aeda5533ef3a7375fb20a8071a682b8dfe20171ea05117f98
count_02_s2609271102,count,2,2609271102,PATH,22,0.36307805477010135,50215,3603,0,0,3470,133,125,4,8,200860,0.9999601712635666,0.15966894500888884,0.04425338702276349,True,passed,cbbb01cd54b7944641805f0244fd69f6df11a6280e989589cfff87a1de0c70da
count_02_s2609271102,count,2,2609271102,PATH,23,0.3467368504525316,50215,3626,0,0,3492,134,126,4,8,200860,0.9999601712635666,0.16072744101984426,0.043715725012589246,True,passed,fe3f1e2b2a7088d21b66c33ffcd287ef6b29387a8b5835d706b0a84130b0d43a
count_02_s2609271102,count,2,2609271102,PATH,24,0.3311311214825911,50215,3729,0,0,3590,139,131,4,8,200860,0.9999601712635666,0.16403412498766556,0.04387041897280142,True,passed,4b4026bfc1078c681d4275361437c84bcb3a72d7cead745fd1f3eea0ff263a85
count_02_s2609271102,count,2,2609271102,PATH,25,0.31622776601683794,50215,3934,0,0,3787,147,138,4,9,200860,0.9999551926715124,0.17205722304061055,0.046899790002498776,True,passed,c2ff0130689dbd8f43b360fa756497475551785db85323e518d1d4ff9c591be4
count_02_s2609271102,count,2,2609271102,PATH,26,0.3019951720402016,50215,4081,0,0,3927,154,145,4,9,200860,0.9999551926715124,0.19771884998772293,0.04838110395940021,True,passed,05b7b30d1fe0d7541c482df32a87cd8bb54bbce421e737aa7c9b702b8cb21b93
count_02_s2609271102,count,2,2609271102,PATH,27,0.28840315031266056,50215,4529,0,0,4356,173,164,4,9,200860,0.9999551926715124,0.19325549999484792,0.05299810797441751,True,passed,8dc056d3a1b8b1764726d6a15a76ad48285afeb8fe41c950e5c5d6b58ea65a39
count_02_s2609271102,count,2,2609271102,PATH,28,0.2754228703338166,50215,4634,0,0,4456,178,168,4,10,200860,0.9999502140794583,0.1957879930268973,0.05539538699667901,True,passed,a14b3ab5cab0263099f512060d18fb7e87b7561f03acf999c0416e87fc57a8b0
count_02_s2609271102,count,2,2609271102,PATH,29,0.2630267991895382,50215,4797,0,0,4609,188,178,4,10,200860,0.9999502140794583,0.20169742801226676,0.05688329000258818,True,passed,c6ec60d6272d510e96dd1606fa3c203b327295c0de1b9a8e74f2bc9cb05295b9
count_02_s2609271102,count,2,2609271102,PATH,30,0.251188643150958,50215,4957,0,0,4760,197,186,4,11,200860,0.9999452354874042,0.20792136603267863,0.057005903974641114,True,passed,3ed9328e722776d282f497ffefdc3561d6b0b970cc246c4601b55ee911edeeef
count_02_s2609271102,count,2,2609271102,PATH,31,0.23988329190194904,50215,5172,0,0,4966,206,194,4,12,200860,0.99994025689535,0.21437114698346704,0.05707569402875379,True,passed,916e3244d354cb54112840cf875effafafff2017c44af3d4a5b7d90d5570bc34
count_02_s2609271102,count,2,2609271102,PATH,32,0.2290867652767773,50215,5276,0,0,5063,213,201,4,12,200860,0.99994025689535,0.21785743098007515,0.05706393299624324,True,passed,f5d04b6d5f8b167cb9999f3254c7259a8acd53891dce7cd75dece9313602169e
count_02_s2609271102,count,2,2609271102,PATH,33,0.21877616239495523,50215,5415,0,0,5196,219,206,4,13,200860,0.9999352783032959,0.2202075889799744,0.05603103700559586,True,passed,b2c3dcb1e21210f8ca1cafeddf51122b278cb66d4428e7bb44296744d26b6eb3
count_02_s2609271102,count,2,2609271102,PATH,34,0.20892961308540392,50215,5496,0,0,5272,224,211,4,13,200860,0.9999352783032959,0.22521304996917024,0.05706049798754975,True,passed,fd38a49e6788cdd4cbc617966a389c8a378f7402494e3afd2c8e0126045690df
count_02_s2609271102,count,2,2609271102,PATH,35,0.19952623149688797,50215,5683,0,0,5445,238,225,4,13,200860,0.9999352783032959,0.23088381200795993,0.059196778980549425,True,passed,e3b929a0e2f5ddac9e17ae2e7ad09c008f89c861f34153dd26083998874aa662
count_02_s2609271102,count,2,2609271102,PATH,36,0.19054607179632474,50215,5915,0,0,5664,251,238,4,13,200860,0.9999352783032959,0.238787628011778,0.06076880800537765,True,passed,3ecfd6b57431ccec08fb48e440c14a2677a8dcfb9b20f33ab94537d734e2aa84
count_02_s2609271102,count,2,2609271102,PATH,37,0.18197008586099836,50215,6278,0,0,6003,275,262,4,13,200860,0.9999352783032959,0.24971017002826557,0.06397873198147863,True,passed,28e8d556b5763492553d62c3e632fad9317160216015ba90242bcf926c8f0cf7
count_02_s2609271102,count,2,2609271102,PATH,38,0.17378008287493754,50215,6968,0,0,6654,314,301,4,13,200860,0.9999352783032959,0.2757136559812352,0.07090954098384827,True,passed,26e44d7e67140886d5ede957c03c681df8b0124f11da6f75f7b3ed327efc1588
count_02_s2609271102,count,2,2609271102,PATH,39,0.16595869074375605,50215,7342,0,0,7007,335,321,4,14,200860,0.9999302997112417,0.28866136900614947,0.0772311000037007,True,passed,d30c238b71f72456f04fade2d7af623299699d1cc7e2c263d830ee6ec69066dd
count_02_s2609271102,count,2,2609271102,PATH,40,0.15848931924611134,50215,7502,0,0,7153,349,333,4,16,200860,0.9999203425271334,0.29339851601980627,0.0782053439761512,True,passed,916474902cb0445a916a7d4727bc64441492e6a494f187a94c8aef3211bfd4ae
count_02_s2609271102,count,2,2609271102,PATH,41,0.15135612484362082,50215,7776,0,0,7410,366,350,4,16,200860,0.9999203425271334,0.3037931299768388,0.08205269899917766,True,passed,ac6239dd40d97420b350836df705ae06edd455ccd4c63d302b5b481d56ab8bcc
count_02_s2609271102,count,2,2609271102,PATH,42,0.14454397707459277,50215,7942,0,0,7558,384,365,4,19,200860,0.9999054067509708,0.3066777470521629,0.08362799399765208,True,passed,802eba27350ab7c97cb6d6722d2adb2dfe95289c17e9a0714b8d8e7f50d7b9f6
count_02_s2609271102,count,2,2609271102,PATH,43,0.1380384264602885,50215,8213,0,0,7801,412,393,4,19,200860,0.9999054067509708,0.3169290790101513,0.08771281398367137,True,passed,8e27849e16c8143a025d49672b5650d16a798fcc695eff261dece31770f3eee9
count_02_s2609271102,count,2,2609271102,PATH,44,0.1318256738556407,50215,8297,0,0,7875,422,403,4,19,200860,0.9999054067509708,0.3203163610305637,0.08844161499291658,True,passed,c4f104d654e91aa46b31531c213cf95eaebbb4cfb3806e92bed576b5cf65af06
count_02_s2609271102,count,2,2609271102,PATH,45,0.12589254117941673,50215,8469,0,0,8029,440,419,4,21,200860,0.9998954495668625,0.32381985703250393,0.0885336950304918,True,passed,2ca69229b2fd58bdf8da559fd5be894edfef6af5736ce0511d66d28a2fb46020
count_02_s2609271102,count,2,2609271102,PATH,46,0.12022644346174129,50215,8505,0,0,8044,461,440,4,21,200860,0.9998954495668625,0.3277660580351949,0.08896407700376585,True,passed,3d3af837762897bb82dae8317d3f16a8cbbc04653fe6f324aab91bddc6371ace
count_02_s2609271102,count,2,2609271102,PATH,47,0.1148153621496883,50215,5490,0,0,5132,358,330,2,28,100430,0.9997211988449667,0.213996856007725,0.0909399269730784,True,passed,79d18a4be883a95a25b822b827345bfdb58dcf9a92c6b13855280c2024321a8c
count_02_s2609271102,count,2,2609271102,PATH,48,0.1096478196143185,50215,9317,0,0,8801,516,492,4,24,200860,0.9998805137907,0.35661042900756,0.0900494380039163,True,passed,9517ad46f54ff51d7a8be2c5eceaad5833967ef7df5502079436718bcf49220e
count_02_s2609271102,count,2,2609271102,PATH,49,0.10471285480508996,50215,9963,0,0,9410,553,529,4,24,200860,0.9998805137907,0.37572635599644855,0.08991748600965366,True,passed,79a81e4095948fefa76cd31cb26913452e72e8c415316eddafc5993849e2db6a
count_02_s2609271102,count,2,2609271102,PATH,50,0.1,50215,7987,0,0,7535,452,430,3,22,150645,0.9998539612997445,0.30281448701862246,0.09102800895925611,True,passed,cda88ca4ee2c743658d03f247b65dcf33edd74f86b7ec8c11090a214e6566bd3
count_02_s2609271102,count,2,2609271102,PATH,51,0.09549925860214359,50215,8406,0,0,7929,477,455,3,22,150645,0.9998539612997445,0.3165731049957685,0.09530817199265584,True,passed,215c8a69cadee2f52bb4473ede4425efcd5bd5292fc34b7d27ffc84b8aa5fe0d
count_02_s2609271102,count,2,2609271102,PATH,52,0.09120108393559097,50215,9044,0,0,8512,532,507,3,25,150645,0.9998340469315278,0.3373973960406147,0.09710961900418624,True,passed,076226386b5042167c56f14ba7f55c9723c8ca921dca86179f38f861b9d8f384
count_02_s2609271102,count,2,2609271102,PATH,53,0.08709635899560805,50215,15846,2,0,14928,916,872,4,44,200860,0.9997809419496166,0.5637111710384488,0.11396215402055532,True,passed,2426ba12d51377d85770e5b2333878ef721b34ced962f9cb9f17197b594bfd64
count_02_s2609271102,count,2,2609271102,PATH,54,0.08317637711026708,50215,16049,2,0,15130,917,885,4,32,200860,0.9998406850542666,0.5693141949595883,0.127967176027596,True,passed,1d2778b0595589572ff331061fccdeb8fa99a590f87b84cbb86ed9c137030acc
count_02_s2609271102,count,2,2609271102,PATH,55,0.07943282347242814,50215,18697,4,0,17654,1039,1006,4,33,200860,0.9998357064622125,0.6520891640102491,0.138864120002836,True,passed,6af3c35de243e5e0a531e93b97c2bc4fc277c012ccb605e1b04dba44fb4f4f0b
count_02_s2609271102,count,2,2609271102,PATH,56,0.07585775750291836,50215,21546,14,0,20367,1165,1128,4,37,200860,0.9998157920939958,0.7393293100176379,0.14632207003887743,True,passed,797f9bd7157600ba3b93224321c3ab138b00e331636b44e9367b1e52dfcc4aca
count_02_s2609271102,count,2,2609271102,PATH,57,0.07244359600749903,50215,31602,70,0,29875,1657,1595,4,62,200860,0.9996913272926417,1.0445121970260516,0.14740099001210183,True,passed,2947beae7777a9164dd02afc5a500481a6d83d11db226021b72aee311e655176
count_02_s2609271102,count,2,2609271102,PATH,58,0.06918309709189366,50215,26302,96,0,24802,1404,1359,4,45,200860,0.9997759633575625,0.8852530010044575,0.15505038702394813,True,passed,0df68ebc80d362043c7d066e6da1ed86fc79a176fea7fad82296ced23a748bb1
count_02_s2609271102,count,2,2609271102,PATH,59,0.06606934480075961,50215,29050,224,0,27275,1551,1503,4,48,200860,0.9997610275814,0.9614125840016641,0.16760543204145506,True,passed,6d76e02953b5c293681e7a34284fc2de9f6b37a311a30f062a714217950329fe
count_02_s2609271102,count,2,2609271102,PATH,60,0.06309573444801933,50215,32485,382,0,30363,1740,1688,4,52,200860,0.9997411132131833,1.0611180100240745,0.1828063919674605,True,passed,57903759a01f8e906f75928d9ccf4f4e0b4f40005b2b240537ca5e797418961b
count_02_s2609271102,count,2,2609271102,PATH,61,0.06025595860743578,50215,38340,785,0,35501,2054,1999,4,55,200860,0.9997261774370209,1.2328135290299542,0.21432348497910425,True,passed,4ee7e96d86ba3c5af41aba6bc49c328555140e896e134fa66687aeac10e6cad4
count_02_s2609271102,count,2,2609271102,PATH,62,0.057543993733715694,50215,46201,1396,0,42324,2481,2420,4,61,200860,0.9996963058846958,1.4604723029769957,0.2540451049571857,True,passed,32c32cab791e1871f437dce69947eb5a61dedc762a9a5c573201233dbcfc2302
count_02_s2609271102,count,2,2609271102,PATH,63,0.054954087385762455,50215,56379,2467,0,50913,2999,2931,4,68,200860,0.9996614557403166,1.729078083008062,0.3057289600255899,True,passed,95551fdc33c59ab0fef1424ec281f5ccf13ed63bfffe887396ccfc2628ae2590
count_02_s2609271102,count,2,2609271102,PATH,64,0.05248074602497726,50215,65845,3729,0,58603,3513,3441,4,72,200860,0.9996415413720999,1.985996802977752,0.3643483640043996,True,passed,20ab25164d6052b6912e96ede5082e4622b2429e3754e74638c71c9644495057
count_02_s2609271102,count,2,2609271102,PATH,65,0.05011872336272722,50215,74130,5086,0,65044,4000,3918,4,82,200860,0.9995917554515583,2.198901687981561,0.4015344070503488,True,passed,f62c74c8ef9cbb7ed10c80a451fa6852460bd7df3495e789b91284e67f4617de
count_02_s2609271102,count,2,2609271102,PATH,66,0.047863009232263824,50215,80648,6170,0,70050,4428,4336,4,92,200860,0.9995419695310166,2.3512945850379765,0.441963792021852,True,passed,25caf2abce37d4d3c08f0e1c506f33d0bcc7656dd3c5c8f6f8cbf1ffe7a16303
count_02_s2609271102,count,2,2609271102,PATH,67,0.04570881896148749,50215,86555,7192,0,74487,4876,4768,4,108,200860,0.99946231205815,2.5216370000271127,0.4801095770089887,True,passed,c9fe9af32ddfa5fd52969c25969e45a3a52c1d606836de3bca1637a631ad0dd6
count_02_s2609271102,count,2,2609271102,PATH,68,0.043651583224016584,50215,91518,8103,0,77977,5438,5319,4,119,200860,0.9994075475455542,2.658888557984028,0.5231986959697679,True,passed,767a13ee3c251c1153cf9085e3f8c37228d2fbdd5c51dbdcd32e441431410ec7
count_02_s2609271102,count,2,2609271102,PATH,69,0.04168693834703355,50215,97645,9074,0,82371,6200,6050,4,150,200860,0.9992532111918749,2.833429314021487,0.5705809519859031,True,passed,d78dbe103548abb9f42d894a4bd0748a10614f1cb0bf358aede0c5974d6080ca
count_02_s2609271102,count,2,2609271102,PATH,70,0.039810717055349734,50215,105841,10590,0,88090,7161,6986,4,175,200860,0.9991287463905207,3.0472090520197526,0.6379469179664738,True,passed,58210331c0a0f067205a26396a99908d6ec0538a4306101ae1639de58907e42d
count_02_s2609271102,count,2,2609271102,PATH,71,0.038018939632056124,50215,116423,13066,0,95074,8283,8054,4,229,200860,0.9988599024195958,3.3355692269979045,0.7167856480227783,True,passed,ff8eb6d5378c1c1bb04e1d95bb5b36e3591cb9161a860dd6d39bd5dbedcdd693
count_02_s2609271102,count,2,2609271102,PATH,72,0.03630780547701014,50215,127589,16255,0,101956,9378,9094,4,284,200860,0.9985860798566165,3.577738133026287,0.8098667979938909,True,passed,9c314d01747b9844d9c9fdb0ae276bb27d0ea9d32b18404a196d9c12b8b4a496
count_02_s2609271102,count,2,2609271102,PATH,73,0.034673685045253165,50215,146476,22750,0,112646,11080,10712,4,368,200860,0.9981678781240665,3.991922070039436,0.8813127030152828,True,passed,e1d5e100c26d3e98b75773eba65fc418264bf2271e4d37ee91e79ec0537698b8
count_02_s2609271102,count,2,2609271102,PATH,74,0.03311311214825911,50215,157894,28460,0,117282,12152,11690,4,462,200860,0.9976998904709748,4.189244610955939,0.9572286769980565,True,passed,0d970f2bb2baf465bb67ddd0de1e0b405ad6a264a9b379b19a4c77f85e3b550f
count_02_s2609271102,count,2,2609271102,PATH,75,0.03162277660168379,50215,168568,34325,0,121015,13228,12627,4,601,200860,0.9970078661754456,4.374839283991605,1.0218382410239428,True,passed,d72956196a67356e1451cfe38af73799324cf93bb5e0ec39f9e3477328c9a748
count_02_s2609271102,count,2,2609271102,PATH,76,0.03019951720402016,50215,179962,41652,0,123962,14348,13579,4,769,200860,0.9961714627103455,4.529142986983061,1.081038357981015,True,passed,a8bb62e46b3afa14460e543a0585b8ec24e2e73d0ac588e402d76d0bb904e809
count_02_s2609271102,count,2,2609271102,PATH,77,0.028840315031266057,50215,255485,76961,0,156778,21746,19796,5,1950,251075,0.9922333963954993,5.96084052399965,1.1260029840050265,True,passed,3bc9a3ca065435444280e6d7f3dadd8e47657695ab2bb94c89f2e297f56738ff
count_02_s2609271102,count,2,2609271102,PATH,78,0.02754228703338166,50215,274956,92820,0,157354,24782,22340,5,2442,251075,0.9902738225629792,6.190308258985169,1.1459877699962817,True,passed,0b81b26d174e7b70a428630f84bbc1135295e2356beb68bdd5ba9f7165331c6d
count_02_s2609271102,count,2,2609271102,PATH,79,0.026302679918953815,50215,297135,111880,0,158138,27117,24115,5,3002,251075,0.9880434133227123,6.358701126999222,1.183600478048902,True,passed,d52ae2e8508ff13c628a8b3e94d5d542a26e979c0f34ec52e9889766873db611
count_02_s2609271102,count,2,2609271102,PATH,80,0.025118864315095794,50215,224625,77691,0,126375,20559,18690,4,1869,200860,0.9906950114507618,5.004511268984061,1.192808708990924,True,passed,c9d7eec4909c6d55ab273c52e2a20378e5ef2e50f69fc999c9c7f2a2d71b4f3e
count_02_s2609271102,count,2,2609271102,PATH,81,0.023988329190194897,50215,242443,93557,0,125641,23245,20949,4,2296,200860,0.9885691526436324,5.1467934580286965,1.2131326599628665,True,passed,1a92af017db6dc67d6a38c51759c63e6445d08ef54306ce308ee5e8da8868ead
count_02_s2609271102,count,2,2609271102,PATH,82,0.022908676527677734,50215,392634,196990,0,156632,39012,33545,5,5467,251075,0.9782256297918949,7.042753844987601,1.227778037020471,True,passed,f3ecfc778e2e063dd3a10618105a7779a876b43340c314d7cd597e4ad595c81e
count_02_s2609271102,count,2,2609271102,PATH,83,0.02187761623949553,50215,447173,245949,0,154984,46240,39586,5,6654,251075,0.9734979587772578,7.4822737780050375,1.2459836389753036,True,passed,4535fefcabb7a007d3670b27ec28cee86df4a093474be8d7fbdf9adaaf76597e
count_02_s2609271102,count,2,2609271102,PATH,84,0.020892961308540396,50215,390170,195220,0,153493,41457,36979,5,4478,251075,0.9821646918251519,7.18606911302777,1.2630632310174406,True,passed,8f4c9e04f379770f8027b9b5f2ad73230ba4c5026f8d1d6bbb366459ec7e773e
count_02_s2609271102,count,2,2609271102,PATH,85,0.0199526231496888,50215,347400,188320,0,120046,39034,34127,4,4907,200860,0.9755700487902021,5.979136111971457,1.2851534339715727,True,passed,72405498af189030e44f844a5e61eddc2132adea901b08d1941f6b7003deb4cd
count_02_s2609271102,count,2,2609271102,PATH,86,0.019054607179632473,50215,556353,346521,0,141191,68641,57511,5,11130,251075,0.9556706163496963,8.41329257003963,1.3129719849675894,True,passed,b8afbb23fc40760375b368d5a80d90fdff74ac3a49f87653432ac2d06f665cdb
count_02_s2609271102,count,2,2609271102,PATH,87,0.018197008586099836,50215,581769,370104,0,134432,77233,64296,5,12937,251075,0.9484735636761924,8.738569081004243,1.3345609219977632,True,passed,2789d70aaa4fe98bbf7f61eb626f52021f6e86002bebc43285711e9d0c00a0ce
count_02_s2609271102,count,2,2609271102,PATH,88,0.017378008287493755,50215,612176,397964,2,126833,87377,72132,5,15245,251075,0.9392810913073782,9.118742194026709,1.3659887310350314,True,passed,38e4df9d392eb3a8a2bcb22356493e6874342df5521fbc165f0922bb661a9395
count_02_s2609271102,count,2,2609271102,PATH,89,0.016595869074375606,50215,629466,413960,2,118662,96842,78891,5,17951,251075,0.9285034352285174,9.486870071967132,1.393475805001799,True,passed,a7e0838d076737c7eff0102ff87589dc21ae53a5728d4c733a49c43c5d9fe563
count_02_s2609271102,count,2,2609271102,PATH,90,0.015848931924611134,50215,839006,571096,12,141110,126788,103601,6,23187,301290,0.9230409240266852,11.972088047012221,1.4373111879685894,True,passed,be2e743752a91e839b14364fdb9078a5c19b708d52721a2da26abbc61314f71e
count_02_s2609271102,count,2,2609271102,PATH,91,0.01513561248436208,50215,667222,448210,12,104792,114208,89511,5,24697,251075,0.9016349696305884,10.061411147995386,1.480074232968036,True,passed,d957bfd6a743939b74a8e770aa03b7650efe14387b3c0cc18722bed7544cfd57
count_02_s2609271102,count,2,2609271102,PATH,92,0.014454397707459272,50215,734750,509044,14,98930,126762,97545,5,29217,251075,0.8836323807627203,10.667885099013802,1.517560431966558,True,passed,89fb3891419b7ddb3b3d95b6ee978783e3adb3dec309d5e610d6110fced3bdba
count_02_s2609271102,count,2,2609271102,PATH,93,0.013803842646028845,50215,743129,516369,14,96425,130321,96659,5,33662,251075,0.8659285074181021,10.83680120803183,1.5781022269511595,True,passed,502b4bbf113738657016a8fcd54ab3423afb623c08eeb9f26b20815f4f5405fc
count_02_s2609271102,count,2,2609271102,PATH,94,0.013182567385564075,50215,986915,705899,16,115246,165754,123383,6,42371,301290,0.8593680507152577,13.601374657009728,1.6413693659706041,True,passed,8f16b9a9481325b63fd670b44dc5f3f083e5fbdc5fac27cc339867dd1de30f71
count_02_s2609271102,count,2,2609271102,PATH,95,0.012589254117941675,50215,802682,570193,18,91789,140682,95938,5,44744,251075,0.8217903017026784,11.369142747018486,1.7122525380109437,True,passed,ed85d2cb09339aa46fdee91fe7c07248072340568a15dc4b7506bc8a89b19aa6
count_02_s2609271102,count,2,2609271102,PATH,96,0.012022644346174132,50215,1046590,760377,18,108199,177996,125025,6,52971,301290,0.8241860001991437,14.172321543970611,1.7794447649503127,True,passed,355dadc7ec8116bdfda39881fe8222639ccb13228527477b60ea65ae42578013
count_02_s2609271102,count,2,2609271102,PATH,97,0.01148153621496883,50215,862125,624319,18,87145,150643,93994,5,56649,251075,0.7743741909787912,11.916983085975517,1.8661608090042137,True,passed,82f2a4ddaab001149e85b21fd195d97c8e8fdbe651cae6a8bd2f452b03157c1a
count_02_s2609271102,count,2,2609271102,PATH,98,0.01096478196143185,50215,1097290,806733,18,101591,188948,123742,6,65206,301290,0.7835772843439875,14.676910224021412,1.9532806859933771,True,passed,3a2505afd91316b936e8ce0ac12e5fc8ecd8da077f0f18ffa53f97b770171abb
count_02_s2609271102,count,2,2609271102,PATH,99,0.010471285480508996,50215,1120809,828529,20,95270,196990,125899,6,71091,301290,0.7640446081848054,15.031009856960736,2.0363262059981935,True,passed,b0761b5d2e29a850459f3906f174393976c10b090d9e51f95d1c8746377e6553
count_02_s2609271102,count,2,2609271102,PATH,100,0.01,50215,1157887,863286,22,78136,216443,138579,6,77864,301290,0.7415646055295562,15.649665931996424,2.14441213599639,True,passed,a826b7f2bc421eb8ca1a9844cb5fc9a7ac58514f6a4103545df275ae8775995a
count_02_s2609271103,count,2,2609271103,PATH,0,1.0,53807,0,0,0,0,0,0,0,0,0,,0.012718890968244523,0.031692565011326224,True,passed,bdba685318df1858a348079122f7961091be5d076b3eec09a04bd0dd38315949
count_02_s2609271103,count,2,2609271103,PATH,1,0.954992586021436,53807,1082,0,0,1050,32,29,2,3,107614,0.9999721225862805,0.06059821596136317,0.032091341039631516,True,passed,710b94cfef2f1e65b05f7c018faad4f3e960f0ab9c96ca1b705255be2af2f06a
count_02_s2609271103,count,2,2609271103,PATH,2,0.9120108393559098,53807,1020,0,0,990,30,28,2,2,107614,0.9999814150575204,0.05821679800283164,0.03131844004383311,True,passed,d5018b16435eaea3e78e13259221e3ed1c6153cc0943950681089af31dc205da
count_02_s2609271103,count,2,2609271103,PATH,3,0.8709635899560807,53807,1023,0,0,992,31,29,2,2,107614,0.9999814150575204,0.0588303129770793,0.031189444998744875,True,passed,ee45bed56c6596e7b9c2254dadb35faded073ba30484cee940f69f2aeea496e8
count_02_s2609271103,count,2,2609271103,PATH,4,0.831763771102671,53807,1137,0,0,1104,33,31,2,2,107614,0.9999814150575204,0.06220365798799321,0.0314679560251534,True,passed,3ffd8b67521704c3b3be7a618c4e1d59d0ee64c6082aa9a3c476f0a3bc8fbd5b
count_02_s2609271103,count,2,2609271103,PATH,5,0.7943282347242815,53807,1265,0,0,1228,37,35,2,2,107614,0.9999814150575204,0.06720565597061068,0.03392069198889658,True,passed,8fed234d9d6c71743c11a30f69764571b933d1e1bba9abe49e52856d2c16467e
count_02_s2609271103,count,2,2609271103,PATH,6,0.7585775750291838,53807,1276,0,0,1238,38,36,2,2,107614,0.9999814150575204,0.0676156910485588,0.036508531018625945,True,passed,c70acc4047fbcce5557625fc6645b8b60fe079993a0e87fd9f290078c19bac86
count_02_s2609271103,count,2,2609271103,PATH,7,0.72443596007499,53807,1276,0,0,1238,38,36,2,2,107614,0.9999814150575204,0.06840902200201526,0.03699946898268536,True,passed,deee1ba9e5a356cbddb8a981f10efd8b6866fc9fa722562bf1839d6d9ed5f64a
count_02_s2609271103,count,2,2609271103,PATH,8,0.6918309709189365,53807,1282,0,0,1242,40,38,2,2,107614,0.9999814150575204,0.06840126699535176,0.03659590001916513,True,passed,5b60964589f6a523bbdc318b999e9a7868334de1524aef34bce043b31014bef9
count_02_s2609271103,count,2,2609271103,PATH,9,0.660693448007596,53807,1354,0,0,1310,44,42,2,2,107614,0.9999814150575204,0.0709991020266898,0.03653185098664835,True,passed,1c40ce3ef237af60dea705766b8938b07978775c6e930183dac5856957e9c9c4
count_02_s2609271103,count,2,2609271103,PATH,10,0.6309573444801932,53807,1437,0,0,1388,49,47,2,2,107614,0.9999814150575204,0.07361368101555854,0.040972819027956575,True,passed,d4f734186ba879b60d5cb456633ad5941b54fc2176d22289dfa6e791b49fe34d
count_02_s2609271103,count,2,2609271103,PATH,11,0.6025595860743578,53807,1454,0,0,1402,52,49,2,3,107614,0.9999721225862805,0.07427027000812814,0.03988709399709478,True,passed,b9ddaaabe1e527bbd612a93927566a5183296e703aadb5fcb27e85f970d65fec
count_02_s2609271103,count,2,2609271103,PATH,12,0.5754399373371569,53807,2204,0,0,2121,83,79,3,4,161421,0.9999752200766938,0.10755670099752024,0.04051872802665457,True,passed,8ee348118e79565a4cc77b88cd609b26045c1d66c28772895ac8042496ae6734
count_02_s2609271103,count,2,2609271103,PATH,13,0.5495408738576245,53807,2232,0,0,2144,88,83,3,5,161421,0.9999690250958674,0.1071112819481641,0.041175879014190286,True,passed,72a8c1bd5855484ee1c0c0b1d358e092ec40a64f5c8aba790587c6d06dc8a5e3
count_02_s2609271103,count,2,2609271103,PATH,14,0.5248074602497725,53807,1494,0,0,1432,62,56,2,6,107614,0.9999442451725612,0.07608057901961729,0.04122856998583302,True,passed,3b3de8bc37c24b6adead9a0264c27f52f1e8216c11fcb15ff8daea2ee3b725de
count_02_s2609271103,count,2,2609271103,PATH,15,0.5011872336272722,53807,2976,0,0,2856,120,112,4,8,215228,0.9999628301150408,0.13969121902482584,0.04115643899422139,True,passed,4306993ae5cbc2543577af5f2c124c3b86f42b1ed46e9a3d6899656fbcb6e90f
count_02_s2609271103,count,2,2609271103,PATH,16,0.4786300923226383,53807,2979,0,0,2858,121,113,4,8,215228,0.9999628301150408,0.1392573969787918,0.04128165700240061,True,passed,fcef3a7fe89197e0a1cf95903322cb5fd493ad43893e78bbd6359d726c6a907e
count_02_s2609271103,count,2,2609271103,PATH,17,0.457088189614875,53807,3022,0,0,2900,122,114,4,8,215228,0.9999628301150408,0.1404251049971208,0.040978114993777126,True,passed,8b695385c25a7a812ef68cf78c113a258bc1a9f23242e5d8ca4d6dfc43b84034
count_02_s2609271103,count,2,2609271103,PATH,18,0.436515832240166,53807,3111,0,0,2987,124,116,4,8,215228,0.9999628301150408,0.14288611302617937,0.04111627396196127,True,passed,360b835156970c5d2ce860940b0aacad534f184e05fbcd8a6630745844690a2d
count_02_s2609271103,count,2,2609271103,PATH,19,0.4168693834703354,53807,3191,0,0,3063,128,120,4,8,215228,0.9999628301150408,0.1465734009980224,0.04144884197739884,True,passed,9dcb8ba5b2d30bbafd5ad840350d0526a95dcdd9cb98d8f4db88b068998f2ae1
count_02_s2609271103,count,2,2609271103,PATH,20,0.3981071705534972,53807,3241,0,0,3110,131,123,4,8,215228,0.9999628301150408,0.14826228999299929,0.040991024987306446,True,passed,5da068672fe067104c90e7027b60d7a9f622a4e2e84bbee6e7dc792e28991808
count_02_s2609271103,count,2,2609271103,PATH,21,0.3801893963205612,53807,3278,0,0,3143,135,126,4,9,215228,0.9999581838794209,0.14851652400102466,0.041088463040068746,True,passed,cb4eec6e9da7bc30c8cda24ae285eae4c42562f01a50927c76e64aef99c0f6f1
count_02_s2609271103,count,2,2609271103,PATH,22,0.36307805477010135,53807,3500,0,0,3359,141,132,4,9,215228,0.9999581838794209,0.1567311950493604,0.04261578695150092,True,passed,36cb10349eea4148afb3e59b580aa9f2f7d1b6e059cf283b065f0c924f1410ad
count_02_s2609271103,count,2,2609271103,PATH,23,0.3467368504525316,53807,3793,0,0,3642,151,142,4,9,215228,0.9999581838794209,0.16756548098055646,0.04626048600766808,True,passed,39ecf01dcb649a88ef603799e86398dc208e1b0f69df5d1613ecfba4745411af
count_02_s2609271103,count,2,2609271103,PATH,24,0.3311311214825911,53807,4115,0,0,3952,163,154,4,9,215228,0.9999581838794209,0.17884441098431125,0.05028789397329092,True,passed,c10bc86fab00d0aa736941db29432424a712c4b60fa63e33a3d421a8e3685745
count_02_s2609271103,count,2,2609271103,PATH,25,0.31622776601683794,53807,5243,0,0,5029,214,203,5,11,269035,0.9999591131265448,0.23199312202632427,0.05164244398474693,True,passed,dd32d4710269297588205db3d1536939bacd7c66328f68ba0accaf01849382a0
count_02_s2609271103,count,2,2609271103,PATH,26,0.3019951720402016,53807,4396,0,0,4216,180,170,4,10,215228,0.999953537643801,0.2096881769830361,0.05176375200971961,True,passed,c4bcd76db474a217f62cc8c5d9e9d9748518e31e758bb5b4701de851373fa971
count_02_s2609271103,count,2,2609271103,PATH,27,0.28840315031266056,53807,4472,0,0,4286,186,174,4,12,215228,0.9999442451725612,0.18952198105398566,0.05189589399378747,True,passed,7e8d3d69acc6e5c3ed025ab2601d8ec0324d658ddbc8c6c34d0e5414f491052f
count_02_s2609271103,count,2,2609271103,PATH,28,0.2754228703338166,53807,4617,0,0,4426,191,179,4,12,215228,0.9999442451725612,0.1951288189738989,0.053511365957092494,True,passed,8f33b16c92fcdef907b33fcfa3460f16b9118720ded4ebab38e57a75b5ac3ded
count_02_s2609271103,count,2,2609271103,PATH,29,0.2630267991895382,53807,4727,0,0,4527,200,187,4,13,215228,0.9999395989369413,0.1986359090078622,0.05400958802783862,True,passed,7451da45902a51a7e512879fd0b5a78be960b9d4908e06ecc29096f8b53f9ac4
count_02_s2609271103,count,2,2609271103,PATH,30,0.251188643150958,53807,4798,0,0,4588,210,195,4,15,215228,0.9999303064657015,0.20290262397611514,0.05471757403574884,True,passed,fe743deb0f022c853c2312093b320aa62f363961c71c43debef475a14f492ca9
count_02_s2609271103,count,2,2609271103,PATH,31,0.23988329190194904,53807,5083,0,0,4858,225,210,4,15,215228,0.9999303064657015,0.21310090302722529,0.05642381001962349,True,passed,45caf1b688be41149d0af1aee06211c5cc0118be80e6f42b3ed45512835f26f8
count_02_s2609271103,count,2,2609271103,PATH,32,0.2290867652767773,53807,5462,0,0,5215,247,232,4,15,215228,0.9999303064657015,0.2242006509914063,0.06054210796719417,True,passed,e9645823d3c1c71e18bab8a4885212b5514aeeaa194aaf7b5c0a5d8b9fdda1f9
count_02_s2609271103,count,2,2609271103,PATH,33,0.21877616239495523,53807,5586,0,0,5332,254,239,4,15,215228,0.9999303064657015,0.2279565610224381,0.06060135399457067,True,passed,05add7b2803cf0cc9bfbf1526e77f44bc42b8986e4f65baf920804f4d9d5625b
count_02_s2609271103,count,2,2609271103,PATH,34,0.20892961308540392,53807,5768,0,0,5503,265,250,4,15,215228,0.9999303064657015,0.2346140019944869,0.061048597970511764,True,passed,2aa344476cfb3cf20ad86292cb1341540568310f1d58ab9ad59666dd97517219
count_02_s2609271103,count,2,2609271103,PATH,35,0.19952623149688797,53807,5803,0,0,5528,275,260,4,15,215228,0.9999303064657015,0.23503117100335658,0.06160319899208844,True,passed,85762bdb1b3106169acdc566ba87363b9adc6c0290e5134d699fda35d48ab5f5
count_02_s2609271103,count,2,2609271103,PATH,36,0.19054607179632474,53807,6078,0,0,5785,293,278,4,15,215228,0.9999303064657015,0.244512376957573,0.06376020796597004,True,passed,d53673a1366e7b2977a1c5c0bff46df023ae0253970944583c7375dc6ed4abb7
count_02_s2609271103,count,2,2609271103,PATH,37,0.18197008586099836,53807,6309,0,0,5980,329,313,4,16,215228,0.9999256602300816,0.25601800699951127,0.06768710899632424,True,passed,ef8fdce1159e497fb45f800735d9332f1a0ddc57617dbea5ddc52a78b1a3282a
count_02_s2609271103,count,2,2609271103,PATH,38,0.17378008287493754,53807,6435,0,0,6083,352,335,4,17,215228,0.9999210139944616,0.25888485996983945,0.06954953901004046,True,passed,d2bc1e014ca97245a8f4d175da75b3e5a0b22f79fe6efc961506ba187a077b40
count_02_s2609271103,count,2,2609271103,PATH,39,0.16595869074375605,53807,6876,0,0,6493,383,365,4,18,215228,0.9999163677588417,0.2735798479989171,0.07406906102551147,True,passed,fb58228ad4aaa80dd2bf787093ceec84c2a86948f1ad369781a4e26a3302d069
count_02_s2609271103,count,2,2609271103,PATH,40,0.15848931924611134,53807,7171,0,0,6768,403,384,4,19,215228,0.9999117215232218,0.2825931000406854,0.07867823803098872,True,passed,b39eb739e6ba824bca37ccbc3f1fb7122ab4436667430fd0c12c4e45e900359a
count_02_s2609271103,count,2,2609271103,PATH,41,0.15135612484362082,53807,7333,0,0,6918,415,395,4,20,215228,0.999907075287602,0.2886001279694028,0.0801732069812715,True,passed,aa47dd64cb3aca431775fcec005010319fc3dd63c5fed711899b6cb639de05f0
count_02_s2609271103,count,2,2609271103,PATH,42,0.14454397707459277,53807,7483,0,0,7056,427,405,4,22,215228,0.9998977828163622,0.29628581600263715,0.08111837599426508,True,passed,f6c49b4dcd74e31d56690ed6eda45b6773435ca8563cd15d23a7fa8bfc763137
count_02_s2609271103,count,2,2609271103,PATH,43,0.1380384264602885,53807,7546,0,0,7102,444,421,4,23,215228,0.9998931365807423,0.2949181880103424,0.08058733597863466,True,passed,546252154984230347b57de056e57c7289499c02834e4963daba3f9af5d8691a
count_02_s2609271103,count,2,2609271103,PATH,44,0.1318256738556407,53807,7600,0,0,7135,465,442,4,23,215228,0.9998931365807423,0.29957073100376874,0.08069312799489126,True,passed,48f653c3698c822b89fc36710f02cc1b2fc8afc386bfab6454ce26b8803354d1
count_02_s2609271103,count,2,2609271103,PATH,45,0.12589254117941673,53807,8061,0,0,7564,497,473,4,24,215228,0.9998884903451224,0.31415465800091624,0.0815238100476563,True,passed,be126e9c3fbef33f0cb00bac407dd0974a4401cd5092fbc257159780523fe93e
count_02_s2609271103,count,2,2609271103,PATH,46,0.12022644346174129,53807,8536,0,0,8004,532,507,4,25,215228,0.9998838441095025,0.3309610750293359,0.08330275100888684,True,passed,c76c9223c57b5bf170e0c8fe2b51b98608fa38d0868a20fa2d55238069591c9c
count_02_s2609271103,count,2,2609271103,PATH,47,0.1148153621496883,53807,7120,0,0,6672,448,423,3,25,161421,0.9998451254793367,0.2740410550031811,0.08353683503810316,True,passed,69455ff8dd65d70d19168cf9916fe53fbf5a19b69d7d3d08ad93ea9243df6472
count_02_s2609271103,count,2,2609271103,PATH,48,0.1096478196143185,53807,7366,0,0,6930,436,396,2,40,107614,0.9996283011504079,0.2702068960061297,0.08739631803473458,True,passed,0beb13822d6bb13e024df119e70eb4677712b51d4e544a3ad5e225d299d74122
count_02_s2609271103,count,2,2609271103,PATH,49,0.10471285480508996,53807,9982,0,0,9368,614,584,4,30,215228,0.9998606129314029,0.3766285289893858,0.08890672301640734,True,passed,81f8c5e03f1fef1a06d89945c13c50487d55c3949f04c3d860d9778d307fbddc
count_02_s2609271103,count,2,2609271103,PATH,50,0.1,53807,10363,0,0,9711,652,621,4,31,215228,0.999855966695783,0.38860613404540345,0.08967239496996626,True,passed,d037afbd160a15d5ecb34f07c25cd1cc4ac87b378f2da7c09f2db6edb2a9908e
count_02_s2609271103,count,2,2609271103,PATH,51,0.09549925860214359,53807,10035,0,0,9447,588,558,3,30,161421,0.999814150575204,0.36430272104917094,0.10382563702296466,True,passed,2e7d500264933b09ad32f938fa566635155bb9a5bad3f549e1137c86be75a9e0
count_02_s2609271103,count,2,2609271103,PATH,52,0.09120108393559097,53807,11889,1,0,11214,674,642,3,32,161421,0.9998017606135509,0.4216890879906714,0.1146359319682233,True,passed,705196437170bbac6e1999ed5bcc34bd12aaf755d631af3e735562bcbdc7941b
count_02_s2609271103,count,2,2609271103,PATH,53,0.08709635899560805,53807,14577,12,0,13769,796,759,3,37,161421,0.9997707857094182,0.5072571450145915,0.12550141202518716,True,passed,de88566a9a1d6363fd4e92848a4c66d3846905ab98b5147d7f6a86d5cf6402de
count_02_s2609271103,count,2,2609271103,PATH,54,0.08317637711026708,53807,28422,90,0,26892,1440,1368,4,72,215228,0.9996654710353672,0.9411523310118355,0.1403294539777562,True,passed,bc19038a6de08dc8d80a492d170a31e2cce824bbfd00bdf08f49071663af4d00
count_02_s2609271103,count,2,2609271103,PATH,55,0.07943282347242814,53807,24087,59,0,22755,1273,1226,4,47,215228,0.9997816269258647,0.8095654080389068,0.14725454803556204,True,passed,6e673fd139a375eb89c074283661e1f5ad32a0bfade31514b38b818dac036744
count_02_s2609271103,count,2,2609271103,PATH,56,0.07585775750291836,53807,26119,138,0,24610,1371,1321,4,50,215228,0.999767688219005,0.8670053340028971,0.1497251369873993,True,passed,361ae606cc1408adbc451b8f692b1378eb6431447a37adc762bd136c272478ba
count_02_s2609271103,count,2,2609271103,PATH,57,0.07244359600749903,53807,28406,200,0,26725,1481,1429,4,52,215228,0.9997583957477651,0.9324996059876867,0.16172627900959924,True,passed,abbcb44bd760358ed1d65355a655b356f05a0fe3729c645e020efcc6613816c8
count_02_s2609271103,count,2,2609271103,PATH,58,0.06918309709189366,53807,32549,491,0,30385,1673,1616,4,57,215228,0.9997351645696656,1.055950895010028,0.1718969460343942,True,passed,39de5aac61bf00070df0241a985be19ad1b0c9b29585049824dced130de19982
count_02_s2609271103,count,2,2609271103,PATH,59,0.06606934480075961,53807,39313,889,0,36425,1999,1936,4,63,215228,0.9997072871559463,1.2442665749695152,0.20375895302277058,True,passed,7e70310f8b0e413842a6cb0fbc68f19793608f0727cb7ea5579fd24ce1bdc4c0
count_02_s2609271103,count,2,2609271103,PATH,60,0.06309573444801933,53807,61373,2883,0,55307,3183,3062,4,121,215228,0.9994378054899921,1.8646025009802543,0.25531138200312853,True,passed,9c81bd410544106a636b630aaa344b5926cb5d6ea806b834527a56758db45413
count_02_s2609271103,count,2,2609271103,PATH,61,0.06025595860743578,53807,48458,2257,0,43704,2497,2422,3,75,161421,0.9995353764380099,1.4728659149841405,0.3081249259994365,True,passed,9e2f2a0cb1d61f2771e0deb7079560b0fc7a953c18abacf39e6cfd3ca8bc8524
count_02_s2609271103,count,2,2609271103,PATH,62,0.057543993733715694,53807,55678,3207,0,49540,2931,2847,3,84,161421,0.9994796216105711,1.6612563650123775,0.36450471403077245,True,passed,040e938ffcea16114d40d8600273e0df3383a4c3a2f4e00cefff24e7dfbf4222
count_02_s2609271103,count,2,2609271103,PATH,63,0.054954087385762455,53807,61581,4141,0,54090,3350,3259,3,91,161421,0.9994362567447854,1.8225610559456982,0.40914975403575227,True,passed,7c3ddecb06a3fc34e83905deda1ef48278430d9d6580341682cdcb999310dfdf
count_02_s2609271103,count,2,2609271103,PATH,64,0.05248074602497726,53807,100735,9081,0,85766,5888,5700,4,188,215228,0.9991265077034587,2.9207511019776575,0.44489338801940903,True,passed,af6a57dd60d553f7b3cc452e7207209242a3246ef2a83a975d22005f410ba5ea
count_02_s2609271103,count,2,2609271103,PATH,65,0.05011872336272722,53807,82107,5482,0,71884,4741,4619,4,122,215228,0.9994331592543721,2.4397891660337336,0.47795250196941197,True,passed,d6f8cc82f821b1f23714dbebd2470f520765a3f44a6d6dbcaa3698e7b7f2a208
count_02_s2609271103,count,2,2609271103,PATH,66,0.047863009232263824,53807,87763,6341,0,76127,5295,5157,4,138,215228,0.9993588194844537,2.5915628430084325,0.5165087089990266,True,passed,5d20444f3b51a67f65c93b42362046ef93b8d4bec8e9a4482aa171f43d8001e9
count_02_s2609271103,count,2,2609271103,PATH,67,0.04570881896148749,53807,93339,7173,0,80096,6070,5906,4,164,215228,0.9992380173583363,2.7503887669881806,0.5684780779993162,True,passed,7c793e4f1207489e5ed6752d5ec91500fb3730b59d9a7a364faa6ffb53162874
count_02_s2609271103,count,2,2609271103,PATH,68,0.043651583224016584,53807,100162,8348,0,84814,7000,6794,4,206,215228,0.9990428754623004,2.9442184870131314,0.6243067199829966,True,passed,79bea3fcaee3947bbf4175b5553609c7a8c393451356cc5d99345758cf1f5fc9
count_02_s2609271103,count,2,2609271103,PATH,69,0.04168693834703355,53807,110192,10564,0,91564,8064,7799,4,265,215228,0.9987687475607263,3.2122023809934035,0.6990571579663083,True,passed,e36d81929808b86349fad7885169ff8866a6735af32b341d59a69d381704fc29
count_02_s2609271103,count,2,2609271103,PATH,70,0.039810717055349734,53807,121812,13802,0,98822,9188,8862,4,326,215228,0.9984853271879124,3.4746922339545563,0.7892754880012944,True,passed,df6a11f2de1246e1cc3b93d75381aa83fc9264289efc094ba0a6a0de54f9be95
count_02_s2609271103,count,2,2609271103,PATH,71,0.038018939632056124,53807,134499,18047,0,106174,10278,9851,4,427,215228,0.9980160573903024,3.754080176993739,0.8715004349942319,True,passed,d0a7abeee4e35ae066b3147dff04cc97faf3352f56fd35fb6bbd6ff128dc2616
count_02_s2609271103,count,2,2609271103,PATH,72,0.03630780547701014,53807,147728,23407,0,112876,11445,10902,4,543,215228,0.9974770940583939,4.016917678003665,0.9602571899886243,True,passed,0d68334b09c6e4299694f25775ea74925856133dc65d2ad6588b5c468fe3c883
count_02_s2609271103,count,2,2609271103,PATH,73,0.034673685045253165,53807,213470,47694,0,146757,19019,17632,5,1387,269035,0.9948445369561582,5.488497196987737,1.0086241920362227,True,passed,6af9dc7b5c668433da687a3092db22cc491a7238603cb095585616cf243696a1
count_02_s2609271103,count,2,2609271103,PATH,74,0.03311311214825911,53807,168282,35532,0,119054,13696,12835,4,861,215228,0.9959995911312655,4.363250011985656,1.0459696180187166,True,passed,c56c7d1d330bd3e5c7ddabc4c04dc61c80b25b19f4123cde7c1be4ad87a17fde
count_02_s2609271103,count,2,2609271103,PATH,75,0.03162277660168379,53807,180814,44851,0,119732,16231,15106,4,1125,215228,0.9947729849276117,4.50437920098193,1.0802353759645484,True,passed,06aeaac7215e9d0c3bfa20efabf7ce6c3f65523c50d6cbc0d8758050ab25a909
count_02_s2609271103,count,2,2609271103,PATH,76,0.03019951720402016,53807,266897,91037,0,151212,24648,21951,5,2697,269035,0.9899752820265021,5.978908857039642,1.1022747780079953,True,passed,67c6972fcb2079a96d47a725adf6b8a8a3ac73d4cc760f158cd5610202eaef82
count_02_s2609271103,count,2,2609271103,PATH,77,0.028840315031266057,53807,267454,91208,0,151464,24782,22489,5,2293,269035,0.991476945378854,6.007253131014295,1.124510196968913,True,passed,9ebfb24773d6bc96e084cb68eb8da5129ce7392477240b020aaf72864291e676
count_02_s2609271103,count,2,2609271103,PATH,78,0.02754228703338166,53807,326425,142510,0,152922,30993,27020,5,3973,269035,0.9852324047057074,6.4780125570250675,1.1334293590043671,True,passed,e58958ee9e2f64346280d2d7d5007fb045b4d40dca884521dc35340f092bbedb
count_02_s2609271103,count,2,2609271103,PATH,79,0.026302679918953815,53807,243468,98482,0,121069,23917,21453,4,2464,215228,0.9885516754325645,5.0345704249921255,1.14878777298145,True,passed,1323154b83d63eed415fe79ca473c08e07dfde64d111fe2d99bb07eb34430649
count_02_s2609271103,count,2,2609271103,PATH,80,0.025118864315095794,53807,266379,118478,0,120835,27066,24051,4,3015,215228,0.9859915996059992,5.237025465001352,1.161891283991281,True,passed,cc6f659222344cca6737476a3d92bbc2d0a37606e7da5a93cffa4f311e23a364
count_02_s2609271103,count,2,2609271103,PATH,81,0.023988329190194897,53807,454803,254960,0,153299,46544,39424,5,7120,269035,0.9735350419090453,7.446739197010174,1.1855162809952162,True,passed,678f6420c6888b38edf8576da023ac0f2f811e27244305e854e83026a7b6204e
count_02_s2609271103,count,2,2609271103,PATH,82,0.022908676527677734,53807,507472,301770,0,151911,53791,45167,5,8624,269035,0.9679446912111807,7.898622412001714,1.208675972011406,True,passed,0e4dd8ee945ff6c41e7998de7f91e43a62c191606d2cab0bacdb53d9dd9a1348
count_02_s2609271103,count,2,2609271103,PATH,83,0.02187761623949553,53807,347778,190552,0,118132,39094,33973,4,5121,215228,0.9762066273904882,5.903563340951223,1.2315613760147244,True,passed,997ec7ead408e079fe245bdbd42ac5f98d594b01edd2c0b5a4107a8f3ead466b
count_02_s2609271103,count,2,2609271103,PATH,84,0.020892961308540396,53807,572564,360038,2,142826,69698,58039,5,11659,269035,0.9566636311260617,8.542558512999676,1.2550543730030768,True,passed,c675333b3af8669bebce5b941bb6364ba08bbf9edc40ecef241b01d7e9f55ba6
count_02_s2609271103,count,2,2609271103,PATH,85,0.0199526231496888,53807,595933,381316,2,135830,78785,65105,5,13680,269035,0.9491515973758061,8.900062959000934,1.2772085560136475,True,passed,0a88faab59501cdf7046731cbbdaab2fe935bb49b2d4a6f56536257d4e7e13ba
count_02_s2609271103,count,2,2609271103,PATH,86,0.019054607179632473,53807,401184,238371,1,108475,54337,46120,4,8217,215228,0.9618218819112755,6.528177899017464,1.311676210956648,True,passed,9fe40b23d6ce6b487ed2d01a604752fb9e2146df24f2927e3e4e1c8fa089bb8e
count_02_s2609271103,count,2,2609271103,PATH,87,0.018197008586099836,53807,651747,431375,5,119641,100726,81059,5,19667,269035,0.9268979872507295,9.692459845973644,1.3517687689745799,True,passed,449faeda5d36c99a2def70091422aa30a4a7ddae4775f7c4a52f17aa9c2dbcef
count_02_s2609271103,count,2,2609271103,PATH,88,0.017378008287493755,53807,694677,469244,12,112845,112576,89108,5,23468,269035,0.9127697139777352,10.249780224985443,1.3906571240513586,True,passed,d7541cc74d95cff9e00a1ad5678b19f274938e13138ba8d49a2d6ff9b43458dd
count_02_s2609271103,count,2,2609271103,PATH,89,0.016595869074375606,53807,925951,643883,20,137541,144507,114483,6,30024,322842,0.9070009478320664,13.169566821015906,1.445041193976067,True,passed,6caca0f4c3db7a4310304ddc50267842a094378e95504fc5f2a6415b6afaf4b3
count_02_s2609271103,count,2,2609271103,PATH,90,0.015848931924611134,53807,757617,524790,28,101895,130904,98618,5,32286,269035,0.8799933094207073,11.005904012010433,1.494516720995307,True,passed,5ef81092073625cd06d33f94a2051d11607d9110c34329e73822f842692524f3
count_02_s2609271103,count,2,2609271103,PATH,91,0.01513561248436208,53807,780524,544958,31,98710,136825,99537,5,37288,269035,0.8614009329641125,11.268105430004653,1.558462115994189,True,passed,5ad26c66b86e7b6bfd4f5daeebc8e7dbcd47110470fa7c4668793e596f260772
count_02_s2609271103,count,2,2609271103,PATH,92,0.014454397707459272,53807,1021670,728806,34,123113,169717,124233,6,45484,322842,0.859113746042956,14.054008332022931,1.6254258519620635,True,passed,185f638b6a09bf357d8dfc701430486907e68972cf7561846161515986a4b1eb
count_02_s2609271103,count,2,2609271103,PATH,93,0.013803842646028845,53807,1040448,745370,38,122116,172924,121548,6,51376,322842,0.8408633325279858,14.238589649961796,1.704751760000363,True,passed,15590fe6d2e8b5a3304a5cb8cfc77f33f7c5fa04b73c7d8aa6130f78ee2d3672
count_02_s2609271103,count,2,2609271103,PATH,94,0.013182567385564075,53807,864273,618869,38,94879,150487,94412,5,56075,269035,0.7915698700912521,12.128769596980419,1.7965294790337794,True,passed,06faa53901e3c5eb45f093e29e6edf0322e987f57240eb5652c95bd70f0f75eb
count_02_s2609271103,count,2,2609271103,PATH,95,0.012589254117941675,53807,898621,649214,39,93110,156258,93454,5,62804,269035,0.7665582545022023,12.398468605009839,1.8594149589771405,True,passed,883239959050f66a54b577c2cfd30cbc844bb60b182356782943ab43b2acc7de
count_02_s2609271103,count,2,2609271103,PATH,96,0.012022644346174132,53807,1150300,843399,40,104854,202007,128132,6,73875,322842,0.7711728957198878,15.525735301955137,1.9583248290000483,True,passed,15a731fc3589a0bd1fd2b84f6167521ad02e06c478b803b1b13f23e9a0c3975d
count_02_s2609271103,count,2,2609271103,PATH,97,0.01148153621496883,53807,1186414,876115,46,91606,218647,133661,6,84986,322842,0.7367566797380762,16.15984172001481,2.0476503380341455,True,passed,41c79263c1316c2519e56709e1172268bd2f2e295eef57f7dbc5d6ea26cf6ca1
count_02_s2609271103,count,2,2609271103,PATH,98,0.01096478196143185,53807,972501,714970,39,85607,171885,88493,5,83392,269035,0.6900328953481889,13.249225952022243,2.1376483120257035,True,passed,f530bd8ad2ff315da44b13fa45735f28623cfb3c0ade36c17aaffb720127a3ad
count_02_s2609271103,count,2,2609271103,PATH,99,0.010471285480508996,53807,1227270,912778,49,80666,233777,135109,6,98668,322842,0.6943768159037548,16.88531556003727,2.2220336419995874,True,passed,cbdeb2935b8914d3f6637fcf90b9f432f1e6c3e41680a6018117eef5b5ab6060
count_02_s2609271103,count,2,2609271103,PATH,100,0.01,53807,1245556,929384,59,69844,246269,137891,6,108378,322842,0.6643001839909306,17.29877520300215,2.3199629099690355,True,passed,a8552a52cd271e7df08cf0c810bf4f3cda1cff608dd4ad84502a3e52186cf3dd
count_02_s2609271104,count,2,2609271104,PATH,0,1.0,50767,0,0,0,0,0,0,0,0,0,,0.01267242495669052,0.02224384795408696,True,passed,d67f15cf9361392ab79c7d692827488e051e18b1367f60113291eb843a39229d
count_02_s2609271104,count,2,2609271104,PATH,1,0.954992586021436,50767,553,0,0,520,33,31,2,2,101534,0.9999803021647921,0.04341420397395268,0.023026713053695858,True,passed,f1b424b7a6c61ba134c3255d7b6fb5ad99bb2f512c5a066043f46be590f80c01
count_02_s2609271104,count,2,2609271104,PATH,2,0.9120108393559098,50767,464,0,0,434,30,28,2,2,101534,0.9999803021647921,0.04055467603029683,0.02218465000623837,True,passed,d5b6e735bf449c0161f60103b52a28d6eafaeb35220ea665b0f9b3bc8d8be51c
count_02_s2609271104,count,2,2609271104,PATH,3,0.8709635899560807,50767,465,0,0,434,31,29,2,2,101534,0.9999803021647921,0.040298098989296705,0.021906552952714264,True,passed,ed18f0b3e9cf37c166de62f585392012a6fd0761c3ceef3378cfa54abb260c67
count_02_s2609271104,count,2,2609271104,PATH,4,0.831763771102671,50767,554,0,0,520,34,32,2,2,101534,0.9999803021647921,0.04427174699958414,0.02253775898134336,True,passed,11ac2c1c8f581371c486b82151f66c08a4dbb6ad3aa1a1228b89c0a66dacc37a
count_02_s2609271104,count,2,2609271104,PATH,5,0.7943282347242815,50767,654,0,0,617,37,35,2,2,101534,0.9999803021647921,0.04777073301374912,0.025938250997569412,True,passed,47170ece09da831d7548832a5fb99142fc6ca969edd8311282c7116e42b6c5ca
count_02_s2609271104,count,2,2609271104,PATH,6,0.7585775750291838,50767,666,0,0,628,38,36,2,2,101534,0.9999803021647921,0.04864284896757454,0.02666452096309513,True,passed,8a5a281bc96fe10a87fdf334cce44416e8f9e47b71590dfbb3fecc1da5636716
count_02_s2609271104,count,2,2609271104,PATH,7,0.72443596007499,50767,666,0,0,628,38,36,2,2,101534,0.9999803021647921,0.04807701095705852,0.026602933008689433,True,passed,72e916d71203d795ff6e4a691e37ef3a92fe29312fc65366c13e3b47a856f684
count_02_s2609271104,count,2,2609271104,PATH,8,0.6918309709189365,50767,695,0,0,653,42,40,2,2,101534,0.9999803021647921,0.049491499026771635,0.026623011974152178,True,passed,dc419681404e19c307131763dba012a53f576a3e121449e85971d94394472a27
count_02_s2609271104,count,2,2609271104,PATH,9,0.660693448007596,50767,747,0,0,700,47,45,2,2,101534,0.9999803021647921,0.05257403297582641,0.026733910955954343,True,passed,9bf4cd5ce12f94aea8f0988fb6658e29c726ec67573e6f8240f56cfb70eb82f5
count_02_s2609271104,count,2,2609271104,PATH,10,0.6309573444801932,50767,772,0,0,722,50,48,2,2,101534,0.9999803021647921,0.05238183500478044,0.02922556095290929,True,passed,2662663e4366e222562de47c9b0745299c4638c5cd2b8e4168f060ad26e8fea3
count_02_s2609271104,count,2,2609271104,PATH,11,0.6025595860743578,50767,775,0,0,722,53,51,2,2,101534,0.9999803021647921,0.052840193966403604,0.028880401980131865,True,passed,eaca78ecc0f188547690911d478fc765fbe23c36fd9d2e7656db4b43ca3428aa
count_02_s2609271104,count,2,2609271104,PATH,12,0.5754399373371569,50767,1179,0,0,1094,85,82,3,3,152301,0.9999803021647921,0.07449111295863986,0.0291932100080885,True,passed,010aad098f97e95f93a3871f8ebe67e886cc8a24920dcf79e03d7e7a3e8c5fea
count_02_s2609271104,count,2,2609271104,PATH,13,0.5495408738576245,50767,1203,0,0,1115,88,84,3,4,152301,0.9999737362197227,0.07442892697872594,0.030028863984625787,True,passed,b0b6d86c24d2500a911ef0ed3dd199fb49f9591588236417cc06fbff8b699a9d
count_02_s2609271104,count,2,2609271104,PATH,14,0.5248074602497725,50767,802,0,0,742,60,56,2,4,101534,0.9999606043295842,0.054704212001524866,0.029955247009638697,True,passed,fe19e6f5857b4b96f497dc46c22229aa955c71a61a0e46e0f2a7b56e0a7b5a49
count_02_s2609271104,count,2,2609271104,PATH,15,0.5011872336272722,50767,1604,0,0,1484,120,112,4,8,203068,0.9999606043295842,0.09630643203854561,0.030154717969708145,True,passed,469beaf13a5d4d354c3fc94c00ba63ad6672dfeba05e6d3b443ee550939199a7
count_02_s2609271104,count,2,2609271104,PATH,16,0.4786300923226383,50767,1604,0,0,1484,120,112,4,8,203068,0.9999606043295842,0.09642555401660502,0.030657094961497933,True,passed,b6efb2830fc875fec1beea41470cf977870e1786a983d4a3b556f83304508474
count_02_s2609271104,count,2,2609271104,PATH,17,0.457088189614875,50767,1604,0,0,1484,120,112,4,8,203068,0.9999606043295842,0.09603581600822508,0.030129332037176937,True,passed,c0e6a3a1608f3681f1c4f5eadecb7e70a060155659772957a68dfd4e6609064b
count_02_s2609271104,count,2,2609271104,PATH,18,0.436515832240166,50767,1605,0,0,1484,121,113,4,8,203068,0.9999606043295842,0.09663811995415017,0.030044075043406337,True,passed,19efc5d12fcf9d8540304425bb511081338aaa4e303d98d8c195cf74ee30736d
count_02_s2609271104,count,2,2609271104,PATH,19,0.4168693834703354,50767,1632,0,0,1508,124,115,4,9,203068,0.9999556798707822,0.09705844399286434,0.030377462971955538,True,passed,8a62c9fa51150cad06f18f8f84304557f7d06ae403a5069843cbc3dc455d69a9
count_02_s2609271104,count,2,2609271104,PATH,20,0.3981071705534972,50767,1633,0,0,1508,125,115,4,10,203068,0.9999507554119802,0.09720832703169435,0.02981629699934274,True,passed,fef3a9802823cfc2bbb37f7ed8755cdd05f4229385895546b12d82095305b80d
count_02_s2609271104,count,2,2609271104,PATH,21,0.3801893963205612,50767,1708,0,0,1579,129,119,4,10,203068,0.9999507554119802,0.10014599899295717,0.03022052103187889,True,passed,4d5120f5e302531747974c1a8c0f8b107a5b9fac2389b8cde3e94c0a62c9e473
count_02_s2609271104,count,2,2609271104,PATH,22,0.36307805477010135,50767,1767,0,0,1630,137,127,4,10,203068,0.9999507554119802,0.10328202199889347,0.030366895021870732,True,passed,c6b6dbb685933fda9b1158123622d838ec725619fbdf4ac53cb41ce8d9856484
count_02_s2609271104,count,2,2609271104,PATH,23,0.3467368504525316,50767,1846,0,0,1701,145,135,4,10,203068,0.9999507554119802,0.1056274920119904,0.030924787977710366,True,passed,c031d083f66725d22ba67541b7ae879fd86fff3c8829087e7bdc39f5a2c8ae94
count_02_s2609271104,count,2,2609271104,PATH,24,0.3311311214825911,50767,1871,0,0,1723,148,138,4,10,203068,0.9999507554119802,0.10661016899393871,0.0311785259982571,True,passed,cb1d37f0244d26a0c50a0ac804d13ee4369d59552f3f9bad63f28176cea8e5bc
count_02_s2609271104,count,2,2609271104,PATH,25,0.31622776601683794,50767,1952,0,0,1797,155,145,4,10,203068,0.9999507554119802,0.10949072800576687,0.03154917299980298,True,passed,8c7d8c6de427a453c961a0fd5af8a76db0ae61e4de020c6f37d41c408dae79da
count_02_s2609271104,count,2,2609271104,PATH,26,0.3019951720402016,50767,2211,0,0,2039,172,161,4,11,203068,0.9999458309531782,0.11940884601790458,0.035543730948120356,True,passed,728af9143eadabfd3b055425c3d841f3bbc2aeaf6ed236b05ea564462abbfc04
count_02_s2609271104,count,2,2609271104,PATH,27,0.28840315031266056,50767,2280,0,0,2098,182,171,4,11,203068,0.9999458309531782,0.12177598098060116,0.03709362301742658,True,passed,76a0f32a5b8131b78496be6b6d1555a2a936eddbc49652d3afae049e4f2cdcba
count_02_s2609271104,count,2,2609271104,PATH,28,0.2754228703338166,50767,2331,0,0,2143,188,175,4,13,203068,0.9999359820355743,0.1473517999984324,0.03726742701837793,True,passed,f033fd5e674ca9c04de64530729a535a53491e2ccb81a198a7aae6457d7ad987
count_02_s2609271104,count,2,2609271104,PATH,29,0.2630267991895382,50767,2398,0,0,2202,196,183,4,13,203068,0.9999359820355743,0.1271636700257659,0.037020971009042114,True,passed,f4ecca92d353027fd995e799c51f617314efdc2857bca8d759146a779305cb91
count_02_s2609271104,count,2,2609271104,PATH,30,0.251188643150958,50767,2481,0,0,2274,207,194,4,13,203068,0.9999359820355743,0.12959241803037003,0.03774694702588022,True,passed,b1ac89ab29c703c95e8a476bd1c2446b8798bd2c31b35994caf37a2b7fbe16ea
count_02_s2609271104,count,2,2609271104,PATH,31,0.23988329190194904,50767,2504,0,0,2292,212,199,4,13,203068,0.9999359820355743,0.1312283169827424,0.037805507017765194,True,passed,d32c8f65b2ab736a378fbc0deeb3f4a1535b704943d66af4a07e83592819d6be
count_02_s2609271104,count,2,2609271104,PATH,32,0.2290867652767773,50767,2577,0,0,2352,225,211,4,14,203068,0.9999310575767724,0.1339373379596509,0.03846832597628236,True,passed,b1e0a33bbfcf7f39b40be88079028a9798cc17cc191171fedcb245e2eeecb9fe
count_02_s2609271104,count,2,2609271104,PATH,33,0.21877616239495523,50767,2623,0,0,2386,237,223,4,14,203068,0.9999310575767724,0.1349010330159217,0.03762791899498552,True,passed,80072024b12e93215d46d8102724dcaca2ca1cd047593d93c2ed28e87a43680e
count_02_s2609271104,count,2,2609271104,PATH,34,0.20892961308540392,50767,2720,0,0,2471,249,234,4,15,203068,0.9999261331179703,0.13925922301132232,0.03906536800786853,True,passed,dd8140a726f5193a505d14c852e300a3a203c3d760cdbdff4efda5fec575203a
count_02_s2609271104,count,2,2609271104,PATH,35,0.19952623149688797,50767,2837,0,0,2571,266,250,4,16,203068,0.9999212086591683,0.1455496170092374,0.04014223301783204,True,passed,f3a742022963a7a0f1bda4286034864a5bbff21cc0d87f0a874552dd769e0919
count_02_s2609271104,count,2,2609271104,PATH,36,0.19054607179632474,50767,2949,0,0,2665,284,268,4,16,203068,0.9999212086591683,0.1477738230023533,0.04113632399821654,True,passed,05ab2d960376aab84f520ce087920c5c9e47764e3197b25fd30e156050d2921e
count_02_s2609271104,count,2,2609271104,PATH,37,0.18197008586099836,50767,3047,0,0,2740,307,291,4,16,203068,0.9999212086591683,0.15257573901908472,0.04289236303884536,True,passed,7fd4d813e1fdadedfb2937316994956934ac9919221ddfb7c202e42eb82365ea
count_02_s2609271104,count,2,2609271104,PATH,38,0.17378008287493754,50767,3238,0,0,2902,336,318,4,18,203068,0.9999113597415644,0.16071522602578625,0.04603286704514176,True,passed,3f174285f13545813ae47f5a9a7eb4401a8b80efd61ebf350de2f7a603b41350
count_02_s2609271104,count,2,2609271104,PATH,39,0.16595869074375605,50767,3364,0,0,3001,363,343,4,20,203068,0.9999015108239604,0.16625428502447903,0.04792795795947313,True,passed,d9c6e67e9ee08ab7d1a8cb9bb476e6c442d51a7d50112710a5398b2615ac713f
count_02_s2609271104,count,2,2609271104,PATH,40,0.15848931924611134,50767,1784,0,0,1550,234,206,2,28,101534,0.9997242303070892,0.09592556796269491,0.05048380000516772,True,passed,2789c26366c7a6b1ad6f3e452528a2db5190d3ea3340af9a78cfd0f5f1835c79
count_02_s2609271104,count,2,2609271104,PATH,41,0.15135612484362082,50767,2628,0,0,2327,301,281,3,20,152301,0.9998686810986139,0.1330644190311432,0.04977830999996513,True,passed,d927f217a58d06b762e8d226cf643e4f606eb4199ef45e727046b9d30383e585
count_02_s2609271104,count,2,2609271104,PATH,42,0.14454397707459277,50767,2652,0,0,2341,311,291,3,20,152301,0.9998686810986139,0.13329699699534103,0.0504775769659318,True,passed,efa669b045c2c5ff8e771a7d20f88cfc69f4f185035212af62d6f9618d85ba86
count_02_s2609271104,count,2,2609271104,PATH,43,0.1380384264602885,50767,2694,0,0,2374,320,299,3,21,152301,0.9998621151535446,0.13667916500708088,0.05135779798729345,True,passed,f12d27b0e23d0b73320174cf67e82d0082d2f53d5ac75217df00fed764a68589
count_02_s2609271104,count,2,2609271104,PATH,44,0.1318256738556407,50767,3616,0,0,3191,425,399,4,26,203068,0.9998719640711485,0.1766885539982468,0.05155016097705811,True,passed,dc2b3b52bc4221ac05bd6afef46b8b039e10040d2a1b3fce2179b80b5d7416a8
count_02_s2609271104,count,2,2609271104,PATH,45,0.12589254117941673,50767,4074,0,0,3592,482,442,4,40,203068,0.9998030216479209,0.19613912102067843,0.051587388035841286,True,passed,84b0997e1ae91161dd71f5c637f65ef847974368883279f47fe78c31ee4af181
count_02_s2609271104,count,2,2609271104,PATH,46,0.12022644346174129,50767,4138,0,0,3660,478,448,4,30,203068,0.9998522662359407,0.1953270829981193,0.05179857095936313,True,passed,2a35a274ec760671f373d8bb3f0bb45adc4de335579149091f013efe0475bf21
count_02_s2609271104,count,2,2609271104,PATH,47,0.1148153621496883,50767,4718,0,0,4196,522,492,4,30,203068,0.9998522662359407,0.21540491201449186,0.0518888040096499,True,passed,1ec17c1f2fc95c95c21253933cc8001e703da7ba078cadec4bd5dd73fb7cec7a
count_02_s2609271104,count,2,2609271104,PATH,48,0.1096478196143185,50767,5346,0,0,4787,559,528,4,31,203068,0.9998473417771387,0.23550002597039565,0.05267934495350346,True,passed,8146421fb73152e7551691e49eac82566c505d09bd644b6740726b5848045404
count_02_s2609271104,count,2,2609271104,PATH,49,0.10471285480508996,50767,5570,0,0,4993,577,544,4,33,203068,0.9998374928595347,0.2453837319626473,0.05352521198801696,True,passed,5401ab683ad6c050eee558e9eb0af0681c9a85ce5c4f929eacfdc6eca31c7bb1
count_02_s2609271104,count,2,2609271104,PATH,50,0.1,50767,5982,0,0,5376,606,572,4,34,203068,0.9998325684007328,0.2573820990510285,0.05557831597980112,True,passed,7dbdca9027e18f6c1e19e5817cef75b76a11ae69d08e63ac586cd54e998d86aa
count_02_s2609271104,count,2,2609271104,PATH,51,0.09549925860214359,50767,7095,0,0,6430,665,630,4,35,203068,0.9998276439419308,0.29255631496198475,0.06303775496780872,True,passed,58cfdfda221046df2ca0061959ba7e4aea30e599b534379620a84d88894c7bf2
count_02_s2609271104,count,2,2609271104,PATH,52,0.09120108393559097,50767,8246,0,0,7518,728,692,4,36,203068,0.9998227194831288,0.3292825419921428,0.06997219903860241,True,passed,eecbdeca006f6c95f85a27f3cc78b2b4c9d55fcd0cc33a2f2b4cdf69f43ae024
count_02_s2609271104,count,2,2609271104,PATH,53,0.08709635899560805,50767,10825,1,0,9978,846,807,4,39,203068,0.9998079461067229,0.40923980000661686,0.08556191698880866,True,passed,e13a3d8d6014174829717efdd02c1b79cf98fc9b7a56644f5627a7233a3006c9
count_02_s2609271104,count,2,2609271104,PATH,54,0.08317637711026708,50767,13371,3,0,12367,1001,959,4,42,203068,0.999793172730317,0.4914791550254449,0.10301137901842594,True,passed,a4de8dc14e80ca07445616da8df125b14244ea5c38488b173c01a468e8b4dc8e
count_02_s2609271104,count,2,2609271104,PATH,55,0.07943282347242814,50767,15579,15,0,14407,1157,1111,4,46,203068,0.999773474895109,0.5556233660317957,0.11198747099842876,True,passed,2793ea94aa7e38cc5c99488867d655faf4f0f7f2a7ad8e7604d0b50ef889e752
count_02_s2609271104,count,2,2609271104,PATH,56,0.07585775750291836,50767,17289,34,0,15971,1284,1235,4,49,203068,0.999758701518703,0.6158969219541177,0.11853914399398491,True,passed,aff978865f1ba3723e0466ab2349642e0343f690efb9ce9609b1b454156ee6e8
count_02_s2609271104,count,2,2609271104,PATH,57,0.07244359600749903,50767,25698,114,0,23736,1848,1766,4,82,203068,0.9995961943782379,0.8847715579904616,0.12264821701683104,True,passed,caac1134e0e430cb8b1392d44118536da41ca1ce499c963e87a67a525bc59941
count_02_s2609271104,count,2,2609271104,PATH,58,0.06918309709189366,50767,27639,285,0,25318,2036,1952,4,84,203068,0.9995863454606339,0.9404051270103082,0.12959282501833513,True,passed,05b24c184e309cc26099c16294374ffc7215210706880cd2a788b4a448b8cb3d
count_02_s2609271104,count,2,2609271104,PATH,59,0.06606934480075961,50767,23816,245,0,21799,1772,1711,4,61,203068,0.9996996080130793,0.8184007290401496,0.14305467100348324,True,passed,6273b309eee3ff9a489701d786c1cb833879e2707d0be76758f382d897cb6f29
count_02_s2609271104,count,2,2609271104,PATH,60,0.06309573444801933,50767,28937,504,0,26283,2150,2082,4,68,203068,0.9996651368014655,0.9684033350204118,0.1685069120139815,True,passed,7a51b87edd327572148037525ae283e65ca23180a82f88fb4ee62ef40da7cc12
count_02_s2609271104,count,2,2609271104,PATH,61,0.06025595860743578,50767,39181,1678,0,34347,3156,3048,4,108,203068,0.9994681584493864,1.278289515990764,0.19834310200531036,True,passed,b7d80d4f407399d9667e06b7467a6c856cb84be22a107d3c626bebc054f2ac5b
count_02_s2609271104,count,2,2609271104,PATH,62,0.057543993733715694,50767,38302,1480,0,33816,3006,2924,4,82,203068,0.9995961943782379,1.249958451022394,0.2316473939572461,True,passed,bebc4209a72a841b175f1a4d25e630721bd218eaafb382e0a41ff4ed2a2ad5e0
count_02_s2609271104,count,2,2609271104,PATH,63,0.054954087385762455,50767,44246,2108,0,38594,3544,3449,4,95,203068,0.9995321764138121,1.4285080189583823,0.2740339239826426,True,passed,e5562315eddb9836eaa120e5911dba4181a98c4b4d7aed1f78930671c77f2bb9
count_02_s2609271104,count,2,2609271104,PATH,64,0.05248074602497726,50767,48643,2731,0,41894,4018,3909,4,109,203068,0.9994632339905845,1.550543049001135,0.3044446940184571,True,passed,718ababa07b0b98b06b1073801bf48ddc11a7f24e02378b63ce408d77f179511
count_02_s2609271104,count,2,2609271104,PATH,65,0.05011872336272722,50767,52790,3345,0,44981,4464,4343,4,121,203068,0.9994041404849607,1.6700872030341998,0.3321027329657227,True,passed,d89866e8da5006836892d9961225be35162c2e2dc638de983d2a6cb331451a2a
count_02_s2609271104,count,2,2609271104,PATH,66,0.047863009232263824,50767,55597,3773,0,46902,4922,4782,4,140,203068,0.9993105757677231,1.753767843998503,0.3644674890092574,True,passed,aed95140ab6c8b5fd7fe5441f45ae1191132b7098d7660f443d8a234a61b9d33
count_02_s2609271104,count,2,2609271104,PATH,67,0.04570881896148749,50767,81656,7532,0,65845,8279,7972,5,307,253835,0.9987905529182343,2.536996208014898,0.38245777500560507,True,passed,d5c4d0ed374747985786cc5891cd8e4d68c1b196bae0708ac66f6de630b1975b
count_02_s2609271104,count,2,2609271104,PATH,68,0.043651583224016584,50767,61946,5111,0,50572,6263,6073,4,190,203068,0.9990643528276243,1.953270669968333,0.4014878600137308,True,passed,178ed212c4bd07e384eedeabb0e4d0ea1af5a171401deca9c209e1290ac6ec85
count_02_s2609271104,count,2,2609271104,PATH,69,0.04168693834703355,50767,66331,6094,0,53056,7181,6942,4,239,203068,0.9988230543463273,2.082058812957257,0.4376847550156526,True,passed,41746146858e7a01c2a4e22d262335ae6b9ac0e091fe63dd5e24cfbc553904f7
count_02_s2609271104,count,2,2609271104,PATH,70,0.039810717055349734,50767,72200,7850,0,56019,8331,8042,4,289,203068,0.9985768314062284,2.2393039280432276,0.48317327798577026,True,passed,b8593b3513b2ef8d564b3bec2193c9d79daa03b838c59e7d3ace3ff3ea3a50d0
count_02_s2609271104,count,2,2609271104,PATH,71,0.038018939632056124,50767,77785,9680,0,58649,9456,9097,4,359,203068,0.99823211929009,2.3946986499940977,0.5308133119833656,True,passed,14be5b0aa2372cbc38c5d78ff8af29dad16cc6affa44f6ab8baeb759434ebb42
count_02_s2609271104,count,2,2609271104,PATH,72,0.03630780547701014,50767,113765,19990,0,77845,15930,15049,5,881,253835,0.9965292414363661,3.379173874971457,0.5788798310095444,True,passed,d96d3d385a46783336a63b427d0b3b8dd401c6f564760c3bbd9cda27e4d611b5
count_02_s2609271104,count,2,2609271104,PATH,73,0.034673685045253165,50767,92820,16836,0,64362,11622,11052,4,570,203068,0.9971930584828728,2.698206815053709,0.6260917109902948,True,passed,7db0a211ce7ae0b2b5920d7b9c5b2b29afdf036f217839b3c4b029c16641c65a
count_02_s2609271104,count,2,2609271104,PATH,74,0.03311311214825911,50767,99376,21457,0,65740,12179,11492,4,687,203068,0.9966168968030413,2.768325929006096,0.6607420000364073,True,passed,707de3cbb0dd39091d46fbac7c9afd271bfa579bd9223a8bee821c963543ec55
count_02_s2609271104,count,2,2609271104,PATH,75,0.03162277660168379,50767,109621,27541,0,68178,13902,13016,4,886,203068,0.9956369295014478,2.9616952370270155,0.6908080779830925,True,passed,11afbff9c8b70646bac32a90e0205d4d05fcdcd2928ea6dbc64ef028ccb58ac1
count_02_s2609271104,count,2,2609271104,PATH,76,0.03019951720402016,50767,167865,57673,0,88460,21732,19625,5,2107,253835,0.9916993322433865,4.068932007998228,0.7162793080206029,True,passed,c01dd2a8b06cf7345f16e5aa20abead5cc04d24dcf60c4c9d2aa7688e6756fd7
count_02_s2609271104,count,2,2609271104,PATH,77,0.028840315031266057,50767,184701,70126,0,90936,23639,21067,5,2572,253835,0.9898674335690507,4.273346996982582,0.7360191830084659,True,passed,dabe1d32534a31265643a3778f0db00d03ae6e89b7d3cb183440fbcd2918aebe
count_02_s2609271104,count,2,2609271104,PATH,78,0.02754228703338166,50767,137738,47760,0,71262,18716,17079,4,1637,203068,0.9919386609411626,3.3633939920109697,0.7483687810017727,True,passed,bc70e72a4d9c66e46e579b80ff638055534eefbd00920593357cd6f5f93b80f7
count_02_s2609271104,count,2,2609271104,PATH,79,0.026302679918953815,50767,222262,97290,0,95813,29159,25724,5,3435,253835,0.9864675872121654,4.8141752170049585,0.76225595199503,True,passed,1c13acc8bfe9869e83aae79f6f1a73983b0a8ba1c2499c74789bfbc133298fc0
count_02_s2609271104,count,2,2609271104,PATH,80,0.025118864315095794,50767,247019,115289,0,98627,33103,28444,5,4659,253835,0.9816455571532688,5.088047164026648,0.7776692320476286,True,passed,b041e0a0a2104fefcad905de7c117d0d83d976ac314d6af797ab13c788439e25
count_02_s2609271104,count,2,2609271104,PATH,81,0.023988329190194897,50767,282489,141751,2,102036,38700,33058,5,5642,253835,0.9777729627513936,5.532289816997945,0.792465706996154,True,passed,892249a4830a554098a7076627c253f132e931be4bfa986502193ab97f5e08b4
count_02_s2609271104,count,2,2609271104,PATH,82,0.022908676527677734,50767,195057,90170,2,76170,28715,25260,4,3455,203068,0.9829859948391672,4.1340639580157585,0.8118773709866218,True,passed,4271098cc9a86ba28aa788a2fa5c9140aeafd68940a21ee886edb9dd53411d61
count_02_s2609271104,count,2,2609271104,PATH,83,0.02187761623949553,50767,314197,166822,3,103123,44249,38599,5,5650,253835,0.977741446215061,5.977500656037591,0.8416837810073048,True,passed,a29c5d1d3a7d1b81dbe6b65ae27df38e60b4f0e440df9e159a7160cf4bd41cc0
count_02_s2609271104,count,2,2609271104,PATH,84,0.020892961308540396,50767,378393,215561,4,104286,58542,48804,5,9738,253835,0.9616364961490732,6.828029538970441,0.8702960719820112,True,passed,e63a482d02bfba7e5edcdea79d47fa529fd4b75eef44e2bb0555cc164cdf13fb
count_02_s2609271104,count,2,2609271104,PATH,85,0.0199526231496888,50767,408794,239826,6,101720,67242,55710,5,11532,253835,0.9545689128764748,7.299817115010228,0.9018131629563868,True,passed,ce04554ee406ee3f9c03a79831f50f8db83b307b6a2640a3ec5ee1f97044adef
count_02_s2609271104,count,2,2609271104,PATH,86,0.019054607179632473,50767,426340,254404,6,96200,75730,62192,5,13538,253835,0.9466661413910611,7.6482050030026585,0.9326626019901596,True,passed,50d0d66cccf00155ee08648e57784dec08c169f8a3e3e3c2cc0c1de24f6b4257
count_02_s2609271104,count,2,2609271104,PATH,87,0.018197008586099836,50767,461322,281497,9,93064,86752,70638,5,16114,253835,0.9365178166919456,8.215978398977313,0.975821575964801,True,passed,31966ffbdd4978a1a3128245b0ecbb608506084997aead11e7a21f1c1369637c
count_02_s2609271104,count,2,2609271104,PATH,88,0.017378008287493755,50767,488825,302742,10,87815,98258,79053,5,19205,253835,0.9243406149664152,8.749462231004145,1.0162628580001183,True,passed,8afbd927fe9d47af3af4d2b57979dfe6220420c09fc304c6a88cee2e6e9940c0
count_02_s2609271104,count,2,2609271104,PATH,89,0.016595869074375606,50767,616677,384977,12,109419,122269,98725,6,23544,304602,0.9227056946441586,10.876271655026358,1.0715493300231174,True,passed,06526942b547520300b95c26b14d7fc424b865bac30df40de30501833dcf14f2
count_02_s2609271104,count,2,2609271104,PATH,90,0.015848931924611134,50767,639124,402152,17,105523,131432,104643,6,26789,304602,0.9120524487692137,11.35977683600504,1.1363883890444413,True,passed,7a0850f4bc83dad01c76b6b14ef8811a67a7e1fb9397a5b651ad7ab40015cc72
count_02_s2609271104,count,2,2609271104,PATH,91,0.01513561248436208,50767,547857,347841,20,75950,124046,94406,5,29640,253835,0.8832312328875056,9.948549454973545,1.199679801997263,True,passed,0fc79e5ee79647d0c2eb9e8d62f7f2a52bc31482615df006ae6e97e82b580171
count_02_s2609271104,count,2,2609271104,PATH,92,0.014454397707459272,50767,557845,355444,27,73559,128815,94281,5,34534,253835,0.8639509917860027,10.120394653989933,1.2669771690270863,True,passed,1e9fe1eb80bd087fd58abe20ffa8ea1a460a5523f731d89b8ecbfff338a11dfb
count_02_s2609271104,count,2,2609271104,PATH,93,0.013803842646028845,50767,720930,464075,31,101098,155726,113933,6,41793,304602,0.8627947288592983,12.673551993037108,1.353316119988449,True,passed,c5901002889fb31d34d132d5227d4b7dc3d48a5b2fdddeea46b43dd181260143
count_02_s2609271104,count,2,2609271104,PATH,94,0.013182567385564075,50767,605617,391210,31,74581,139795,93114,5,46681,253835,0.8160970709319046,10.895562531019095,1.4408980290172622,True,passed,d6f7c0fd3ec73ae4343f2c6006843b46a415c6c4ba80d6ca9d483af93acad5aa
count_02_s2609271104,count,2,2609271104,PATH,95,0.012589254117941675,50767,783652,512142,34,96588,174888,118706,6,56182,304602,0.815556037058194,13.709806814964395,1.5261783250025474,True,passed,27ae2b476b509481772fb4760aaf823e1da29fbeb38122f54bc18637b24d0670
count_02_s2609271104,count,2,2609271104,PATH,96,0.012022644346174132,50767,820945,542175,36,80228,198506,131253,6,67253,304602,0.7792102481270642,15.091543518006802,1.6233835000311956,True,passed,11850c1f8e8141c84af9d355aadc12e3c43bc3ec80b8f9ab3c00744d51346b6d
count_02_s2609271104,count,2,2609271104,PATH,97,0.01148153621496883,50767,834640,552007,36,84431,198166,126324,6,71842,304602,0.7641446871655472,14.836760467966087,1.730939426983241,True,passed,80753d2ffdaa3f93e58869e8a521ae3c99b14b2201a1cc6b4e5a5fdc68dd5e04
count_02_s2609271104,count,2,2609271104,PATH,98,0.01096478196143185,50767,847520,562341,37,77992,207150,128254,6,78896,304602,0.7409865989061135,15.115282070997637,1.8332673300174065,True,passed,6745c92adf859c68e95f57b184603ff55459322be6009609c1bbdcb5b6696adb
count_02_s2609271104,count,2,2609271104,PATH,99,0.010471285480508996,50767,860975,571945,35,85818,203177,122254,6,80923,304602,0.7343320135783744,15.153020800033119,1.9338673879974522,True,passed,9523369e8362ccacf87996ce141ce5ba68bfac0086a079b53212a971820418ea
count_02_s2609271104,count,2,2609271104,PATH,100,0.01,50767,877371,585247,38,77477,214609,127399,6,87210,304602,0.7136919652530187,15.643103098962456,2.033071188023314,True,passed,87b31de81f61261b4d3b53ea44280d62ac0fd2a4cf04bececaaeaa054d517fbc
count_02_s2609271105,count,2,2609271105,PATH,0,1.0,50508,0,0,0,0,0,0,0,0,0,,0.012694186996668577,0.0251650630380027,True,passed,684d43068cb180d9318f713e62fc0dc639fbe7dda8238935b0f5c50b278bab9d
count_02_s2609271105,count,2,2609271105,PATH,1,0.954992586021436,50508,681,0,0,647,34,29,2,5,101016,0.9999505028906311,0.04966993996640667,0.025832027953583747,True,passed,37ec29057c740040b94886418c8cc53a86032820a44693a13909cc825caf2e4f
count_02_s2609271105,count,2,2609271105,PATH,2,0.9120108393559098,50508,588,0,0,558,30,28,2,2,101016,0.9999802011562525,0.04647059802664444,0.024900374002754688,True,passed,c34560e355990559e665ed76eea913bcc91f35ad365642c11352ebd21c2dd07c
count_02_s2609271105,count,2,2609271105,PATH,3,0.8709635899560807,50508,681,0,0,647,34,32,2,2,101016,0.9999802011562525,0.049615090014413,0.024939406022895128,True,passed,e6d1d3c9a814ad95a0e14be7f658ed3c97ff1a85c7457abd024a55331d6454f6
count_02_s2609271105,count,2,2609271105,PATH,4,0.831763771102671,50508,765,0,0,728,37,35,2,2,101016,0.9999802011562525,0.05300574004650116,0.02702164399670437,True,passed,958d1c52dd6f1123bd407b1c0384fd119d5fc5bec7bddb2cdd9d5f6887b1cc51
count_02_s2609271105,count,2,2609271105,PATH,5,0.7943282347242815,50508,774,0,0,736,38,36,2,2,101016,0.9999802011562525,0.05359082197537646,0.028940926014911383,True,passed,ea270bd74f7475d712dcc859154aa0ed72a3a93de826625c1fc0e4991744b1f2
count_02_s2609271105,count,2,2609271105,PATH,6,0.7585775750291838,50508,774,0,0,736,38,36,2,2,101016,0.9999802011562525,0.05423623195383698,0.02903533901553601,True,passed,bc7815ee7b884068995b5848f3c55ca68cace702d6eaea233a10c71f65a7b1fb
count_02_s2609271105,count,2,2609271105,PATH,7,0.72443596007499,50508,809,0,0,769,40,38,2,2,101016,0.9999802011562525,0.054841252975165844,0.02944002900039777,True,passed,dc434d051b30ba02e43ca08599f3fecb377a61bb477d4d3381067854c75c8dca
count_02_s2609271105,count,2,2609271105,PATH,8,0.6918309709189365,50508,853,0,0,809,44,42,2,2,101016,0.9999802011562525,0.05762393097393215,0.02929784799925983,True,passed,6f834cd1dcc1bea92fd31f8a09e78a168a5280ff9950ed18f2efd4da71ceac62
count_02_s2609271105,count,2,2609271105,PATH,9,0.660693448007596,50508,932,0,0,882,50,48,2,2,101016,0.9999802011562525,0.059769017971120775,0.03252436500042677,True,passed,fcf67d45b532936e858aef3cf5889e73c181e6b97ad95f4a04304a76be892940
count_02_s2609271105,count,2,2609271105,PATH,10,0.6309573444801932,50508,976,0,0,922,54,52,2,2,101016,0.9999802011562525,0.06128840800374746,0.0331012670067139,True,passed,c4f891e97957b911fd3b0b3aa39aa6de10c62a40f8259fec272a40f0f848c1fc
count_02_s2609271105,count,2,2609271105,PATH,11,0.6025595860743578,50508,1020,0,0,962,58,56,2,2,101016,0.9999802011562525,0.06385498901363462,0.034368433989584446,True,passed,a7a73201d23fb3bd476505ed845d444ea10988c5804ee0f4e711b9eb7a689fb9
count_02_s2609271105,count,2,2609271105,PATH,12,0.5754399373371569,50508,1530,0,0,1442,88,83,3,5,151524,0.9999670019270874,0.08834344998467714,0.03435027500381693,True,passed,c81689b9370ff06ef04ea4c8f0d64cb1187452e8f711ce42831ed168a078af10
count_02_s2609271105,count,2,2609271105,PATH,13,0.5495408738576245,50508,2040,0,0,1920,120,110,4,10,202032,0.9999505028906311,0.11346706701442599,0.03475700202398002,True,passed,2330d7647d76d35dab086a1b3b4ebfef681637acbcde24eb2c1560a0fc6f8589
count_02_s2609271105,count,2,2609271105,PATH,14,0.5248074602497725,50508,2040,0,0,1920,120,112,4,8,202032,0.9999604023125049,0.11363267002161592,0.0343797939713113,True,passed,67b0cf4922c574cb4b842e9d723634bac614681711914738174e18da2cf2f931
count_02_s2609271105,count,2,2609271105,PATH,15,0.5011872336272722,50508,2040,0,0,1920,120,112,4,8,202032,0.9999604023125049,0.11276204895693809,0.033341789967380464,True,passed,6c5b61ebf0438e33cb51228fa2401884dd5b18d9d9a9188b563423a7bafbc7a4
count_02_s2609271105,count,2,2609271105,PATH,16,0.4786300923226383,50508,2040,0,0,1920,120,112,4,8,202032,0.9999604023125049,0.11150568496668711,0.03360255795996636,True,passed,d60e3591188acca81817484ed6e845a8aaab9c3eae092d6fad73cc7009ec652c
count_02_s2609271105,count,2,2609271105,PATH,17,0.457088189614875,50508,2040,0,0,1920,120,112,4,8,202032,0.9999604023125049,0.11372345901327208,0.03462191397557035,True,passed,99e3e28f13c79ad4e7de6e79e7b36740b0d5952592e024b43f698e2a0240b460
count_02_s2609271105,count,2,2609271105,PATH,18,0.436515832240166,50508,2040,0,0,1920,120,112,4,8,202032,0.9999604023125049,0.11451172002125531,0.03455298597691581,True,passed,ee0003649de6d10a74a7d4d8bd092033fa3d9b5d7eae8b8c298e4d4507fed670
count_02_s2609271105,count,2,2609271105,PATH,19,0.4168693834703354,50508,2040,0,0,1920,120,112,4,8,202032,0.9999604023125049,0.11840169102651998,0.03487221198156476,True,passed,e4e083454f5ece5d3dbab6937d91912fa0a79638c1f0d65d0cae455af957f68a
count_02_s2609271105,count,2,2609271105,PATH,20,0.3981071705534972,50508,2040,0,0,1920,120,112,4,8,202032,0.9999604023125049,0.11444856598973274,0.034745329001452774,True,passed,ce3e8c4821442dd45c4fce018e33f6e2bfea11beeff7ad5e35e3346f95db0805
count_02_s2609271105,count,2,2609271105,PATH,21,0.3801893963205612,50508,2050,0,0,1928,122,114,4,8,202032,0.9999604023125049,0.11498137901071459,0.03448149299947545,True,passed,f2cacab4873ec92567f45846294d602e69a0aea9a8ded13a941e948bb5afcb14
count_02_s2609271105,count,2,2609271105,PATH,22,0.36307805477010135,50508,2217,0,0,2087,130,122,4,8,202032,0.9999604023125049,0.12055773398606107,0.03435391199309379,True,passed,4c840f773e2d1d7a3e7bd64ec0fb474c65db38c47a36ce930424484c2bd26113
count_02_s2609271105,count,2,2609271105,PATH,23,0.3467368504525316,50508,2260,0,0,2126,134,124,4,10,202032,0.9999505028906311,0.12220943003194407,0.03445781103800982,True,passed,485b62056457b711ebb1a4be689ab0cdcf60c620f1b0ed560a7cd0001c0953a1
count_02_s2609271105,count,2,2609271105,PATH,24,0.3311311214825911,50508,2286,0,0,2150,136,125,4,11,202032,0.9999455531796944,0.12565448600798845,0.034973161993548274,True,passed,2d86d1e73c35fb48fe37287ab263ed151873d5a02719b926ebbfd9e221128307
count_02_s2609271105,count,2,2609271105,PATH,25,0.31622776601683794,50508,2316,0,0,2174,142,131,4,11,202032,0.9999455531796944,0.12514700897736475,0.03476762899663299,True,passed,d3f62d78e286be7f567906bc3e596c758e3f8162e9eb90d0dd511048c0c38f85
count_02_s2609271105,count,2,2609271105,PATH,26,0.3019951720402016,50508,2611,0,0,2454,157,145,4,12,202032,0.9999406034687575,0.1357775640208274,0.03793566400418058,True,passed,8077f5255ade714306d85b18232b409f7e3866c34855c2bba8fdfdf447858504
count_02_s2609271105,count,2,2609271105,PATH,27,0.28840315031266056,50508,2826,0,0,2659,167,155,4,12,202032,0.9999406034687575,0.1445782990194857,0.04204993002349511,True,passed,692991be1e3bf743724bff3597ee7895d983c051c01566dcb11d4171aab4e45f
count_02_s2609271105,count,2,2609271105,PATH,28,0.2754228703338166,50508,2982,0,0,2799,183,171,4,12,202032,0.9999406034687575,0.15158851101296023,0.04277992999413982,True,passed,b362a9b3b616f370a2a6245363cd019833cc1bcf8968a1e76490a3cfe154877d
count_02_s2609271105,count,2,2609271105,PATH,29,0.2630267991895382,50508,3100,0,0,2910,190,177,4,13,202032,0.9999356537578206,0.1553649489651434,0.045119054964743555,True,passed,04b22c1104119a3bf9b9dd7602570f12c6a8913c5e6d148d1f8f3eed9dd6fda2
count_02_s2609271105,count,2,2609271105,PATH,30,0.251188643150958,50508,3176,0,0,2979,197,184,4,13,202032,0.9999356537578206,0.15750069799833,0.0448802940081805,True,passed,9d4a317a7b6a136367b89b25b6d77b532bd02d9493be230cd634bcab46326808
count_02_s2609271105,count,2,2609271105,PATH,31,0.23988329190194904,50508,3236,0,0,3031,205,190,4,15,202032,0.9999257543359468,0.16097037302097306,0.04486100998474285,True,passed,c6bfd8a8863b4f92c2996a09ef79277a18f2a1ede998c4c37f944297aa7c4b7a
count_02_s2609271105,count,2,2609271105,PATH,32,0.2290867652767773,50508,3384,0,0,3164,220,204,4,16,202032,0.9999208046250099,0.19007056404370815,0.04481708200182766,True,passed,c260448dbf061edb39ff4b8d5e6baad895bc9ad2393d6a5c702dd87af68e1859
count_02_s2609271105,count,2,2609271105,PATH,33,0.21877616239495523,50508,3440,0,0,3215,225,209,4,16,202032,0.9999208046250099,0.1676034890115261,0.04467637604102492,True,passed,0139f317ee3b63dcff82dd7ace38a012cde2b7bfb6c505fc772770b569ae9215
count_02_s2609271105,count,2,2609271105,PATH,34,0.20892961308540392,50508,3587,0,0,3343,244,228,4,16,202032,0.9999208046250099,0.17365256696939468,0.046178816992323846,True,passed,0bd99c494eac9dce4dc2e121c341b4c3866356ea316cf265efcce4a82c614154
count_02_s2609271105,count,2,2609271105,PATH,35,0.19952623149688797,50508,3760,0,0,3508,252,236,4,16,202032,0.9999208046250099,0.1795451840152964,0.04765277699334547,True,passed,7619ec0b06b4ca1c485e48bdce7ed6cc68a584965854085bf293efdd9531aaa8
count_02_s2609271105,count,2,2609271105,PATH,36,0.19054607179632474,50508,3933,0,0,3662,271,255,4,16,202032,0.9999208046250099,0.18609924399061128,0.05011680000461638,True,passed,957586493f8fc63952504ced943044158b96d4f9a6655da01e93f8d9d4c1304b
count_02_s2609271105,count,2,2609271105,PATH,37,0.18197008586099836,50508,4121,0,0,3824,297,281,4,16,202032,0.9999208046250099,0.194187781016808,0.05266432499047369,True,passed,785a5f29aadffa816acb15ec242204982ca2b717735997e69ba9254e43194aac
count_02_s2609271105,count,2,2609271105,PATH,38,0.17378008287493754,50508,4300,0,0,3983,317,300,4,17,202032,0.999915854914073,0.19955545797711238,0.054791184957139194,True,passed,13e4268adb9406887499e2a1900359b08e49b56b2aa5bb91eb551a66cca73c2d
count_02_s2609271105,count,2,2609271105,PATH,39,0.16595869074375605,50508,4560,0,0,4214,346,328,4,18,202032,0.9999109052031362,0.20986804697895423,0.05887994699878618,True,passed,5e28ef436f58b49128574982fe23f67ca1eb06e0afd2cb8d1db46975c6119692
count_02_s2609271105,count,2,2609271105,PATH,40,0.15848931924611134,50508,4746,0,0,4373,373,355,4,18,202032,0.9999109052031362,0.21652779704891145,0.0613316529779695,True,passed,2a1f835a073e72152337d099084fee5ebf0af58237b0a060b4acd37b08545df6
count_02_s2609271105,count,2,2609271105,PATH,41,0.15135612484362082,50508,4869,0,0,4481,388,368,4,20,202032,0.9999010057812624,0.22129552403930575,0.06312794500263408,True,passed,1ebdb18dc4de01a7ab258c7106cf57cb36c1b8dc76a791c1b2eda6e2b68cf476
count_02_s2609271105,count,2,2609271105,PATH,42,0.14454397707459277,50508,4970,0,0,4564,406,386,4,20,202032,0.9999010057812624,0.22724306798772886,0.06413812196115032,True,passed,99f29ae42338e85a601411e74613640a1e4220f948861203837f39c6e6e2903b
count_02_s2609271105,count,2,2609271105,PATH,43,0.1380384264602885,50508,5060,0,0,4637,423,402,4,21,202032,0.9998960560703255,0.22923190600704402,0.06475413200678304,True,passed,07508cf4871117daeb5fb0367750b42aa9e930f4c12a77673cf42333157612e0
count_02_s2609271105,count,2,2609271105,PATH,44,0.1318256738556407,50508,5167,0,0,4735,432,411,4,21,202032,0.9998960560703255,0.23293092497624457,0.06512268201913685,True,passed,4faa6834654c48655760a1c0307500cd99c5c4e66b9c7639e7b64674647acf57
count_02_s2609271105,count,2,2609271105,PATH,45,0.12589254117941673,50508,5620,0,0,5164,456,433,4,23,202032,0.9998861566484517,0.2500798080000095,0.06484241399448365,True,passed,8721d77707624b2075318b3cc1daa985620730daa96a3115d53b3daa759dd83d
count_02_s2609271105,count,2,2609271105,PATH,46,0.12022644346174129,50508,6117,0,0,5633,484,461,4,23,202032,0.9998861566484517,0.2671704780077562,0.06521787395467982,True,passed,067db0ff051c8a45d48c628df912f2fda487e12d4fd2b1b49b6014b4166fef45
count_02_s2609271105,count,2,2609271105,PATH,47,0.1148153621496883,50508,5247,0,0,4841,406,384,3,22,151524,0.9998548084791848,0.2253384880023077,0.06521938799414784,True,passed,669261a83e3e9411e1ab1aec8f7f0a71b7e5a79611c668b8103f4a00cc2c9248
count_02_s2609271105,count,2,2609271105,PATH,48,0.1096478196143185,50508,5638,0,0,5198,440,417,3,23,151524,0.9998482088646024,0.2396191920270212,0.06855294498382136,True,passed,a034a8040a7980223eb9db6655ce1f42f251bf840338404ada99249cefd8a62a
count_02_s2609271105,count,2,2609271105,PATH,49,0.10471285480508996,50508,5747,0,0,5285,462,439,3,23,151524,0.9998482088646024,0.24282437597867101,0.06849392497679219,True,passed,45f177d59a003f5999d9362a34084ab5289de354ed8ee99c7779cd1a83a6be9f
count_02_s2609271105,count,2,2609271105,PATH,50,0.1,50508,7761,0,0,7147,614,588,4,26,202032,0.9998713075156411,0.3262721149949357,0.07225044700317085,True,passed,f8510832d6759f5d0217227f90d2527c47a0cfec727818afd028e17a4e840f25
count_02_s2609271105,count,2,2609271105,PATH,51,0.09549925860214359,50508,9693,0,0,8999,694,667,4,27,202032,0.9998663578047042,0.38658181799110025,0.08728001796407625,True,passed,fb6e70ee7eb98dd10e0316ea2122bc89e1b4c4fdb15cb8a21cd20e4074a33176
count_02_s2609271105,count,2,2609271105,PATH,52,0.09120108393559097,50508,12357,0,0,11531,826,798,4,28,202032,0.9998614080937673,0.47768133803037927,0.1023423689766787,True,passed,03b18f422ba32ea24b0efa5a521f274ecfdfd3228a0249f12d753f0863ac04f5
count_02_s2609271105,count,2,2609271105,PATH,53,0.08709635899560805,50508,14523,0,0,13571,952,920,4,32,202032,0.9998416092500197,0.5488364740158431,0.11295874498318881,True,passed,a66a00af1c4fbe695d452038e5061c01f32ffad7b97b4eec3532cb699f65dbae
count_02_s2609271105,count,2,2609271105,PATH,54,0.08317637711026708,50508,19004,3,0,17783,1218,1171,4,47,202032,0.9997673635859666,0.702035813999828,0.12333456799387932,True,passed,fa9301df705be883e65169c5a3dd47135a022aa254f7b4d8faaafb76d47149b4
count_02_s2609271105,count,2,2609271105,PATH,55,0.07943282347242814,50508,18651,7,0,17426,1218,1180,4,38,202032,0.9998119109843985,0.6907962079858407,0.12897626595804468,True,passed,cbc0d59f14fb5369a460a167e1946520015591909d25db99c323be0448347c57
count_02_s2609271105,count,2,2609271105,PATH,56,0.07585775750291836,50508,20242,51,0,18869,1322,1281,4,41,202032,0.9997970618515879,0.7377932890085503,0.1336589110433124,True,passed,27a45585c3454b8a910b69756d47eca33daaefdb6ce81f99ff2dc139ea42b408
count_02_s2609271105,count,2,2609271105,PATH,57,0.07244359600749903,50508,21699,102,0,20183,1414,1369,4,45,202032,0.9997772630078403,0.7853846839861944,0.13715046300785616,True,passed,6b4bb6f59a118d15d23daa3139769f048dd913ca9f31e2a5bf283d3cf60f2436
count_02_s2609271105,count,2,2609271105,PATH,58,0.06918309709189366,50508,24865,286,0,23002,1577,1526,4,51,202032,0.999747564742219,0.8883585649891756,0.15811968804337084,True,passed,7b4e6fcb439896ab172dae935386cc633c374ca4740b359b97d3841c4d8a3dcd
count_02_s2609271105,count,2,2609271105,PATH,59,0.06606934480075961,50508,24527,522,0,22408,1597,1545,3,52,151524,0.9996568200417095,0.85188501002267,0.18632196402177215,True,passed,099d651f0d5f6bb9c45787a18518fad6f0b01269b8471f9c29f6ae76db13db9f
count_02_s2609271105,count,2,2609271105,PATH,60,0.06309573444801933,50508,29094,958,0,26218,1918,1857,3,61,151524,0.999597423510467,0.9997364510199986,0.22365906898630783,True,passed,bbd0eb17bd83937f1a4eb1a7424ec938d8c05202d081f19321989f4895f45ea1
count_02_s2609271105,count,2,2609271105,PATH,61,0.06025595860743578,50508,34647,1596,0,30727,2324,2255,3,69,151524,0.9995446265938069,1.1580587329808623,0.25847014802275226,True,passed,a1a96a78e5ca3d69bfc46f1cbf9de6ab1c38a1e68cd27af837abaf6ab175c556
count_02_s2609271105,count,2,2609271105,PATH,62,0.057543993733715694,50508,48743,2245,0,43210,3288,3208,4,80,202032,0.9996040231250495,1.6257809859816916,0.30989703501109034,True,passed,9feb311a31d1e3164a63f2e74fe00d81c5ebe51f4b43cb44e37d4b8ebdb808b1
count_02_s2609271105,count,2,2609271105,PATH,63,0.054954087385762455,50508,54434,3037,0,47688,3709,3621,4,88,202032,0.9995644254375544,1.781368775991723,0.3486036940012127,True,passed,6fd09c0541495b6b252e3ef25957cd4b210d564676e3af4396fa9fb7def94f0f
count_02_s2609271105,count,2,2609271105,PATH,64,0.05248074602497726,50508,49144,3737,0,41897,3510,3418,3,92,151524,0.9993928354584092,1.5766923630144447,0.38127402897225693,True,passed,6738744eba25efb5234378478ca98a621d05a684d1a69503ad02bbd88e3c7e30
count_02_s2609271105,count,2,2609271105,PATH,65,0.05011872336272722,50508,78357,7553,0,64854,5950,5785,4,165,202032,0.9991832976954146,2.484020732983481,0.4056082459865138,True,passed,11aa38868ce6d161150bc5cd74fbc34b374759b51cb6881e88772ba16d5010c7
count_02_s2609271105,count,2,2609271105,PATH,66,0.047863009232263824,50508,66897,5035,0,56814,5048,4925,4,123,202032,0.9993911855547636,2.165268718963489,0.436469805019442,True,passed,9f5dc847b9139d3bf46b2f8594d7c4e841715537291c054824eea22d9482485c
count_02_s2609271105,count,2,2609271105,PATH,67,0.04570881896148749,50508,70891,5824,0,59320,5747,5599,4,148,202032,0.9992674427813416,2.2861283820238896,0.4692667249473743,True,passed,7cfe62834e9e3e65ccd61d6da4d0e2f54e3852ac2e7c716fcca7efb93deb2b4c
count_02_s2609271105,count,2,2609271105,PATH,68,0.043651583224016584,50508,76674,6968,0,63027,6679,6503,4,176,202032,0.9991288508751089,2.4468358689919114,0.5236102880444378,True,passed,fc8d9fb2dcb2abe3feb6da7921264b7946bd35835bf137b6a2dbb820f8f42f73
count_02_s2609271105,count,2,2609271105,PATH,69,0.04168693834703355,50508,84159,8694,0,67686,7779,7553,4,226,202032,0.9988813653282649,2.6938397439662367,0.5854606779757887,True,passed,3316b6a6b4b9e42391917309faab10aefc0128b9f970eddb3100e15ef2a05a97
count_02_s2609271105,count,2,2609271105,PATH,70,0.039810717055349734,50508,102285,14683,0,76330,11272,10875,4,397,202032,0.9980349647580581,3.209267732978333,0.6532167000113986,True,passed,fee34c0c850febe05bcb1c7ee3fbb4b7de52414cc4838d1064a83d1d39ad9aee
count_02_s2609271105,count,2,2609271105,PATH,71,0.038018939632056124,50508,110486,18311,0,79744,12431,11935,4,496,202032,0.9975449433753069,3.4037032279884443,0.715061369992327,True,passed,9dec27d227f8fefd4e4ed4b5eba24ddbeaf7ac904f3a252184e572d9dbe3c380
count_02_s2609271105,count,2,2609271105,PATH,72,0.03630780547701014,50508,116272,21199,0,83279,11794,11275,4,519,202032,0.9974311000237586,3.428387952968478,0.7736721199471503,True,passed,2c543fad4ee47e1fd1dc1b54608902267ced0ac6584467d4afd96093add90915
count_02_s2609271105,count,2,2609271105,PATH,73,0.034673685045253165,50508,166889,40854,0,107549,18486,17219,5,1267,252540,0.9949829729943771,4.658775074989535,0.8293082379968837,True,passed,64fb42a0a530c435f72b70291aa8fe54ce525bfad24f18c2ea11f3c3f7a9abde
count_02_s2609271105,count,2,2609271105,PATH,74,0.03311311214825911,50508,132481,31333,0,87039,14109,13246,4,863,202032,0.9957283994614714,3.7201882359804586,0.8628198590013199,True,passed,9c1d66926c975c79d68712d760572a60f7f0118b9c8c4090935c27c770144188
count_02_s2609271105,count,2,2609271105,PATH,75,0.03162277660168379,50508,197916,63961,0,112171,21784,19715,5,2069,252540,0.9918072384572741,5.031500701035839,0.897271825990174,True,passed,2db1409237151f949ba178aee586c70b2a4be1e27363b9e1b92a2592ac546b31
count_02_s2609271105,count,2,2609271105,PATH,76,0.03019951720402016,50508,214719,76671,0,113856,24192,21661,5,2531,252540,0.9899778252950028,5.28492169000674,0.9241440059849992,True,passed,05e5cd978a7834e62925c48ad257338ac5b1c78219c3b68c3881fde948de02c8
count_02_s2609271105,count,2,2609271105,PATH,77,0.028840315031266057,50508,162607,53579,0,90766,18262,16650,4,1612,202032,0.9920210659697474,4.1197656860458665,0.9413901320076548,True,passed,fa56f7b3fa12b16e8c3039a652db896a5ef47b188500e4b2390c0862d7b1dadd
count_02_s2609271105,count,2,2609271105,PATH,78,0.02754228703338166,50508,175418,63596,0,91407,20415,18399,4,2016,202032,0.9900213827512473,4.2791240779915825,0.9610679029719904,True,passed,e6b1de180fca0b83a407f653af8992cc6d48c45118b66544af2a1284b61a1813
count_02_s2609271105,count,2,2609271105,PATH,79,0.026302679918953815,50508,284632,131607,0,119540,33485,28752,5,4733,252540,0.9812584145085927,6.052036699024029,0.9757177630090155,True,passed,1b16e7a28db41cc99fec5721cb0050ca7c9e9a4be0e55684d4aa61bbe61f9c8d
count_02_s2609271105,count,2,2609271105,PATH,80,0.025118864315095794,50508,205498,87367,0,92711,25420,22525,4,2895,202032,0.9856705868377287,4.66664056899026,0.996001488994807,True,passed,468425c6f04858f0b00525d869f55c5fd44f6b2a09bb634abd653f7d6553ce2a
count_02_s2609271105,count,2,2609271105,PATH,81,0.023988329190194897,50508,351549,185205,0,121930,44414,37562,5,6852,252540,0.9728676645283916,6.85773159598466,1.0163522619986907,True,passed,aba97614b1dffb805c98b4011bf346ae18bff5bb3c8fcff2d94f56bd0399b9de
count_02_s2609271105,count,2,2609271105,PATH,82,0.022908676527677734,50508,381440,209806,0,121121,50513,42415,5,8098,252540,0.9679337926665083,7.224801842996385,1.043149445031304,True,passed,84372cab863ad13e7cf2fd08f75176e693617a129f2e4d291a9cd77703d6447d
count_02_s2609271105,count,2,2609271105,PATH,83,0.02187761623949553,50508,418565,240679,0,119275,58611,48971,5,9640,252540,0.9618278292547715,7.718944563996047,1.0671333380159922,True,passed,e8e27e76e71ae90bf216e3711b135081c2807e8df9591f543d4d34bdf4f6f469
count_02_s2609271105,count,2,2609271105,PATH,84,0.020892961308540396,50508,369636,201817,0,115985,51834,45267,5,6567,252540,0.9739961986220005,7.207945984031539,1.1023786690202542,True,passed,b2918fbfb0aeb89bc3529416a724af1676909ef023e7c077b5344a9d6e1dece9
count_02_s2609271105,count,2,2609271105,PATH,85,0.0199526231496888,50508,479114,292066,0,109880,77168,63547,5,13621,252540,0.946063989862992,8.632336597016547,1.128696002997458,True,passed,461b849e2f1e35c1b790d843ea3a3d54cfe560cc7a53e3b23a257e294d0e55bd
count_02_s2609271105,count,2,2609271105,PATH,86,0.019054607179632473,50508,504444,313496,0,103844,87104,70986,5,16118,252540,0.9361764472954779,9.054001912008971,1.1522636080044322,True,passed,21bd36f509825f0e7f58d495b3cf9492120a5cce50a5f02f1c4064096aa43740
count_02_s2609271105,count,2,2609271105,PATH,87,0.018197008586099836,50508,516557,324539,0,95686,96332,77311,5,19021,252540,0.9246812386156649,9.337803021015134,1.2020053020096384,True,passed,e4f4fa6ec7f9f3afbed19b61555fb7e168dfe08725b9485629e84dc24c287ff7
count_02_s2609271105,count,2,2609271105,PATH,88,0.017378008287493755,50508,555422,356314,0,90828,108280,85252,5,23028,252540,0.9088144452363982,10.015429029008374,1.2583308910252526,True,passed,f1d59fa265619ef7f2b6f3c9c14142bacc395485a85350c1778511b06bfe4438
count_02_s2609271105,count,2,2609271105,PATH,89,0.016595869074375606,50508,554854,356396,2,84457,113999,87853,5,26146,252540,0.8964678862754415,10.126478208985645,1.3035516669624485,True,passed,88a11bd8532fc06e6dc0309a7f11f6350fef24acf85f4ca2fed199f6473e8fb1
count_02_s2609271105,count,2,2609271105,PATH,90,0.015848931924611134,50508,729005,477211,2,110201,141591,109315,6,32276,303048,0.8934954198674797,12.753299754986074,1.3665791709790938,True,passed,cb3cc7e8b17c18401c9c5ae87bca86e07b970455087c044bb33977002e4a58fd
count_02_s2609271105,count,2,2609271105,PATH,91,0.01513561248436208,50508,603430,395838,4,79739,127849,92233,5,35616,252540,0.8589688762176289,10.95338935003383,1.4469912250060588,True,passed,a5a1c684e0533c465e0597c3d61d31f2952a146d1888ffc2fdf3b6e43e5246d0
count_02_s2609271105,count,2,2609271105,PATH,92,0.014454397707459272,50508,776683,516011,5,106549,154118,112077,6,42041,303048,0.8612728016683826,13.503998526954092,1.5140924009610899,True,passed,dd1b93fa5d1c139bb772afccd3f156f0aa896c15d69cb027315af51bbab8d2e7
count_02_s2609271105,count,2,2609271105,PATH,93,0.013803842646028845,50508,822175,553491,6,102760,165918,116907,6,49011,303048,0.8382731448483409,14.167469680018257,1.5902416169992648,True,passed,fbf7707aab6b527b427693b28a248e5ef2b5ca36f3bd38fb7a68b9b2c870d6cd
count_02_s2609271105,count,2,2609271105,PATH,94,0.013182567385564075,50508,845328,572322,6,101394,171606,116002,6,55604,303048,0.816517515377102,14.522956692031585,1.677312814979814,True,passed,2c531a843c8162f506d953f6ce4ca2a2fa7720e2eea75adee88695a10cb0ff1b
count_02_s2609271105,count,2,2609271105,PATH,95,0.012589254117941675,50508,883263,604561,6,91400,187296,123069,6,64227,303048,0.7880632771046171,15.243320603040047,1.7604711190215312,True,passed,5270264061e0f0a2a21c340f3d70b8e9796b5a695584f7f0077d97757fad48da
count_02_s2609271105,count,2,2609271105,PATH,96,0.012022644346174132,50508,913719,630748,6,79857,203108,129258,6,73850,303048,0.756309231540878,16.48704291100148,1.8413827680051327,True,passed,ff8d18fed30cae66b476019fea5ec0c7d679533cee82d2a024f92c9a1fa92bb2
count_02_s2609271105,count,2,2609271105,PATH,97,0.01148153621496883,50508,906843,623404,6,92146,191287,116589,6,74698,303048,0.7535109949578944,15.609191665949766,1.9335552810225636,True,passed,93e41b76bd1b7693d3119820529c9a564437a1a9f54c7301371115a6f2496a63
count_02_s2609271105,count,2,2609271105,PATH,98,0.01096478196143185,50508,933845,646594,6,82393,204852,120792,6,84060,303048,0.7226181990971727,16.140228037023917,2.0104206500109285,True,passed,cd363cd23b1c814b6aa2254ffabf6c4fdf4c1b48e42ea7daf251990b102dd620
count_02_s2609271105,count,2,2609271105,PATH,99,0.010471285480508996,50508,957926,667836,8,62154,227928,128350,6,99578,303048,0.6714117895514902,17.573382869013585,2.098483059031423,True,passed,e3f2248ba73c27a6b25e925870e349dbc6e4b8e4f51c544236484dcb89d5a007
count_02_s2609271105,count,2,2609271105,PATH,100,0.01,50508,972053,678856,6,69348,223843,126058,6,97785,303048,0.677328344024709,16.936016552965157,2.2071122319903225,True,passed,bcce70c2b1bb553aefe345aec39bdb93ab7843c0a36ad56ccabf4e1a85c35c5b
count_04_s2609271101,count,4,2609271101,PATH,0,1.0,157285,0,0,0,0,0,0,0,0,0,,0.015032414987217635,0.054019119997974485,True,passed,55c844c6d811afa8b0ced4256666dd3647d5fae17cb98c106af9d0fcc136d011
count_04_s2609271101,count,4,2609271101,PATH,1,0.954992586021436,157285,7207,0,0,6831,376,366,4,10,629140,0.9999841052865817,0.3082491420209408,0.05968408804619685,True,passed,d6d310266d10965adefa25f85f360c88a49f205ebb18c6542dcd91a98cf611db
count_04_s2609271101,count,4,2609271101,PATH,2,0.9120108393559098,157285,5753,0,0,5467,286,280,4,6,629140,0.9999904631719491,0.25522176804952323,0.060236128978431225,True,passed,70dcbed1f65adcda04f77f76ec96965592d7f3fde3474510f253d95e660cbf19
count_04_s2609271101,count,4,2609271101,PATH,3,0.8709635899560807,157285,6672,0,0,6319,353,347,4,6,629140,0.9999904631719491,0.29215509799541906,0.0695723100216128,True,passed,4a58fbbceaa292fb2b175adb45dc0bb581db13f5e026118264bb16a702f6ac8d
count_04_s2609271101,count,4,2609271101,PATH,4,0.831763771102671,157285,9925,0,0,9397,528,520,5,8,786425,0.9999898273834122,0.41922772995894775,0.08598845999222249,True,passed,d8c41075fe011ea41ec3a74367e4b3b6969cb57ff2cd06684b61d445b3b5cd48
count_04_s2609271101,count,4,2609271101,PATH,5,0.7943282347242815,157285,4047,0,0,3789,258,252,1,6,157285,0.999961852687796,0.16935729497345164,0.09684891300275922,True,passed,7d02683ffe14d054c7505085c66427f8777087a7c7d8ec8ed72b897a36499d98
count_04_s2609271101,count,4,2609271101,PATH,6,0.7585775750291838,157285,14223,0,0,13307,916,895,4,21,629140,0.9999666211018216,0.5627485539880581,0.10520141903543845,True,passed,36c2cc385594beed3dda1bbeecadc9ca034849e0e41dd4e93b59f2df068eb6ee
count_04_s2609271101,count,4,2609271101,PATH,7,0.72443596007499,157285,11348,0,0,10667,681,668,4,13,629140,0.9999793368725561,0.45917552104219794,0.10716596100246534,True,passed,0f50a00891fa42d0f5c018a10dd269ed5f69367bfeebcb0b9130e7bf88f7f254
count_04_s2609271101,count,4,2609271101,PATH,8,0.6918309709189365,157285,11909,0,0,11175,734,721,4,13,629140,0.9999793368725561,0.48414969304576516,0.11072160699404776,True,passed,42811effd526c5a8433c3c853edb57565fa910cb3da0973bc39da1bc2294c078
count_04_s2609271101,count,4,2609271101,PATH,9,0.660693448007596,157285,12610,0,0,11801,809,794,4,15,629140,0.9999761579298725,0.5104678170173429,0.11617421597475186,True,passed,d905e9c793e4e2334ae06b3fbe5e022df8d59ada97952fdca05f65646793507f
count_04_s2609271101,count,4,2609271101,PATH,10,0.6309573444801932,157285,14420,0,0,13455,965,950,4,15,629140,0.9999761579298725,0.5771652949624695,0.13559173000976443,True,passed,5068ead680b72b89214bc0d1f2c5d96eec9a9380e44b5e46698138dfd143b6f8
count_04_s2609271101,count,4,2609271101,PATH,11,0.6025595860743578,157285,21388,0,0,19847,1541,1511,5,30,786425,0.999961852687796,0.8477710519800894,0.15088259003823623,True,passed,d9839bd84d54d63c1a264f98901a739706c2069509881b41e8e9dff33b7505ed
count_04_s2609271101,count,4,2609271101,PATH,12,0.5754399373371569,157285,16107,0,0,15016,1091,1079,4,12,629140,0.999980926343898,0.6370224939892069,0.15930155699606985,True,passed,8fa83487b2972024b9c89af3449773a50410918fe47b90c954c87c9b3f55a28e
count_04_s2609271101,count,4,2609271101,PATH,13,0.5495408738576245,157285,20486,0,0,19086,1400,1383,5,17,786425,0.9999783831897511,0.8028716259868816,0.16586448403541,True,passed,ca4b23f6f534e3c2be308de6591db0fb227fdc98e9892c10fecdc5e4bf58af21
count_04_s2609271101,count,4,2609271101,PATH,14,0.5248074602497725,157285,17347,0,0,16108,1239,1225,4,14,629140,0.9999777474012144,0.6797177779953927,0.1708934570197016,True,passed,16b3d154ef96a64db2800a31fd84aa9f423beaa0a57b483afcf95f520f50e596
count_04_s2609271101,count,4,2609271101,PATH,15,0.5011872336272722,157285,22296,0,0,20681,1615,1596,5,19,786425,0.9999758400356041,0.870514351001475,0.17906727094668895,True,passed,5a9e13d310d4ab43d63dcb253220cf53956cfcd04160f0e5a480946a56ea1654
count_04_s2609271101,count,4,2609271101,PATH,16,0.4786300923226383,157285,14547,0,0,13409,1138,1125,3,13,471855,0.9999724491634082,0.5742651130422018,0.18716768396552652,True,passed,3c968f95bfbe757335cdb54594127f7f7fe55d28ab74f21a416fe0c126de91c6
count_04_s2609271101,count,4,2609271101,PATH,17,0.457088189614875,157285,15159,0,0,13903,1256,1242,3,14,471855,0.9999703298682858,0.6025906629511155,0.198742828972172,True,passed,29aeb0621cce70e76ad0b5a1a1cb2a1111f1f9f8df508f0ab617bf6ce1b816b0
count_04_s2609271101,count,4,2609271101,PATH,18,0.436515832240166,157285,21003,0,0,19213,1790,1769,4,21,629140,0.9999666211018216,0.82984707999276,0.2105233379988931,True,passed,541510133759285d02c0389a10be524b27768384829e3d010a5afa64b05c8c22
count_04_s2609271101,count,4,2609271101,PATH,19,0.4168693834703354,157285,22171,0,0,20192,1979,1957,4,22,629140,0.9999650316304797,0.8714692469802685,0.22498907998669893,True,passed,ead7c9b94a8a9106ad6b67a31653fe1ea00f35310c3de925ed1643c029d89cb5
count_04_s2609271101,count,4,2609271101,PATH,20,0.3981071705534972,157285,13575,0,0,11990,1585,1555,2,30,314570,0.9999046317194901,0.554536196985282,0.23118493804940954,True,passed,ca6c035c35a8a3cdc8c7241879014f11b8cb643f13f5b4718bc8263f0a392d91
count_04_s2609271101,count,4,2609271101,PATH,21,0.3801893963205612,157285,16983,0,0,15446,1537,1525,3,12,471855,0.9999745684585307,0.6747358359862119,0.23414102802053094,True,passed,778e3c3c264ea98823d0b39fac67391319da68f5bf5407d371e031d3f6d822fc
count_04_s2609271101,count,4,2609271101,PATH,22,0.36307805477010135,157285,22603,0,0,20554,2049,2033,4,16,629140,0.9999745684585307,0.8888415199471638,0.23471303301630542,True,passed,2be8b69bd34e0c81fd0d968e04713ba7146828bdb449debe7a1244203d19027d
count_04_s2609271101,count,4,2609271101,PATH,23,0.3467368504525316,157285,22751,0,0,20641,2110,2094,4,16,629140,0.9999745684585307,0.900228961952962,0.2369037140160799,True,passed,1904b3a7310de4f4ec9d8a50230075e6ecd47198b03ecd946775912be18c2a5e
count_04_s2609271101,count,4,2609271101,PATH,24,0.3311311214825911,157285,22975,0,0,20783,2192,2176,4,16,629140,0.9999745684585307,0.9116630050120875,0.24074970901710913,True,passed,6c88f9152b0ea78499cc11a5ebe931bff6a48136564a3214e665180ca96633e2
count_04_s2609271101,count,4,2609271101,PATH,25,0.31622776601683794,157285,23260,0,0,20977,2283,2267,4,16,629140,0.9999745684585307,0.920521151041612,0.24387196794850752,True,passed,6efab4c29c8f15fd4d921b8a063014fbd1633beaf31a70d98ddeefa71c48c1c8
count_04_s2609271101,count,4,2609271101,PATH,26,0.3019951720402016,157285,23705,0,0,21330,2375,2358,4,17,629140,0.9999729789871888,0.940718219964765,0.24593212496256456,True,passed,2f4e787546ccf06e516a900c01e2d5475a6046f6ce094142faa44257f9a99309
count_04_s2609271101,count,4,2609271101,PATH,27,0.28840315031266056,157285,24048,0,0,21564,2484,2466,4,18,629140,0.9999713895158471,0.9534536559949629,0.25193223799578846,True,passed,a645ef6f15e61b1881a14e2464dac6d3bb07d1df692a118306b812da2c55c309
count_04_s2609271101,count,4,2609271101,PATH,28,0.2754228703338166,157285,24356,0,0,21781,2575,2555,4,20,629140,0.9999682105731633,0.9689336699666455,0.25287778401980177,True,passed,0a3158680a2748520dff2d7e8b3b35296dc41e08379a3cf430f700f0b3486d2b
count_04_s2609271101,count,4,2609271101,PATH,29,0.2630267991895382,157285,24685,0,0,22027,2658,2638,4,20,629140,0.9999682105731633,1.0099704210297205,0.2530380139942281,True,passed,95e043f132b92296ad93fe7e5d98927ff718e9bf577e7b2b551aeb189fe5ceeb
count_04_s2609271101,count,4,2609271101,PATH,30,0.251188643150958,157285,25050,0,0,22292,2758,2737,4,21,629140,0.9999666211018216,0.9933833659742959,0.25691855495097116,True,passed,2d2cf85aa899d258198aaea46af64bb39c172e20433f868e638232a7a0181c0d
count_04_s2609271101,count,4,2609271101,PATH,31,0.23988329190194904,157285,25715,0,0,22835,2880,2858,4,22,629140,0.9999650316304797,1.0298741460428573,0.2587991280015558,True,passed,7da1946749892a8a5cb610db94d1b41a1f79254df533e29e16cdfb1a2b1843dd
count_04_s2609271101,count,4,2609271101,PATH,32,0.2290867652767773,157285,26589,0,0,23585,3004,2980,4,24,629140,0.999961852687796,1.0535637050052173,0.26287925598444417,True,passed,000ceffaf57c016bb0219473be7ed37ba47f43f231598b3f46fb66439f3a50d8
count_04_s2609271101,count,4,2609271101,PATH,33,0.21877616239495523,157285,27433,0,0,24297,3136,3112,4,24,629140,0.999961852687796,1.0938757610274479,0.26633067202055827,True,passed,a3ec11a45b18cb80ad1ab1ab4888894173c63caaad1ae0da1211be49b82247e1
count_04_s2609271101,count,4,2609271101,PATH,34,0.20892961308540392,157285,28343,0,0,25076,3267,3240,4,27,629140,0.9999570842737705,1.1230120889958926,0.2718087349785492,True,passed,55921421e0576cf7f6f3cac1c42c9fa22c8802b624bea6572406512501bfe307
count_04_s2609271101,count,4,2609271101,PATH,35,0.19952623149688797,157285,29110,0,0,25730,3380,3350,4,30,629140,0.9999523158597451,1.1509024240076542,0.2738879759563133,True,passed,4b84189dcf0f519c6dfafe688423330ce9716b4047ea484d875cbe86cc696255
count_04_s2609271101,count,4,2609271101,PATH,36,0.19054607179632474,157285,29928,0,0,26427,3501,3470,4,31,629140,0.9999507263884032,1.186449644039385,0.28282031998969615,True,passed,13083e4936b8c100c15d018499887825f6dcc0e1250ff16f43d16eca7ad167f3
count_04_s2609271101,count,4,2609271101,PATH,37,0.18197008586099836,157285,30625,0,0,27001,3624,3590,4,34,629140,0.9999459579743777,1.2159955500392243,0.2872718569706194,True,passed,9e96a654896a7d85d8b5fa342bbda8fb43e0ae81ac7ededd5de6e47ae795f230
count_04_s2609271101,count,4,2609271101,PATH,38,0.17378008287493754,157285,31340,0,0,27591,3749,3713,4,36,629140,0.999942779031694,1.2493357360363007,0.2977395509951748,True,passed,dfd11996940cf8242f87d55930980bc31c61bb1b4467b32b9489ae72a4b57bc5
count_04_s2609271101,count,4,2609271101,PATH,39,0.16595869074375605,157285,32257,0,0,28382,3875,3836,4,39,629140,0.9999380106176685,1.2771393329603598,0.3016901260125451,True,passed,e0d8e15f8ef03160ab76973e501336b5dc65fdd6f543e4a09d79b9cd4510ce54
count_04_s2609271101,count,4,2609271101,PATH,40,0.15848931924611134,157285,33191,0,0,29157,4034,3991,4,43,629140,0.9999316527323012,1.3148642180021852,0.31671357405139133,True,passed,7dcb051b3c8293a40d899ae51515951f2bf468cb0e4ce2817771271954eee77d
count_04_s2609271101,count,4,2609271101,PATH,41,0.15135612484362082,157285,34086,0,0,29878,4208,4164,4,44,629140,0.9999300632609595,1.340598845970817,0.3266620310023427,True,passed,fe2eae7b42cc69a3548aec29cbf1751f236917e71a3ebf97829634a30e407cba
count_04_s2609271101,count,4,2609271101,PATH,42,0.14454397707459277,157285,35669,0,0,31275,4394,4334,4,60,629140,0.9999046317194901,1.4181333029991947,0.3437453889637254,True,passed,60d02e64afa1036690b0855ca91bd60c0a1e81fd7df05b787fa6b4a022a27a0f
count_04_s2609271101,count,4,2609271101,PATH,43,0.1380384264602885,157285,37579,0,0,32902,4677,4600,4,77,629140,0.9998776107066789,1.4902860840084031,0.3717220890102908,True,passed,aa4c16697292472ea24509353b9eb2e70a877966321a0e4727817c5fe4dceb42
count_04_s2609271101,count,4,2609271101,PATH,44,0.1318256738556407,157285,39727,0,0,34771,4956,4852,4,104,629140,0.9998346949804495,1.5661799589870498,0.3922108070109971,True,passed,76acb461f5265f82f3d43e6114e119c1e1c4964dd49377c465e881bd5e837644
count_04_s2609271101,count,4,2609271101,PATH,45,0.12589254117941673,157285,41234,0,0,36043,5191,5056,4,135,629140,0.9997854213688527,1.626768432033714,0.4131500399671495,True,passed,e1f6aed251cc0f57b5fcfdf7bd0954b67598d0acff5249dbc05a1881fade63c9
count_04_s2609271101,count,4,2609271101,PATH,46,0.12022644346174129,157285,42729,0,0,37314,5415,5245,4,170,629140,0.9997297898718887,1.6867305080522783,0.4365295870229602,True,passed,5bbb89e618705942f76afb63a9406f7717c8d666ea27253e502d8441e13f29fe
count_04_s2609271101,count,4,2609271101,PATH,47,0.1148153621496883,157285,43734,0,0,38130,5604,5401,4,203,629140,0.9996773373176082,1.7229811089928262,0.44664100697264075,True,passed,598723efbac000cb4eb24fc32414d966cad93bc09642c7ebc98a518eb0ce2e72
count_04_s2609271101,count,4,2609271101,PATH,48,0.1096478196143185,157285,44363,0,0,38600,5763,5514,4,249,629140,0.9996042216358839,1.7511167039629072,0.45722306601237506,True,passed,75bcf6c0ed78dbe96911ca35aa530f9e082d13d66da2c6e8673b4799ec5270c4
count_04_s2609271101,count,4,2609271101,PATH,49,0.10471285480508996,157285,44957,0,0,39012,5945,5654,4,291,629140,0.999537463839527,1.785225525032729,0.4658930880250409,True,passed,739e7a20aa2650949fa4ab4078ae062e12ddf909a9de4b125fb24a6831198c60
count_04_s2609271101,count,4,2609271101,PATH,50,0.1,157285,45310,0,0,39165,6145,5789,4,356,629140,0.9994341482023079,1.7941285779816099,0.473996463988442,True,passed,9c760a789f134bfab45c7605a5fdccf859c7bbb084e77477bde5cf7ba4965c53
count_04_s2609271101,count,4,2609271101,PATH,51,0.09549925860214359,157285,45757,0,0,39367,6390,5979,4,411,629140,0.9993467272785072,1.8187220030231401,0.48237299697939306,True,passed,c6e178adde2b0f0025ff30f57af79c9ea4ac1d7342bc1fc882de977677f50278
count_04_s2609271101,count,4,2609271101,PATH,52,0.09120108393559097,157285,45981,0,0,39297,6684,6225,4,459,629140,0.9992704326540992,1.8525238530128263,0.48300962103530765,True,passed,248d020ef356bc939387ab1af7f7ff33faf83e33931f79624dbc5d5e16c34fa0
count_04_s2609271101,count,4,2609271101,PATH,53,0.08709635899560805,157285,46313,0,0,39358,6955,6441,4,514,629140,0.9991830117302986,1.8684662550222129,0.48650056699989364,True,passed,121cf1c2abdf3ee7465ec6f90ba0af6a8d6f1e34a744730d3c9cbcd40e6940ec
count_04_s2609271101,count,4,2609271101,PATH,54,0.08317637711026708,157285,46748,0,0,39459,7289,6730,4,559,629140,0.999111485519916,1.896092320967,0.4943168409517966,True,passed,f7908468c96d471004062e9382a3d0e4ba2a761228b5dfc5b5a25e0c9c5f95f5
count_04_s2609271101,count,4,2609271101,PATH,55,0.07943282347242814,157285,47474,4,0,39863,7607,6991,4,616,629140,0.9990208856534317,1.9386306820088066,0.4990239019971341,True,passed,d89fb3efe01521afd04abf39814ab22196e87185fbdea60f93e2f9dcae6000f9
count_04_s2609271101,count,4,2609271101,PATH,56,0.07585775750291836,157285,48006,7,0,40025,7974,7302,4,672,629140,0.9989318752582891,1.959732933959458,0.5059322690358385,True,passed,6c7e1366fae198584c973befe36feee288ebbdcc415394cfafe81f06b52108db
count_04_s2609271101,count,4,2609271101,PATH,57,0.07244359600749903,157285,37828,39,0,30939,6850,6099,3,751,471855,0.9984084093630459,1.5666892140288837,0.5118899110238999,True,passed,42afea2badbe50a57423b307fe70d605d81e22609d835304e2ae21eb83d43c47
count_04_s2609271101,count,4,2609271101,PATH,58,0.06918309709189366,157285,39189,76,0,32067,7046,6250,3,796,471855,0.9983130410825359,1.6213575419969857,0.5161666199564934,True,passed,67099ed066766cc92a42a0516467cd53d37ff72a9687dd63c9091639b3d284df
count_04_s2609271101,count,4,2609271101,PATH,59,0.06606934480075961,157285,41553,131,0,34125,7297,6473,3,824,471855,0.9982537008191076,1.7025115979486145,0.5209271400235593,True,passed,faaba9a906d8d39a1a4492917434529b58db8c2365e7222de65732bc8f0d31cb
count_04_s2609271101,count,4,2609271101,PATH,60,0.06309573444801933,157285,45358,222,0,37528,7608,6756,3,852,471855,0.9981943605556792,1.804203691019211,0.5280611389898695,True,passed,6c6baf382c70870fa73b673a951899dec8946c061d6a40bbb485ef27a6a07a91
count_04_s2609271101,count,4,2609271101,PATH,61,0.06025595860743578,157285,61370,323,0,50921,10126,9240,4,886,629140,0.9985917283911371,2.4481973799993284,0.5333084590383805,True,passed,8c04c2bf40ad9eff69690ca9034ecd324ca94fbce899c38bf0ab47cfc3fb8d46
count_04_s2609271101,count,4,2609271101,PATH,62,0.057543993733715694,157285,66242,484,0,55175,10583,9670,4,913,629140,0.9985488126649077,2.5833061180310324,0.5415749939857051,True,passed,17fcf6cd6dd90a17887e048b22eb079abc6eea653921a414e243dd60017d7d30
count_04_s2609271101,count,4,2609271101,PATH,63,0.054954087385762455,157285,81845,1748,0,70104,9993,8174,3,1819,471855,0.9961450021722775,2.941099160001613,0.5514768630382605,True,passed,edd1629ce8db038c9478f6447b679a53778fdf9dbef3d4df6b748d8b9cd7d2eb
count_04_s2609271101,count,4,2609271101,PATH,64,0.05248074602497726,157285,77789,1421,0,64708,11660,10656,4,1004,629140,0.998404170772801,2.9295627350220457,0.5635628770105541,True,passed,fb4d0cf666b5e362f1273d45a11bacb6c1516b422545bafb7b6aebe6bc22f8e8
count_04_s2609271101,count,4,2609271101,PATH,65,0.05011872336272722,157285,90209,2397,0,75220,12592,11267,4,1325,629140,0.997893950472073,3.298837532987818,0.5785983770038001,True,passed,e718df26f5f6f31d041215239d0d8e532d76aaaf955784814dd0843fa6874c4e
count_04_s2609271101,count,4,2609271101,PATH,66,0.047863009232263824,157285,163051,7911,0,135895,19245,16588,5,2657,786425,0.9966214197158025,5.603568168007769,0.5948880210053176,True,passed,00b4f2ef0570aee8f5b738eb8a8b5c3ba6c420b06a1426b517bbe40a3af091be
count_04_s2609271101,count,4,2609271101,PATH,67,0.04570881896148749,157285,199375,12416,0,164925,22034,18848,5,3186,786425,0.9959487554439393,6.653182565001771,0.6052368310047314,True,passed,0346bfdd90734420e5b7d01a89ad80f847b6f6a835891197b10b02b4e48b1c0b
count_04_s2609271101,count,4,2609271101,PATH,68,0.043651583224016584,157285,138887,9216,0,113101,16570,14768,4,1802,629140,0.9971357726420192,4.67284643498715,0.6215193740208633,True,passed,15418bcbe36e2fbe90a7dc0fafb59baa1b3f76d62967f1fb4a5a07fe11f0fe94
count_04_s2609271101,count,4,2609271101,PATH,69,0.04168693834703355,157285,155499,12173,0,124876,18450,16447,4,2003,629140,0.9968162889023111,5.142547858005855,0.6419825089978985,True,passed,bed0e9990f59213ae2d4eb4c74423ca1e3b6fb8d0be4dc2ddb30aa21d3d807c2
count_04_s2609271101,count,4,2609271101,PATH,70,0.039810717055349734,157285,205956,18609,0,164066,23281,20402,4,2879,629140,0.9954239120068665,6.578966182016302,0.6765548279508948,True,passed,93740a6acd5722ff503bc9caff279f4eb502fa193807d2a79eaf436c1555ba98
count_04_s2609271101,count,4,2609271101,PATH,71,0.038018939632056124,157285,181113,16315,0,141318,23480,20963,4,2517,629140,0.9959993006326096,5.911870635987725,0.7221131130354479,True,passed,a70fa679f26a7bebf8d8fbb60e833867e92b4d1aec712ac4a251cbe8570057e2
count_04_s2609271101,count,4,2609271101,PATH,72,0.03630780547701014,157285,319667,34493,0,240082,45092,39800,5,5292,786425,0.9932708141272213,10.435841627011541,0.7817547270096838,True,passed,e0d466b42ece645527b2f157d40d2efcef8a62a02ee84576526ebdd23420340d
count_04_s2609271101,count,4,2609271101,PATH,73,0.034673685045253165,157285,203326,18256,0,153019,32051,28917,4,3134,629140,0.9950185968146994,6.832802627992351,0.8669187210034579,True,passed,e82c6f1208aa6b04b34d563d2c69427711cd8ea9be4bfd7b9f92010649ab7397
count_04_s2609271101,count,4,2609271101,PATH,74,0.03311311214825911,157285,215091,19177,0,158667,37247,33651,4,3596,629140,0.9942842610547732,7.300862897012848,0.9474793340195902,True,passed,42716084693d6e6531e6905486b1977b82845376bc85073589a227b0297d9d54
count_04_s2609271101,count,4,2609271101,PATH,75,0.03162277660168379,157285,356946,38638,0,245167,73141,65053,5,8088,786425,0.9897154846298121,12.16407000698382,1.0369756639702246,True,passed,6013c9324b5111719f6b8e137c5694d4a71659e5bb1873a4c29e380eb99c5ab0
count_04_s2609271101,count,4,2609271101,PATH,76,0.03019951720402016,157285,250882,23581,0,180715,46586,41579,4,5007,629140,0.9920415169914486,8.550340835005045,1.140145664976444,True,passed,9d255773b0f8c7b15113fbed6e6231a2c28572544125e01949ad8ada344fd340
count_04_s2609271101,count,4,2609271101,PATH,77,0.028840315031266057,157285,412628,49739,0,275704,87185,75348,5,11837,786425,0.9849483421813905,13.935373999993317,1.2769856700324453,True,passed,b1de5a2bb83749be1a7f22e7b65796dfd93db29fed0d25e245849c618c501b55
count_04_s2609271101,count,4,2609271101,PATH,78,0.02754228703338166,157285,314890,36783,0,222196,55911,48213,4,7698,629140,0.9877642496105795,10.342842629004735,1.4274173149606213,True,passed,83b1b7a8c5a39634b04918e643bd5329e0f1f783275a2c4ee8d964c6913fa301
count_04_s2609271101,count,4,2609271101,PATH,79,0.026302679918953815,157285,339717,43529,0,236861,59327,49806,4,9521,629140,0.9848666433544203,11.008041974972002,1.6139401249820367,True,passed,ebd79e0d657df4eed76c4347894c4e6108c453753a847fcff5d412250bd4357c
count_04_s2609271101,count,4,2609271101,PATH,80,0.025118864315095794,157285,363871,50806,0,250158,62907,51203,4,11704,629140,0.9813968274152017,11.592630208004266,1.8252844809903763,True,passed,c0f743d3e6fb61efa8004bfaa39ee130eb14fe5aad6bbb8d758f69d09391b074
count_04_s2609271101,count,4,2609271101,PATH,81,0.023988329190194897,157285,536519,94908,0,337265,104346,76268,5,28078,786425,0.9642966589312395,16.8111846249667,2.0779545539990067,True,passed,8e631049eec1c7c92d2c61abcdbe5b8b8561df9aeb329621f2d43a057514e664
count_04_s2609271101,count,4,2609271101,PATH,82,0.022908676527677734,157285,588679,118468,0,351692,118519,83204,5,35315,786425,0.9550942556505706,18.122600758972112,2.3709087630268186,True,passed,7127724322001cc6bdb759374d3273493c5a74370cb01b1aa3134e45e5c42cc7
count_04_s2609271101,count,4,2609271101,PATH,83,0.02187761623949553,157285,642252,146778,0,371601,123873,81848,5,42025,786425,0.9465619734876181,19.081224322959315,2.658809726999607,True,passed,72e1d2b62269e6099aaa6a497cf612421072f0017ee9a224df060ae61495051c
count_04_s2609271101,count,4,2609271101,PATH,84,0.020892961308540396,157285,710110,185388,0,392552,132170,82712,5,49458,786425,0.9371103411005499,20.25536320498213,2.9407147629535757,True,passed,22f323732254bfbf6f023e1f43b399e786532c8937c66dfe1b3eab966e0bfc39
count_04_s2609271101,count,4,2609271101,PATH,85,0.0199526231496888,157285,780410,227756,0,402789,149865,91937,5,57928,786425,0.9263400832882983,21.731237180996686,3.1523762840079144,True,passed,36a65637dcb7704993606dec0db26a1d1faeaa49216886bab0b6abe1373d26ea
count_04_s2609271101,count,4,2609271101,PATH,86,0.019054607179632473,157285,846693,271324,2,419928,155439,90097,5,65342,786425,0.916912610865626,22.442763409984764,3.3580258280271664,True,passed,109b6cb9f14e49a09cd6bd08048cf104e4d50e50fe0d738f0c937b173c8ce500
count_04_s2609271101,count,4,2609271101,PATH,87,0.018197008586099836,157285,909615,314867,6,408267,186475,112466,5,74009,786425,0.9058918523699018,24.050839420000557,3.5534788859658875,True,passed,2142773ffed7358b84013ca7a173fa0da2dcb5236eb80fe5589e15021acd2818
count_04_s2609271101,count,4,2609271101,PATH,88,0.017378008287493755,157285,655642,201100,4,312001,142537,101504,4,41033,629140,0.9347792224306196,18.29962482204428,3.662141189968679,True,passed,5b3e495ca1820536cc8a89e121dfa82d12d99d4af56650ccad746660309b5490
count_04_s2609271101,count,4,2609271101,PATH,89,0.016595869074375606,157285,1136290,414280,16,437116,284878,193609,6,91269,943710,0.903287026734908,30.89066175703192,3.786744892015122,True,passed,e60affc6d01319d60e64830b8bd5a6d987279dfc8ec69da2c725c5eed65aca37
count_04_s2609271101,count,4,2609271101,PATH,90,0.015848931924611134,157285,874573,291959,20,357557,225037,164534,5,60503,786425,0.923065772324125,24.806019647978246,3.9060609199805185,True,passed,1c533733c0fb01858ca5860805f018e8c43dc0b6f6ce78fb7df715cc77521b7c
count_04_s2609271101,count,4,2609271101,PATH,91,0.01513561248436208,157285,1189402,457283,62,368863,363194,251425,6,111769,943710,0.8815642517298746,33.52366518200142,3.998369114997331,True,passed,d89d0cc4168a24a998d4b4fde50306a18ed461b0d595cdfe86cfbc14fe4ad9cb
count_04_s2609271101,count,4,2609271101,PATH,92,0.014454397707459272,157285,1039615,419074,80,265304,355157,237536,5,117621,786425,0.8504358330419303,29.95032857498154,4.116504092991818,True,passed,533bf231f72b799ef67f3b968e5e3274e48d90fc92639ebe6bb67d1745e68529
count_04_s2609271101,count,4,2609271101,PATH,93,0.013803842646028845,157285,1273275,517237,102,326621,429315,279273,6,150042,943710,0.841008360619258,36.363002176978625,4.20982087001903,True,passed,47237d9baacf62aa65efc015275534d80bc16646f27b1ec6214be402eb04341a
count_04_s2609271101,count,4,2609271101,PATH,94,0.013182567385564075,157285,1052718,429470,122,220841,402285,245216,5,157069,786425,0.8002746606478686,31.322076604003087,4.274040992022492,True,passed,5d4910473494b9f50a197e75924d8a87090123f630e608663122d789a2df5bce
count_04_s2609271101,count,4,2609271101,PATH,95,0.012589254117941675,157285,1347312,569996,134,307799,469383,266949,6,202434,943710,0.7854913055917602,38.21201660000952,4.343712532019708,True,passed,5664eac3659ef242e4c5f8bb838e99a8cb7d6352cefc104bfe16a13fb030b40f
count_04_s2609271101,count,4,2609271101,PATH,96,0.012022644346174132,157285,1294725,533086,138,293860,467641,244317,6,223324,943710,0.7633552680378506,37.79160676000174,4.4128223700099625,True,passed,5e12017b4172f62f34eaad0d29e54b83d2599303111c0ecac3e3b4c587c9a32a
count_04_s2609271101,count,4,2609271101,PATH,97,0.01148153621496883,157285,1416478,619965,142,305525,490846,224072,6,266774,943710,0.7173135815027922,39.87247463699896,4.45944274100475,True,passed,747db9576984afedfdba7d4a52caa1322f5c58f425880a1422ef248585d8e6b4
count_04_s2609271101,count,4,2609271101,PATH,98,0.01096478196143185,157285,1569250,737303,160,268080,563707,235363,6,328344,943710,0.6520710811584067,43.07589183899108,4.512501600023825,True,passed,59966105b0424fa4c7710625dd5501edea6be41b08cd6f60e61a749a91ffdca0
count_04_s2609271101,count,4,2609271101,PATH,99,0.010471285480508996,157285,1517284,695172,150,297325,524637,197929,6,326708,943710,0.6538046645685645,41.67578564496944,4.557519637979567,True,passed,dba7de10794e192be6a0fc3f440aba7e3f5b369bab1fdfa61ef5d5b4f12c580b
count_04_s2609271101,count,4,2609271101,PATH,100,0.01,157285,1567828,733925,160,284664,549079,200515,6,348564,943710,0.6306450074705153,42.78688035195228,4.62949426000705,True,passed,30272a35b645b486c5f30fed768dd87922a45ed0ac5e696c5cffca9bf222c501
count_04_s2609271102,count,4,2609271102,PATH,0,1.0,152131,0,0,0,0,0,0,0,0,0,,0.01418925600592047,0.07179631298640743,True,passed,0e82f4996c9ad9dd0e4ba350303a55e085856180b0e466d6b44b144681e9bd1d
count_04_s2609271102,count,4,2609271102,PATH,1,0.954992586021436,152131,14514,0,0,13988,526,515,4,11,608524,0.9999819234738482,0.5091561860172078,0.09399634902365506,True,passed,7323316654201a8aa625b7cae3e300c3e1c827984e219f48be9736ae5d3e4eb2
count_04_s2609271102,count,4,2609271102,PATH,2,0.9120108393559098,152131,12451,0,0,12016,435,428,4,7,608524,0.9999884967560853,0.4456860169884749,0.10571370599791408,True,passed,e3af763dcf29c3c1a8f0c6f591882f6045b9cc269e994a64ad4b683e0529129c
count_04_s2609271102,count,4,2609271102,PATH,3,0.8709635899560807,152131,13954,0,0,13451,503,494,4,9,608524,0.9999852101149667,0.49812492198543623,0.10994398000184447,True,passed,d5980c1a1b034c60f67fd6da9e68aefb79b8c43f8b09c804fe245da759eee476
count_04_s2609271102,count,4,2609271102,PATH,4,0.831763771102671,152131,15431,0,0,14846,585,575,4,10,608524,0.9999835667944075,0.5418080649687909,0.11250689899316058,True,passed,ee15052e98e8600ee42d2b6d467085065880d24f2c84a7e47f098a11a4e255d3
count_04_s2609271102,count,4,2609271102,PATH,5,0.7943282347242815,152131,21762,0,0,20852,910,890,4,20,608524,0.999967133588815,0.7399900129530579,0.12456530099734664,True,passed,478698fc0360a101793a35b3f0f0a95b4de43106ab8ebc48970e0de9a8b874a5
count_04_s2609271102,count,4,2609271102,PATH,6,0.7585775750291838,152131,17486,0,0,16809,677,667,4,10,608524,0.9999835667944075,0.6038558959844522,0.13123953802278265,True,passed,c73632b295b3148dfc102b95316272bca247d21257ab22e07cfa4fee595aced2
count_04_s2609271102,count,4,2609271102,PATH,7,0.72443596007499,152131,15951,0,0,15309,642,633,3,9,456393,0.999980280153289,0.546502125042025,0.1559077919810079,True,passed,562c88867e44eb0473aaff136a13278e14ae9b052100372cef4718664e67c469
count_04_s2609271102,count,4,2609271102,PATH,8,0.6918309709189365,152131,18039,0,0,17285,754,743,3,11,456393,0.999975897965131,0.6123408889980055,0.18528032494941726,True,passed,d748ad4a8e57181bb15cbca0443abef123aca4d739b7bfc04a4aadf9ace6a3a6
count_04_s2609271102,count,4,2609271102,PATH,9,0.660693448007596,152131,27615,0,0,26361,1254,1230,4,24,608524,0.9999605603065779,0.9232532469904982,0.2070025809807703,True,passed,2bfcdebe859a4cbe74bb25e22c4ae4478012889a56966ef66dcafcb73d8c8d88
count_04_s2609271102,count,4,2609271102,PATH,10,0.6309573444801932,152131,26122,0,0,25063,1059,1047,4,12,608524,0.999980280153289,0.8712528710020706,0.22076945001026616,True,passed,b06356a7c2019a4c50fabc920bcda352937ba17bd9deb04b7cf69dba803cce14
count_04_s2609271102,count,4,2609271102,PATH,11,0.6025595860743578,152131,26976,0,0,25858,1118,1106,4,12,608524,0.999980280153289,0.8976586629869416,0.2289105149684474,True,passed,4317cfc3c8f815238c2615d7931cfac8520570bf475daa0bb50c85770739fa8d
count_04_s2609271102,count,4,2609271102,PATH,12,0.5754399373371569,152131,27618,0,0,26459,1159,1147,4,12,608524,0.999980280153289,0.9163668840192258,0.23375477304216474,True,passed,013b8b6375a95860e4e2ae3adbf1c8695fe32429db9b4bbb93523598166453f4
count_04_s2609271102,count,4,2609271102,PATH,13,0.5495408738576245,152131,35458,0,0,33963,1495,1480,5,15,760655,0.999980280153289,1.1790429489919916,0.24459599604597315,True,passed,3d8918e294b3469e3dc1849e5ac5f9527fc42132e0111f6a4be58691f14bda45
count_04_s2609271102,count,4,2609271102,PATH,14,0.5248074602497725,152131,29281,0,0,28002,1279,1265,4,14,608524,0.9999769935121704,0.9755297619849443,0.24890571302967146,True,passed,981e275850c88e0f643bce7ed5162cd303119c1d00af9678f24c20679a583ded
count_04_s2609271102,count,4,2609271102,PATH,15,0.5011872336272722,152131,22927,0,0,21862,1065,1054,3,11,456393,0.999975897965131,0.7626080259797163,0.256219229020644,True,passed,166ce473996a68cde552189f1852b48950a874b6cd288fb6c6407fe8607987d3
count_04_s2609271102,count,4,2609271102,PATH,16,0.4786300923226383,152131,31205,0,0,29723,1482,1467,4,15,608524,0.9999753501916112,1.0405289240297861,0.26157332997536287,True,passed,d7e87611f926ce7a2c4e4d64a5ee5cdd3d6fb929e61e2bb40ff5f769bb1647a6
count_04_s2609271102,count,4,2609271102,PATH,17,0.457088189614875,152131,32182,0,0,30549,1633,1616,4,17,608524,0.9999720635504926,1.0703041350352578,0.2696345319855027,True,passed,f3dd9281b8b16df0df766a7f5b62dedede5fa8f92bdf11d1d9a098577aae290a
count_04_s2609271102,count,4,2609271102,PATH,18,0.436515832240166,152131,33016,0,0,31233,1783,1765,4,18,608524,0.9999704202299334,1.0985022350214422,0.27626957203028724,True,passed,43dc24340feea0d408b428d5d7fd8fb44c709e923c7da5b85fb0b4e2d88defab
count_04_s2609271102,count,4,2609271102,PATH,19,0.4168693834703354,152131,34284,0,0,32324,1960,1939,4,21,608524,0.9999654902682557,1.1490875119925477,0.292847606993746,True,passed,c14a13445fa57d3cef155afb8d35bd826bb70eb283c3086399892ea74721b50b
count_04_s2609271102,count,4,2609271102,PATH,20,0.3981071705534972,152131,35867,0,0,33554,2313,2281,4,32,608524,0.9999474137421038,1.2114927279762924,0.2970482829841785,True,passed,c01fef0b5460c26322e74dd9c92eeb501786b7bd6ab6a9e4fa24bbfaa2045763
count_04_s2609271102,count,4,2609271102,PATH,21,0.3801893963205612,152131,34810,0,0,32864,1946,1929,4,17,608524,0.9999720635504926,1.1733405310078524,0.3007935789646581,True,passed,8e06b5a5288fe2fa71d93c1c909febc1e9901dffee187dca777ffef0b0a54d96
count_04_s2609271102,count,4,2609271102,PATH,22,0.36307805477010135,152131,35091,0,0,33075,2016,1999,4,17,608524,0.9999720635504926,1.1712350920424797,0.30394697602605447,True,passed,4f170226cd5c264772d0908ba1f127b7696eca75bafcbfb4eb42b8f5927c180d
count_04_s2609271102,count,4,2609271102,PATH,23,0.3467368504525316,152131,35450,0,0,33352,2098,2080,4,18,608524,0.9999704202299334,1.1956797419697978,0.30658076994586736,True,passed,60e339bc47b9b3d4e0e009fae78ff4f797518a96c6dbe931b8b3b81f9ef7b72f
count_04_s2609271102,count,4,2609271102,PATH,24,0.3311311214825911,152131,35861,0,0,33695,2166,2148,4,18,608524,0.9999704202299334,1.206147106946446,0.3121159420115873,True,passed,29dde7d5b25168327dece25d53311324b5ccdbf3e17049c05f2378aedd7e14a2
count_04_s2609271102,count,4,2609271102,PATH,25,0.31622776601683794,152131,36181,0,0,33924,2257,2239,4,18,608524,0.9999704202299334,1.2208322469959967,0.31975494301877916,True,passed,7419161d8f96141475de501e7b95e2c5629a77fcdc763aa49220ddde81b661c3
count_04_s2609271102,count,4,2609271102,PATH,26,0.3019951720402016,152131,36494,0,0,34164,2330,2312,4,18,608524,0.9999704202299334,1.237328379007522,0.32114574196748435,True,passed,5af313334a344305ce01ded6ca8cc9bc481fd30cf759f3cb2aa98934d942068a
count_04_s2609271102,count,4,2609271102,PATH,27,0.28840315031266056,152131,36861,0,0,34433,2428,2409,4,19,608524,0.9999687769093741,1.2530561040039174,0.3246337889577262,True,passed,505c30ccc652baac50b725ba8c71685dee098bc0159f51e8bf8f6b732bb4a1e2
count_04_s2609271102,count,4,2609271102,PATH,28,0.2754228703338166,152131,37480,0,0,34951,2529,2510,4,19,608524,0.9999687769093741,1.269508287019562,0.3282457190216519,True,passed,a54ca9a369a3079adc3919b48df3d35739df8c56e47e5d4d641136b581e5589f
count_04_s2609271102,count,4,2609271102,PATH,29,0.2630267991895382,152131,38007,0,0,35384,2623,2603,4,20,608524,0.999967133588815,1.2928162129828706,0.33072452095802873,True,passed,ac556b1c176b76437dfa07875acf29428bbac99396f9d14513f7ab2f088fe9b6
count_04_s2609271102,count,4,2609271102,PATH,30,0.251188643150958,152131,38706,0,0,36003,2703,2680,4,23,608524,0.9999622036271372,1.3067378870327957,0.33072856697253883,True,passed,50d6bdf2063f32eeeadf8e17a3015304844299f73582d69d5dae71ef9f33c048
count_04_s2609271102,count,4,2609271102,PATH,31,0.23988329190194904,152131,39759,0,0,36954,2805,2780,4,25,608524,0.9999589169860186,1.3502359859994613,0.3383088120026514,True,passed,6e6a2a9b94ed9fdf380a46f222beecb41314695f7e65b3cce6dc3cc60bfc80a6
count_04_s2609271102,count,4,2609271102,PATH,32,0.2290867652767773,152131,40385,0,0,37481,2904,2879,4,25,608524,0.9999589169860186,1.369935804978013,0.3392133339657448,True,passed,c3551a506595dd3d06061686913b0b91686fc609f3487c951ab51bf4601b112e
count_04_s2609271102,count,4,2609271102,PATH,33,0.21877616239495523,152131,41172,0,0,38157,3015,2986,4,29,608524,0.9999523437037816,1.4020338330301456,0.3411315880366601,True,passed,f31e9d2f7afe992f509aec5f139986b097b1da99e0cef9e6808c794778dc9eae
count_04_s2609271102,count,4,2609271102,PATH,34,0.20892961308540392,152131,42006,0,0,38897,3109,3080,4,29,608524,0.9999523437037816,1.4202851940062828,0.3430685809580609,True,passed,933d66331d2c970d20a04ca1c6baf351cff22590090e6cc037886053adab2a96
count_04_s2609271102,count,4,2609271102,PATH,35,0.19952623149688797,152131,42828,0,0,39607,3221,3190,4,31,608524,0.9999490570626631,1.4494698909693398,0.3453185240505263,True,passed,a4c15e95fec99e46ec460dadaeaf2b5b80b96b55952c6e53d4cce82a0fec4a98
count_04_s2609271102,count,4,2609271102,PATH,36,0.19054607179632474,152131,44012,0,0,40687,3325,3294,4,31,608524,0.9999490570626631,1.4862627949914895,0.3493596449843608,True,passed,66e3f3a014fee1af72ea3ce4fc30eddf29482eb3e176df173d38a5885d814eb9
count_04_s2609271102,count,4,2609271102,PATH,37,0.18197008586099836,152131,45474,0,0,42045,3429,3397,4,32,608524,0.9999474137421038,1.539230504014995,0.3960240869782865,True,passed,c1d893312f27c2eeb98e6050a66d06192b9ca71a3f8220204a0bc569e79d0197
count_04_s2609271102,count,4,2609271102,PATH,38,0.17378008287493754,152131,47204,0,0,43612,3592,3560,4,32,608524,0.9999474137421038,1.6083039970253594,0.36365830700378865,True,passed,e7ff4c255c09f5d32e8ff0674ce558c8a30eb22f83ce0a9742bf11aeafc1f6af
count_04_s2609271102,count,4,2609271102,PATH,39,0.16595869074375605,152131,48361,0,0,44644,3717,3676,4,41,608524,0.9999326238570706,1.626731952012051,0.3728356990031898,True,passed,e821a55b06a688e644251d493f68d280b0453ffd3692ae296fae8b75ba224e4b
count_04_s2609271102,count,4,2609271102,PATH,40,0.15848931924611134,152131,41400,0,0,38247,3153,3106,3,47,456393,0.9998970185782867,1.389743406965863,0.3874501370009966,True,passed,4437c43f8ebda0c2a661265c01ff73f20d3344d5f6ea81ed465df866d2db83d4
count_04_s2609271102,count,4,2609271102,PATH,41,0.15135612484362082,152131,53256,0,0,49101,4155,4094,4,61,608524,0.9998997574458854,1.789258418022655,0.4007404429721646,True,passed,d7fc8657b0255dfa50db331fdee325cae89307e3889eb143c3d0d796f0017bdd
count_04_s2609271102,count,4,2609271102,PATH,42,0.14454397707459277,152131,54638,0,0,50345,4293,4214,4,79,608524,0.9998701776758189,1.8339453939697705,0.4176410170039162,True,passed,fbdee5a319a5711a9833059a544f6de983f5aa6d3f85fd5c73efd5790c5321bc
count_04_s2609271102,count,4,2609271102,PATH,43,0.1380384264602885,152131,55803,0,0,51371,4432,4328,4,104,608524,0.9998290946618374,1.8757154499762692,0.4301162820192985,True,passed,d8e19f21fb60177ee7e447757e837769627b39eb9120dd7f19a3273a719d42fd
count_04_s2609271102,count,4,2609271102,PATH,44,0.1318256738556407,152131,58077,0,0,53461,4616,4488,4,128,608524,0.9997896549684154,1.971158469968941,0.4576545809977688,True,passed,90036805e1e485a85bf36f0022f820f8580ce68572b42e7c5363ec4bdf7dd262
count_04_s2609271102,count,4,2609271102,PATH,45,0.12589254117941673,152131,60169,0,0,55359,4810,4650,4,160,608524,0.9997370687105193,2.016134360979777,0.480871259002015,True,passed,452bcc7ff8a99fc1743beab465b8aae8c51bdfce42d015b9436d15abd9e9e9c8
count_04_s2609271102,count,4,2609271102,PATH,46,0.12022644346174129,152131,62241,0,0,57230,5011,4812,4,199,608524,0.9996729792087082,2.0943664629594423,0.5072957900119945,True,passed,3a9b51f8e04d7a92afa7d8c7058c2c6e8656ea0ae999f36136c57e0df32ae66e
count_04_s2609271102,count,4,2609271102,PATH,47,0.1148153621496883,152131,64530,0,0,59289,5241,5004,4,237,608524,0.9996105330274566,2.167432090966031,0.536650642985478,True,passed,acf345ef5ab0bcb1ff8427ce1c8e8102646ed7b5ca058c88faf20437929807d7
count_04_s2609271102,count,4,2609271102,PATH,48,0.1096478196143185,152131,67007,0,0,61502,5505,5220,4,285,608524,0.9995316536406124,2.2504177180235274,0.5593286800431088,True,passed,f8ff505b56f12dacb532aa9b9aac34a1efb1e2cd14e2c5a4ddb4c84169477ee2
count_04_s2609271102,count,4,2609271102,PATH,49,0.10471285480508996,152131,69631,0,0,63863,5768,5433,4,335,608524,0.9994494876126496,2.3326653620461,0.5872875569621101,True,passed,4ffc72bf77a791fa43dc2e8bfb37a4f191e3293a5c277e5c63db13481ae5a042
count_04_s2609271102,count,4,2609271102,PATH,50,0.1,152131,53880,0,0,49066,4814,4423,3,391,456393,0.9991432822151085,1.8280616480042227,0.6110705800238065,True,passed,088a89d4e95fb52980679913e53b6da4c45284b7083b32c9387546abad767487
count_04_s2609271102,count,4,2609271102,PATH,51,0.09549925860214359,152131,72663,0,0,66383,6280,5832,4,448,608524,0.9992637923894538,2.434254919004161,0.6272652199841104,True,passed,79d58398eb1e9b5a292d4c5aec216c521e1a948297035893719663baf0acd2f5
count_04_s2609271102,count,4,2609271102,PATH,52,0.09120108393559097,152131,73832,0,0,67309,6523,6005,4,518,608524,0.9991487599503059,2.5013866660301574,0.6358289900235832,True,passed,b28bc9db6a255f8093752bfca77f8f0654e3882ba26a62060509c8f8a7abfca9
count_04_s2609271102,count,4,2609271102,PATH,53,0.08709635899560805,152131,75111,1,0,67936,7174,6583,4,591,608524,0.9990287975494804,2.5609653790015727,0.6390613320400007,True,passed,334f480558f2a2515fb63ed5a103679e9d154aa4acf90a75a50bf74821774d82
count_04_s2609271102,count,4,2609271102,PATH,54,0.08317637711026708,152131,75755,1,0,68362,7392,6748,4,644,608524,0.9989417015598399,2.574305407004431,0.6417244879994541,True,passed,bb077ff058297450fd166fa98423b8b0dd09eeb029e1fcaf07c2adec9710698c
count_04_s2609271102,count,4,2609271102,PATH,55,0.07943282347242814,152131,76722,3,0,69068,7651,6954,4,697,608524,0.9988546055701993,2.6112389490008354,0.6471371779916808,True,passed,3c922e8e42ccce5a9847f92fd7bc7ab422f01a3b2a7b0e1747f14e85b30cac07
count_04_s2609271102,count,4,2609271102,PATH,56,0.07585775750291836,152131,78182,5,0,70219,7958,7236,4,722,608524,0.998813522556218,2.673106200993061,0.6488314520101994,True,passed,a3001e20ef3c99462b8b9989fe21bb70efda0b8f4ff5c09df7a3bde2478c061e
count_04_s2609271102,count,4,2609271102,PATH,57,0.07244359600749903,152131,62316,22,0,55542,6752,5980,3,772,456393,0.998308475371007,2.1404241310083307,0.6567493720212951,True,passed,8e911631b7ee5941a65f041976ae4c5972d27d39d19e7aed846c50fdc3082063
count_04_s2609271102,count,4,2609271102,PATH,58,0.06918309709189366,152131,66607,197,0,59229,7181,6354,3,827,456393,0.9981879651966616,2.2588609360391274,0.6621626619598828,True,passed,293972142b75613b623de17c5dd96796c28ba1926fb16fb03da5bb36913ea5ab
count_04_s2609271102,count,4,2609271102,PATH,59,0.06606934480075961,152131,106458,1027,0,95209,10222,8551,4,1671,608524,0.9972540113454852,3.5056216189987026,0.6672006970038638,True,passed,b5ea7118a296475653de408c23dd50ba67b9d5eec95a3e2f3131f65dabf248f9
count_04_s2609271102,count,4,2609271102,PATH,60,0.06309573444801933,152131,96842,965,0,86095,9782,8874,4,908,608524,0.9985078649321966,3.208438516012393,0.680549034033902,True,passed,a9615f2d7d112862d34851e79623aac034642a441e72c2ca78bdae9df002f68b
count_04_s2609271102,count,4,2609271102,PATH,61,0.06025595860743578,152131,104717,1527,0,92560,10630,9616,4,1014,608524,0.9983336729529155,3.469314834976103,0.6902445700252429,True,passed,a53ef2afa7b6bc7af4259479d97b98967d2497459dfdd02af8b3f13e7d4b6190
count_04_s2609271102,count,4,2609271102,PATH,62,0.057543993733715694,152131,145594,5258,0,127518,12818,10757,4,2061,608524,0.9966131163273757,4.518012304964941,0.7070763040101156,True,passed,aa508261ca78f19382ac77b268fb98130e953be27dc75acdbb069134b5672340
count_04_s2609271102,count,4,2609271102,PATH,63,0.054954087385762455,152131,163391,8395,0,140898,14098,11894,4,2204,608524,0.9963781214874023,4.964650246023666,0.7239519410068169,True,passed,58617dbd2dc47be95356fe361344c4f155d657318663da49d1883ed34085cf77
count_04_s2609271102,count,4,2609271102,PATH,64,0.05248074602497726,152131,134949,6706,0,115248,12995,11787,4,1208,608524,0.9980148687644201,4.196849218045827,0.7353580109775066,True,passed,5d979dca92088075e98d073f964312c715c9e3764c29f9e72fa6e0b1532b81b1
count_04_s2609271102,count,4,2609271102,PATH,65,0.05011872336272722,152131,154103,10182,0,129623,14298,12990,4,1308,608524,0.9978505367084947,4.655650027969386,0.7612231679959223,True,passed,e12b26b7ddc5a2ae4e4fe49ca999d4065070134c18a5650f07a4f513ca39134a
count_04_s2609271102,count,4,2609271102,PATH,66,0.047863009232263824,152131,176011,15122,0,145001,15888,14467,4,1421,608524,0.9976648414852989,5.169173620000947,0.774274604045786,True,passed,94a87b454f2ac4d18e5ba0e066b61f0374330462e4960ed9d6cc43b9256964dc
count_04_s2609271102,count,4,2609271102,PATH,67,0.04570881896148749,152131,198361,20744,0,159886,17731,16146,4,1585,608524,0.9973953369135811,5.65716464194702,0.7897389230201952,True,passed,0f6e246f04a17c20eb81ef6a24bb51b224954b563be492cf62dc07b2b12e34d4
count_04_s2609271102,count,4,2609271102,PATH,68,0.043651583224016584,152131,214275,24789,0,169798,19688,17884,4,1804,608524,0.9970354497111042,6.03059753094567,0.8173123769811355,True,passed,8f06a190998695df18c9eb5165b326d9fbca7ee8b3d274b9c23eb41d0a5ad431
count_04_s2609271102,count,4,2609271102,PATH,69,0.04168693834703355,152131,387111,55253,0,295788,36070,31898,5,4172,760655,0.994515253301431,10.456138873007149,0.8598266660119407,True,passed,724bbe42aac948404cf48d403af58293636d7ca9f47ec3ca57711444f73d213a
count_04_s2609271102,count,4,2609271102,PATH,70,0.039810717055349734,152131,233154,28670,0,179624,24860,22524,4,2336,608524,0.9961612031735807,6.606574448989704,0.9044018459971994,True,passed,6b970ba3fdd2d908bdfee70825e8410b5160e02c10e50f93a93d98725d3f7135
count_04_s2609271102,count,4,2609271102,PATH,71,0.038018939632056124,152131,272512,32965,0,209272,30275,27204,4,3071,608524,0.9949533625625283,7.714849459996913,1.0005637029535137,True,passed,d77e6b53b068e7b1155c1de0fdfb5d1ddbc7890bb484f961fce92e8f5d246c3a
count_04_s2609271102,count,4,2609271102,PATH,72,0.03630780547701014,152131,440221,63766,0,316889,59566,52831,5,6735,760655,0.9911457888267349,12.45656078698812,1.1169255310087465,True,passed,9ef824c2ab262361ba51e2e8f633b5e31376ed2a268a406765e64f5626d358bd
count_04_s2609271102,count,4,2609271102,PATH,73,0.034673685045253165,152131,449295,65017,0,315993,68285,60312,5,7973,760655,0.9895182441448489,12.889710943971295,1.2013526940136217,True,passed,333111fd6f7fa76f234227d7bb46d69256602cf6dba8f784ec79a3aaf8868e9f
count_04_s2609271102,count,4,2609271102,PATH,74,0.03311311214825911,152131,466155,68301,0,321907,75947,66259,5,9688,760655,0.9872636083375512,13.563092460972257,1.3094805430155247,True,passed,9b831037f3452eb73ee548d157977f0e4ac1694543d1f4d2160636c904e16374
count_04_s2609271102,count,4,2609271102,PATH,75,0.03162277660168379,152131,369569,51959,0,267088,50522,44208,4,6314,608524,0.9896240739888649,10.470088989997748,1.4378051030216739,True,passed,6eaac750ed639a0386c89ce3522cffe32b0e4e50eaa957584f8e32ffbf77ef02
count_04_s2609271102,count,4,2609271102,PATH,76,0.03019951720402016,152131,553637,91390,0,373129,89118,74597,5,14521,760655,0.9809098737272482,15.628957589971833,1.5623419590410776,True,passed,371caa89de42e40468a43bdc1e9a257f5f3dd76732ca34c87893487424bc8e24
count_04_s2609271102,count,4,2609271102,PATH,77,0.028840315031266057,152131,585637,103655,0,388369,93613,75768,5,17845,760655,0.9765399556960778,16.262166931992397,1.7285394910140894,True,passed,780d229084150b346576cde3d527dc19ce5f5861f1ded46d43ddeaad35432854
count_04_s2609271102,count,4,2609271102,PATH,78,0.02754228703338166,152131,445463,76436,0,309780,59247,47968,4,11279,608524,0.9814649874121645,12.172225776012056,1.8968579569482245,True,passed,5b49079b2987207bdac17b6f3f32f8c2e75bc5195a1b6c81ab3c7e7f8df649f3
count_04_s2609271102,count,4,2609271102,PATH,79,0.026302679918953815,152131,478960,89111,0,326912,62937,48984,4,13953,608524,0.977070748236717,12.805094593029935,2.1669659910257906,True,passed,d65fd7eac6dbc75601b8044cd1d350fcd596b24c87260cc53d25f6ca2ecde97d
count_04_s2609271102,count,4,2609271102,PATH,80,0.025118864315095794,152131,861532,191878,0,525426,144228,107623,6,36605,912786,0.959897500618984,22.975013700022828,2.449574558995664,True,passed,f71cdf8d8a5d8fcfb5488e84600d87424e79311e13a37abba3f6e417ab0c0203
count_04_s2609271102,count,4,2609271102,PATH,81,0.023988329190194897,152131,765928,196269,0,449192,120467,79176,5,41291,760655,0.9457165206302462,19.66098583699204,2.728975915000774,True,passed,89ca96887acf4d49fdd0aa033333013127969ff003316d74724b825079d42714
count_04_s2609271102,count,4,2609271102,PATH,82,0.022908676527677734,152131,834694,238847,0,470911,124936,77552,5,47384,760655,0.9377063188962145,20.518435614008922,3.0244997639674693,True,passed,f6fde2e2e58cb8580730b2f177bfab23a46993a4a31a625b5a68afb3baf6df5d
count_04_s2609271102,count,4,2609271102,PATH,83,0.02187761623949553,152131,917617,297357,0,478509,141751,85450,5,56301,760655,0.925983527354714,21.756280339031946,3.2737783849588595,True,passed,b660358f0cf53f65d09504509c19ac941d9f2c3dec3b5d80db3b1157b2c97db0
count_04_s2609271102,count,4,2609271102,PATH,84,0.020892961308540396,152131,876880,254473,1,479394,143012,105321,5,37691,760655,0.9504492838409003,21.68227804498747,3.5334823350422084,True,passed,071eb651950dc9981e8d5a677d55fb7ad506e943038a4fc5c96224be5def1b18
count_04_s2609271102,count,4,2609271102,PATH,85,0.0199526231496888,152131,925632,291105,1,479207,155319,112677,5,42642,760655,0.9439404197698037,22.351063928043004,3.746535867045168,True,passed,021b8824d65d333ccc20e0f6d3308beb7f9ff98f6901a932f1ff6fb440b74c6d
count_04_s2609271102,count,4,2609271102,PATH,86,0.019054607179632473,152131,1140555,475190,2,467920,197443,118659,5,78784,760655,0.8964261064477326,24.615155067003798,3.8768522510072216,True,passed,fba2e2c86a15c5f87c8424f61b51b1cd366d25cc81ba71d48c641422c9b99759
count_04_s2609271102,count,4,2609271102,PATH,87,0.018197008586099836,152131,1294424,502409,7,552343,239665,163367,6,76298,912786,0.9164119519799822,29.738718204025645,4.004810520040337,True,passed,1fc31f4205052bb58b38e13fed5df04a888eb24be28c7096f24415b7f9ade65f
count_04_s2609271102,count,4,2609271102,PATH,88,0.017378008287493755,152131,1404213,600256,16,502863,301078,203236,6,97842,912786,0.8928094865609245,31.429032290005125,4.098723388044164,True,passed,ff8b395475a73bfd886bc581aa031ab6e1e671422aa0dc92b32c2dedaf9c98c8
count_04_s2609271102,count,4,2609271102,PATH,89,0.016595869074375606,152131,1437181,629557,24,467892,339708,230960,6,108748,912786,0.8808614505481022,32.609935382031836,4.192283443000633,True,passed,8e3feae430c7a31b017257a9cc86a5986b849d7e0130514f99bbb5d5085b577d
count_04_s2609271102,count,4,2609271102,PATH,90,0.015848931924611134,152131,1478628,665529,40,441192,371867,249080,6,122787,912786,0.8654810656605163,33.82017776602879,4.287377660046332,True,passed,cad8d3651c6be2c4892b76d77adfaabae935dee14e727f0336585e8e73d3c35e
count_04_s2609271102,count,4,2609271102,PATH,91,0.01513561248436208,152131,1452487,643920,64,409072,399431,268661,6,130770,912786,0.856735313644162,34.34239012101898,4.399441996996757,True,passed,acbb4995020ac13b57b4ad6c112d9db77e2ed195ba00efa6377e4c1fe315857e
count_04_s2609271102,count,4,2609271102,PATH,92,0.014454397707459272,152131,1555843,731930,80,390610,433223,273098,6,160125,912786,0.8245755302995444,35.70203654799843,4.478930910001509,True,passed,4719620fd3e620517e702336d6213074f1939b692dfde7a3651b6fc28034623e
count_04_s2609271102,count,4,2609271102,PATH,93,0.013803842646028845,152131,1510559,693469,88,375602,441400,267707,6,173693,912786,0.8097111480675646,35.685957480978686,4.568542109976988,True,passed,b75f2fa54ef879fb5311dcc8ebf9c71a853a93047fa6c08ac89cd15ac4c21282
count_04_s2609271102,count,4,2609271102,PATH,94,0.013182567385564075,152131,1570164,744395,96,368664,457009,253133,6,203876,912786,0.7766442517742385,36.504556600993965,4.614436600997578,True,passed,15c1bb00b3badf1df01245103b5b0bae387a61d3c6ed678dafc4559e51dc28c5
count_04_s2609271102,count,4,2609271102,PATH,95,0.012589254117941675,152131,1536924,715965,96,364909,455954,228475,6,227479,912786,0.7507860550008436,36.514426498964895,4.700512262992561,True,passed,843718918da30de13cf7e7d45a2c7871df9a3e1e9bbff54dcfc9ed0d5d5b7f0c
count_04_s2609271102,count,4,2609271102,PATH,96,0.012022644346174132,152131,1734728,887863,100,353992,492773,217117,6,275656,912786,0.6980058852786962,38.485969471978024,4.683360205963254,True,passed,42c951b6c3b0daad2eef98246551cf9db6d2701903cdfa903623ec346ddd36d7
count_04_s2609271102,count,4,2609271102,PATH,97,0.01148153621496883,152131,1678829,838150,98,360960,479621,192308,6,287313,912786,0.6852350934392071,37.84975503600435,4.7486683540046215,True,passed,f4bfbaa2cf8a6286565237aa12acbc194911238d82c6482faf28b9637c201ba3
count_04_s2609271102,count,4,2609271102,PATH,98,0.01096478196143185,152131,1900778,1039452,126,256340,604860,235533,6,369327,912786,0.5953848985413887,42.18602883501444,4.780385536025278,True,passed,5d9b2571a0a9557b9038bf61940cd465afa898386b5411909274641232b7a18c
count_04_s2609271102,count,4,2609271102,PATH,99,0.010471285480508996,152131,1900464,1037336,116,282673,580339,216419,6,363920,912786,0.6013085213839826,41.597471395041794,4.827132957987487,True,passed,a0d297270fa14e01c90fc7504c2944be20a9f773bd6a158c517e918c004f8f76
count_04_s2609271102,count,4,2609271102,PATH,100,0.01,152131,1832814,974202,104,333550,524958,187721,6,337237,912786,0.6305410030390475,39.88608416297939,4.906493621005211,True,passed,c8adbcac17711f3424c5f51e93395458c23488d837d468ae899c1092940a1271
count_04_s2609271103,count,4,2609271103,PATH,0,1.0,159618,0,0,0,0,0,0,0,0,0,,0.014324158953968436,0.04584541800431907,True,passed,d37771cd1309af2a0891bf0e15c3088b989f3d7a08dd9cbc3e097d5a6be4342f
count_04_s2609271103,count,4,2609271103,PATH,1,0.954992586021436,159618,8741,0,0,8326,415,404,4,11,638472,0.9999827713666378,0.33972787897801027,0.06090393604245037,True,passed,3a6a665904602839324ffe2575ac944be91a8a100fa12a2da23ca7e87428f21f
count_04_s2609271103,count,4,2609271103,PATH,2,0.9120108393559098,159618,7239,0,0,6918,321,314,4,7,638472,0.9999890363242241,0.2912707719951868,0.0666159029933624,True,passed,80120552b54472b75750fe8bb076581ed663b74d99ba54e567fd14e2a9d0b772
count_04_s2609271103,count,4,2609271103,PATH,3,0.8709635899560807,159618,8290,0,0,7912,378,371,4,7,638472,0.9999890363242241,0.3236598529620096,0.07509841601131484,True,passed,213fa4f0a3f81739ef55775713ce79c4990244bcfe08ad602342a29491aa168b
count_04_s2609271103,count,4,2609271103,PATH,4,0.831763771102671,159618,10784,0,0,10272,512,503,4,9,638472,0.999985903845431,0.41179218399338424,0.09764818096300587,True,passed,3dea37aee3cebf65241370dd3e73007d991e7de96e44aab9100b0a53f59752a4
count_04_s2609271103,count,4,2609271103,PATH,5,0.7943282347242815,159618,12953,0,0,12282,671,662,4,9,638472,0.999985903845431,0.4819215029710904,0.11415151000255719,True,passed,8a6751d98136e82af45cd5a56c8b9022b23ee8cbfdcc16589b02a2ec3da9b09f
count_04_s2609271103,count,4,2609271103,PATH,6,0.7585775750291838,159618,16974,0,0,15975,999,975,4,24,638472,0.9999624102544826,0.621302425977774,0.12167909200070426,True,passed,78daaa284563759d9181394a3ece8a5d4008157c8aaa800721fb7fb5b7d75a25
count_04_s2609271103,count,4,2609271103,PATH,7,0.72443596007499,159618,11349,0,0,10726,623,610,3,13,478854,0.9999728518504596,0.42028746800497174,0.125536392966751,True,passed,b57e15b7c4fc67f030e83805fb60f0ad74e3a93f2cd97e26f6ee60d01561707b
count_04_s2609271103,count,4,2609271103,PATH,8,0.6918309709189365,159618,12664,0,0,11953,711,698,3,13,478854,0.9999728518504596,0.4627363050240092,0.14273421000689268,True,passed,ed75faa626bd0924fb9279f354f6ad6e5ae779661cfd084e5461d3001222aa21
count_04_s2609271103,count,4,2609271103,PATH,9,0.660693448007596,159618,13515,0,0,12723,792,779,3,13,478854,0.9999728518504596,0.4945748299942352,0.15272912301588804,True,passed,7cc2e984120b77ef39a1337849407ae2f1f5154b1a78fa4467717f8be1c21c6a
count_04_s2609271103,count,4,2609271103,PATH,10,0.6309573444801932,159618,18763,0,0,17627,1136,1121,4,15,638472,0.9999765064090516,0.6802369700162672,0.16939253103919327,True,passed,49055874b32ab8cf5a71329633570b1b6b87bc343b37adbecce09ac3fff18463
count_04_s2609271103,count,4,2609271103,PATH,11,0.6025595860743578,159618,20535,0,0,19214,1321,1305,4,16,638472,0.999974940169655,0.7422501699766144,0.18865070695756003,True,passed,12a36138d6d17258da8323d8146c64f8cdb680526e5f0aeebe1db91c669d2b16
count_04_s2609271103,count,4,2609271103,PATH,12,0.5754399373371569,159618,22255,0,0,20688,1567,1549,4,18,638472,0.9999718076908619,0.8027894170372747,0.2061267379904166,True,passed,68d90be66098b6ba9e7105049383ef8760df9e895c9d00ee71b277bdc21470e9
count_04_s2609271103,count,4,2609271103,PATH,13,0.5495408738576245,159618,23587,0,0,21616,1971,1938,4,33,638472,0.9999483140999136,0.859317580005154,0.21111625200137496,True,passed,d7ef498051cd94097c22d6a8de570501c64a1f8fccd8ca80876293d0ded3a043
count_04_s2609271103,count,4,2609271103,PATH,14,0.5248074602497725,159618,22560,0,0,20915,1645,1630,4,15,638472,0.9999765064090516,0.8125748009770177,0.21319521497935057,True,passed,98c7324ebd61897049f65c42e5b679e802da9ae2130787b156f24c81febca72c
count_04_s2609271103,count,4,2609271103,PATH,15,0.5011872336272722,159618,23032,0,0,21260,1772,1757,4,15,638472,0.9999765064090516,0.8314161130110733,0.2188490149565041,True,passed,b9b3e206839211a4ffe8bebfcfee790d63f64d17c591707ff072fedd2e0c5b6e
count_04_s2609271103,count,4,2609271103,PATH,16,0.4786300923226383,159618,23732,0,0,21854,1878,1861,4,17,638472,0.9999733739302585,0.8587647550157271,0.2244736099964939,True,passed,c6de393df594c7dbf23b396f7beb2f1aaf3e69de80bce4842e700f01fa2b15c4
count_04_s2609271103,count,4,2609271103,PATH,17,0.457088189614875,159618,24181,0,0,22176,2005,1985,4,20,638472,0.9999686752120688,0.8791124389972538,0.22839690500404686,True,passed,677eab1eed2fd7bad0a78a6f39162bf05e816f662aa3d6c6592e6367533e38ca
count_04_s2609271103,count,4,2609271103,PATH,18,0.436515832240166,159618,24515,0,0,22374,2141,2119,4,22,638472,0.9999655427332756,0.8968854330014437,0.23007030197186396,True,passed,d4f7df084e077b58885727d646b7b3f49c8d5fa015f32190151b29e63cd336b1
count_04_s2609271103,count,4,2609271103,PATH,19,0.4168693834703354,159618,24854,0,0,22586,2268,2246,4,22,638472,0.9999655427332756,0.9077915519592352,0.23223339399555698,True,passed,efce2cf22ae952da372956583ff93a0ce39c02e24d08c58ed850b69d91b4db47
count_04_s2609271103,count,4,2609271103,PATH,20,0.3981071705534972,159618,19219,0,0,17321,1898,1871,3,27,478854,0.9999436153817238,0.7095338689978234,0.2332371179945767,True,passed,1a0b31e7595a2f062d84dc43c9a298b5fff205536adf8ebb6f87e22e3443d5a0
count_04_s2609271103,count,4,2609271103,PATH,21,0.3801893963205612,159618,25701,0,0,23142,2559,2521,4,38,638472,0.9999404829029307,0.947112943045795,0.239785490965005,True,passed,9bb55d7a823bc3000e242f8283bd163c7ddcdca9eafd53109afb49d7082cb618
count_04_s2609271103,count,4,2609271103,PATH,22,0.36307805477010135,159618,27923,0,0,24890,3033,2967,4,66,638472,0.999896628199827,1.0434129830100574,0.2483231640071608,True,passed,6b9e009dbe7288329849c228cb3a5ae2b2946dee7d35be8079d541bc631d9441
count_04_s2609271103,count,4,2609271103,PATH,23,0.3467368504525316,159618,26154,0,0,23435,2719,2697,4,22,638472,0.9999655427332756,0.966110948997084,0.24850195500766858,True,passed,c87b325c2ae40e7e266bdac2e5b2492ea4fb4fbae6aa19c4696ca0a82fc0bd1e
count_04_s2609271103,count,4,2609271103,PATH,24,0.3311311214825911,159618,26596,0,0,23790,2806,2784,4,22,638472,0.9999655427332756,0.9925280620227568,0.25466548500116915,True,passed,26f04c095bf634c4d806bd12badecf01a1a5d29af43528487ee878a70d3c91a2
count_04_s2609271103,count,4,2609271103,PATH,25,0.31622776601683794,159618,27130,0,0,24223,2907,2885,4,22,638472,0.9999655427332756,1.0113574120332487,0.2613540400052443,True,passed,49d8f43b2cb1056b580551f595c70ea5e5e2342c1467ba5ac184abb1952feda9
count_04_s2609271103,count,4,2609271103,PATH,26,0.3019951720402016,159618,27866,0,0,24816,3050,3028,4,22,638472,0.9999655427332756,1.0327422539703548,0.2645154580241069,True,passed,2c1d8abc61da2c15778365d374d0436f5e2e289fdeb486dbcdd726d4de53e81c
count_04_s2609271103,count,4,2609271103,PATH,27,0.28840315031266056,159618,28296,0,0,25147,3149,3125,4,24,638472,0.9999624102544826,1.0571930200094357,0.2696216749609448,True,passed,19334bf94cf5ad3cb42e31408069a649d2e6fed1e0692cfc51f614bfbbaaa01f
count_04_s2609271103,count,4,2609271103,PATH,28,0.2754228703338166,159618,35542,0,0,31574,3968,3936,5,32,798090,0.9999599042714481,1.3172449669800699,0.2765396650065668,True,passed,8b6d738513402de86219cbd6262cd5b46cdcf6f1f32a16247efbaf82de79330c
count_04_s2609271103,count,4,2609271103,PATH,29,0.2630267991895382,159618,29128,0,0,25807,3321,3290,4,31,638472,0.9999514465787067,1.140444363001734,0.2814693299587816,True,passed,b1c20aaec54f8f8c81284889ccb1df9650f79d1d621a1db5e2dfa16213925f01
count_04_s2609271103,count,4,2609271103,PATH,30,0.251188643150958,159618,29727,0,0,26309,3418,3382,4,36,638472,0.9999436153817238,1.1050332420272753,0.2909649880020879,True,passed,2bc6ed9e49c94678192ebc05025f8e0301daa7563ab34e33a1d964e18288142a
count_04_s2609271103,count,4,2609271103,PATH,31,0.23988329190194904,159618,37285,0,0,32953,4332,4290,5,42,798090,0.9999473743562756,1.374536176037509,0.29167566797696054,True,passed,eb118d3de93f1ac74c59ac48314eee6447cc39494d023211415aeacddd502149
count_04_s2609271103,count,4,2609271103,PATH,32,0.2290867652767773,159618,37885,0,0,33433,4452,4407,5,45,798090,0.9999436153817238,1.4199042469845153,0.2973296180134639,True,passed,a2cbe71f0b74b04fbe5728182526c73a627032b0f0dedcdf53ee95f32f61b87b
count_04_s2609271103,count,4,2609271103,PATH,33,0.21877616239495523,159618,31124,0,0,27394,3730,3684,4,46,638472,0.9999279529877583,1.1578645440167747,0.3032844389672391,True,passed,de039d4117226462e3e8d8909e23462848f8131fb69eb7d017cf518485736e16
count_04_s2609271103,count,4,2609271103,PATH,34,0.20892961308540392,159618,31526,0,0,27699,3827,3778,4,49,638472,0.9999232542695686,1.1691249340074137,0.30366342898923904,True,passed,93eff81819f1f574d970cc7cb68106cebf96dbf10e7bb515e19d50a07730330e
count_04_s2609271103,count,4,2609271103,PATH,35,0.19952623149688797,159618,31884,0,0,27981,3903,3845,4,58,638472,0.9999091581149996,1.1859685209929012,0.306981811998412,True,passed,1b5dbef8f66f11f3ffe5dc2ee3e5fde481cb1aefe880a5c7426a7c71a8d16f31
count_04_s2609271103,count,4,2609271103,PATH,36,0.19054607179632474,159618,39983,0,0,35068,4915,4845,5,70,798090,0.9999122905937927,1.499090799014084,0.31058494199533015,True,passed,f08eb26db3a0a60bee5313e02c831b74c6a83808e8a838acf6db40da4bad4320
count_04_s2609271103,count,4,2609271103,PATH,37,0.18197008586099836,159618,40288,0,0,35293,4995,4912,5,83,798090,0.9998960017040684,1.4915636479854584,0.3141075070016086,True,passed,955c745aa947bc08c5a4e3e4e78fe693778201bb8ed053a01899f946fbd9a5e2
count_04_s2609271103,count,4,2609271103,PATH,38,0.17378008287493754,159618,32835,0,0,28665,4170,4073,4,97,638472,0.9998480747785338,1.2302665949682705,0.3201013569487259,True,passed,5444441b24fd913e13bcd02c1a2cb76a8b26b727bbf9afa7aada15a2df078763
count_04_s2609271103,count,4,2609271103,PATH,39,0.16595869074375605,159618,32980,0,0,28727,4253,4140,4,113,638472,0.9998230149481888,1.2363807479850948,0.3189072160166688,True,passed,739446a23f5816b891483f57ba22a9f9413e0271be06fe388f88d8bdd156b2f4
count_04_s2609271103,count,4,2609271103,PATH,40,0.15848931924611134,159618,33281,0,0,28941,4340,4211,4,129,638472,0.9997979551178439,1.2490543330204673,0.32287024101242423,True,passed,6e8d564eb7e616d795448d28b6b779bbb8767415557bc66b11b5021f8e994c93
count_04_s2609271103,count,4,2609271103,PATH,41,0.15135612484362082,159618,33558,0,0,29098,4460,4301,4,159,638472,0.9997509679359471,1.2746000610059127,0.3272418560227379,True,passed,6898bc823313fecb1e03ce12e2228f4a579c2386f5af11285b63e05ea3d63d84
count_04_s2609271103,count,4,2609271103,PATH,42,0.14454397707459277,159618,34304,0,0,29680,4624,4433,4,191,638472,0.9997008482752572,1.2947209309786558,0.332627979980316,True,passed,f2c2d58f9927a16d1c41ac8abe494e1b0501df0a04fa43d2fb7b714db4f88d33
count_04_s2609271103,count,4,2609271103,PATH,43,0.1380384264602885,159618,35364,0,0,30548,4816,4586,4,230,638472,0.9996397649387914,1.33084880100796,0.33758364198729396,True,passed,286d4c0cef2c9d10ec5c82bbe498b6f17d8399b057ac40e3e7cab4ea190dce9f
count_04_s2609271103,count,4,2609271103,PATH,44,0.1318256738556407,159618,36072,0,0,31087,4985,4714,4,271,638472,0.9995755491235324,1.3822893219767138,0.344274512026459,True,passed,62d3c188582a5214ebcded347dfa8e1584ccb8b20211e50399317cf7b06cc261
count_04_s2609271103,count,4,2609271103,PATH,45,0.12589254117941673,159618,36644,0,0,31471,5173,4858,4,315,638472,0.9995066345900838,1.3907371599925682,0.3514432630036026,True,passed,704fa56aa2433791557321cc08102c371b03c29cddbad1972326d211e8ef2fbc
count_04_s2609271103,count,4,2609271103,PATH,46,0.12022644346174129,159618,37197,0,0,31844,5353,4993,4,360,638472,0.9994361538172386,1.412421764980536,0.35977055598050356,True,passed,c0266d9a86825c2b1f4987179648d669c2370caeef4a3d286b7dc821deaccabf
count_04_s2609271103,count,4,2609271103,PATH,47,0.1148153621496883,159618,37641,0,0,32112,5529,5118,4,411,638472,0.9993562756080141,1.4527432919712737,0.36589153500972316,True,passed,8dcd348c8d371b908d842cb746254ce5904788440dcb57b8ef4369d2b6876d68
count_04_s2609271103,count,4,2609271103,PATH,48,0.1096478196143185,159618,38064,0,0,32374,5690,5209,4,481,638472,0.999246638850255,1.4459998069796711,0.37288158701267093,True,passed,3e7dec5181a37428dfeece841e501767deaa88e6f9e48850d43e0d5e7e93fdd9
count_04_s2609271103,count,4,2609271103,PATH,49,0.10471285480508996,159618,38472,0,0,32630,5842,5303,4,539,638472,0.9991557969652546,1.4696644009673037,0.37941230897558853,True,passed,03350b7a963df51b434f48174fb150ee6f3756aa3200e54b92f91af2b765b46b
count_04_s2609271103,count,4,2609271103,PATH,50,0.1,159618,40466,0,0,33731,6735,5585,4,1150,638472,0.9981988246939568,1.5816078310017474,0.3850494219805114,True,passed,13818fa7aafced53f8b1835deca91aea65bfa68352bcf7eb2355b66e53ec289e
count_04_s2609271103,count,4,2609271103,PATH,51,0.09549925860214359,159618,39438,0,0,33063,6375,5719,4,656,638472,0.9989725469558571,1.5208960809977725,0.38850018999073654,True,passed,fdff67aed7f63a4c9adcb32235398c4ab46e1e4c2c8f43d0075ca70a1ece75da
count_04_s2609271103,count,4,2609271103,PATH,52,0.09120108393559097,159618,41370,0,0,34127,7243,6160,4,1083,638472,0.9983037627335263,1.6483012600219809,0.3982399860396981,True,passed,6b670f535edf6abdac1a34e484fd61173827125c7adf8dd00aeaae8c6609fa98
count_04_s2609271103,count,4,2609271103,PATH,53,0.08709635899560805,159618,42754,0,0,34855,7899,6471,4,1428,638472,0.9977634101417133,1.707754146947991,0.41142363101243973,True,passed,34707967f337795bf3705832bb53713865dab10d6cab10f9d26e53a4c104affd
count_04_s2609271103,count,4,2609271103,PATH,54,0.08317637711026708,159618,45059,0,0,36893,8166,6669,4,1497,638472,0.9976553396233507,1.780752083985135,0.4294286660151556,True,passed,e8f9e1075989d9e733111f8010454f979c74bf4cb069994a3b477afce82b3f4b
count_04_s2609271103,count,4,2609271103,PATH,55,0.07943282347242814,159618,44741,0,0,37183,7558,6732,4,826,638472,0.998706286258442,1.7504232180071995,0.4406476379954256,True,passed,13c982ab582b268abdd0c230b5a9bd1d7bb2c2bcde35c1936b059572e73e6516
count_04_s2609271103,count,4,2609271103,PATH,56,0.07585775750291836,159618,45599,0,0,37796,7803,6900,4,903,638472,0.9985856858249069,1.779072550998535,0.4415975200245157,True,passed,0da8c2e07164f3ae42b603fbfed03f6a324bf61143fa4c0df981d9e7352a08e6
count_04_s2609271103,count,4,2609271103,PATH,57,0.07244359600749903,159618,46502,1,0,38506,7995,7062,4,933,638472,0.9985386986430101,1.8052829649532214,0.4451136339921504,True,passed,59384d76402da6a18829a5bfcdd5e77d76382959376c19f66adfd48ca54604d0
count_04_s2609271103,count,4,2609271103,PATH,58,0.06918309709189366,159618,47902,7,0,39623,8272,7316,4,956,638472,0.9985026751368893,1.8588993290322833,0.44944906898308545,True,passed,c473b9a6c343e2b40dac4654783bfea38787bd2fd41a370a134b37ad77928e04
count_04_s2609271103,count,4,2609271103,PATH,59,0.06606934480075961,159618,55974,94,0,46686,9194,7441,4,1753,638472,0.9972543823378316,2.1435732870013453,0.4528333059861325,True,passed,54323d74f972d3619b35e9ec580c4495f45b78c1d0c563fb3549e6f7a4025e2d
count_04_s2609271103,count,4,2609271103,PATH,60,0.06309573444801933,159618,53692,125,0,44500,9067,8029,4,1038,638472,0.9983742435063715,2.043844175990671,0.4584810529486276,True,passed,80993cd7f64ceaf81f4d9cb1fc99fbd58a15e724efee52ab34fc917734189abc
count_04_s2609271103,count,4,2609271103,PATH,61,0.06025595860743578,159618,58976,254,0,49210,9512,8419,4,1093,638472,0.9982881003395607,2.190729700960219,0.46662262303289026,True,passed,0187e3efa7a5e9955a4fb38d5bbd3248000d3e96cfb786d8fba598fdbcb1e7e0
count_04_s2609271103,count,4,2609271103,PATH,62,0.057543993733715694,159618,63813,401,0,53342,10070,8873,4,1197,638472,0.9981252114423186,2.355467170011252,0.46902495698304847,True,passed,b8712cccff448f1d99d23579d795ab166de0557fdb98cabca4c7b1a575d9fe44
count_04_s2609271103,count,4,2609271103,PATH,63,0.054954087385762455,159618,69235,755,0,57830,10650,9424,4,1226,638472,0.9980797904998183,2.510023364040535,0.47709981200750917,True,passed,b068561b2dccd0d3da378262b43f3f82fcf6c396d60e37d5950388cd19df65b2
count_04_s2609271103,count,4,2609271103,PATH,64,0.05248074602497726,159618,101876,2435,0,86690,12751,10399,4,2352,638472,0.9963162049392925,3.4536604339955375,0.4901474170037545,True,passed,c3f2f0de679e53a5ef5d477caca23add71055e646e6eb94c593582ba204697de
count_04_s2609271103,count,4,2609271103,PATH,65,0.05011872336272722,159618,85829,2024,0,71531,12274,10643,4,1631,638472,0.9974454635442118,3.0157804079935886,0.5098538589663804,True,passed,299e9b88843ebf128ffd9451e8ee0279b76c0b8d75d7ffbf4ae0eed42e570edc
count_04_s2609271103,count,4,2609271103,PATH,66,0.047863009232263824,159618,136117,6516,0,113948,15653,12959,4,2694,638472,0.9957805510656693,4.369435614964459,0.5332697500125505,True,passed,4977ed7aa18365f2462d8056c2fb2b8a7b184fea831a615414021bad939b6ef5
count_04_s2609271103,count,4,2609271103,PATH,67,0.04570881896148749,159618,110101,4983,0,90828,14290,12592,4,1698,638472,0.9973405255046424,3.641825856990181,0.5444289249717258,True,passed,ac10fc80c607c45b5785ca3a4dfe9266ba84b8fcf5b24626dab45b04bbdf2ecc
count_04_s2609271103,count,4,2609271103,PATH,68,0.043651583224016584,159618,127635,7131,0,104770,15734,13849,4,1885,638472,0.9970476387374857,4.10759866097942,0.5636866319691762,True,passed,b033c0cc1cc8ce47a4932c616a7c60679442ae147fd4076dd509cf29b016a753
count_04_s2609271103,count,4,2609271103,PATH,69,0.04168693834703355,159618,236234,18901,0,190756,26577,22850,5,3727,798090,0.9953301006152189,7.212392451998312,0.5759558730060235,True,passed,69ecc8db2563c0f8925a74314b396507976b288afee93edd7cd8f10669873623
count_04_s2609271103,count,4,2609271103,PATH,70,0.039810717055349734,159618,161370,11851,0,129915,19604,17271,4,2333,638472,0.9963459634878272,5.0275859219837,0.6013018239755183,True,passed,14b400840ed039cfd4e65ab15b5130e9ced54c42aa9f47af908f71e5ab9dee67
count_04_s2609271103,count,4,2609271103,PATH,71,0.038018939632056124,159618,287221,26966,0,225219,35036,30177,5,4859,798090,0.9939117142176948,8.646157442999538,0.6319449269794859,True,passed,306a15ddab4b577225ceb994433c06fa30dbf527f3bfb7971c2eef2ea0dd9120
count_04_s2609271103,count,4,2609271103,PATH,72,0.03630780547701014,159618,186187,15088,0,146182,24917,22030,4,2887,638472,0.9954782668621334,5.789685870986432,0.6819298129994422,True,passed,5f49c85f4ea8e1236ad452f0c9605e25920d31ec0b9124a10858a76a98fa4f39
count_04_s2609271103,count,4,2609271103,PATH,73,0.034673685045253165,159618,195015,15885,0,150500,28630,25427,4,3203,638472,0.9949833352128206,6.1273017229977995,0.7457525079953484,True,passed,266a6c795c458b70919f96c373af56b16daf0f1742fa989e5b959cc8077a9b93
count_04_s2609271103,count,4,2609271103,PATH,74,0.03311311214825911,159618,320495,31111,0,233979,55405,48722,5,6683,798090,0.9916262576902355,10.077302761026658,0.8162142570363358,True,passed,593acde1abfeae1928c4691dd8e37c46f79f34dc34d075f069f4c97b928d9351
count_04_s2609271103,count,4,2609271103,PATH,75,0.03162277660168379,159618,203571,16080,0,150859,36632,32910,4,3722,638472,0.9941704569660064,6.590097681968473,0.9072516720043495,True,passed,c08a832fff0712ee6dd90b3191cbf074768e248a9c75f1a47e3f4bbbb87a194e
count_04_s2609271103,count,4,2609271103,PATH,76,0.03019951720402016,159618,217223,17480,0,158621,41122,36715,4,4407,638472,0.9930975829793632,7.059011056961026,1.0103405179688707,True,passed,9cdf5fad392c4a2840eb49e6d280c4681e005e48477e1372b8838415bff17fb1
count_04_s2609271103,count,4,2609271103,PATH,77,0.028840315031266057,159618,263003,24524,0,190719,47760,42049,4,5711,638472,0.9910552068062499,8.407187720993534,1.1109175040037371,True,passed,945ccc283b08f8281f48ee2afb9e85bb7551eb1a6438b3b3fd068ad19df3394f
count_04_s2609271103,count,4,2609271103,PATH,78,0.02754228703338166,159618,283492,28911,0,203245,51336,44462,4,6874,638472,0.9892336703880514,8.902482278004754,1.234254571958445,True,passed,db54c5476288709031d4198f5f3e519b31d410548d0c4cfa1197d59f37b13cb9
count_04_s2609271103,count,4,2609271103,PATH,79,0.026302679918953815,159618,308153,34986,0,218600,54567,46212,4,8355,638472,0.9869140698417471,9.553373323054984,1.3738883070182055,True,passed,4b596befc8ca21cff6b5859e20f60dd4ac820f9d0a33622092dccb0fe3a26cdc
count_04_s2609271103,count,4,2609271103,PATH,80,0.025118864315095794,159618,333933,41852,0,234375,57706,47454,4,10252,638472,0.9839429137064742,10.11560667998856,1.5248768950114027,True,passed,fc2b01cd51dd625b9a343ee1b26b2ab3fac4b65df827f4da71152d4bcb8f6dab
count_04_s2609271103,count,4,2609271103,PATH,81,0.023988329190194897,159618,361152,50634,0,249435,61083,48392,4,12691,638472,0.9801228558182661,10.758946470043156,1.7173457930330187,True,passed,95ebf43e41d962c654355db5fc8d55a38e1c0d6a2ede8c20d89cf8842b157874
count_04_s2609271103,count,4,2609271103,PATH,82,0.022908676527677734,159618,538738,101071,0,330595,107072,75811,5,31261,798090,0.9608302321793282,15.783570658997633,1.9194629290141165,True,passed,4f030b387f9b49478d6578ab8d4572b1ad7e45facb79f17e5e35fe92ead37516
count_04_s2609271103,count,4,2609271103,PATH,83,0.02187761623949553,159618,426870,76479,0,276126,74265,55079,4,19186,638472,0.9699501309376135,12.256407546985429,2.156050010002218,True,passed,91eb9c7ef53f1d166599525d7aa5c203c5aea89f2c85a47e415c381e8911f344
count_04_s2609271103,count,4,2609271103,PATH,84,0.020892961308540396,159618,655810,159889,0,368320,127601,82623,5,44978,798090,0.9436429475372452,18.128535222029313,2.4033098469953984,True,passed,0d2229251dd8ed0be2f5f8c7bab9cc69261b6c5752fdfbe55261a319b448476e
count_04_s2609271103,count,4,2609271103,PATH,85,0.0199526231496888,159618,723627,199830,0,392044,131753,79374,5,52379,798090,0.934369557318097,19.03136468300363,2.6570829909760505,True,passed,2026de7a5dbc96a9fb7f9982d9a734569d8ea254358afccaa09ace581caaa8f6
count_04_s2609271103,count,4,2609271103,PATH,86,0.019054607179632473,159618,800852,247834,2,402989,150027,88498,5,61529,798090,0.922904684935283,20.38079894601833,2.8672824740060605,True,passed,3a1a858177a182789c936a77f7ecc5d831b68ab5fd4922dab1be00de4b74d3eb
count_04_s2609271103,count,4,2609271103,PATH,87,0.018197008586099836,159618,1000594,319404,2,474149,207039,133417,6,73622,957708,0.9231268820976749,25.64912999398075,3.042757973948028,True,passed,358a75809c2910ea43661077adb4568e4b8a2321c5f19e0a92c9a211320c003d
count_04_s2609271103,count,4,2609271103,PATH,88,0.017378008287493755,159618,1059943,362110,2,470318,227513,148215,6,79298,957708,0.9172002322210946,26.81813426199369,3.2011389159597456,True,passed,155d2d7cf6c85ce0796f6148bcacfcaa56f2b28e92dd1d84ec76fbf69a59aee1
count_04_s2609271103,count,4,2609271103,PATH,89,0.016595869074375606,159618,1111745,400584,6,453619,257536,172813,6,84723,957708,0.9115356664035384,28.186228314007167,3.323629438003991,True,passed,920e73ee258e0a312cd7ad07f936f0f080fdadbc2d9ea8f5e68e1dd2d020c638
count_04_s2609271103,count,4,2609271103,PATH,90,0.015848931924611134,159618,1015232,401443,14,361096,252679,165350,5,87329,798090,0.8905775037902993,25.022522295010276,3.4319925119634718,True,passed,068fd445d5321c72cd60f44732046da9bb4c83e5377ecf895946af4dbf603c31
count_04_s2609271103,count,4,2609271103,PATH,91,0.01513561248436208,159618,1173831,451388,24,394195,328224,228082,6,100142,957708,0.8954357695665067,30.228055400017183,3.5235383140388876,True,passed,f761c46e05bbe9c2112a86e375ba6abc49879420cf3b650d080a17f0a4e454a1
count_04_s2609271103,count,4,2609271103,PATH,92,0.014454397707459272,159618,691271,234934,18,254212,202107,148021,4,54086,638472,0.9152883759976945,18.916577790980227,3.6226336050312966,True,passed,00c66bd3db7114448d382fb15656c538bb1e6f7e34b38dceee9041a3dd1276da
count_04_s2609271103,count,4,2609271103,PATH,93,0.013803842646028845,159618,1285371,531656,54,343731,409930,269902,6,140028,957708,0.8537884198523976,33.46758224297082,3.714673307025805,True,passed,1659376e51decc1916e83d126ebbf3e1c4ccffe6e4321409c426f6dd66289c61
count_04_s2609271103,count,4,2609271103,PATH,94,0.013182567385564075,159618,1246373,505452,66,306323,434532,279216,6,155316,957708,0.8378253079226654,33.71960037498502,3.7947215500171296,True,passed,8531a65dee33f77da97bf3996ce183ed77627ef4d1d09a5396134c17874757df
count_04_s2609271103,count,4,2609271103,PATH,95,0.012589254117941675,159618,1236582,499038,82,286023,451439,273423,6,178016,957708,0.8141228850547348,34.151838380959816,3.880076766014099,True,passed,57c2eb65dfb8c9441b3f32a39709295d4b2b29eda2dd0a3ff8788521a12b278a
count_04_s2609271103,count,4,2609271103,PATH,96,0.012022644346174132,159618,1279642,529022,86,285898,464636,252960,6,211676,957708,0.7789764729959445,35.00896703300532,3.970293835969642,True,passed,fbaeb93a028323aeb35bd6249d77ae73ce878294f5406202aa8227cc7214b15f
count_04_s2609271103,count,4,2609271103,PATH,97,0.01148153621496883,159618,1334864,566979,88,293052,474745,231353,6,243392,957708,0.7458599071950949,36.00159744400298,4.065669105038978,True,passed,39ad7e79a33cae00cfb322fb61a1e34a0e1b975e048ca06e9deadfc7a287c517
count_04_s2609271103,count,4,2609271103,PATH,98,0.01096478196143185,159618,1430485,634735,88,304638,491024,211202,6,279822,957708,0.7078211730506585,37.334110748022795,4.075311282998882,True,passed,1441aa88a2257d45b5fe7ec8c115aec2ace8958d4d1e0bc33e39cf250daa2ec0
count_04_s2609271103,count,4,2609271103,PATH,99,0.010471285480508996,159618,1538763,714815,90,301833,522025,201099,6,320926,957708,0.6649020369465433,39.06702530698385,4.145134471007623,True,passed,f8f24f1a02484d8cd0b6820c102f8fc52c0a9ad5abf4ece4d48b22773f081247
count_04_s2609271103,count,4,2609271103,PATH,100,0.01,159618,1537904,713730,90,303479,520605,185887,6,334718,957708,0.6505009877749794,39.13034864299698,4.194920408015605,True,passed,a8b8c57c6dd595d2a852d10bf051b6c9777a08b3d3644458589fac99a2e728d3
count_04_s2609271104,count,4,2609271104,PATH,0,1.0,152090,0,0,0,0,0,0,0,0,0,,0.014200820995029062,0.05211206595413387,True,passed,3f9c9ba1fb5e1a2d6a59837a7ff403c32527dcf501135600ba099a0dbc235a8a
count_04_s2609271104,count,4,2609271104,PATH,1,0.954992586021436,152090,7998,0,0,7558,440,428,4,12,608360,0.9999802748372674,0.31979476095875725,0.06094814103562385,True,passed,28d8d74bc08d3cc895a141abcafed434888fb8e7ded25c93594cb4f55b465b19
count_04_s2609271104,count,4,2609271104,PATH,2,0.9120108393559098,152090,7427,0,0,7055,372,364,4,8,608360,0.9999868498915117,0.30049365101149306,0.07335403899196535,True,passed,5260733d311b3d755a2707f42939f1077dbfd829c89a0f0872b58429b2ed474a
count_04_s2609271104,count,4,2609271104,PATH,3,0.8709635899560807,152090,8219,0,0,7767,452,443,4,9,608360,0.9999852061279506,0.330334338999819,0.0816763190086931,True,passed,26fc404af1fdc9f395e1c47eda31cb7d03f4986c0bf977402427a89501ce4c25
count_04_s2609271104,count,4,2609271104,PATH,4,0.831763771102671,152090,9405,0,0,8812,593,583,4,10,608360,0.9999835623643895,0.3771252739825286,0.09162762702908367,True,passed,185a48cb4ccf1381aeb6e97d4e53c2193d4af121b80067f004b20d99a3fe2ecf
count_04_s2609271104,count,4,2609271104,PATH,5,0.7943282347242815,152090,14545,0,0,13519,1026,1002,5,24,760450,0.9999684397396279,0.577163012989331,0.1001372670289129,True,passed,5a25a0d8a3e38f230dcd9a6ac7b26c3cf2ede00337463e33eaa573f35883e702
count_04_s2609271104,count,4,2609271104,PATH,6,0.7585775750291838,152090,10704,0,0,10005,699,688,4,11,608360,0.9999819186008284,0.41964565601665527,0.10664363205432892,True,passed,675acfc78a3c95dbf5631f36b5752a220a3f365c43091703329f193a05219e29
count_04_s2609271104,count,4,2609271104,PATH,7,0.72443596007499,152090,11666,0,0,10898,768,757,4,11,608360,0.9999819186008284,0.45135778200346977,0.11063805100275204,True,passed,87e7613cef6a69fec92b8daa11ed2b02a6b52110768337b9059efadea77d086b
count_04_s2609271104,count,4,2609271104,PATH,8,0.6918309709189365,152090,12854,0,0,11985,869,856,4,13,608360,0.9999786310737063,0.49215703504160047,0.12285997095750645,True,passed,970c37001ad7259a77d2e945ee31b2063dd5dc95f1dba0924a5d45583e6ada20
count_04_s2609271104,count,4,2609271104,PATH,9,0.660693448007596,152090,14023,0,0,13036,987,974,4,13,608360,0.9999786310737063,0.5370696649770252,0.13568776997271925,True,passed,68ee6c0e49b35e2f865b98d4ebe00991c564942a7802102056b70669c064aeb3
count_04_s2609271104,count,4,2609271104,PATH,10,0.6309573444801932,152090,15346,0,0,14190,1156,1141,4,15,608360,0.9999753435465842,0.5813456720206887,0.15058435901300982,True,passed,a8f1ef29fb80fb6d6ae7e7fa12f4bede71881d1328ea0ce29fdbef9b12c3b0c9
count_04_s2609271104,count,4,2609271104,PATH,11,0.6025595860743578,152090,16288,0,0,14939,1349,1333,4,16,608360,0.9999736997830232,0.619748265016824,0.16292583796894178,True,passed,d787e306b714a2ae4c76b9dccf5befa5c2c42c548418d8abb0538c55d6cdc922
count_04_s2609271104,count,4,2609271104,PATH,12,0.5754399373371569,152090,17134,0,0,15609,1525,1507,4,18,608360,0.9999704122559011,0.6521707010106184,0.17286031099501997,True,passed,5aab6eb9e905916128cb7ba906263bf41fd69f137988dc77a3a929783409ef73
count_04_s2609271104,count,4,2609271104,PATH,13,0.5495408738576245,152090,18305,0,0,16319,1986,1953,4,33,608360,0.9999457558024853,0.7177933769999072,0.1795642130309716,True,passed,5bca6169c1a75116d6830751f1c25eaa420e7be4cecc4f9e17ffaa4dcdae9b7f
count_04_s2609271104,count,4,2609271104,PATH,14,0.5248074602497725,152090,17608,0,0,15976,1632,1615,4,17,608360,0.9999720560194622,0.6717230400536209,0.1799219860113226,True,passed,2ad38cc7cdc1d651315b81950eb24c4fd164e221af7256d5e1241963b45bd6d3
count_04_s2609271104,count,4,2609271104,PATH,15,0.5011872336272722,152090,17768,0,0,15993,1775,1757,4,18,608360,0.9999704122559011,0.6880754950107075,0.18206569401081651,True,passed,95bf92a7c8bc6a5af018d20380b1ce3c6964c3a0e960d270ccf6306fb1339177
count_04_s2609271104,count,4,2609271104,PATH,16,0.4786300923226383,152090,18030,0,0,16103,1927,1908,4,19,608360,0.9999687684923401,0.6955978050245903,0.18577414099127054,True,passed,9c543ff34cf0d2ed2e44804be2d67b40ad006f1759e0d4278e06375b303525d7
count_04_s2609271104,count,4,2609271104,PATH,17,0.457088189614875,152090,18215,0,0,16138,2077,2058,4,19,608360,0.9999687684923401,0.7095514620305039,0.189202280016616,True,passed,bb2fb8a84729d92efadbee7158fb653ddb726cfaa62707ceec598f27f93baf68
count_04_s2609271104,count,4,2609271104,PATH,18,0.436515832240166,152090,18966,0,0,16715,2251,2229,4,22,608360,0.9999638372016569,0.7432994289556518,0.19832637102808803,True,passed,b4504f344a89a05b85627f2d21838eb1df15ad548274b4e865d127355d0c607a
count_04_s2609271104,count,4,2609271104,PATH,19,0.4168693834703354,152090,19924,0,0,17178,2746,2709,4,37,608360,0.9999391807482412,0.7923017020220868,0.20572933496441692,True,passed,84fd8da4e40334bfb26522287971594321bf774d2ff36d0882ee2be054475c34
count_04_s2609271104,count,4,2609271104,PATH,20,0.3981071705534972,152090,19328,0,0,16869,2459,2440,4,19,608360,0.9999687684923401,0.7627950680325739,0.20798643899615854,True,passed,1847918522de2f578285cf14d4ee816e9ee474d97f6e03044f6736c22fe71e12
count_04_s2609271104,count,4,2609271104,PATH,21,0.3801893963205612,152090,19432,0,0,16872,2560,2541,4,19,608360,0.9999687684923401,0.7694621929549612,0.21018983400426805,True,passed,4dde058cd19554269534e6aed7aef64a94b2810e11702edf32377c91cdc9353e
count_04_s2609271104,count,4,2609271104,PATH,22,0.36307805477010135,152090,19679,0,0,17020,2659,2640,4,19,608360,0.9999687684923401,0.7868694909848273,0.21132943400880322,True,passed,47ab468877a1965f625847d29e108f02a9d7dff8b3c9254cc2d54ac9afcdbfd6
count_04_s2609271104,count,4,2609271104,PATH,23,0.3467368504525316,152090,19787,0,0,17043,2744,2725,4,19,608360,0.9999687684923401,0.7852103610057384,0.21362152398796752,True,passed,b3722f542567f21978d1d2d80e57fecaa1758f6186eb9f9839e60245a6e53c2b
count_04_s2609271104,count,4,2609271104,PATH,24,0.3311311214825911,152090,20007,0,0,17178,2829,2809,4,20,608360,0.999967124728779,0.8026939670089632,0.21887760801473632,True,passed,18bda93f6b07b962118c4dab7a76a4287c8a553900f2b1b0d7a222aef9ac46df
count_04_s2609271104,count,4,2609271104,PATH,25,0.31622776601683794,152090,20132,0,0,17221,2911,2889,4,22,608360,0.9999638372016569,0.806872883986216,0.2207178950193338,True,passed,4a8a2dca8dc7fa1a78112ba2bf97adb905d5ad332abdb1c021d7ac2fb9887c33
count_04_s2609271104,count,4,2609271104,PATH,26,0.3019951720402016,152090,20283,0,0,17299,2984,2962,4,22,608360,0.9999638372016569,0.8135761839803308,0.22268395900027826,True,passed,e28ce991dd969fbb0cbe4465f3a4809a3a673765f697efaf1d2d03e95b43fa8d
count_04_s2609271104,count,4,2609271104,PATH,27,0.28840315031266056,152090,20462,0,0,17405,3057,3033,4,24,608360,0.9999605496745348,0.8345592170371674,0.2245740209473297,True,passed,58f7560d79a8b9757cc996101c901e2417e1dafb637337273039f25c99c02446
count_04_s2609271104,count,4,2609271104,PATH,28,0.2754228703338166,152090,20592,0,0,17455,3137,3113,4,24,608360,0.9999605496745348,0.8376885370234959,0.22579926799517125,True,passed,065e0c154573d91f745a69214cb9cbb0a682a0cfd6d99b77bd9b5c4d3462332f
count_04_s2609271104,count,4,2609271104,PATH,29,0.2630267991895382,152090,20894,0,0,17688,3206,3180,4,26,608360,0.9999572621474128,0.8399205119931139,0.22748627798864618,True,passed,b2848cc231e076e30d52df0470a084f79c0e5844a0919311a9a4b92a4e044371
count_04_s2609271104,count,4,2609271104,PATH,30,0.251188643150958,152090,21153,0,0,17860,3293,3267,4,26,608360,0.9999572621474128,0.8548031880054623,0.22919475403614342,True,passed,1837eba39543880eed6b42de2861b40592708620fedc61fe7e8ab7bfc8f0871e
count_04_s2609271104,count,4,2609271104,PATH,31,0.23988329190194904,152090,21392,0,0,18034,3358,3331,4,27,608360,0.9999556183838517,0.8671649500029162,0.22874094202416018,True,passed,882e80fa415acda02ff96a68eed88edb2a1cc132bc00af2ddbb6aed9423025fd
count_04_s2609271104,count,4,2609271104,PATH,32,0.2290867652767773,152090,21778,0,0,18360,3418,3389,4,29,608360,0.9999523308567295,0.8793828919879161,0.23075881699332967,True,passed,b50fdc819c98be4da782a1327796800e673f9ff12c1b0c1ee531c0077292f168
count_04_s2609271104,count,4,2609271104,PATH,33,0.21877616239495523,152090,22093,0,0,18602,3491,3460,4,31,608360,0.9999490433296074,0.9283266910351813,0.23170950001804158,True,passed,c4e6e2e37801783050b4a2bc36882a87204c3a7b6b190258f8c4ed25301257b5
count_04_s2609271104,count,4,2609271104,PATH,34,0.20892961308540392,152090,22534,0,0,18975,3559,3527,4,32,608360,0.9999473995660464,0.9047740499954671,0.23381172498920932,True,passed,8862579ea86e32912d99565a0d275dbd5990df50692f2b3145c115a5f5d8cba7
count_04_s2609271104,count,4,2609271104,PATH,35,0.19952623149688797,152090,23229,0,0,19568,3661,3624,4,37,608360,0.9999391807482412,0.9387778179952875,0.23529411997878924,True,passed,e6f510133dd62e1a2ea84c27848a57865d9eff91e5406fd2bb41182e804a47b9
count_04_s2609271104,count,4,2609271104,PATH,36,0.19054607179632474,152090,23993,0,0,20252,3741,3693,4,48,608360,0.9999210993490696,0.9649394719745032,0.24060316401300952,True,passed,a970f918f79170c112ee75c1f17b28c184ebc6af4b326626ca0c461e0c7f0505
count_04_s2609271104,count,4,2609271104,PATH,37,0.18197008586099836,152090,24634,0,0,20815,3819,3759,4,60,608360,0.9999013741863371,0.990434980019927,0.24546941905282438,True,passed,011f0c0c642bb8b7a66cdc80aeebbc6c53f6b88edbd7cef2c70f273b986b28a2
count_04_s2609271104,count,4,2609271104,PATH,38,0.17378008287493754,152090,25167,0,0,21261,3906,3836,4,70,608360,0.9998849365507265,1.0004257879918441,0.24836892599705607,True,passed,a437306308405937ddb85e86a01b45f71c1708cefe6a7910a81408642e41e4d4
count_04_s2609271104,count,4,2609271104,PATH,39,0.16595869074375605,152090,25881,0,0,21869,4012,3920,4,92,608360,0.9998487737523835,1.0360401560319588,0.2574347510235384,True,passed,eb7c484c86774f2b82aaeee13906465fed761512c8e2227cfccd570554ffcac2
count_04_s2609271104,count,4,2609271104,PATH,40,0.15848931924611134,152090,26640,0,0,22483,4157,4042,4,115,608360,0.9998109671904793,1.0772003100137226,0.2648028720286675,True,passed,b852e7dc0f25b97e36c11ea44e82d9c2e943821c8e51d2ec707e3929ff9af610
count_04_s2609271104,count,4,2609271104,PATH,41,0.15135612484362082,152090,27210,0,0,22904,4306,4161,4,145,608360,0.9997616542836478,1.08773576997919,0.2697730659856461,True,passed,fdfe8a8f686870092e5814fe948b9b0740313fdc0285d1421f63e4bec419c8dc
count_04_s2609271104,count,4,2609271104,PATH,42,0.14454397707459277,152090,29148,0,0,24221,4927,4591,4,336,608360,0.9994476954434874,1.1951713989838026,0.27902239095419645,True,passed,5e20e750dfc30a6732320cba04e0092e2caaf14f176df85933ec01996301463e
count_04_s2609271104,count,4,2609271104,PATH,43,0.1380384264602885,152090,28214,0,0,23616,4598,4366,4,232,608360,0.9996186468538365,1.1354953979607671,0.29086167603963986,True,passed,5fca4b3e881b3fa74807936a498e06324bd1dca47efc71757fc6657e1facac28
count_04_s2609271104,count,4,2609271104,PATH,44,0.1318256738556407,152090,28940,0,0,24172,4768,4491,4,277,608360,0.9995446774935893,1.1608654049923643,0.2979225270100869,True,passed,cd05d1d42fed6f2320604dd876d882b09f301e863792e35f5b0364875bc3e126
count_04_s2609271104,count,4,2609271104,PATH,45,0.12589254117941673,152090,29490,0,0,24555,4935,4605,4,330,608360,0.9994575580248537,1.1907054590410553,0.3034319640137255,True,passed,0451bea3004d255d2a328a29cfd85bf42d8e31cb9e8e868769c2db481fd7d9bd
count_04_s2609271104,count,4,2609271104,PATH,46,0.12022644346174129,152090,30104,0,0,24986,5118,4746,4,372,608360,0.9993885199552897,1.2167374439886771,0.31561068998416886,True,passed,1b633b210a2d612a8a3a85dbee6ce438b2884c58513b87f7684315f90ea67325
count_04_s2609271104,count,4,2609271104,PATH,47,0.1148153621496883,152090,23346,0,0,19138,4208,3777,3,431,456270,0.9990553838735836,0.9655789470416494,0.3195118849980645,True,passed,4aad27a482d0064e3a77fcede99812b19f26454bf2d69659e78e3eb48d9c6a7f
count_04_s2609271104,count,4,2609271104,PATH,48,0.1096478196143185,152090,32130,0,0,26403,5727,5226,4,501,608360,0.9991764744559143,1.2954748140182346,0.3293878840049729,True,passed,68ee420cdbc7199ae63c1f7df9a2eb6b15f199fc64beb60caa2e01eaffea9701
count_04_s2609271104,count,4,2609271104,PATH,49,0.10471285480508996,152090,24936,0,0,20150,4786,4238,3,548,456270,0.99879895675806,1.0308496009674855,0.3399585680454038,True,passed,6e65e233ebe29c56d758bfd7fb954f61617564b2988f04e5d69613793a39cd16
count_04_s2609271104,count,4,2609271104,PATH,50,0.1,152090,33279,0,0,27064,6215,5629,4,586,608360,0.999036754553225,1.3543106819852255,0.34658515598857775,True,passed,2601de5d588750c1571ad264fb540e11be486be5d04dfccbbf188dbb9bd9084d
count_04_s2609271104,count,4,2609271104,PATH,51,0.09549925860214359,152090,34238,18,0,27717,6503,5867,4,636,608360,0.9989545663751725,1.3899807300185785,0.3581689309794456,True,passed,3e0e1a7f8c59dd8bfc48c5c6b0f53481ea2596769a12f16faabc1a91dfd77fd8
count_04_s2609271104,count,4,2609271104,PATH,52,0.09120108393559097,152090,26880,20,0,21499,5361,4694,3,667,456270,0.99853814627304,1.106433144013863,0.3655893619870767,True,passed,499789c48be15e0d4d13813e1a08c968887eb39051c1e277ecdf67bb88ff353b
count_04_s2609271104,count,4,2609271104,PATH,53,0.08709635899560805,152090,44625,29,0,35729,8867,8058,5,809,760450,0.9989361562232888,1.8230477849720046,0.369840600003954,True,passed,d38a14e4d942adecd8eabfe54044973bf0ce607495fb5b40f2cc5549f24cbf81
count_04_s2609271104,count,4,2609271104,PATH,54,0.08317637711026708,152090,37214,72,0,29495,7647,6844,4,803,608360,0.9986800578604773,1.5233190479921177,0.37642680399585515,True,passed,60ca9affe51e74245f0cfcbbc687b5f609c04ba3110c2f4ed5635cc334ee023a
count_04_s2609271104,count,4,2609271104,PATH,55,0.07943282347242814,152090,29742,123,0,23338,6281,5504,3,777,456270,0.9982970609507529,1.2148806850309484,0.38019295601407066,True,passed,1f43a50eadb48c20d6b790d98166b6e07c44862b3b26e6b0c2c16f5e087760f3
count_04_s2609271104,count,4,2609271104,PATH,56,0.07585775750291836,152090,44468,356,0,35252,8860,7320,4,1540,608360,0.9974686041159839,1.7757211239659227,0.3870946929673664,True,passed,7eff036ef60c374f7a6ad62d225514e37917773c1db5a0f3148b268c52c7c937
count_04_s2609271104,count,4,2609271104,PATH,57,0.07244359600749903,152090,41439,236,0,32630,8573,7738,4,835,608360,0.9986274574265238,1.6755365619901568,0.3912350219907239,True,passed,a01e9380ee22246ee342b46205120b26e531818e3c837d779e567302a4c09384
count_04_s2609271104,count,4,2609271104,PATH,58,0.06918309709189366,152090,53968,648,0,43465,9855,8237,4,1618,608360,0.9973403905582221,2.0855307919555344,0.39954904397018254,True,passed,e161981d3af80c9c4529b112d77781677197087cbf178187f61806c30da43d77
count_04_s2609271104,count,4,2609271104,PATH,59,0.06606934480075961,152090,48651,434,0,38679,9538,8655,4,883,608360,0.9985485567755934,1.9125513329636306,0.40530609799316153,True,passed,2e9e98b1f1315b1e72ffafdd3823cf26e4d1bb956b58addc8438106f002c9577
count_04_s2609271104,count,4,2609271104,PATH,60,0.06309573444801933,152090,53531,603,0,42758,10170,9258,4,912,608360,0.9985008876323229,2.0647755060344934,0.41765249898890033,True,passed,cfd8c33c26448ea1070a6a2b8ecf465a8ee5c032c02681cc758dac76d3987e4d
count_04_s2609271104,count,4,2609271104,PATH,61,0.06025595860743578,152090,58472,756,0,46926,10790,9833,4,957,608360,0.9984269182720757,2.2142013710108586,0.4310257029719651,True,passed,7b2803e5d87432040edc8ab1f27773566c2b61084904e7126662641dbad25b75
count_04_s2609271104,count,4,2609271104,PATH,62,0.057543993733715694,152090,63501,1076,0,50882,11543,10525,4,1018,608360,0.9983266486948518,2.367148479039315,0.44562683399999514,True,passed,fcd25b55979d43c0c2f31628117d0f2278a74e3fea76cd6ca9b3869cfcdb2555
count_04_s2609271104,count,4,2609271104,PATH,63,0.054954087385762455,152090,69582,1626,0,55602,12354,11279,4,1075,608360,0.998232954171872,2.5607318959664553,0.46122597297653556,True,passed,0cc0918da313c09b400d85f5fe93bead5985d1f3a2cd96b3eae86b8791958134
count_04_s2609271104,count,4,2609271104,PATH,64,0.05248074602497726,152090,113346,5314,0,91673,16359,14158,4,2201,608360,0.9963820764021303,3.808031246007886,0.47935075202258304,True,passed,9b3d7bddcd9f5aac2899e6f4170221231cd8e91657b0128306bde85676922275
count_04_s2609271104,count,4,2609271104,PATH,65,0.05011872336272722,152090,93683,4583,0,74373,14727,13233,4,1494,608360,0.9975442172397923,3.2284732760163024,0.5026215820107609,True,passed,e074ee86b4c0f36ebeb17ec7c97038fdaba5ba23b330e896a5d2e9c415ceaebc
count_04_s2609271104,count,4,2609271104,PATH,66,0.047863009232263824,152090,172318,13115,0,135229,23974,21084,5,2890,760450,0.9961996186468538,5.559176093025599,0.5243156020296738,True,passed,6cda06b140d502c0a6a01068ad495ca42a13996397a83485363387c0c85a8605
count_04_s2609271104,count,4,2609271104,PATH,67,0.04570881896148749,152090,209993,18525,0,163560,27908,24218,5,3690,760450,0.9951476099677823,6.57078879798064,0.5425187590299174,True,passed,c1f2c8c8423d83af1d7ad45f593acd53becdfdefd67bf4ec8fb42ac5f3b81b7f
count_04_s2609271104,count,4,2609271104,PATH,68,0.043651583224016584,152090,154214,13014,0,119733,21467,18900,4,2567,608360,0.9957804589387862,4.901628969993908,0.5663313489640132,True,passed,46faeb60a1e16e48f3df64446e0926cfc83423045d523970d1f7ade86da990d8
count_04_s2609271104,count,4,2609271104,PATH,69,0.04168693834703355,152090,149221,13544,0,113392,22285,19833,4,2452,608360,0.995969491748307,4.778445728006773,0.6112645530374721,True,passed,9cbf8075aece20df924cd6a255282fbee0b8cc21fbd5a71332dbfd27fd515e67
count_04_s2609271104,count,4,2609271104,PATH,70,0.039810717055349734,152090,159051,14755,0,118996,25300,22437,4,2863,608360,0.9952939049247156,5.118986647983547,0.6520696299849078,True,passed,fee293b7538b1989204bc2c040dd96a93972f4a66c84fcf297aeb9d8ec6fc2de
count_04_s2609271104,count,4,2609271104,PATH,71,0.038018939632056124,152090,167432,15469,0,122739,29224,25846,4,3378,608360,0.9944473666907752,5.442073792975862,0.7110054679797031,True,passed,76135e3128ea77ce89f461047c4d2c0706dc53c703fa04130ef8312ee64ea233
count_04_s2609271104,count,4,2609271104,PATH,72,0.03630780547701014,152090,283951,31461,0,194934,57556,49897,5,7659,760450,0.9899283319087383,9.185760260967072,0.7888652629917488,True,passed,8c28e1d596d3bb117819c04456e8797a942267bd14eaf209e03d8334701c6083
count_04_s2609271104,count,4,2609271104,PATH,73,0.034673685045253165,152090,289733,32020,0,191880,65833,57104,5,8729,760450,0.98852127030048,9.572997238021344,0.8776127070304938,True,passed,23e07cbc106b9bc10fd82738737498c6072db04cf1ac281b62778e233277152f
count_04_s2609271104,count,4,2609271104,PATH,74,0.03311311214825911,152090,308613,34692,0,199033,74888,64652,5,10236,760450,0.9865395489512788,10.39116802799981,0.9813165320083499,True,passed,b45a2fa0f2597ba66f20e2b5a093347594fa9acfed665d70247df40ce24de404
count_04_s2609271104,count,4,2609271104,PATH,75,0.03162277660168379,152090,340903,41057,0,215767,84079,71942,5,12137,760450,0.984039713327635,11.33900795300724,1.0836952439858578,True,passed,b2bee2d0b4519332fdf80795b93b001ed5d6863852a5e1e3e0bc6844fae64432
count_04_s2609271104,count,4,2609271104,PATH,76,0.03019951720402016,152090,333764,40772,0,207014,85978,72049,5,13929,760450,0.9816832138865146,11.181321682990529,1.1982586340163834,True,passed,221da00253270a3553a8dceacf961563f1b97423c3a9afc816eb81cf74617eb0
count_04_s2609271104,count,4,2609271104,PATH,77,0.028840315031266057,152090,360025,48402,0,221128,90495,73878,5,16617,760450,0.978148464724834,11.812339759024326,1.297455346037168,True,passed,7fc6e3ec21b5a0fc6ae7584d417eb77519f6d87da2973bc7a362dd7edaa44b83
count_04_s2609271104,count,4,2609271104,PATH,78,0.02754228703338166,152090,277729,36751,0,183602,57376,47067,4,10309,608360,0.983054441449142,8.802393271005712,1.4351272459607571,True,passed,bbb6f12662127c81c753682bc54d3752b0988b4bef38c8951cabac54de675744
count_04_s2609271104,count,4,2609271104,PATH,79,0.026302679918953815,152090,313585,47107,0,203419,63059,50315,4,12744,608360,0.9790518771779867,9.690734011004679,1.5975201350520365,True,passed,a750a343583ca21b593bec948d64f160d9d82432ec2edb00dacd237a6ea81ccb
count_04_s2609271104,count,4,2609271104,PATH,80,0.025118864315095794,152090,472549,91911,0,272290,108348,77544,5,30804,760450,0.959492405812348,14.392101192031987,1.7867852870258503,True,passed,859e5cdbe700cd5992208c1fcfb62293c82ac4405a28d93698e98a7496cabd55
count_04_s2609271104,count,4,2609271104,PATH,81,0.023988329190194897,152090,513658,112119,0,291551,109988,73163,5,36825,760450,0.9515747254914853,15.04682612704346,2.0103191469679587,True,passed,386c89da78e38700013149d89346b00e397d91ca3109fbef91f679d9aef121c5
count_04_s2609271104,count,4,2609271104,PATH,82,0.022908676527677734,152090,407640,85259,0,240311,82070,59299,4,22771,608360,0.9625698599513446,11.951183741970453,2.2419406800181605,True,passed,91e28b02dd8c9c78fa8b065b87348484c40b4086a620287178b646b15c46bf43
count_04_s2609271104,count,4,2609271104,PATH,83,0.02187761623949553,152090,637908,175712,0,324888,137308,84260,5,53048,760450,0.930241304490762,17.596331064996775,2.474898429005407,True,passed,b6cef61a043d97c6a13714c67ad63998f9aeb361d052da82edcf8dbb6ff904af
count_04_s2609271104,count,4,2609271104,PATH,84,0.020892961308540396,152090,708122,215995,2,341958,150167,88839,5,61328,760450,0.919353014662371,18.92303570098011,2.6833781949826516,True,passed,52a17fbadeb7b867fdf4941b430332977a4ac30bb818b51ee0f90ef7699834a7
count_04_s2609271104,count,4,2609271104,PATH,85,0.0199526231496888,152090,771897,255773,4,347538,168582,99013,5,69569,760450,0.9085160102570846,20.048374087025877,2.822278006002307,True,passed,963e9745d3950a5f6082edd87255eb85d68b7d6d27d59b95a58d39bc1de72e66
count_04_s2609271104,count,4,2609271104,PATH,86,0.019054607179632473,152090,558071,167596,5,262352,128118,89069,4,39049,608360,0.9358126767045828,15.168950521037914,2.9388514399761334,True,passed,0b90ad108b6ea4958cb8a9e3b9efebdb5b71088238ea49a654987e7b8559f017
count_04_s2609271104,count,4,2609271104,PATH,87,0.018197008586099836,152090,583178,185349,11,252551,145267,103279,4,41988,608360,0.9309816555986586,15.802449099952355,3.0638121310039423,True,passed,adf3ea204a3072c32404569f2a5cee2a17ffe690ef431065742166975e4c3f10
count_04_s2609271104,count,4,2609271104,PATH,88,0.017378008287493755,152090,1023534,380465,27,349358,293684,199468,6,94216,912540,0.8967541148881145,27.27720728504937,3.1735589540330693,True,passed,1742403bd6c19a394952ff9c2e6e6c894c7e01f9c7f555ad18ac6f642142f0a4
count_04_s2609271104,count,4,2609271104,PATH,89,0.016595869074375606,152090,930551,373564,44,264838,292105,193919,5,98186,760450,0.8708843447958445,24.599811672989745,3.267186637967825,True,passed,258d1bac64f09533d3fdb353c7336f78822eb9056bb349e34b7cda3e362545f3
count_04_s2609271104,count,4,2609271104,PATH,90,0.015848931924611134,152090,1075631,420855,60,291208,363508,248564,6,114944,912540,0.8740394941591602,29.4849253220018,3.3655292660114355,True,passed,183ac1726b11d4a37dbc3e2146700994c42810647087d0b06ab35d18405aaa3f
count_04_s2609271104,count,4,2609271104,PATH,91,0.01513561248436208,152090,1096978,436224,82,265533,395139,265338,6,129801,912540,0.8577585640081531,30.61324868997326,3.4523861059569754,True,passed,2629def448829b6c1815dcb8480d5544334ac064dc60217ed362db34cde99435
count_04_s2609271104,count,4,2609271104,PATH,92,0.014454397707459272,152090,955254,394646,103,182675,377830,239796,5,138034,760450,0.818483792491288,27.159203134011477,3.5117029779939912,True,passed,ad38f83fa190a186c38ff375b8fc824f4af31a8268bcc0a1c79d789b2fe95297
count_04_s2609271104,count,4,2609271104,PATH,93,0.013803842646028845,152090,1205045,505390,130,252489,447036,269470,6,177566,912540,0.8054156530124706,33.170310570974834,3.5940038170083426,True,passed,132d676b524d5527642711f4f4dbd2401df37d44b405e06b46a53a1a6f25ddf9
count_04_s2609271104,count,4,2609271104,PATH,94,0.013182567385564075,152090,1251892,535824,140,251204,464724,256819,6,207905,912540,0.772168891226686,34.23718422197271,3.659463843971025,True,passed,66ca73dd098c16d453ebf5bf9d1f0b2bd74b381481def6d517dea13b1c3cf4f6
count_04_s2609271104,count,4,2609271104,PATH,95,0.012589254117941675,152090,1302897,569240,146,255266,478245,238965,6,239280,912540,0.7377868367414031,35.30778926901985,3.7199742600205354,True,passed,6f6bf900b366a53a22f32d8b0f9e9d1a8ffe7ea23887c10486fae07ad4e23cd0
count_04_s2609271104,count,4,2609271104,PATH,96,0.012022644346174132,152090,1339326,594090,148,256727,488361,220839,6,267522,912540,0.7068380564139654,35.85913487302605,3.7901151169789955,True,passed,03495142265cf71a0cf7dbe7824a42f326c6bf918fbd2904bf60356239eef739
count_04_s2609271104,count,4,2609271104,PATH,97,0.01148153621496883,152090,1241308,529613,144,242918,468633,189611,6,279022,912540,0.6942358691125868,34.51211234298535,3.8129030910204165,True,passed,ace0ecbc825e7ffff3784fca0bd4f084ddddee47267455b11d95b96943de76fd
count_04_s2609271104,count,4,2609271104,PATH,98,0.01096478196143185,152090,1314048,576786,146,254543,482573,176824,6,305749,912540,0.664947289981809,35.74048032797873,3.8908732199925,True,passed,a65918aa290467cbd4c9cc8818b41a9fe4a049dcebf752ab32c644acaa4c9549
count_04_s2609271104,count,4,2609271104,PATH,99,0.010471285480508996,152090,1445383,669135,162,249325,526761,188445,6,338316,912540,0.629258991386679,38.12652603600873,3.912632727995515,True,passed,b91fc959422bde7d2b71d5bc16bf951bbf2be762799b171f7138fbe1f79bee31
count_04_s2609271104,count,4,2609271104,PATH,100,0.01,152090,1517355,726843,192,197411,592909,219835,6,373074,912540,0.5911697021500427,40.447739135997836,3.988478034036234,True,passed,03e13faa7f3edb7fa9bd6c4d9d55c4fb36f128aa9f74fec57134d057a76d7aab
count_04_s2609271105,count,4,2609271105,PATH,0,1.0,150342,0,0,0,0,0,0,0,0,0,,0.014402626024093479,0.04398957401281223,True,passed,dc6734b629b5b09ae74b8f5a56c7490abbe0b7b3ad81b9b66566847c88ddd141
count_04_s2609271105,count,4,2609271105,PATH,1,0.954992586021436,150342,7117,0,0,6763,354,344,4,10,601368,0.9999833712468904,0.288942561019212,0.05321437498787418,True,passed,ea86a043786848d88d06fd352fbb59279ce39946a8a01319ef668affc9972136
count_04_s2609271105,count,4,2609271105,PATH,2,0.9120108393559098,150342,6403,0,0,6110,293,287,4,6,601368,0.9999900227481342,0.26592504495056346,0.06569774902891368,True,passed,420a3c2ba4629991adf5efbdb57a7e55e5e9b97b328551ad27b822d4c8dbe26f
count_04_s2609271105,count,4,2609271105,PATH,3,0.8709635899560807,150342,7288,0,0,6947,341,334,4,7,601368,0.9999883598728233,0.29478816100163385,0.07133527001133189,True,passed,eb231e95674caeb8d833767fe08e64e23d3bf7e4aed13764809d60cbaaca4370
count_04_s2609271105,count,4,2609271105,PATH,4,0.831763771102671,150342,8349,0,0,7937,412,404,4,8,601368,0.9999866969975123,0.33514727000147104,0.07996925100451335,True,passed,3b73fbc2a37a094ac3237275699d7fabee242440ebd0ff70c24ee23aee39a6c4
count_04_s2609271105,count,4,2609271105,PATH,5,0.7943282347242815,150342,3839,0,0,3608,231,225,1,6,150342,0.999960090992537,0.1525503679877147,0.0866374290199019,True,passed,e5fdb623addc6189825e3fa8f7fdcf1310f0ca3ed7c57c9215bae28f43a61cd3
count_04_s2609271105,count,4,2609271105,PATH,6,0.7585775750291838,150342,4408,0,0,4118,290,284,1,6,150342,0.999960090992537,0.17214690998662263,0.0964273419813253,True,passed,9cc95cb7fcac7643d31ec6539f52fcf7f7c2dedb68fc14b99de52af120f8a0fa
count_04_s2609271105,count,4,2609271105,PATH,7,0.72443596007499,150342,14215,0,0,13309,906,892,4,14,601368,0.9999767197456466,0.5383055619895458,0.1157321939826943,True,passed,9685490f3c42296ebb4881e79a44a65ce3c6f3a1bce3d1aefad76f68fa15d2a0
count_04_s2609271105,count,4,2609271105,PATH,8,0.6918309709189365,150342,13361,0,0,12536,825,814,4,11,601368,0.9999817083715795,0.5026547929737717,0.12187139596790075,True,passed,0878e27811e184ad08eda4ec44d59b3f2457efa80d8ee06ca94e565840a4d781
count_04_s2609271105,count,4,2609271105,PATH,9,0.660693448007596,150342,14799,0,0,13866,933,922,4,11,601368,0.9999817083715795,0.5567224530386738,0.13674876996083185,True,passed,7e217ee47cc15ab26c228f255e1ca56369bf1465b9185ef828cc93d0f8bac841
count_04_s2609271105,count,4,2609271105,PATH,10,0.6309573444801932,150342,16292,0,0,15219,1073,1057,4,16,601368,0.9999733939950247,0.607237950025592,0.15252417098963633,True,passed,46bfc846ec26d830fd27adf2ca6a8bb4f3124bfcce2bc684af9590445767a9a0
count_04_s2609271105,count,4,2609271105,PATH,11,0.6025595860743578,150342,17409,0,0,16175,1234,1217,4,17,601368,0.9999717311197137,0.6440306750009768,0.16511312098009512,True,passed,98c2be1525e6e333da1103868f39cdc515768fc39b4ef178432241ad771b4c20
count_04_s2609271105,count,4,2609271105,PATH,12,0.5754399373371569,150342,19099,0,0,17503,1596,1568,4,28,601368,0.9999534394912932,0.7224473989917897,0.1730210219975561,True,passed,da5a637b78e6d40e6adb6490472037b09db638172c7fdefc4741d7d1669ebfd4
count_04_s2609271105,count,4,2609271105,PATH,13,0.5495408738576245,150342,17958,0,0,16682,1276,1259,4,17,601368,0.9999717311197137,0.6663070850190707,0.17584836296737194,True,passed,95758357ceee8a0d80d9e0621943623b13e09d8d366cd1a30177b37f8d334e26
count_04_s2609271105,count,4,2609271105,PATH,14,0.5248074602497725,150342,18116,0,0,16783,1333,1316,4,17,601368,0.9999717311197137,0.6718942890292965,0.17562948202248663,True,passed,f87ad26362fc5845b19278509b7ca174fc4cb95a725c1292ed40407a9f6d382e
count_04_s2609271105,count,4,2609271105,PATH,15,0.5011872336272722,150342,18490,0,0,17070,1420,1403,4,17,601368,0.9999717311197137,0.6853237969917245,0.18019594700308517,True,passed,c91e2aa41cb0de00db9bcac0c77646d234758c266c915eb2ac099fc7cdab2b8e
count_04_s2609271105,count,4,2609271105,PATH,16,0.4786300923226383,150342,18971,0,0,17449,1522,1505,4,17,601368,0.9999717311197137,0.7060565470019355,0.18409676698502153,True,passed,e7acca5e1b57a2a0bad6f578bf9edba445f2dab75ae60764689ae7ba705e6c62
count_04_s2609271105,count,4,2609271105,PATH,17,0.457088189614875,150342,19336,0,0,17707,1629,1612,4,17,601368,0.9999717311197137,0.7204098249785602,0.18752149300416932,True,passed,7ab2e6c15298c746729585ccd67c779d8fbcfb44e6b807032bc2eca72a72a50f
count_04_s2609271105,count,4,2609271105,PATH,18,0.436515832240166,150342,19720,0,0,17973,1747,1730,4,17,601368,0.9999717311197137,0.7403847150271758,0.19286549102980644,True,passed,911113648e5015adc2d8c3d439975cdecfcb7aca5a3665166b7eb08ac33b03c0
count_04_s2609271105,count,4,2609271105,PATH,19,0.4168693834703354,150342,20099,0,0,18179,1920,1900,4,20,601368,0.9999667424937808,0.7496982649900019,0.19779935799306259,True,passed,6ffd10fdf6dedbef72b5385bba20e32148a1ad0a1075ce18c2323c646ef863df
count_04_s2609271105,count,4,2609271105,PATH,20,0.3981071705534972,150342,20757,0,0,18687,2070,2047,4,23,601368,0.999961753867848,0.783229464024771,0.20599562500137836,True,passed,f02e20c0a415c8d8f3070380522d3b9e4a0082c062d8fa9bb8c89a259a39007f
count_04_s2609271105,count,4,2609271105,PATH,21,0.3801893963205612,150342,26950,0,0,24010,2940,2899,5,41,751710,0.9999454576898006,1.0227603809908032,0.21035005297744647,True,passed,633f3dbe4749af1f39ec19116b2c959f3fc9c5471e837f453860f1406353e29f
count_04_s2609271105,count,4,2609271105,PATH,22,0.36307805477010135,150342,21208,0,0,19003,2205,2184,4,21,601368,0.9999650796184699,0.8033386300085112,0.21288693498354405,True,passed,8fa2d778baef12863adaa44b79a379d31608955b1597d54717a4586706f479d9
count_04_s2609271105,count,4,2609271105,PATH,23,0.3467368504525316,150342,21272,0,0,19011,2261,2239,4,22,601368,0.9999634167431589,0.8109996599960141,0.21341603802284226,True,passed,a1c561aed5650b65de8174d8a1a074695c07f9c64258cfc001d678296051eba1
count_04_s2609271105,count,4,2609271105,PATH,24,0.3311311214825911,150342,21484,0,0,19150,2334,2312,4,22,601368,0.9999634167431589,0.8183958670124412,0.21703900501597673,True,passed,518264b2e03f86b9677e3d1c2f03556787a9fdc8ef9e2196213e33933dbe9ec9
count_04_s2609271105,count,4,2609271105,PATH,25,0.31622776601683794,150342,21774,0,0,19352,2422,2400,4,22,601368,0.9999634167431589,0.8295936789945699,0.21701484901132062,True,passed,928ee1150e3195ebc9e5801cb7b5b1a2a56811d27fcabb4d529d1d67ec220327
count_04_s2609271105,count,4,2609271105,PATH,26,0.3019951720402016,150342,21934,0,0,19427,2507,2485,4,22,601368,0.9999634167431589,0.838558874966111,0.22255601698998362,True,passed,5807aaf885e9d574d7d3826982185ffa64d0d16740b55f4dac72646f3c780ac4
count_04_s2609271105,count,4,2609271105,PATH,27,0.28840315031266056,150342,22125,0,0,19534,2591,2568,4,23,601368,0.999961753867848,0.859076157968957,0.22438106103800237,True,passed,d681cfd927f8a07b0eb4fa27c937094d37adcf9046f307d20df8e2bd729fe105
count_04_s2609271105,count,4,2609271105,PATH,28,0.2754228703338166,150342,16945,0,0,14860,2085,2065,3,20,451026,0.9999556566583745,0.6526041750330478,0.22782621200894937,True,passed,0e9ccfdb1a63a292fad78d8ac9b810dc28f9f514a8eb949114a55a56b54d1de2
count_04_s2609271105,count,4,2609271105,PATH,29,0.2630267991895382,150342,22560,0,0,19813,2747,2721,4,26,601368,0.9999567652419151,0.870033563056495,0.23016747401561588,True,passed,298f9b7c169a825810a9554a25750597ae8f4a57755cba6d38a76fc5e89c65f5
count_04_s2609271105,count,4,2609271105,PATH,30,0.251188643150958,150342,22830,0,0,19990,2840,2813,4,27,601368,0.9999551023666041,0.8821467230445705,0.2324124290025793,True,passed,42055886197a4fbdf9552bbdfa143ce0f86bda0a73c616d8f5b3b6f6f70b4b5c
count_04_s2609271105,count,4,2609271105,PATH,31,0.23988329190194904,150342,23184,0,0,20242,2942,2914,4,28,601368,0.9999534394912932,0.8958784859860316,0.23642428097082302,True,passed,011e554c93297331f8b2c7bfac8d210bfb0b9fb1d3e643e6ec20022d3fa993c8
count_04_s2609271105,count,4,2609271105,PATH,32,0.2290867652767773,150342,23695,0,0,20668,3027,2996,4,31,601368,0.9999484508653603,0.9136784179718234,0.23831873503513634,True,passed,c9bfc9ec7c0ab7bf5857754c170a2a1476387571e9b50febb5491554c840d515
count_04_s2609271105,count,4,2609271105,PATH,33,0.21877616239495523,150342,24164,0,0,21038,3126,3095,4,31,601368,0.9999484508653603,0.9268958049942739,0.2409789200173691,True,passed,a82bd34e71ed77428f9198e3f156bd1168b16d0351dd03295cb843cdb66d26ea
count_04_s2609271105,count,4,2609271105,PATH,34,0.20892961308540392,150342,24514,0,0,21316,3198,3159,4,39,601368,0.9999351478628726,0.949753624969162,0.24144189001526684,True,passed,73f66efde28b5270774fa5b08e24cc82e97f34bf0a525cde29b9394095b32ed2
count_04_s2609271105,count,4,2609271105,PATH,35,0.19952623149688797,150342,24964,0,0,21673,3291,3247,4,44,601368,0.9999268334863178,0.9620943859918043,0.24246089800726622,True,passed,5e89e4e62dab1fef7ceee05d1d57f80df7dc8e6bcb74c6d0f0bec98cfd685767
count_04_s2609271105,count,4,2609271105,PATH,36,0.19054607179632474,150342,31266,0,0,27120,4146,4093,5,53,751710,0.9999294940868154,1.2034641279606149,0.24533858499489725,True,passed,06995261711f6553141599dfde1cbb1190da2034b5ff28764bf91713e1d7b304
count_04_s2609271105,count,4,2609271105,PATH,37,0.18197008586099836,150342,31853,0,0,27582,4271,4207,5,64,751710,0.999914860784079,1.2201967709697783,0.24649169895565137,True,passed,fb4dfbb5208a859aed6320daae83ab1ba7d0bfd594307859e2421dc7be546288
count_04_s2609271105,count,4,2609271105,PATH,38,0.17378008287493754,150342,26784,0,0,23194,3590,3512,4,78,601368,0.9998702957257453,1.0225630449713208,0.24766263802303,True,passed,7c672b53ba974749cd2e00d950fb3fca7603cfe53d04a231ba851d4869563011
count_04_s2609271105,count,4,2609271105,PATH,39,0.16595869074375605,150342,30502,0,0,26486,4016,3866,4,150,601368,0.9997505687033563,1.1664172489545308,0.25197628303430974,True,passed,00254445a33eb06b7ad6f9186a3436f9fa1a2f8c0c3e160606acf8020ff5f543
count_04_s2609271105,count,4,2609271105,PATH,40,0.15848931924611134,150342,27671,0,0,23889,3782,3679,4,103,601368,0.9998287238429714,1.0757320560514927,0.2561630900017917,True,passed,203afcd5c56c80816e210daa85e3893586ed7903409dbe60ae986d90d822f1e8
count_04_s2609271105,count,4,2609271105,PATH,41,0.15135612484362082,150342,28389,0,0,24480,3909,3792,4,117,601368,0.999805443588618,1.089068804983981,0.2627191829960793,True,passed,b90e954653e82674e7f37b626c2a96fea7e640a8b5529aed295f19256c185b03
count_04_s2609271105,count,4,2609271105,PATH,42,0.14454397707459277,150342,29151,0,0,25107,4044,3905,4,139,601368,0.9997688603317769,1.1192879480076954,0.26818333100527525,True,passed,db5b7da9177ef97c21c88ac4521c12b5c7b39b762db5e039c1c73afac16c2334
count_04_s2609271105,count,4,2609271105,PATH,43,0.1380384264602885,150342,23480,0,0,20155,3325,3147,3,178,451026,0.9996053442595327,0.9130390579812229,0.28019190998747945,True,passed,7f7ba10b8d46fcf82ef18fc5a9d89afd58458e938e8a7ee8df2040f6db8aa093
count_04_s2609271105,count,4,2609271105,PATH,44,0.1318256738556407,150342,24178,0,0,20683,3495,3276,3,219,451026,0.9995144404092003,0.9365244579967111,0.2895013060187921,True,passed,fa068bffe96fc41fbd722fe2eb06aff97337cf083f44568dbd639c6f6591c7ee
count_04_s2609271105,count,4,2609271105,PATH,45,0.12589254117941673,150342,31853,0,0,27237,4616,4339,4,277,601368,0.9995393835388647,1.2402783159632236,0.2992183400201611,True,passed,57f9f8f0fbb55b44b7fd522d637409eb233392868b20adc5855c9df748ba06d2
count_04_s2609271105,count,4,2609271105,PATH,46,0.12022644346174129,150342,32813,0,0,28005,4808,4476,4,332,601368,0.9994479253967621,1.2764422179898247,0.31202911998843774,True,passed,200c46fd2538022af58d2e1b3f1ff46f233cd0b8f46498c619edf84cba9dbb0e
count_04_s2609271105,count,4,2609271105,PATH,47,0.1148153621496883,150342,26102,0,0,22133,3969,3593,3,376,451026,0.9991663451774399,1.019123230013065,0.3271422279649414,True,passed,10142cba5bf987e5f2e7a1f4171dcd6ccab8bf18a6c14287807020d0fb645795
count_04_s2609271105,count,4,2609271105,PATH,48,0.1096478196143185,150342,36397,0,0,31021,5376,4936,4,440,601368,0.9992683348631786,1.4039472729782574,0.3424464220297523,True,passed,210f29b1d425986d4d718229b46c19907e738e7a36f5dd57724939b213bbc99e
count_04_s2609271105,count,4,2609271105,PATH,49,0.10471285480508996,150342,37062,0,0,31540,5522,5021,4,501,601368,0.9991668994692102,1.4294952310156077,0.35680923296604306,True,passed,61167a30da0844e6ff628bc8566767f49212056a622f51907c664b37601de4a3
count_04_s2609271105,count,4,2609271105,PATH,50,0.1,150342,37898,0,0,32198,5700,5152,4,548,601368,0.9990887443295952,1.4544183280086145,0.36562254501041025,True,passed,a2e7ab0bf8759744d7d745aafbdda37a25fb11ef17dcdc1445833b9fc405d869
count_04_s2609271105,count,4,2609271105,PATH,51,0.09549925860214359,150342,38831,0,0,32955,5876,5282,4,594,601368,0.9990122520652911,1.4828131209942512,0.379825376032386,True,passed,afc1c60ab4471ac183f79d77bc12fb8731087276145f765af45f72f58e4f3062
count_04_s2609271105,count,4,2609271105,PATH,52,0.09120108393559097,150342,39651,0,0,33545,6106,5462,4,644,601368,0.9989291082997432,1.5222206200123765,0.39042937400517985,True,passed,12b948e27e786a8a0620d0f0489163cb7b8d4a92cea98a33b1360a161540c2ad
count_04_s2609271105,count,4,2609271105,PATH,53,0.08709635899560805,150342,30586,0,0,25340,5246,4549,3,697,451026,0.99845463454435,1.2023471100255847,0.3960287079680711,True,passed,f98cc80f726d52d7375b7a2ed72563a4c1af1da2349186a82280efaddc864612
count_04_s2609271105,count,4,2609271105,PATH,54,0.08317637711026708,150342,41069,0,0,34447,6622,5891,4,731,601368,0.9987844381476899,1.6091232250328176,0.4014681129483506,True,passed,d9781b37118a3a1e72fc2aa7685980b4c4cf28e56ed1af3dceacd2861c6e7afb
count_04_s2609271105,count,4,2609271105,PATH,55,0.07943282347242814,150342,44823,4,0,36768,8051,6573,4,1478,601368,0.9975422702904045,1.7724773950176314,0.40541705198120326,True,passed,2064fdb98011d7137699c5946b966decb13be6fd0976adb4dbfc802c6403bd59
count_04_s2609271105,count,4,2609271105,PATH,56,0.07585775750291836,150342,43005,7,0,35676,7322,6523,4,799,601368,0.9986713626265448,1.665832730999682,0.4102958849980496,True,passed,4b074f5dfb6b688d1ea6c24f9d65424c8101d83dda8aaff64d1bf12860ed6e93
count_04_s2609271105,count,4,2609271105,PATH,57,0.07244359600749903,150342,44441,30,0,36777,7634,6816,4,818,601368,0.9986397679956366,1.7256217349786311,0.4131740139564499,True,passed,9a07e0e365083f6697be9fb3470f6a933855072f59beaa7d655b194b66e23b0c
count_04_s2609271105,count,4,2609271105,PATH,58,0.06918309709189366,150342,53208,102,0,44067,9039,7410,4,1629,601368,0.99729117611845,2.0477493320358917,0.4193945630104281,True,passed,046370bb778a85a59a684139d5ee73260c0bd4a2552836f2bbb26d8ee8bc94b0
count_04_s2609271105,count,4,2609271105,PATH,59,0.06606934480075961,150342,49936,94,0,41072,8770,7750,4,1020,601368,0.9983038671828232,1.93224402499618,0.4304715990438126,True,passed,f49333fb190d34ca082f489b48f6306a1a4c0f9445273e0e2aabfd79753e2ef8
count_04_s2609271105,count,4,2609271105,PATH,60,0.06309573444801933,150342,53924,217,0,44461,9246,8193,4,1053,601368,0.9982489922975616,2.051571668998804,0.4320706260041334,True,passed,05cce8c7a8e5bff21bf3a775024551c9e381ec541658b348108c64b34af36f18
count_04_s2609271105,count,4,2609271105,PATH,61,0.06025595860743578,150342,59130,438,0,48957,9735,8649,4,1086,601368,0.9981941174122999,2.2099345029564574,0.438909771037288,True,passed,67c3703ab5c35ccdc0c0b64ef953af1116f08649a13c5c59edb6cfabff1a51e1
count_04_s2609271105,count,4,2609271105,PATH,62,0.057543993733715694,150342,65568,789,0,54437,10342,9211,4,1131,601368,0.9981192880233068,2.40216015704209,0.4490733400452882,True,passed,f61e40c45a5e8dc1f2df8bca6f112815cceee7aef20899323efb849847a9c3ff
count_04_s2609271105,count,4,2609271105,PATH,63,0.054954087385762455,150342,71721,1220,0,59528,10973,9790,4,1183,601368,0.9980328185071371,2.577030365995597,0.46429077099310234,True,passed,4d06b74a5da7eb1f74e03bd8bbe80d50952a22f13b6638679f5d006014bac2cb
count_04_s2609271105,count,4,2609271105,PATH,64,0.05248074602497726,150342,79265,1887,0,65631,11747,10484,4,1263,601368,0.9978997884822605,2.801597839978058,0.4729703009943478,True,passed,420af87f07993b4265a9cc821f1d7b14685a6e9592b995ccefffc7fb950c32cb
count_04_s2609271105,count,4,2609271105,PATH,65,0.05011872336272722,150342,88885,2891,0,73210,12784,11407,4,1377,601368,0.9977102206968113,3.0848074549576268,0.48453906999202445,True,passed,355c73e0b01b7603b48a44460998ab8ba7d6cd770d6f8e014097b531bf93dd42
count_04_s2609271105,count,4,2609271105,PATH,66,0.047863009232263824,150342,100649,4320,0,82224,14105,12580,4,1525,601368,0.9974641151507896,3.4078699100064114,0.5041843020007946,True,passed,6a3875e0f5f4ecbd18622bde69ce88e13bfb154bdabc9c6ff927b80c5f0221fd
count_04_s2609271105,count,4,2609271105,PATH,67,0.04570881896148749,150342,115474,6475,0,93282,15717,14020,4,1697,601368,0.9971781005973048,3.805800004978664,0.5305603860178962,True,passed,efc1add48c9d8c09c69b0b0f582abe1a0a5fd40b4aeec3f6f4efe975cb4cdaba
count_04_s2609271105,count,4,2609271105,PATH,68,0.043651583224016584,150342,130486,8991,0,103963,17532,15657,4,1875,601368,0.9968821087919544,4.232764636981301,0.5566554050310515,True,passed,9c350142b34fffa064ad48c80d78f9ae9030f783f682d93dafe09c0887bf2167
count_04_s2609271105,count,4,2609271105,PATH,69,0.04168693834703355,150342,145003,11687,0,113633,19683,17583,4,2100,601368,0.9965079618469889,4.612940174003597,0.580024869996123,True,passed,ef93ea752ca093f3be6eb25a617481f19899ac71fd3e872dfc8b5792d73cf37c
count_04_s2609271105,count,4,2609271105,PATH,70,0.039810717055349734,150342,157637,14065,0,121367,22205,19858,4,2347,601368,0.9960972316451823,4.980014379951172,0.6160159729770385,True,passed,e11043de3e83a341e53f42557b49a90b655d4d751563b709dd3ae563fbd3cf2c
count_04_s2609271105,count,4,2609271105,PATH,71,0.038018939632056124,150342,280102,31146,0,207678,41278,36077,5,5201,751710,0.9930811084061673,8.608765907993075,0.6640898599871434,True,passed,d9423ec9ef182ae9a17908653b4ae41f789005fc13ec54d4dfcfce5c520e7d23
count_04_s2609271105,count,4,2609271105,PATH,72,0.03630780547701014,150342,175258,16450,0,130478,28330,25287,4,3043,601368,0.9949398704287558,5.5833633479778655,0.7173811130342074,True,passed,153855dd45304493d8d00cf90d7b5f87dbc661ae51b82a731e716a5e193bde0f
count_04_s2609271105,count,4,2609271105,PATH,73,0.034673685045253165,150342,297637,33646,0,209164,54827,47950,5,6877,751710,0.9908515251892352,9.434184490994085,0.7767404550104402,True,passed,3e89e89691056901e84782b1d28ee80ef3ef9b263dd3a4f254c68087af5e29b5
count_04_s2609271105,count,4,2609271105,PATH,74,0.03311311214825911,150342,331432,38541,0,227660,65231,56849,5,8382,751710,0.9888494233148422,10.552829078980722,0.8551640490186401,True,passed,fc3182146e716ce278eee6d8702bc2ab61d5b2133a52def4d9fb0bba64ebe48c
count_04_s2609271105,count,4,2609271105,PATH,75,0.03162277660168379,150342,209295,19903,0,148241,41151,36236,4,4915,601368,0.991826967846643,6.830756340001244,0.9472002640250139,True,passed,a08d79a35a77186616195da559bac67abd4ca2c556ac0c30e9a1d85813cc4a1e
count_04_s2609271105,count,4,2609271105,PATH,76,0.03019951720402016,150342,225264,22278,0,157751,45235,39306,4,5929,601368,0.9901408122813319,7.337944857019465,1.062668365018908,True,passed,d3ac449506c1aefbf50b5e4ce2517408afaf2d8fc78e88371a4df4fa670975e8
count_04_s2609271105,count,4,2609271105,PATH,77,0.028840315031266057,150342,395002,54552,0,251923,88527,74083,5,14444,751710,0.9807851432068218,12.60239894199185,1.1889632319798693,True,passed,1f4774a6347b01e31956113bc9e32ffd1d6b8499fa324c18d4f90e0b83ea9d8f
count_04_s2609271105,count,4,2609271105,PATH,78,0.02754228703338166,150342,399206,57797,0,252055,89354,72116,5,17238,751710,0.9770682843117692,12.638152284023818,1.3089964339742437,True,passed,d3e3cedfeccc3d06356d4f6eae873fe1dbec882125961f14bf0b21a4361a6d87
count_04_s2609271105,count,4,2609271105,PATH,79,0.026302679918953815,150342,311688,43662,0,209839,58187,47164,4,11023,601368,0.9816701254473135,9.552765078959055,1.454277471988462,True,passed,fbe2ca1efb2bcbfc45b3ac38fcb24c71e3594f8c5a1a34d209bbe000b7fb1c65
count_04_s2609271105,count,4,2609271105,PATH,80,0.025118864315095794,150342,336422,52286,0,223153,60983,47430,4,13553,601368,0.9774630509105905,10.083990264043678,1.6398825169890188,True,passed,1574a10f5721ae506893f54c02550c7fa0c1c1fd8e8ff14105a75e0a2ff985ce
count_04_s2609271105,count,4,2609271105,PATH,81,0.023988329190194897,150342,361619,62126,0,235454,64039,47519,4,16520,601368,0.9725292998629791,10.649377528985497,1.8159263289999217,True,passed,6b17826e0174fb71f1bad34c481e70ce0dfbf39832383769c85725b7a04261d9
count_04_s2609271105,count,4,2609271105,PATH,82,0.022908676527677734,150342,398552,76294,0,252621,69637,49615,4,20022,601368,0.9667059105240052,11.426611010974739,2.011485698982142,True,passed,62400add8961aab74596ff6f6c8a790ead57229068f709182bbab170afa52c26
count_04_s2609271105,count,4,2609271105,PATH,83,0.02187761623949553,150342,442545,95365,0,264697,82483,58255,4,24228,601368,0.9597118569661173,12.571647987002507,2.2540783240110613,True,passed,bacb72c0d19f38e18246bad51a21f2c9b60fe5953b83053c1d763bdaffbfc444
count_04_s2609271105,count,4,2609271105,PATH,84,0.020892961308540396,150342,483971,115427,1,275880,92663,64243,4,28420,601368,0.9527410836625827,13.36909785401076,2.4847159649943933,True,passed,b8ce648c198b97a036bb40f791484415604fc239cca9ec9afb2d85293cf24065
count_04_s2609271105,count,4,2609271105,PATH,85,0.0199526231496888,150342,755353,232864,2,365809,156678,92238,5,64440,751710,0.9142754519695095,19.795129061036278,2.6742122400319204,True,passed,0ac6259682e8c6d7ddcda498238fccde2480c6339d245712015989d20e528be2
count_04_s2609271105,count,4,2609271105,PATH,86,0.019054607179632473,150342,807558,265967,2,366669,174920,102646,5,72274,751710,0.9038538798206756,20.877662870974746,2.831075844995212,True,passed,ba70b8501ea59dfab3c47e10ba914d2d469a3509fb9690f130de1505ff086f3d
count_04_s2609271105,count,4,2609271105,PATH,87,0.018197008586099836,150342,700809,194801,2,342647,163359,120256,5,43103,751710,0.9426600683774328,19.42686391097959,2.990088742983062,True,passed,69da0b738798c940fb79ee8def96361083c7b89f54c5d091e42ba3a55187ae43
count_04_s2609271105,count,4,2609271105,PATH,88,0.017378008287493755,150342,1016922,354131,4,395506,267281,177400,6,89881,902052,0.9003594027838749,26.992147024953738,3.1202477329643443,True,passed,932bdb549a501137da6b37638e4c9997cd224925214f3337be697cb36ed001b5
count_04_s2609271105,count,4,2609271105,PATH,89,0.016595869074375606,150342,924899,351928,6,309050,263915,168683,5,95232,751710,0.8733128467095024,24.30670407600701,3.226678823994007,True,passed,07886a337719210745fb62e0d426af8292066c2af9d31b7941cb38db9551ff1c
count_04_s2609271105,count,4,2609271105,PATH,90,0.015848931924611134,150342,1079071,402103,12,340575,336381,226658,6,109723,902052,0.8783628881705268,29.30823582399171,3.3241162300109863,True,passed,dbdbd10735e42d77533ec4c817ebf84ef570c4dde957b4c8c2e89b96fdb91f28
count_04_s2609271105,count,4,2609271105,PATH,91,0.01513561248436208,150342,1126744,435607,20,317334,373783,245598,6,128185,902052,0.8578962188432596,30.755432014004327,3.439155441999901,True,passed,399e745989f8e2da777db9cbf6b31c723c036068c77b0fb8322da0296703c92b
count_04_s2609271105,count,4,2609271105,PATH,92,0.014454397707459272,150342,1116496,430268,32,284818,401378,259358,6,142020,902052,0.8425589655585266,31.463213281007484,3.521399079996627,True,passed,a97ae4a92d7d5bf3d26befa5444198aeeb6afb738be8a7731dab66d85aea18f4
count_04_s2609271105,count,4,2609271105,PATH,93,0.013803842646028845,150342,1126529,437395,40,269118,419976,260359,6,159617,902052,0.8230512209939116,32.02994755102554,3.594232481031213,True,passed,20b2df7e5ba27ee13bc692693c8aa44850e3746e1b6ad72703cf912c04a4fab8
count_04_s2609271105,count,4,2609271105,PATH,94,0.013182567385564075,150342,1258172,523510,44,281235,453383,255436,6,197947,902052,0.7805592138812396,34.3981290620286,3.7172453990206122,True,passed,538792887ac44290a6bbb178263799413cf8ad77eecdc92a9d9f39effb5b8311
count_04_s2609271105,count,4,2609271105,PATH,95,0.012589254117941675,150342,1294379,547455,48,279407,467469,245237,6,222232,902052,0.7536372625968348,35.287533266993705,3.7415657159872353,True,passed,c7c422bc8124dd70a867728a5aca967190a1153d55b495700cac9842df217033
count_04_s2609271105,count,4,2609271105,PATH,96,0.012022644346174132,150342,1385561,611147,52,270512,503850,243774,6,260076,902052,0.7116840270849131,37.078083719010465,3.8321390480268747,True,passed,b7ba0db4331a86f669f0d5de2006404c4305a492ad7e8fdb9857d9a02631abe0
count_04_s2609271105,count,4,2609271105,PATH,97,0.01148153621496883,150342,1340288,578677,50,276138,485423,215768,6,269655,902052,0.7010649053491373,36.29422977700597,3.8885063129710034,True,passed,69391bb5b5866d0c57d30236ac696651ad50f86d144622631c8e7b882bb824e5
count_04_s2609271105,count,4,2609271105,PATH,98,0.01096478196143185,150342,1427201,642505,52,256491,528153,212216,6,315937,902052,0.6497574419213084,38.1927647110424,3.9479041709564626,True,passed,96c5eda913095d4b8665c5ba74f9616734e483ef1f48383038db5b19ee351ca4
count_04_s2609271105,count,4,2609271105,PATH,99,0.010471285480508996,150342,1421626,637343,52,263357,520874,194938,6,325936,902052,0.6386727150984643,38.1294533140026,4.002363199950196,True,passed,78849607ec6c22e428b55b334cc428ecd0a93323fcdbd2a1a17f812ce89a2611
count_04_s2609271105,count,4,2609271105,PATH,100,0.01,150342,1404082,623716,50,270738,509578,181477,6,328101,902052,0.6362726317329821,37.59663864702452,4.105186644010246,True,passed,3f2b2f7e96a99c5e5de42e28352445fb41206ff120ec577fd5bc54b48430ead6
count_08_s2609271101,count,8,2609271101,PATH,0,1.0,414642,0,0,0,0,0,0,0,0,0,,0.018860722018871456,0.3286106300074607,True,passed,2e24cddb76cd923ef01586e2f2513e80891725bf1c560c61f8a6d8feb34031bd
count_08_s2609271101,count,8,2609271101,PATH,1,0.954992586021436,414642,122169,0,0,110881,11288,11116,4,172,1658568,0.9998962960819213,4.718970426009037,0.3982221480109729,True,passed,d8be69a4ad0a9893a58b3d32b48a2ab96edfe7677cd78492b52ecd35b0a0af51
count_08_s2609271101,count,8,2609271101,PATH,2,0.9120108393559098,414642,92048,0,0,84469,7579,7499,4,80,1658568,0.9999517656194983,3.5816607479937375,0.5402000130270608,True,passed,dab54c380c9eef797cb11322c3411a1efefef19bf10a65219f2edbd88e512a56
count_08_s2609271101,count,8,2609271101,PATH,3,0.8709635899560807,414642,115358,0,0,105202,10156,10006,4,150,1658568,0.9999095605365592,4.471823719970416,0.7279940530424938,True,passed,9396871e362e7b798d34c1b72698d76895ca0863c7d762c61687a1ffafafc1e3
count_08_s2609271101,count,8,2609271101,PATH,4,0.831763771102671,414642,141407,0,0,128217,13190,12898,4,292,1658568,0.9998239445111686,5.484717251965776,0.9326128130196594,True,passed,1db3797d88d7776b49731eebabc3a9cb5a080a82d898717320a0ce19bd28b28d
count_08_s2609271101,count,8,2609271101,PATH,5,0.7943282347242815,414642,209609,0,0,185255,24354,23479,4,875,1658568,0.9994724364632623,8.24334775499301,1.0454636179492809,True,passed,697bd2e9091ab8aaee121bd9c54bcf41da358f1daa1e664a24d118c120c0e798
count_08_s2609271101,count,8,2609271101,PATH,6,0.7585775750291838,414642,155869,0,0,141385,14484,14280,4,204,1658568,0.9998770023297205,6.015372638008557,1.161042688996531,True,passed,d5b3379307e2a4d4a611dd120efce681409a757b7d8e5a7871918de0842e444d
count_08_s2609271101,count,8,2609271101,PATH,7,0.72443596007499,414642,172251,0,0,155399,16852,16572,4,280,1658568,0.999831179668244,6.666730266006198,1.2952728000236675,True,passed,9518b57d6254f581b7cb93d5c9482215549e857eef2e875c678abd1ca7534b00
count_08_s2609271101,count,8,2609271101,PATH,8,0.6918309709189365,414642,187982,0,0,168354,19628,19222,4,406,1658568,0.9997552105189537,7.301722585980315,1.4154920899891295,True,passed,76fcfaafbf06929a8490990853b4999887f30efe20a2d069d81cb90883509f29
count_08_s2609271101,count,8,2609271101,PATH,9,0.660693448007596,414642,165893,0,0,146006,19887,19291,3,596,1243926,0.9995208718203494,6.470226273988374,1.5410216799937189,True,passed,747e2634695e298d3d9285295206009290b81cc0280eb9510d0c07a7afdad300
count_08_s2609271101,count,8,2609271101,PATH,10,0.6309573444801932,414642,263565,0,0,228050,35515,34226,4,1289,1658568,0.9992228235441658,10.447134343034122,1.62552051799139,True,passed,9b1cd6559c5ddba370ce63b5aa97e01eac3cef6ee20c02a173ab87859e94986b
count_08_s2609271101,count,8,2609271101,PATH,11,0.6025595860743578,414642,248600,0,0,220747,27853,27535,5,318,2073210,0.9998466146700045,9.705327616014984,1.691424830001779,True,passed,8268bd691130471b4e133f7d6a234aae99de8ee638c48edb40cf7eb8cbe3194d
count_08_s2609271101,count,8,2609271101,PATH,12,0.5754399373371569,414642,218360,0,0,192258,26102,25737,4,365,1658568,0.9997799306389609,8.54957930004457,1.7734777180012316,True,passed,0254b69f588f651e1f2e60f0dd1365319899fd86e5daf930eb7bb9257317c7ae
count_08_s2609271101,count,8,2609271101,PATH,13,0.5495408738576245,414642,228881,0,0,200440,28441,28013,4,428,1658568,0.9997419460643158,9.030849531991407,1.8768354979692958,True,passed,f2fc0a7e8925bb7df76649a1446dbdf60cb45e88f22e7cd78de84dadc8e22a07
count_08_s2609271101,count,8,2609271101,PATH,14,0.5248074602497725,414642,240049,0,0,208846,31203,30664,4,539,1658568,0.9996750208613696,9.453189102001488,2.0036867859889753,True,passed,8bb95ef07251a59554922704de999a11fc7d34546e026c2c22c9d3358f397d21
count_08_s2609271101,count,8,2609271101,PATH,15,0.5011872336272722,414642,296325,0,0,252227,44098,42804,4,1294,1658568,0.9992198088953844,11.86424534599064,2.145626973011531,True,passed,9db31f95a718c682fa6666df660db20429fdb0eee35a5eade2b093c1a56bcd3d
count_08_s2609271101,count,8,2609271101,PATH,16,0.4786300923226383,414642,301482,0,0,258211,43271,42392,4,879,1658568,0.9994700247442372,11.990116922010202,2.264798926014919,True,passed,39f4c720f753b8950f5633e86b100b23a57f3d31ce65847403bd64aa8fe5c3de
count_08_s2609271101,count,8,2609271101,PATH,17,0.457088189614875,414642,360291,0,0,311505,48786,48169,5,617,2073210,0.9997023938723043,14.331845498003531,2.4147081849514507,True,passed,00bc59300cc10b03fb81ce89b479b3097e6babc41a79c89a8ba95736136181fd
count_08_s2609271101,count,8,2609271101,PATH,18,0.436515832240166,414642,286292,0,0,245978,40314,39699,4,615,1658568,0.9996291981998929,11.363135017978493,2.596628953993786,True,passed,9ed589a094457d11bb8cec6363451973f5765d7e7a9b05f5497e629641e04b7d
count_08_s2609271101,count,8,2609271101,PATH,19,0.4168693834703354,414642,388378,0,0,328570,59808,58598,5,1210,2073210,0.999416363995929,15.512037709006108,2.7258703539846465,True,passed,e0108294e5e9e745ce30cc9a7af3ce8940d5ca87e4f589bc6038c45b48d6f47c
count_08_s2609271101,count,8,2609271101,PATH,20,0.3981071705534972,414642,397316,0,0,337550,59766,58813,5,953,2073210,0.9995403263538185,15.781764124985784,2.8465857489500195,True,passed,acbcdee76103bf591a98077a925647b3c4482bd7e7019e9588ac3d1b8d39c409
count_08_s2609271101,count,8,2609271101,PATH,21,0.3801893963205612,414642,401315,0,0,344320,56995,56469,5,526,2073210,0.9997462871585608,15.838198354991619,2.9106896439916454,True,passed,424fc94a46b9230198fc15824dca289019190f14b8de6eab280c8d0d96922629
count_08_s2609271101,count,8,2609271101,PATH,22,0.36307805477010135,414642,311998,0,0,269710,42288,42043,4,245,1658568,0.9998522822097134,12.292879022017587,2.962204656971153,True,passed,4a80f4aa96495f47bc3780950a678767d688db6e1a2807f5ee48bd4ef7ff5e74
count_08_s2609271101,count,8,2609271101,PATH,23,0.3467368504525316,414642,339708,0,0,290239,49469,49033,4,436,1658568,0.9997371226262656,13.477820775995497,3.0353748420020565,True,passed,425199684ade7626793ac2345a49e4a05b09f7b648b1b1f7113f79836b11503c
count_08_s2609271101,count,8,2609271101,PATH,24,0.3311311214825911,414642,342544,0,0,293372,49172,48803,4,369,1658568,0.9997775189199357,13.513927227992099,3.1001680030021816,True,passed,3de1664aafb8c61e5cd3a045ed03da69adcc0069ec32283bac4d8c6a0c15643c
count_08_s2609271101,count,8,2609271101,PATH,25,0.31622776601683794,414642,330397,0,0,285337,45060,44842,4,218,1658568,0.9998685613131327,12.914983715978451,3.1763336660224013,True,passed,12821fc5d836084a65cd7590b2c75563bd3f991101c57ae7e4497688aef91284
count_08_s2609271101,count,8,2609271101,PATH,26,0.3019951720402016,414642,410733,0,0,354995,55738,55504,5,234,2073210,0.9998871315496259,16.03626801201608,3.222433903021738,True,passed,891f8e1b2f0c1587097c012347936633a0827570eb0d8556d8c6da261dd0a20f
count_08_s2609271101,count,8,2609271101,PATH,27,0.28840315031266056,414642,338830,0,0,291737,47093,46866,4,227,1658568,0.9998631349453263,12.994897077034693,3.473385930992663,True,passed,eab7d8d8b60707d76897391af69594041faa253939b0734f223ca2cfb4965417
count_08_s2609271101,count,8,2609271101,PATH,28,0.2754228703338166,414642,421659,0,0,363328,58331,58083,5,248,2073210,0.9998803787363557,16.426875085977372,3.3508846539771184,True,passed,aea7a3f42dff969ca7a5bc10c6d3c1e1ce232b666c7dfd7b6980a90ae68f9e9a
count_08_s2609271101,count,8,2609271101,PATH,29,0.2630267991895382,414642,356999,0,0,302510,54489,54063,4,426,1658568,0.9997431519238282,14.19234669697471,3.412702913978137,True,passed,017fbd0f2d1dadbd6f42b0f57a68919a96b1d223c859038eaf14bc73e2d94593
count_08_s2609271101,count,8,2609271101,PATH,30,0.251188643150958,414642,429945,0,0,369278,60667,60391,5,276,2073210,0.9998668731098153,16.917016941995826,3.4645528969704174,True,passed,a3b649228c157b6e8acefa2cab0345ae18f9c0b28caaf87e5818bb23409a4261
count_08_s2609271101,count,8,2609271101,PATH,31,0.23988329190194904,414642,351669,0,0,300668,51001,50724,4,277,1658568,0.9998329884575128,13.775964771979488,3.5295715919928625,True,passed,9c8b6df148ec39010b2333b629472b117b9ca74edc02dfa9270dcc273c3bd468
count_08_s2609271101,count,8,2609271101,PATH,32,0.2290867652767773,414642,363204,0,0,309130,54074,53760,4,314,1658568,0.9998106800565307,14.26497639802983,3.5810711180092767,True,passed,b78d757e96816ac96768247d92e631197b7065e0645daac54887a591c2572329
count_08_s2609271101,count,8,2609271101,PATH,33,0.21877616239495523,414642,366043,0,0,310700,55343,54997,4,346,1658568,0.99979138630433,14.455291418009438,3.6369819110259414,True,passed,22c425a0a901d117ff316948cf813eebc2f9ecfae5395db88e3467fcf0d7851d
count_08_s2609271101,count,8,2609271101,PATH,34,0.20892961308540392,414642,456927,0,0,388334,68593,68200,5,393,2073210,0.9998104388846282,17.94861595495604,3.680150419007987,True,passed,56120572f510a99ec595ef0181f070a3ed697e20968d09d8105b674231efeb16
count_08_s2609271101,count,8,2609271101,PATH,35,0.19952623149688797,414642,372663,0,0,314137,58526,58109,4,417,1658568,0.9997485782916347,14.773539151006844,3.753948562021833,True,passed,75e8382de65a1606b78f09af2555908d108ac3cf4c6467098d39236b5e70b42c
count_08_s2609271101,count,8,2609271101,PATH,36,0.19054607179632474,414642,464986,1,0,392648,72337,71858,5,479,2073210,0.9997689573173967,18.483181562973186,3.8123557469807565,True,passed,ede9b169ad5951d0ce328a3563bed95c22107c2e2a0a663c5589ff2c72c04a48
count_08_s2609271101,count,8,2609271101,PATH,37,0.18197008586099836,414642,378304,1,0,316024,62279,61749,4,530,1658568,0.999680447229176,15.095125337014906,3.8650137140066363,True,passed,53e3f0923fe79011eb7f1269613035b8a690e26dd11ead6cb036b4e5e36e5987
count_08_s2609271101,count,8,2609271101,PATH,38,0.17378008287493754,414642,380840,1,0,315782,65057,64454,4,603,1658568,0.9996364333569682,15.391535222996026,3.8992317529628053,True,passed,286013c360258694eab528c66c0d8e4c6b09b267c88ca6064c8f6c554b4ce648
count_08_s2609271101,count,8,2609271101,PATH,39,0.16595869074375605,414642,383309,1,0,315935,67373,66682,4,691,1658568,0.9995833755384163,15.439754237013403,3.9432105870218948,True,passed,af61a62961d45a9a7243eefbe53b0faf197fc1d565ed81e1003971a5203a2b1e
count_08_s2609271101,count,8,2609271101,PATH,40,0.15848931924611134,414642,384591,2,0,315796,68793,68044,4,749,1658568,0.9995484056125525,15.546420032973401,3.995028344041202,True,passed,6dcd8af4d206763ec345c476a1d2a3b47e62e4a21fe23056c3919c30e8c7bb5d
count_08_s2609271101,count,8,2609271101,PATH,41,0.15135612484362082,414642,387190,4,0,315335,71851,70990,4,861,1658568,0.99948087747985,15.773581573972479,4.049485916038975,True,passed,db85520d444c52f55c7b2e8a1891e75a200ac610fd176948ebe6ed31d5bc88c7
count_08_s2609271101,count,8,2609271101,PATH,42,0.14454397707459277,414642,388625,7,0,313494,75124,74118,4,1006,1658568,0.9993934526651906,15.897601896955166,4.087186427030247,True,passed,f3701e00cc5b02b7a8964553650ff367c4241265f7c13930256131a72f4d6b0e
count_08_s2609271101,count,8,2609271101,PATH,43,0.1380384264602885,414642,391355,44,0,297261,94050,91878,4,2172,1658568,0.998690436569378,16.743089750001673,4.136543880042154,True,passed,5a1975f7718c4fa1b0828e2d764d6df5bef6eece8c2368e4b4143243f627ec5f
count_08_s2609271101,count,8,2609271101,PATH,44,0.1318256738556407,414642,391458,39,0,309688,81731,80419,4,1312,1658568,0.9992089561597716,16.250250677985605,4.140088954998646,True,passed,97a5dc27e98efa547be3be72dbbf9d602bc1a67d66d9caa2331b06738bb33fe7
count_08_s2609271101,count,8,2609271101,PATH,45,0.12589254117941673,414642,393063,76,0,308041,84946,83409,4,1537,1658568,0.9990732969646104,16.514813376998063,4.188240996969398,True,passed,8452267c990a16fedd91614c923fff6033276814d26bc59508e85a2bc7463bf5
count_08_s2609271101,count,8,2609271101,PATH,46,0.12022644346174129,414642,394347,119,0,306299,87929,86098,4,1831,1658568,0.9988960356162666,16.63511939998716,4.2097547730081715,True,passed,d8e8942c36e140859f71ccc2c32ee91589e2d8937fe9bfb2af8c8178c787be17
count_08_s2609271101,count,8,2609271101,PATH,47,0.1148153621496883,414642,395856,202,0,305177,90477,88367,4,2110,1658568,0.9987278182142668,16.763814351987094,4.25799634505529,True,passed,a6c9593626fe1bbb6b65960cc9f4c0eb57ef1370a94f057c35e83822783d6a8a
count_08_s2609271101,count,8,2609271101,PATH,48,0.1096478196143185,414642,403026,600,0,288087,114339,109689,4,4650,1658568,0.9971963766333367,18.00429059396265,4.270786551991478,True,passed,aec138e78078a5be9997e95c7c96c436840a47ab0f849e85a829c34cb6f75960
count_08_s2609271101,count,8,2609271101,PATH,49,0.10471285480508996,414642,398505,415,0,305088,93002,90236,4,2766,1658568,0.9983322962941525,16.929185424000025,4.291939851013012,True,passed,e8730600b526a141f82dadde3c9a026ed231d0db7b8e1f8edc921770605af285
count_08_s2609271101,count,8,2609271101,PATH,50,0.1,414642,409224,1168,0,290240,117816,111774,4,6042,1658568,0.9963570984126066,18.35353533597663,4.341374926967546,True,passed,3a43289cd4d6a109402ac6c10345c10636e781be96c67957a72e978a9e42b41d
count_08_s2609271101,count,8,2609271101,PATH,51,0.09549925860214359,414642,402726,751,0,302565,99410,95857,4,3553,1658568,0.9978577905759667,17.36467940500006,4.349806478014216,True,passed,8f4d3ff92af8d67936c7caecc6847cfd1aaa907c9d7a35d6adac8af97afe1fe8
count_08_s2609271101,count,8,2609271101,PATH,52,0.09120108393559097,414642,407824,1076,0,291374,115374,110715,4,4659,1658568,0.9971909502655303,18.18106481601717,4.395609408034943,True,passed,898d7f3d2f18f8e8580e07a5d053f283cea1ce6e309ecaa1180154a8dc691063
count_08_s2609271101,count,8,2609271101,PATH,53,0.08709635899560805,414642,409259,1295,0,301446,106518,101958,4,4560,1658568,0.9972506403114012,17.875434761983342,4.439882523030974,True,passed,b703d03778e960466a02f807942f5f485ab12b3d4aa18183dba09499523db7f9
count_08_s2609271101,count,8,2609271101,PATH,54,0.08317637711026708,414642,414046,1646,0,302711,109689,104591,4,5098,1658568,0.996926264102527,18.123501121997833,4.435418748995289,True,passed,f273f137f5305f3926c7a10679574a39452b2b4a93fb4d0a42e83b02cf7f0f62
count_08_s2609271101,count,8,2609271101,PATH,55,0.07943282347242814,414642,422592,2243,0,297526,122823,116731,4,6092,1658568,0.9963269519247929,18.874058863031678,4.487675138982013,True,passed,4cb490a8a3e003b0a7b1494748226c5fac2a134a3727a331808372ed5e0878e1
count_08_s2609271101,count,8,2609271101,PATH,56,0.07585775750291836,414642,462410,5702,0,324931,131777,119278,4,12499,1658568,0.9924639809763603,20.44113974296488,4.5477410779567435,True,passed,d54a30d2dfc208ac3d6bbe2dd430f18cf41a5124089c77ee8a208ec668b9f769
count_08_s2609271101,count,8,2609271101,PATH,57,0.07244359600749903,414642,478323,7117,0,334413,136793,122792,4,14001,1658568,0.9915583804824403,20.925348115968518,4.598183398018591,True,passed,686975dd4c54ebf71f1193573745d6b0922b8f276fb6839f9c16ae43ed851fe2
count_08_s2609271101,count,8,2609271101,PATH,58,0.06918309709189366,414642,447075,4443,0,309441,133191,124970,4,8221,1658568,0.9950433144736905,20.00766289094463,4.673982357955538,True,passed,7a90d31a5708df7f177a840f74514ae1bb95c53a2443228faad9262e273ec905
count_08_s2609271101,count,8,2609271101,PATH,59,0.06606934480075961,414642,457011,5505,0,313349,138157,128686,4,9471,1658568,0.994289652278351,20.32028254296165,4.784252871002536,True,passed,15a3c86f45ff5da897b81f9e8dea9e72b121907e06e711d01bf79e5fedcf8589
count_08_s2609271101,count,8,2609271101,PATH,60,0.06309573444801933,414642,469165,6689,0,316834,145642,134559,4,11083,1658568,0.993317729511241,20.994865868997294,4.853961059998255,True,passed,27994b4a9e6871531d533346de3f4ca2035578c9352a9e420e6f9a7c42b04bb6
count_08_s2609271101,count,8,2609271101,PATH,61,0.06025595860743578,414642,674392,16366,0,451790,206236,180183,5,26053,2073210,0.9874334968478833,29.692209696979262,4.97048638103297,True,passed,13dc2f9708db02aa6ae5e1e675796904b231545c3239549e13ea186c894d43b1
count_08_s2609271101,count,8,2609271101,PATH,62,0.057543993733715694,414642,522361,11340,0,347784,163237,146777,4,16460,1658568,0.9900757762117682,23.09003575699171,5.111288723011967,True,passed,f9acdb350090f77b60ac0d9a36511bed0a57fd63c2c9df6c63c873bd0a26b722
count_08_s2609271101,count,8,2609271101,PATH,63,0.054954087385762455,414642,798185,28209,0,538660,231316,194856,5,36460,2073210,0.9824137448690677,33.72093724599108,5.276341940974817,True,passed,dd058daefedd69ab1778c88ff2ae11f3cfee5d475d779808bb4c7ed7bec645d9
count_08_s2609271101,count,8,2609271101,PATH,64,0.05248074602497726,414642,892333,38917,0,605608,247808,203239,5,44569,2073210,0.9785024189541822,36.79185809602495,5.338972671015654,True,passed,1c4b603823a14356ee54870540710fa55976fee08910f06e561c9abd84b5f883
count_08_s2609271101,count,8,2609271101,PATH,65,0.05011872336272722,414642,969364,50320,0,655515,263529,211018,5,52511,2073210,0.9746716444547344,39.35011670301901,5.511004802014213,True,passed,285a14f9dead3450c9a0f2a352d80358f9fe5a01c1c1223214d61725fa0ba568
count_08_s2609271101,count,8,2609271101,PATH,66,0.047863009232263824,414642,1030744,61818,0,688684,280242,219268,5,60974,2073210,0.9705895688328727,41.39638654602459,5.605465350032318,True,passed,8e7b813af525cd88443ec53376af182119fc0c7913ac6c4a231545e9ca5dcb05
count_08_s2609271101,count,8,2609271101,PATH,67,0.04570881896148749,414642,675813,34234,0,431618,209961,176507,4,33454,1658568,0.9798295879336874,28.63059124996653,5.673097873979714,True,passed,f41edfae9c43591d105ce467c60b1db76cb16f7fa0d817b5061979883bfbd782
count_08_s2609271101,count,8,2609271101,PATH,68,0.043651583224016584,414642,1087797,76960,0,685993,324844,246069,5,78775,2073210,0.9620033667597591,44.30409683997277,5.707713809038978,True,passed,47ce02768f68cbdd1c4274a47d3a7cf514648b37f5a9a7d5d05d68c95319e1d4
count_08_s2609271101,count,8,2609271101,PATH,69,0.04168693834703355,414642,1125746,83000,0,678854,363892,271884,5,92008,2073210,0.9556205111879645,46.21851322898874,5.760923752037343,True,passed,844f84f48d541685c8d1d147e970c6c8a177d7e0e426bcd600bb0ef10bf8c709
count_08_s2609271101,count,8,2609271101,PATH,70,0.039810717055349734,414642,749447,45195,0,434828,269424,217583,4,51841,1658568,0.9687435185051201,32.35423070599791,5.808760331012309,True,passed,02efacf00bad90f9d94df56ee00c72686cb106f8e32883d46ca883d593936ced
count_08_s2609271101,count,8,2609271101,PATH,71,0.038018939632056124,414642,765850,46840,0,423021,295989,240500,4,55489,1658568,0.966544030754241,33.68946123600472,5.903664081997704,True,passed,149278e30337b3c9e9610b35b63df3df7deb3f2c385296b107909fec197ae0ce
count_08_s2609271101,count,8,2609271101,PATH,72,0.03630780547701014,414642,785378,48680,0,416946,319752,259776,4,59976,1658568,0.96383868493785,34.90485124499537,5.938456702977419,True,passed,3d8c52eb78048fa862661f50c9799d01cb06930177e49872cea5be196b6351af
count_08_s2609271101,count,8,2609271101,PATH,73,0.034673685045253165,414642,1286631,103480,2,631071,552078,417554,5,134524,2073210,0.9351131819738473,56.24320704903221,6.084030047990382,True,passed,8aab9001e8b46501873848eca23684afdfe35e453d355cd23a6951e3409a858f
count_08_s2609271101,count,8,2609271101,PATH,74,0.03311311214825911,414642,1694783,146714,2,880854,667213,494434,6,172779,2487852,0.9305509330940908,71.62468085996807,6.210517869039904,True,passed,deaae5e6f8b83952451107171fdedbff9b7f5086194279dbbe777b9391fae149
count_08_s2609271101,count,8,2609271101,PATH,75,0.03162277660168379,414642,913982,64523,1,484230,365228,275752,4,89476,1658568,0.9460522571278356,39.72799228603253,6.332272533036303,True,passed,8bb00af57f6f47365b3404747a98e4434b57986be44c57348e3c07aafa9243f6
count_08_s2609271101,count,8,2609271101,PATH,76,0.03019951720402016,414642,975841,75402,1,521698,378740,269355,4,109385,1658568,0.9340485286102228,41.90372634999221,6.499932995007839,True,passed,c354d7f8cb19cbb2402d63ec74a9c5e126553b36bb4485561bd498e2d276018b
count_08_s2609271101,count,8,2609271101,PATH,77,0.028840315031266057,414642,1786061,170154,2,899510,716395,442778,6,273617,2487852,0.890018779252142,75.86954633297864,6.628954218002036,True,passed,c7116221e0d4ce0bc7dcb5909033f0e5285436c737b8cfc73fca037ba193faea
count_08_s2609271101,count,8,2609271101,PATH,78,0.02754228703338166,414642,1831872,187624,6,854513,789729,450813,6,338916,2487852,0.8637716391489526,78.87643664400093,6.835025410051458,True,passed,3362f9ecbc5fc92c65bb51738ef68970f2d0a21540316a5b48b4ac167f0b4976
count_08_s2609271101,count,8,2609271101,PATH,79,0.026302679918953815,414642,1462436,143758,3,770920,547755,342594,5,205161,2073210,0.9010418626188375,60.51468897797167,7.0270868400111794,True,passed,8d7fdf5efc6b00030311ea243c44e423d8ca5fa3b1e8558a933d0a9d510ee979
count_08_s2609271101,count,8,2609271101,PATH,80,0.025118864315095794,414642,1966055,233185,6,885637,847227,406283,6,440944,2487852,0.8227611610336949,83.81135063600959,7.375698832969647,True,passed,6252bc926fde2f6c15203f08998d16c145fa9422f0daec7f80778e10e52030e0
count_08_s2609271101,count,8,2609271101,PATH,81,0.023988329190194897,414642,2032954,260218,6,966824,805906,354029,6,451877,2487852,0.8183666070168161,83.37222477199975,7.586112902034074,True,passed,bf5f62cd763c7f24c8a68c7cf0d2450dec4727cca52d1606e50de546d68c8557
count_08_s2609271101,count,8,2609271101,PATH,82,0.022908676527677734,414642,2140964,299515,12,886552,954885,446927,6,507958,2487852,0.7958246712425016,90.08810137398541,7.99688456201693,True,passed,96cc8ff3fbff4d91ef53caff1315ff5978b9bb0f9d6d24d1dc14624eaa5d02b6
count_08_s2609271101,count,8,2609271101,PATH,83,0.02187761623949553,414642,2235003,337879,16,869304,1027804,472767,6,555037,2487852,0.7769011179121588,94.41899589402601,8.511110914987512,True,passed,1fe8ec21a018935c0ee4326b4a0533e11c88ff0311629f3e6e2d42f559087e4b
count_08_s2609271101,count,8,2609271101,PATH,84,0.020892961308540396,414642,2334877,374193,22,900596,1060066,519712,6,540354,2487852,0.7828029963197167,96.96410267101601,9.09705716901226,True,passed,06453400403f0b5b865cbbea9c0d6e4e67d59178e82b6bef26c76fa65c924fa2
count_08_s2609271101,count,8,2609271101,PATH,85,0.0199526231496888,414642,2413888,413176,28,870490,1130194,527387,6,602807,2487852,0.7576998149407601,100.63831286597997,9.744978024042211,True,passed,167843e7e64261eff082f2a0d3917ae760ff4d18696cb5c8e9a2a360681eee18
count_08_s2609271101,count,8,2609271101,PATH,86,0.019054607179632473,414642,2465552,427685,68,858780,1179019,617705,6,561314,2487852,0.7743780578587472,102.43841458397219,10.508298439031933,True,passed,f9c2341aa8f614f4b9d197785248bc3228c42738ff8910b990c227128ecb8bac
count_08_s2609271101,count,8,2609271101,PATH,87,0.018197008586099836,414642,2604701,489768,138,844736,1270059,538369,6,731690,2487852,0.7058948844223852,108.51723421399947,11.154619776003528,True,passed,f4f99aa21e446c18228fd10259699cd0fe9d7884ded5f37a72ce37bfa45c9bca
count_08_s2609271101,count,8,2609271101,PATH,88,0.017378008287493755,414642,2661336,508062,238,806973,1346063,575869,6,770194,2487852,0.6904180795320622,111.57003698899643,11.830222324992064,True,passed,2b7a7aa47cdbc8c04aea90ffda22c4ca255d2dff51c4683c2c8a6ab4a6504edf
count_08_s2609271101,count,8,2609271101,PATH,89,0.016595869074375606,414642,2617706,481416,345,746053,1389892,664916,6,724976,2487852,0.7085935980114573,112.10612403601408,12.354278030979913,True,passed,649261622f22a39d2f8d4ddc6992bdec0aa647136fe5e2abe6cb0d0815e790b5
count_08_s2609271101,count,8,2609271101,PATH,90,0.015848931924611134,414642,2735708,534299,410,756400,1444599,566900,6,877699,2487852,0.6472061039000712,116.159387925989,12.965450509043876,True,passed,e24b5ffd6d4043718673a80c312434faa13e2f879ef5136de9ee0212afec1b11
count_08_s2609271101,count,8,2609271101,PATH,91,0.01513561248436208,414642,2940720,650186,459,752236,1537839,395152,6,1142687,2487852,0.5406933370634588,122.74725500395289,13.497126706002746,True,passed,cee44631ff461962cfc42b361fd3dc544d7371edbc397b2c277661f0c1a7b42f
count_08_s2609271101,count,8,2609271101,PATH,92,0.014454397707459272,414642,2829083,577494,452,748312,1502825,451261,6,1051564,2487852,0.5773205158506214,120.51057290303288,13.930246199015528,True,passed,1d1f69017ae905b26d9c33d0f3f9154797032af2c4c5d6a433b357a0ac53c4d6
count_08_s2609271101,count,8,2609271101,PATH,93,0.013803842646028845,414642,2963045,657413,464,705948,1599220,369363,6,1229857,2487852,0.5056550791606574,124.76022297499003,14.432566770003177,True,passed,616fa82c512bc25ac2f5520e0f9ae1202b92163e863e730dcad4785c1098e790
count_08_s2609271101,count,8,2609271101,PATH,94,0.013182567385564075,414642,2923558,628950,456,696090,1598062,419617,6,1178445,2487852,0.5263202955802837,124.4641868280014,14.88742663996527,True,passed,1cb932dd003300553b69d1d725a9de27179c76a258e6353f4614067e4e8a1bd1
count_08_s2609271101,count,8,2609271101,PATH,95,0.012589254117941675,414642,2980945,666961,466,661257,1652261,411177,6,1241084,2487852,0.5011423509115494,126.59337920299731,15.405326268984936,True,passed,2fcf20723e62cbaa314d78dd40a070cb321c0e29191a1323183a0c8d86f4bc44
count_08_s2609271101,count,8,2609271101,PATH,96,0.012022644346174132,414642,3032159,706131,520,555017,1770491,485736,6,1284755,2487852,0.4835886539874559,130.18078219197923,15.844889889005572,True,passed,1c1636e28630426076bbe4cd201ee45969c9875c08ca811cf62a51c3845946fd
count_08_s2609271101,count,8,2609271101,PATH,97,0.01148153621496883,414642,3050418,721419,620,439229,1889150,576975,6,1312175,2487852,0.4725670980428096,133.71400717500364,16.282750979997218,True,passed,c2e86497331c34c7ccbc7b8f129efbb988aff6cd3d10fa2c814aac326533f449
count_08_s2609271101,count,8,2609271101,PATH,98,0.01096478196143185,414642,3036834,709046,534,511841,1815413,532436,6,1282977,2487852,0.48430332672522325,131.59380418201908,16.846237602003384,True,passed,97fa2dd2871657110e6cd1db72cac1f4de093132bd0fd447efdafa96c2796f6d
count_08_s2609271101,count,8,2609271101,PATH,99,0.010471285480508996,414642,3026440,699143,488,522502,1804307,545034,6,1259273,2487852,0.493831224686999,131.77544853102881,17.078785491001327,True,passed,9cac49ff61e07ad895bc365abb92eacf985ae0b6083b60a8d85825ed769d3add
count_08_s2609271101,count,8,2609271101,PATH,100,0.01,414642,3065471,733597,892,285063,2045919,387549,6,1658370,2487852,0.3334129200611612,139.40717571403366,17.59408904000884,True,passed,d28e7ea942113fde2e850295738440e63054a2603a246b4b9388b157a52bef99
count_08_s2609271102,count,8,2609271102,PATH,0,1.0,409635,0,0,0,0,0,0,0,0,0,,0.018899006012361497,0.3346938299946487,True,passed,54b15f8ad14ae3c636329cd95ac1e2e6840b29c590e65f335060f1a3983b9404
count_08_s2609271102,count,8,2609271102,PATH,1,0.954992586021436,409635,134181,0,0,124962,9219,9061,4,158,1638540,0.9999035726927631,5.045423615025356,0.41367145301774144,True,passed,b80dd11e7e74bf75c6479b5da9213bcd147d3a9d9b7e402cf489210fcdd74199
count_08_s2609271102,count,8,2609271102,PATH,2,0.9120108393559098,409635,98492,0,0,92330,6162,6089,4,73,1638540,0.9999554481428589,3.737581546010915,0.5489708139793947,True,passed,d4b70c2a0be5fc1f6fdb4aa38627072088d8b9db6a53e66578072a25dd2186b3
count_08_s2609271102,count,8,2609271102,PATH,3,0.8709635899560807,409635,123075,0,0,114686,8389,8256,4,133,1638540,0.9999188301780854,4.640485415002331,0.7465657590073533,True,passed,a9704218697513dd06478ab6d9fc7189869f2e97ffbb5e33dcc064536f34a157
count_08_s2609271102,count,8,2609271102,PATH,4,0.831763771102671,409635,157747,0,0,144303,13444,13116,3,328,1228905,0.9997330957234286,6.0161163049633615,0.9322563290479593,True,passed,b07852a5cbee6e802ca468ff4a9cbb62dc0d12ff5ccb33720f25a0a0cbc29a90
count_08_s2609271102,count,8,2609271102,PATH,5,0.7943282347242815,409635,172183,0,0,156544,15639,15230,3,409,1228905,0.9996671833868362,6.601461018959526,1.053832310019061,True,passed,fa44168c4431edf82bd250b3251bd8e5683ab0fe1c7f41a3c89c9e490056ba6a
count_08_s2609271102,count,8,2609271102,PATH,6,0.7585775750291838,409635,157832,0,0,146445,11387,11233,4,154,1638540,0.9999060138904147,5.982936027983669,1.1613805390079506,True,passed,c9b212cf6e51fd1754a2acb6f717a600424fed3e46e978fffd23955aca7397ea
count_08_s2609271102,count,8,2609271102,PATH,7,0.72443596007499,409635,206542,0,0,191265,15277,15067,5,210,2048175,0.9998974696986341,7.780934018024709,1.2917057209997438,True,passed,9e6f27cf5b1f84528a7ef50b71b85341d09ba54c6cfcea96866ee2b1b5428f2b
count_08_s2609271102,count,8,2609271102,PATH,8,0.6918309709189365,409635,194113,0,0,177870,16243,15934,4,309,1638540,0.9998114174814163,7.368192776979413,1.4299460330512375,True,passed,d9c31a389c362f8d5dca1d639618928b745fbd1f6b34683724728eb2533c26af
count_08_s2609271102,count,8,2609271102,PATH,9,0.660693448007596,409635,217378,0,0,197812,19566,19107,4,459,1638540,0.9997198725694826,8.29209964297479,1.593177178001497,True,passed,8ed4f6ad08a85b40aefed1e216d0c1628fee1272fa5078f117aceecb952e9806
count_08_s2609271102,count,8,2609271102,PATH,10,0.6309573444801932,409635,239443,0,0,216045,23398,22700,4,698,1638540,0.9995740110098014,9.147682586975861,1.7614234440261498,True,passed,a903e84a23bcdec6c169cddb65b194ec734e16f8b1c666ea11a91e59d178dcdc
count_08_s2609271102,count,8,2609271102,PATH,11,0.6025595860743578,409635,256634,0,0,229198,27436,26413,4,1023,1638540,0.9993756637006115,9.58184792404063,1.8741826559999026,True,passed,233f07deecf1f557b97e1aba5d5359ea723e92c44c73e0f658a71309c2ad0c4e
count_08_s2609271102,count,8,2609271102,PATH,12,0.5754399373371569,409635,330952,0,0,287930,43022,40407,4,2615,1638540,0.9984040670352875,12.828908324998338,2.112406760978047,True,passed,67c0c89dcefbe40ff5e4468b07f845d1a8d582f3296ea66565b765cfbf595882
count_08_s2609271102,count,8,2609271102,PATH,13,0.5495408738576245,409635,395027,0,0,345227,49800,47403,5,2397,2048175,0.9988296898458384,15.381459906988312,2.2848949569743127,True,passed,d234dce9409ec6e855e976e02834d40eb30eb72e4e8d523b2b97e1e5ba489fe2
count_08_s2609271102,count,8,2609271102,PATH,14,0.5248074602497725,409635,346449,0,0,302005,44444,42574,4,1870,1638540,0.998858740097892,13.547822495980654,2.448263568978291,True,passed,cba2d98dd814ca7e6eab3428c73a0a85675123d56e27fe6a58495e58df3126b0
count_08_s2609271102,count,8,2609271102,PATH,15,0.5011872336272722,409635,419325,0,0,364710,54615,52477,5,2138,2048175,0.9989561438841896,16.395366334996652,2.6240569300134666,True,passed,07222f257a3036e9f5ba689dfff9a248d96ea6c21b0f97644867f029093d37a2
count_08_s2609271102,count,8,2609271102,PATH,16,0.4786300923226383,409635,429348,0,0,374991,54357,52866,5,1491,2048175,0.9992720348603025,16.659486500022467,2.7535540889948606,True,passed,93aa7c2c3d0d15917e426f4d7bbb9cfade8493ac5692cd5d0009286bc8d8c7bd
count_08_s2609271102,count,8,2609271102,PATH,17,0.457088189614875,409635,367314,0,0,319905,47409,46159,4,1250,1638540,0.999237125733885,14.293646489968523,2.8754928239504807,True,passed,77746472cdf1d81b7db2e9ed729abf2dccfbc577375f24d5e4e6846cc51e8a96
count_08_s2609271102,count,8,2609271102,PATH,18,0.436515832240166,409635,339663,0,0,298784,40879,40258,4,621,1638540,0.9996210040645941,13.19852938002441,3.038922038045712,True,passed,2c8671e65835c23cb137ba11fbf5fc0dc4205843f7c0ded3dd382c86d0694fe0
count_08_s2609271102,count,8,2609271102,PATH,19,0.4168693834703354,409635,384756,0,0,333703,51053,49757,4,1296,1638540,0.999209051960892,14.988883509999141,3.2027559919515625,True,passed,61490ffb9dbcb2dfdde9f4d5d2ddda6f1e44c0475baabb77f7b39fc64bac9fa7
count_08_s2609271102,count,8,2609271102,PATH,20,0.3981071705534972,409635,471261,0,0,409960,61301,60009,5,1292,2048175,0.9993691945268348,18.314770802971907,3.2970987529843114,True,passed,43c47afb8cea4084ed04a10fbc5a3f0cfa044e5104dac10ede0ce16640c7730e
count_08_s2609271102,count,8,2609271102,PATH,21,0.3801893963205612,409635,474710,0,0,415991,58719,57996,5,723,2048175,0.9996470028195833,18.36444307700731,3.3784710870240815,True,passed,f573d7e838cb22b7d3a295bf74de4ae407e07977449bd2d0d977d19b45ad8b36
count_08_s2609271102,count,8,2609271102,PATH,22,0.36307805477010135,409635,376241,0,0,330486,45755,45362,4,393,1638540,0.9997601523307335,14.467525795975234,3.435295944043901,True,passed,4896e62a1dd23c75666cd999ac01a10f88025318e08a6cc0c45b6976376b2602
count_08_s2609271102,count,8,2609271102,PATH,23,0.3467368504525316,409635,381172,0,0,334166,47006,46598,4,408,1638540,0.99975099783954,14.677507172978949,3.493764683022164,True,passed,922a349843806acbb2e0280bb22a3630a753bea69880785a92729a4799b72fed
count_08_s2609271102,count,8,2609271102,PATH,24,0.3311311214825911,409635,490380,0,0,427198,63182,62404,5,778,2048175,0.999620149645416,18.972364364017267,3.597768909006845,True,passed,f8d91f26bc145d931094108807fca9ccbd3253a1d39f0f291c268ad090942f9b
count_08_s2609271102,count,8,2609271102,PATH,25,0.31622776601683794,409635,479925,0,0,420090,59835,59380,5,455,2048175,0.9997778510137073,18.421960829989985,3.6583952470100485,True,passed,7bf15cfd0745835c234cb9d939a2be44771857e075d3948ac201686a20462c5c
count_08_s2609271102,count,8,2609271102,PATH,26,0.3019951720402016,409635,394371,0,0,343754,50617,50146,4,471,1638540,0.9997125489765278,15.280955730006099,3.728209227032494,True,passed,0c5b6f098abfe9d05055862d38197f77d51f3dd5de6aa0561e287f3e8fe5af05
count_08_s2609271102,count,8,2609271102,PATH,27,0.28840315031266056,409635,412671,0,0,355614,57057,56126,4,931,1638540,0.9994318112465976,16.14724948798539,3.774714517989196,True,passed,fa3e13760a96058a1eb00f4659e780dabe7b2c75c25b72d9cc7337c8ec05bd12
count_08_s2609271102,count,8,2609271102,PATH,28,0.2754228703338166,409635,497752,0,0,432933,64819,64254,5,565,2048175,0.9997241446653728,19.293875197006855,3.8312525760266,True,passed,bfc52a606522cb45daaae38d9c544ca67e1ee68e54b88de0dcdb7c09802de447
count_08_s2609271102,count,8,2609271102,PATH,29,0.2630267991895382,409635,409142,0,0,354353,54789,54211,4,578,1638540,0.9996472469393485,15.853763658029493,3.86825358500937,True,passed,85e2c4143981e82b3a47c38e0cf61a0b703db3a3e4c3c4ec44b0dde8989a94b3
count_08_s2609271102,count,8,2609271102,PATH,30,0.251188643150958,409635,413294,0,0,357192,56102,55469,4,633,1638540,0.9996136804716393,16.065784726000857,3.9469165640184656,True,passed,bb4f127011d8264e2d7ccbf5f04c8c70c5b16851f461524b264ea4361022b827
count_08_s2609271102,count,8,2609271102,PATH,31,0.23988329190194904,409635,416659,0,0,359169,57490,56782,4,708,1638540,0.9995679080156725,16.223239632032346,4.00074092898285,True,passed,3f54485ce4b0ac05277971c40546a42506315fc7f0adcf7e3d69a54709a3538b
count_08_s2609271102,count,8,2609271102,PATH,32,0.2290867652767773,409635,420178,0,0,361199,58979,58183,4,796,1638540,0.999514201667338,16.384965369012207,4.065276827022899,True,passed,cb0ef1beed920d6a5e1a5ae04bd36287ab1a1ab5374937b709f287fcbb10a17c
count_08_s2609271102,count,8,2609271102,PATH,33,0.21877616239495523,409635,423660,0,0,363173,60487,59624,4,863,1638540,0.9994733116066742,16.58726617298089,4.113415247993544,True,passed,fc0b31269154c5877e16e89125ac922595bbacf439106b93cf2be4ce46bd3d8e
count_08_s2609271102,count,8,2609271102,PATH,34,0.20892961308540392,409635,428986,0,0,366585,62401,61442,4,959,1638540,0.9994147228630366,16.842173126991838,4.161595056997612,True,passed,b28b181d25ee9d701acbf2e4b3ceb672a94540cf2532f5c7aff643f973d74162
count_08_s2609271102,count,8,2609271102,PATH,35,0.19952623149688797,409635,433147,0,0,368736,64411,63329,4,1082,1638540,0.9993396560352509,17.033061567984987,4.2145509630208835,True,passed,f548fcfd3cb30b94eca111d4047c6b6eadbe4ef27970affcb62e87b746d63a83
count_08_s2609271102,count,8,2609271102,PATH,36,0.19054607179632474,409635,436276,0,0,369859,66417,65214,4,1203,1638540,0.999265809806291,17.22642784396885,4.290595222031698,True,passed,c39e80ecaf5756b8db12d5a8abfe4e01e66d323e910f90c3cd7a2472e829a81f
count_08_s2609271102,count,8,2609271102,PATH,37,0.18197008586099836,409635,439894,0,0,364496,75398,73011,4,2387,1638540,0.9985432153014269,17.674678296025377,4.345046366972383,True,passed,a03206495c0c56faf945e46e9b28beac9ed3d220bd8909977ea3a6d321298cc4
count_08_s2609271102,count,8,2609271102,PATH,38,0.17378008287493754,409635,441594,0,0,363233,78361,75665,4,2696,1638540,0.9983546327828433,17.971620313008316,4.375772155995946,True,passed,619a68d6c8e80ef3b4578de798bc1ea548a1ff6b4b7970a9389177b2a07e718e
count_08_s2609271102,count,8,2609271102,PATH,39,0.16595869074375605,409635,443885,0,0,361835,82050,79044,4,3006,1638540,0.9981654399648467,18.150762952980585,4.437165249022655,True,passed,067847a0921ad71712c638819d73794cd7acd298c989cd3ea8b35811edc8d58e
count_08_s2609271102,count,8,2609271102,PATH,40,0.15848931924611134,409635,446514,0,0,360091,86423,83046,4,3377,1638540,0.9979390188826638,18.44814899895573,4.487122671038378,True,passed,cffca6ebbb3096fed8beb8117d1253d2b9d09fd0eba8a274100f06fad58a903c
count_08_s2609271102,count,8,2609271102,PATH,41,0.15135612484362082,409635,447422,0,0,369207,78215,76232,4,1983,1638540,0.9987897762642353,18.181832215981558,4.5278775849728845,True,passed,4bf1cba9923ecd4592de78dc082f2819a4370fdd4f59f711439e09d2a94e38e2
count_08_s2609271102,count,8,2609271102,PATH,42,0.14454397707459277,409635,449138,0,0,368082,81056,78841,4,2215,1638540,0.9986481868004443,18.3032598689897,4.595025013026316,True,passed,0ab08434976b75d3f4cc338b323d7b21d2ccb9b446c6df8661a004c5d155fbb7
count_08_s2609271102,count,8,2609271102,PATH,43,0.1380384264602885,409635,451177,0,0,366779,84398,81916,4,2482,1638540,0.9984852368572021,18.402232969994657,4.620626152027398,True,passed,3effadb33761f5c0b5f1ab429c24ca5c8d4dd934185dbce94f5ee6715c22d2a4
count_08_s2609271102,count,8,2609271102,PATH,44,0.1318256738556407,409635,453110,3,0,363661,89446,86488,4,2958,1638540,0.9981947343366656,18.635480883996934,4.661409093008842,True,passed,7ba320248ad68b17e99de6719d4c551b1380abfa0444386ffc7313e8ae6a794d
count_08_s2609271102,count,8,2609271102,PATH,45,0.12589254117941673,409635,454590,7,0,359579,95004,91380,4,3624,1638540,0.9977882749276795,18.99770913401153,4.717321263975464,True,passed,710361ddefe43b7387d92a82229aabac8e8f4fed147ca677afc58e55115052f1
count_08_s2609271102,count,8,2609271102,PATH,46,0.12022644346174129,409635,456071,33,0,357676,98362,94345,4,4017,1638540,0.997548427258413,19.082880411006045,4.73376041901065,True,passed,f44c77a41f011a931a632b3e9ba15df777b2b89b04be573e5bdc995c6a5c4cbd
count_08_s2609271102,count,8,2609271102,PATH,47,0.1148153621496883,409635,458044,71,0,356330,101643,97168,4,4475,1638540,0.9972689101273084,19.37310652603628,4.77931474102661,True,passed,5ef6a60e401f38712923426b5f92174169eb41e2fb3e991c36d93ea98b1a7c4d
count_08_s2609271102,count,8,2609271102,PATH,48,0.1096478196143185,409635,460530,148,0,355351,105031,100068,4,4963,1638540,0.9969710840138172,19.501264620979782,4.8199649300077,True,passed,c3d66187a10660bcf7e716641eb40f1d68de6d41a59a8c5c65dbda62a214bcab
count_08_s2609271102,count,8,2609271102,PATH,49,0.10471285480508996,409635,463180,314,0,354469,108397,102908,4,5489,1638540,0.996650066522636,19.83313454897143,4.868445664993487,True,passed,6c6601412444329eebdb730c50093fa101940a7386d421146f852ba4417c114a
count_08_s2609271102,count,8,2609271102,PATH,50,0.1,409635,466187,489,0,354067,111631,105531,4,6100,1638540,0.996277173581359,19.956333456968423,4.88657079602126,True,passed,1d2528ba19cff73099edb214e35586b8cbaf667d381dca4904dc3a831979ea5d
count_08_s2609271102,count,8,2609271102,PATH,51,0.09549925860214359,409635,480758,1586,0,356064,123108,111959,4,11149,1638540,0.9931957718456674,20.903395436995197,4.901807678048499,True,passed,bfa8e7e36ef0285eed82d98933b45fb16fa73dc354bf3b4888b65b608e3acee9
count_08_s2609271102,count,8,2609271102,PATH,52,0.09120108393559097,409635,473550,1214,0,360110,112226,105407,4,6819,1638540,0.9958383683034897,20.239662202016916,4.954430158017203,True,passed,454397f43965d39fcf73bdc8bf652b53a6da5452a8a3f271324891ae145cf4ff
count_08_s2609271102,count,8,2609271102,PATH,53,0.08709635899560805,409635,479596,1730,0,361571,116295,108733,4,7562,1638540,0.995384915839711,20.586209570989013,4.97076219500741,True,passed,64ecdb83e1e2feecb6616009368c27553385b97e02b126529ef0be90f2b6a6f1
count_08_s2609271102,count,8,2609271102,PATH,54,0.08317637711026708,409635,516617,4982,0,381632,130003,114564,4,15439,1638540,0.990577587364361,22.159209290985018,5.006953910982702,True,passed,5e14d21fb58241b6c4daeb7aaaf58184d4a1519ff2738686be2ff1d82047cbe2
count_08_s2609271102,count,8,2609271102,PATH,55,0.07943282347242814,409635,538788,7262,0,397930,133596,116247,4,17349,1638540,0.9894119154857373,23.052636781998444,5.063215070986189,True,passed,f673cae4d610bf222f533772c875c57f57f5949767f04e4a1379208aea9e1fc5
count_08_s2609271102,count,8,2609271102,PATH,56,0.07585775750291836,409635,560725,9867,0,413576,137282,117800,4,19482,1638540,0.9881101468380388,23.687385308963712,5.113889002008364,True,passed,a53df9b075e3c2862d9ccb39c0440e85f9cde39e1a27e9c1c3c0e18a6b1c55ac
count_08_s2609271102,count,8,2609271102,PATH,57,0.07244359600749903,409635,583418,12888,0,427218,143312,121444,4,21868,1638540,0.9866539724388785,24.44754511595238,5.170733032049611,True,passed,eba1b0b6527cfd44ec953d6a9e068524aa52a8cf6852ba76a4e680740e9a3002
count_08_s2609271102,count,8,2609271102,PATH,58,0.06918309709189366,409635,545381,8955,0,392277,144149,128678,4,15471,1638540,0.9905580577831484,23.44759051699657,5.254338018945418,True,passed,2435ea85422ad0bb47a267520ae31920bd64f41998854ab4af8370114fb2fcf2
count_08_s2609271102,count,8,2609271102,PATH,59,0.06606934480075961,409635,764950,21465,0,544285,199200,168541,5,30659,2048175,0.9850310642401162,32.21765614900505,5.361781118030194,True,passed,c82991419b384952f21f3751d6e579fa7715f7d2b127bff835a48c60e8a0f3b1
count_08_s2609271102,count,8,2609271102,PATH,60,0.06309573444801933,409635,580619,13876,0,408631,158112,140086,4,18026,1638540,0.9889987427832094,24.973680797964334,5.458685001998674,True,passed,46047d72f500fbb0b147434e7bb8d42ee801b8251aeae72cd5815db3009c06ba
count_08_s2609271102,count,8,2609271102,PATH,61,0.06025595860743578,409635,612784,18322,0,427762,166700,146457,4,20243,1638540,0.987645708984828,26.063644155976363,5.622795169008896,True,passed,aebf0a4e8021c6b75068de15fe2e71fcdf697b8affd8c020f731fb39e767db3f
count_08_s2609271102,count,8,2609271102,PATH,62,0.057543993733715694,409635,972718,51408,0,677320,243990,197104,5,46886,2048175,0.9771084013817178,39.319002325006295,5.690360567008611,True,passed,24a2b3af284ebab2c011fdaf5f2116ef071025f0b8e1818ddd65536f88f65a74
count_08_s2609271102,count,8,2609271102,PATH,63,0.054954087385762455,409635,712222,34361,0,488109,189752,162033,4,27719,1638540,0.9830831105740476,29.31139142299071,5.792864473944064,True,passed,0b30043c2be37a2dd9ef79ef9bbaf060ae3ccfbfc1e2bfa4bbd856835ae51927
count_08_s2609271102,count,8,2609271102,PATH,64,0.05248074602497726,409635,756385,43662,0,512005,200718,168928,4,31790,1638540,0.9805985816641645,30.657018342986703,5.913435265014414,True,passed,27ec809a3bb4fde4fe9eb123553de802894422f5be2374af1c16782344e05691
count_08_s2609271102,count,8,2609271102,PATH,65,0.05011872336272722,409635,1175523,96058,0,778698,300767,232468,5,68299,2048175,0.9666537283191133,45.83525253896369,6.014676217979286,True,passed,604dcab1e8948aaa3d5e031c1c3c6c2b4e0acd5c7aa019d0903bbed214f278aa
count_08_s2609271102,count,8,2609271102,PATH,66,0.047863009232263824,409635,1202072,102772,0,775425,323875,246448,5,77427,2048175,0.9621970778864111,47.20647999603534,6.0854282199870795,True,passed,39cb1e909745c0353f0e2709e05ec6d0f48b80de1684a40beb1465e9d59c2dd2
count_08_s2609271102,count,8,2609271102,PATH,67,0.04570881896148749,409635,833837,58703,0,531794,243340,195409,4,47931,1638540,0.9707477388406752,34.14135660498869,6.217119893000927,True,passed,893e3a31a2b74ac3e4fda3a6393baf0e2e41661166f485742018fb06e59a5e3a
count_08_s2609271102,count,8,2609271102,PATH,68,0.043651583224016584,409635,1228734,107847,0,727156,393731,294247,5,99484,2048175,0.9514279785662846,50.36965904501267,6.285897915018722,True,passed,4ba44eb1a117336978a310c9a0f8cf609a844b2e5dc46181519109befdc3e97d
count_08_s2609271102,count,8,2609271102,PATH,69,0.04168693834703355,409635,1306829,119235,0,736871,450723,337232,5,113491,2048175,0.9445892074651824,54.235039072984364,6.379062988969963,True,passed,17f8374f67ac083b2c7caa4070b20d0344203ce1324a0236e65e262cfc9f3cbb
count_08_s2609271102,count,8,2609271102,PATH,70,0.039810717055349734,409635,1319082,121166,0,700788,497128,375256,5,121872,2048175,0.9404972719616244,55.97546991700074,6.393437005986925,True,passed,ccf24ae77329bbbff03c9a5da6bb5755bb0010fb3900898fa02419cee6abbc12
count_08_s2609271102,count,8,2609271102,PATH,71,0.038018939632056124,409635,1308026,120285,0,657044,530697,399459,5,131238,2048175,0.9359244205207075,56.767779765010346,6.485526511038188,True,passed,4a3a8cf24c1e106a4afe465accb3ccb4e7494870c099506ce827059149cb73a2
count_08_s2609271102,count,8,2609271102,PATH,72,0.03630780547701014,409635,1372246,131870,0,677501,562875,414308,5,148567,2048175,0.9274637176999035,59.41171136498451,6.60369916097261,True,passed,bbd660cb313feeb241f67eb6ee4f785184a56cca88051d1e1f1db116b6c15390
count_08_s2609271102,count,8,2609271102,PATH,73,0.034673685045253165,409635,1882019,206476,0,972932,702611,499165,6,203446,2457810,0.9172246837631876,77.65020122699207,6.701318970997818,True,passed,51b65a5dbaabcb2ee2a6ad1e9a1f004b66c3d62f72a7eb842e0855b6ac842321
count_08_s2609271102,count,8,2609271102,PATH,74,0.03311311214825911,409635,1920316,218461,0,921713,780142,525052,6,255090,2457810,0.8962124818435925,81.25531289400533,6.844225340057164,True,passed,26447444c45cd0bbd6ff3139d0afadb75414d96e19d2316c25811be607a465ce
count_08_s2609271102,count,8,2609271102,PATH,75,0.03162277660168379,409635,1946291,227997,0,932188,786106,496930,6,289176,2457810,0.8823440379850355,81.8506560390233,6.990331096982118,True,passed,bd79f45a0dbbb19334259c998f3706b89c06d2913fa8a3f00a89c3684136c8cd
count_08_s2609271102,count,8,2609271102,PATH,76,0.03019951720402016,409635,1558956,183111,0,760217,615628,331158,5,284470,2048175,0.8611105008116982,65.40985783701763,7.2012119419523515,True,passed,d64c66054e2f9c5ce5d37274e6940a89fa16df213b374a5aea027ee07d766b21
count_08_s2609271102,count,8,2609271102,PATH,77,0.028840315031266057,409635,1577383,194531,2,770523,612327,280611,5,331716,2048175,0.8380431359625032,65.97721314500086,7.458501138957217,True,passed,3bcdc88110e4f5c243903cb619b31f17f06b0006a6014842ba4f5976daf1e5cb
count_08_s2609271102,count,8,2609271102,PATH,78,0.02754228703338166,409635,1667639,226458,6,806123,635052,246918,5,388134,2048175,0.8104976381412721,68.43891873001121,7.709441656013951,True,passed,ed30624a996709c96f1d0d21f6d9063f7a7095e1a4573998221db29f18e4b417
count_08_s2609271102,count,8,2609271102,PATH,79,0.026302679918953815,409635,2142882,312084,14,954539,876245,400269,6,475976,2457810,0.8063414177662228,88.70812487095827,7.933884152036626,True,passed,273b56e4127ba8a19490fc99cec381bd099af3e88303863957aa9e8c6cbf8f81
count_08_s2609271102,count,8,2609271102,PATH,80,0.025118864315095794,409635,2251507,355997,26,934275,961209,443899,6,517310,2457810,0.7895240071445718,93.22334446798777,8.278920661949087,True,passed,afd761bd99cc6807a2c91e8900103a33439f1cbb50fc034393ba892671ae920b
count_08_s2609271102,count,8,2609271102,PATH,81,0.023988329190194897,409635,2337711,396440,28,935025,1006218,470834,6,535384,2457810,0.7821703060854989,96.19257332303096,8.716761901043355,True,passed,cb963d8222eef9179a588eed190c24a7af000244bdd22d643390573b3aafc94f
count_08_s2609271102,count,8,2609271102,PATH,82,0.022908676527677734,409635,1850656,282493,19,849752,718392,439930,5,278462,2048175,0.8640438439098221,74.68470254499698,9.292196374037303,True,passed,36e352e52da0e2573c05eac68e257302a60b6aeac0a56037a363e0da687c39be
count_08_s2609271102,count,8,2609271102,PATH,83,0.02187761623949553,409635,2505368,478223,52,908794,1118299,520397,6,597902,2457810,0.7567338402887123,102.23099507699953,9.86979846196482,True,passed,277892861e2ab4b6a300ee9c55875990d4b411694065ef086db7889a49bc2796
count_08_s2609271102,count,8,2609271102,PATH,84,0.020892961308540396,409635,2573224,498559,92,902095,1172478,587294,6,585184,2457810,0.7619083655774856,105.12194525898667,10.590399047010578,True,passed,7e81a5bcd222dd745c720c31e9e4a165301e3a2994d41116c35c6ef931221bf7
count_08_s2609271102,count,8,2609271102,PATH,85,0.0199526231496888,409635,2630917,519641,136,869120,1242020,617610,6,624410,2457810,0.7459486290640855,107.91964480601018,11.259392380015925,True,passed,bbcd02be92d35f0187e8d9c780b313066fddc79e227f2c42dc37358c052ebfa9
count_08_s2609271102,count,8,2609271102,PATH,86,0.019054607179632473,409635,2717910,552946,195,845892,1318877,612775,6,706102,2457810,0.7127109093054386,112.13344893901376,11.929192969982978,True,passed,5817191cd31f197888a5a9a932ba60dca4b00d1c5f311599e11382879b099241
count_08_s2609271102,count,8,2609271102,PATH,87,0.018197008586099836,409635,2713701,538348,280,812903,1362170,699930,6,662240,2457810,0.7305568778709501,113.38089870801196,12.701761821983382,True,passed,4e729856b4c075c2fd289fb88fafade8df97efa934f3dcac7d2c20f272a815cd
count_08_s2609271102,count,8,2609271102,PATH,88,0.017378008287493755,409635,2794844,576976,340,797324,1420204,612295,6,807909,2457810,0.6712890744199105,117.17948470002739,13.388428593985736,True,passed,57a5173973eb56ee438a807dc0a7aa5b5c26681b6882c1bd7a9c99602cb59023
count_08_s2609271102,count,8,2609271102,PATH,89,0.016595869074375606,409635,2972717,683075,376,812536,1476730,411443,6,1065287,2457810,0.566570646225705,121.60913150198758,13.845748029998504,True,passed,884a28c75e6dece767812260991228975c0d5799fcf245ea69a2633720d9adaa
count_08_s2609271102,count,8,2609271102,PATH,90,0.015848931924611134,409635,2948285,660062,366,792430,1495427,451518,6,1043909,2457810,0.5752686334582413,122.1273644019966,14.412420725042466,True,passed,844a4f000b1ffe7d4b0a8396b722464ec6da0e264dfc29e225482b2ba38dea30
count_08_s2609271102,count,8,2609271102,PATH,91,0.01513561248436208,409635,3031617,714732,378,768717,1547790,373280,6,1174510,2457810,0.522131491042839,125.31890196498716,14.83679230400594,True,passed,de3bd49cfb9df11115be195f07f4deddb15c345ef9dd68ef86ff3ac591a5cb2f
count_08_s2609271102,count,8,2609271102,PATH,92,0.014454397707459272,409635,2935183,647493,362,756312,1531016,489957,6,1041059,2457810,0.5764282023427361,122.76204780599801,15.385449187015183,True,passed,5e73ce9009ead3eae3a9867a8b3e8346765b269d6f1e385e7ecab1c8880370e6
count_08_s2609271102,count,8,2609271102,PATH,93,0.013803842646028845,409635,2885345,615860,360,721592,1547533,565337,6,982196,2457810,0.6003775719034425,122.61977175000357,15.8017174800043,True,passed,da778ba21a0c05ef9768db7ecd4f852bc15cfe9bdae23bbedfd5fc49822070ef
count_08_s2609271102,count,8,2609271102,PATH,94,0.013182567385564075,409635,3135667,794675,532,502868,1837592,528843,6,1308749,2457810,0.467514169118036,135.10214955097763,16.23485323600471,True,passed,fffc0b0a2f21a5a4a6c9a38dfd1b1c1a73372d6c0cb5b25c33e86d88f960022f
count_08_s2609271102,count,8,2609271102,PATH,95,0.012589254117941675,409635,3135730,793901,518,498435,1842876,543883,6,1298993,2457810,0.47148355649948537,134.78208818205167,16.697194217995275,True,passed,cf258ac6775652a8fae3d31ce77d010d01b0413416eaf98695935fd76bae4182
count_08_s2609271102,count,8,2609271102,PATH,96,0.012022644346174132,409635,3111093,771572,426,592493,1746602,498225,6,1248377,2457810,0.4920774998881118,128.87641317601083,16.6836913729785,True,passed,3445da4d405e3a3c867f061042a2189871313047a1b891f9035c9860198e1846
count_08_s2609271102,count,8,2609271102,PATH,97,0.01148153621496883,409635,3144782,801385,712,346074,1996611,563015,6,1433596,2457810,0.4167181352504872,136.013899417012,17.092458190978505,True,passed,10cd0786a690458cd94ffd701101c05956e9f96f3f861cce1917ade7afc50c8a
count_08_s2609271102,count,8,2609271102,PATH,98,0.01096478196143185,409635,3147313,802674,682,344689,1999268,627148,6,1372120,2457810,0.4417306463884515,135.0169958740007,17.06520797603298,True,passed,403369ca71b6498be3b23d129c12a318e83323456c3b20f173cb6c2453bbbdb8
count_08_s2609271102,count,8,2609271102,PATH,99,0.010471285480508996,409635,3148516,802820,606,366805,1978285,652048,6,1326237,2457810,0.46039889169626624,132.477220886969,17.444175488024484,True,passed,de9f060bbe9a82e443bb931f56da0d6ee0d62baf8eb8abe92fb8acad53b74ee8
count_08_s2609271102,count,8,2609271102,PATH,100,0.01,409635,3153554,806372,720,305203,2041259,567973,6,1473286,2457810,0.40056961278536585,135.24738416197943,17.678839008964133,True,passed,dbda5f88a66eefedd63f68dc715106a9c09ae5a8b8710461db1e771481787711
count_08_s2609271103,count,8,2609271103,PATH,0,1.0,424321,0,0,0,0,0,0,0,0,0,,0.018667731957975775,0.14257685496704653,True,passed,3446bfec0bed2635d081ec3f034e42cea2b945b648ffa77d94a069370305550e
count_08_s2609271103,count,8,2609271103,PATH,1,0.954992586021436,424321,46710,0,0,43757,2953,2929,4,24,1697284,0.9999858597618313,1.9171326499781571,0.16442640195600688,True,passed,bc95b469bdbcfbefdfaf51b8decd61d79d1918d64681e9bc4a3be970347d494a
count_08_s2609271103,count,8,2609271103,PATH,2,0.9120108393559098,424321,33081,0,0,31097,1984,1973,4,11,1697284,0.999993519057506,1.3834425769746304,0.2009134929976426,True,passed,f67ab0fb52bbbf29d14bf3d963f8efd639be3fe1af9bf214d95e91701b3b3454
count_08_s2609271103,count,8,2609271103,PATH,3,0.8709635899560807,424321,41466,0,0,38882,2584,2571,4,13,1697284,0.9999923407043253,1.7083945529884659,0.2511255830177106,True,passed,d310c6ff6abf58f94323981216f1a30a00f32caeadcb964507ab0503e920b801
count_08_s2609271103,count,8,2609271103,PATH,4,0.831763771102671,424321,50887,0,0,47554,3333,3317,4,16,1697284,0.9999905731745542,2.0728995539830066,0.31752238201443106,True,passed,45b639badd9ec8be3661c08a486326028db0eafa7148f8d9935638ec516e32d0
count_08_s2609271103,count,8,2609271103,PATH,5,0.7943282347242815,424321,62074,0,0,57660,4414,4387,4,27,1697284,0.9999840922320602,2.544412222050596,0.38972042000386864,True,passed,15475313eca5a2cf88b5c8909fc6df4e920c724984bfd99b091a9ae09b0582fe
count_08_s2609271103,count,8,2609271103,PATH,6,0.7585775750291838,424321,73967,0,0,68229,5738,5701,4,37,1697284,0.9999782004661565,3.0100734289735556,0.48172122502001,True,passed,991c3d12faca6031867fff5a2565b1e7c7b196ead9801766b6918813559f32a2
count_08_s2609271103,count,8,2609271103,PATH,7,0.72443596007499,424321,48016,0,0,42845,5171,5103,1,68,424321,0.9998397439674209,1.9479769530007616,0.6189692440093495,True,passed,37599de4feba5d44f5aa3d590e9e933fae8ed8a101657fe9a8fafaea6434d872
count_08_s2609271103,count,8,2609271103,PATH,8,0.6918309709189365,424321,55964,0,0,48928,7036,6919,1,117,424321,0.9997242653557095,2.2988047000253573,0.7981210489524528,True,passed,11fbd82e7cf0e5a1338654b1dc952142b92971291f7f2efc83f8d7f11e743785
count_08_s2609271103,count,8,2609271103,PATH,9,0.660693448007596,424321,147305,0,0,131756,15549,15320,4,229,1697284,0.9998650785608065,6.035094783990644,1.004235989996232,True,passed,aeee2e297674aa9365351348840517e898c67beca72a6238fa0255a139697dcf
count_08_s2609271103,count,8,2609271103,PATH,10,0.6309573444801932,424321,146274,0,0,131021,15253,15049,4,204,1697284,0.9998798079755656,5.997110658965539,1.167985025967937,True,passed,1ed65d7289c7d03e4c1d9f5a5d39f324b3e1e84f5dc7179b9323361343168baa
count_08_s2609271103,count,8,2609271103,PATH,11,0.6025595860743578,424321,163643,0,0,144917,18726,18435,4,291,1697284,0.999828549612204,6.70700954500353,1.3336522650206462,True,passed,8c0f0a939e4b0a2b824b25d44788bd5bb743bdd09f8c0d3a9b94b3be9ea26a81
count_08_s2609271103,count,8,2609271103,PATH,12,0.5754399373371569,424321,215696,0,0,183594,32102,31347,4,755,1697284,0.9995551716742749,9.03804802504601,1.481474074011203,True,passed,b7bcbb9a77ab458a1dcf490e0fcfc259fd7fb388a97ba65f2c4c890c9410c891
count_08_s2609271103,count,8,2609271103,PATH,13,0.5495408738576245,424321,220442,0,0,187349,33093,32466,4,627,1697284,0.9996305862778415,9.268652567989193,1.5994462870294228,True,passed,d88ebb35582fe70cf2fd55f5ba81b105534c667cbc34cb165463dea0b763b9e5
count_08_s2609271103,count,8,2609271103,PATH,14,0.5248074602497725,424321,214688,0,0,184142,30546,30212,4,334,1697284,0.9998032150188183,9.106285072979517,1.7244951709872112,True,passed,d5d9825e724b5a73476b7953f2e5eca0cc8dbc006a7a6599a4892e91195082f0
count_08_s2609271103,count,8,2609271103,PATH,15,0.5011872336272722,424321,201597,0,0,173196,28401,28089,4,312,1697284,0.9998161769038063,8.417839375033509,1.8626437890343368,True,passed,42c88cb0d1e394fd4301f416874d658a424179d4fd7d33357dcaf719f684f6e2
count_08_s2609271103,count,8,2609271103,PATH,16,0.4786300923226383,424321,217056,0,0,183600,33456,33037,4,419,1697284,0.9997531350086374,9.189823577995412,2.0142003730288707,True,passed,84a11b976054aa6ec3ef8d7ca7847e81484f987e12e6e37f9cc9aff8f443aab2
count_08_s2609271103,count,8,2609271103,PATH,17,0.457088189614875,424321,221158,0,0,187247,33911,33617,4,294,1697284,0.9998267820824329,9.38752247201046,2.1549540139967576,True,passed,e953837c0731fe64e71b0ed0c00cf6a632ab45d2508fcffcaa5777a28cc8d9c7
count_08_s2609271103,count,8,2609271103,PATH,18,0.436515832240166,424321,253749,0,0,209391,44358,43838,4,520,1697284,0.9996936281730106,10.834699075028766,2.256084672000725,True,passed,df48d7f44c0ae61c4c9c6ba7e3993f266f88dfc68d3e32af28109bf9b9f78f39
count_08_s2609271103,count,8,2609271103,PATH,19,0.4168693834703354,424321,235544,0,0,199198,36346,36180,4,166,1697284,0.9999021966859996,9.795653858978767,2.3546590770129114,True,passed,fec30fbc63ff7340829449a4e6b30dfc3137e100a5202e5169b10bb095b50d76
count_08_s2609271103,count,8,2609271103,PATH,20,0.3981071705534972,424321,260885,0,0,215934,44951,44637,4,314,1697284,0.9998149985506256,11.041067001002375,2.4489595019840635,True,passed,ef51b8b3c455a93fdf6d7b0449bd761028b0b580d7b1f2863d173636d134c80c
count_08_s2609271103,count,8,2609271103,PATH,21,0.3801893963205612,424321,304938,0,0,256742,48196,48013,5,183,2121605,0.9999137445471706,12.745951278018765,2.5620142659754492,True,passed,26ca92a7b12324d8ddc65ca76dbef71c5a45fef510e5de4449fd4e289b85ed96
count_08_s2609271103,count,8,2609271103,PATH,22,0.36307805477010135,424321,327303,0,0,271046,56257,55950,5,307,2121605,0.9998552982294066,13.774148452968802,2.6239569120225497,True,passed,8aa30c3c67f44857d02556fa4a3eb252a480c9a69f8ea6a7c893a38c9d61743e
count_08_s2609271103,count,8,2609271103,PATH,23,0.3467368504525316,424321,316779,0,0,265447,51332,51175,5,157,2121605,0.9999259994202503,13.188731015019584,2.702210127026774,True,passed,4b8d3cee35736396ba61f0e7b0dc7cb11661c5f0c81ae5072005615eade41fb7
count_08_s2609271103,count,8,2609271103,PATH,24,0.3311311214825911,424321,274836,0,0,225247,49589,49334,4,255,1697284,0.9998497599694571,11.72293627698673,2.7586731259943917,True,passed,e19952a295ceff23085bcff5e90cb846c5d450b37b6195f80e6200662d5590bf
count_08_s2609271103,count,8,2609271103,PATH,25,0.31622776601683794,424321,264330,0,0,219911,44419,44297,4,122,1697284,0.9999281204559756,11.140796472027432,2.798972585995216,True,passed,037b60626894678a6292b15689b7aa29dcd25f0ee204f01740ea2bc0244cb646
count_08_s2609271103,count,8,2609271103,PATH,26,0.3019951720402016,424321,268160,0,0,222476,45684,45560,4,124,1697284,0.9999269421027949,11.281778156000655,2.847148791013751,True,passed,7e2a98f985c181cd2e5716d9966187acb93f01dce14cb1ae7a3ce5a381f49497
count_08_s2609271103,count,8,2609271103,PATH,27,0.28840315031266056,424321,271910,0,0,224914,46996,46870,4,126,1697284,0.9999257637496141,11.431725086004008,2.8915474120294675,True,passed,4b07d3178b2e5df58dadcc445be0d778c5dfe80d510f8f49e7821be70e71ac6b
count_08_s2609271103,count,8,2609271103,PATH,28,0.2754228703338166,424321,276698,0,0,228019,48679,48547,4,132,1697284,0.9999222286900719,11.665663182968274,2.9331738849869,True,passed,1002437c9386942d2bb6c7b8ee2d1fb9263c9274d0a981313036484ce4c8ecdd
count_08_s2609271103,count,8,2609271103,PATH,29,0.2630267991895382,424321,279696,0,0,229787,49909,49770,4,139,1697284,0.9999181044539394,11.820993435045239,2.985632048046682,True,passed,4a6d072fcfd5a406db7058ae5eb0bfdaa12926bbf582d8cda966aa85c301346f
count_08_s2609271103,count,8,2609271103,PATH,30,0.251188643150958,424321,348143,0,0,286426,61717,61558,5,159,2121605,0.9999250567377056,14.710869301052298,3.036196844012011,True,passed,c6989be239048a001813ee33326bfa6f6390f0d6105b094735b813b27649740f
count_08_s2609271103,count,8,2609271103,PATH,31,0.23988329190194904,424321,357580,0,0,290300,67280,67009,5,271,2121605,0.999872266515209,15.234831527981441,3.0879475790425204,True,passed,fc26e0b4d5a72a6070cbe1ac5f1ecfd40efef1625cc0afb4ca5ce1994df8a4a1
count_08_s2609271103,count,8,2609271103,PATH,32,0.2290867652767773,424321,356160,0,0,291024,65136,64950,5,186,2121605,0.9999123305233538,15.22339026001282,3.1364487490500323,True,passed,729ee212342f9b6d870a62aae001fd72bb2cfad1714ac237a435641f9fbfa3cb
count_08_s2609271103,count,8,2609271103,PATH,33,0.21877616239495523,424321,290794,0,0,235810,54984,54797,4,187,1697284,0.9998898239776018,12.44992738898145,3.167562993010506,True,passed,5b485641e21feb050a96077b0f171aefffc64a9339a66554fc763564fec4d89b
count_08_s2609271103,count,8,2609271103,PATH,34,0.20892961308540392,424321,292901,0,0,236480,56421,56220,4,201,1697284,0.9998815755053367,12.541581491997931,3.205710156005807,True,passed,fae038a6743ed09a0c793b359fd79b71720b82e863ef436f68bb01dac2fc44ef
count_08_s2609271103,count,8,2609271103,PATH,35,0.19952623149688797,424321,295141,0,0,237260,57881,57659,4,222,1697284,0.9998692027969391,12.720119564968627,3.2593136450159363,True,passed,f11fbe2c2d0cb7360c1e95a44fcc5506ff9981c6bdd117188dce9718404677e9
count_08_s2609271103,count,8,2609271103,PATH,36,0.19054607179632474,424321,297292,0,0,237935,59357,59118,4,239,1697284,0.9998591867949029,12.856158221955411,3.2864594949642196,True,passed,c90b26f1f28bf91fceedd5732019eeff8c54cf991ec52775c9f40c93652b837b
count_08_s2609271103,count,8,2609271103,PATH,37,0.18197008586099836,424321,371616,0,0,297960,73656,73372,5,284,2121605,0.9998661390786692,15.941574487020262,3.3423483470105566,True,passed,31b0e28bfcec9e429bc3e9238256931c89799f6bfe0cff6eb9a1a3970aecd8b9
count_08_s2609271103,count,8,2609271103,PATH,38,0.17378008287493754,424321,373829,0,0,298514,75315,75011,5,304,2121605,0.9998567122532234,16.05679526302265,3.380150751036126,True,passed,daecc863b8907127987c07f3123281bbe12b7465a6eb1e7b9f5cc0dbb5311e49
count_08_s2609271103,count,8,2609271103,PATH,39,0.16595869074375605,424321,303037,0,0,239299,63738,63402,4,336,1697284,0.9998020366656376,13.157020208018366,3.413891665986739,True,passed,336b3016157132355b683b1216882575d89f3db8dce437a64a85ec3cc3df1483
count_08_s2609271103,count,8,2609271103,PATH,40,0.15848931924611134,424321,378820,0,0,299357,79463,79050,5,413,2121605,0.9998053360545436,16.471247360983398,3.4558307819534093,True,passed,f81eb7626ba35a312a1f2e0537f34380a33e68fb72f0e12573d1b8b92c31836b
count_08_s2609271103,count,8,2609271103,PATH,41,0.15135612484362082,424321,380323,0,0,298963,81360,80890,5,470,2121605,0.999778469602023,16.601993313001003,3.485759683942888,True,passed,7ba90c0a0d1f4d00b02ce6f3bbf3b05fc59282a7f827de363063d4d5590bfbbc
count_08_s2609271103,count,8,2609271103,PATH,42,0.14454397707459277,424321,307829,0,0,237535,70294,69753,4,541,1697284,0.9996812554646128,13.569734636985231,3.5294851000071503,True,passed,761f45317a1f6f05027b5e5aecd59058de8fc6535da0047a80910aa1e6e3ae17
count_08_s2609271103,count,8,2609271103,PATH,43,0.1380384264602885,424321,384794,0,0,297667,87127,86462,5,665,2121605,0.9996865580539261,16.926269518968184,3.5602590579655953,True,passed,2e130b03a0097dd9151c2e228258580e062e26d4ef40162f11ae5a075ed1f75c
count_08_s2609271103,count,8,2609271103,PATH,44,0.1318256738556407,424321,310345,0,0,234706,75639,74875,4,764,1697284,0.9995498690849616,13.896469060040545,3.5921565240132622,True,passed,c09ffa342125c64e9967caffd44fdbc1d4a5fac0794b8ba4066e8fa04977acfc
count_08_s2609271103,count,8,2609271103,PATH,45,0.12589254117941673,424321,311585,0,0,233069,78516,77642,4,874,1697284,0.9994850596600215,14.048440104990732,3.6363780520041473,True,passed,f7f96ab1a5dd9d5cf0cd8be23510a7e660ceaaad056f55eb9d7938bf93aa175f
count_08_s2609271103,count,8,2609271103,PATH,46,0.12022644346174129,424321,312520,0,0,230955,81565,80547,4,1018,1697284,0.9994002182310091,14.251061504997779,3.660356614040211,True,passed,8c34d80a198b7d99c30e4d6b897617a6f65a66e8bd7dea1cf29d4cfb50495015
count_08_s2609271103,count,8,2609271103,PATH,47,0.1148153621496883,424321,313233,0,0,228720,84513,83309,4,1204,1697284,0.9992906313852012,14.430782923998777,3.689522923959885,True,passed,6765acab34af8bd03af3ed976658d84bb583c9f35695a753c4436a66b08c6db5
count_08_s2609271103,count,8,2609271103,PATH,48,0.1096478196143185,424321,314152,1,0,226515,87636,86211,4,1425,1697284,0.9991604233587308,14.669380700972397,3.7163705520215444,True,passed,225e1ca6ecad10434ab2488a251e38c0670cbffb3e17eae1fd75c70dd198b5f0
count_08_s2609271103,count,8,2609271103,PATH,49,0.10471285480508996,424321,315100,1,0,224257,90842,89142,4,1700,1697284,0.9989983997963806,14.709614215011243,3.7375397199648432,True,passed,153752bd078b9adea43210dcfdddf46ba77b185bbd4828b197054f8f63e279de
count_08_s2609271103,count,8,2609271103,PATH,50,0.1,424321,318591,2,0,206315,112274,108515,4,3759,1697284,0.9977852851968203,15.637446478009224,3.7764120130450465,True,passed,84289760f892aedd1fc400c302e372e45346e8b83cb34416d5a3ebeed2543c56
count_08_s2609271103,count,8,2609271103,PATH,51,0.09549925860214359,424321,317326,1,0,219469,97856,95495,4,2361,1697284,0.9986089540701497,15.029434917960316,3.8064456029678695,True,passed,af7368a91dfb6a2c9cfe60f091334ed363981c5fb45aa8b22d1bf9a58a05ef67
count_08_s2609271103,count,8,2609271103,PATH,52,0.09120108393559097,424321,318584,12,0,218080,100492,97728,4,2764,1697284,0.9983715159042329,15.223921756027266,3.829083463991992,True,passed,fe43b7cc3e40564c6d62479ca69bb8951bc5978ac36102f09e6b246099bd0966
count_08_s2609271103,count,8,2609271103,PATH,53,0.08709635899560805,424321,319705,14,0,216741,102950,99735,4,3215,1697284,0.9981057972619786,15.289909699000418,3.8620737199671566,True,passed,acc38017e4a7fd3fa450c1f203ee825d2861689128321f254dd607f17203c007
count_08_s2609271103,count,8,2609271103,PATH,54,0.08317637711026708,424321,321768,42,0,216310,105416,101659,4,3757,1697284,0.9977864635500011,15.466125562030356,3.8919432510156184,True,passed,29f1507efdfacdd0860c06bf68de46a33a1256b47f1d4e67100a16bcf9731259
count_08_s2609271103,count,8,2609271103,PATH,55,0.07943282347242814,424321,332107,150,0,210003,121954,113793,4,8161,1697284,0.9951917298460363,16.44338579196483,3.9149172120378353,True,passed,c066dcb48abd36e7b7b497d61c2e613d7874000590ce37144cb64093bc55c337
count_08_s2609271103,count,8,2609271103,PATH,56,0.07585775750291836,424321,406509,156,0,274133,132220,127237,5,4983,2121605,0.9976513064401715,19.4818136060494,3.939472227997612,True,passed,561ce0a707e47bacd5fc4b813017a00ecacafd5897acd9abecd53654a29a05ed
count_08_s2609271103,count,8,2609271103,PATH,57,0.07244359600749903,424321,350923,720,0,223857,126346,115644,4,10702,1697284,0.9936946321299205,17.191846725996584,3.9634429450379685,True,passed,5cb662b9885d0ae22638490e4cde24084ebe94a2e66fe5740d1784487f7e42d5
count_08_s2609271103,count,8,2609271103,PATH,58,0.06918309709189366,424321,364447,1283,0,234189,128975,116846,4,12129,1697284,0.9928538771354706,17.719181242980994,4.022942884999793,True,passed,02fb0dbd77ac08bbea70baf47ec2bfd7ab53944ecae09079e14ad6203b82d9a3
count_08_s2609271103,count,8,2609271103,PATH,59,0.06606934480075961,424321,348512,956,0,224902,122654,115571,4,7083,1697284,0.9958268622104491,16.96977612399496,3.9946535479975864,True,passed,4b15555cebe60af301443342c7284b7e72e225c29bba441ae2128748ec6ff85f
count_08_s2609271103,count,8,2609271103,PATH,60,0.06309573444801933,424321,357927,1336,0,229241,127350,119260,4,8090,1697284,0.9952335613839522,17.643695420993026,4.1376595629844815,True,passed,5f462c5f6492f8361213b6b16e36a6f4d8326bf2d261bf8991f2bb94ef056191
count_08_s2609271103,count,8,2609271103,PATH,61,0.06025595860743578,424321,368739,1979,0,234222,132538,123275,4,9263,1697284,0.9945424572434548,17.91704909299733,4.23426463996293,True,passed,eb3f1fbabb3c5b8f1c5fc616e7f83ef2f5f52b563e605cff7e38812faa9bf671
count_08_s2609271103,count,8,2609271103,PATH,62,0.057543993733715694,424321,443767,5688,0,293264,144815,124008,4,20807,1697284,0.9877410026842885,20.611669338017236,4.29398392298026,True,passed,e1138685579384af7497ec4a906bbcf43297445de66d667eba3e93a6895ae2ee
count_08_s2609271103,count,8,2609271103,PATH,63,0.054954087385762455,424321,400521,4020,0,250114,146387,133975,4,12412,1697284,0.9926871401603974,19.342818856006488,4.397436711995397,True,passed,7fce28e6f3f83b5d792b23d6ef5b7d97b93135f4740b1aa04beb83aa7bb4969c
count_08_s2609271103,count,8,2609271103,PATH,64,0.05248074602497726,424321,425470,5656,0,266418,153396,139031,4,14365,1697284,0.9915364782794158,20.387284738011658,4.5028821299783885,True,passed,b70dfd44af4bc4ea018527906c836d687f314f6cee7a3e497aff1fb7ea4add7c
count_08_s2609271103,count,8,2609271103,PATH,65,0.05011872336272722,424321,456797,7889,0,287686,161222,144671,4,16551,1697284,0.9902485382528793,21.51996396901086,4.603996480989736,True,passed,f4933a991eb703934b1d3e0c3bc0973dd84e61944d3ed0f9ed344eef897cccdb
count_08_s2609271103,count,8,2609271103,PATH,66,0.047863009232263824,424321,495051,11192,0,313818,170041,150854,4,19187,1697284,0.9886954687606788,22.894582243985496,4.7225088920095,True,passed,cf7b08a24930638272f576afe1b52c68578aef57b21222c20e583410fe3d8ba5
count_08_s2609271103,count,8,2609271103,PATH,67,0.04570881896148749,424321,833025,29968,0,558290,244767,199315,5,45452,2121605,0.978576596491807,35.868884068971965,4.849239920033142,True,passed,29d64e780d538b4a8656cf481388d37655dfc631ec3d9455f9fff6077d37be42
count_08_s2609271103,count,8,2609271103,PATH,68,0.043651583224016584,424321,891653,37114,0,593532,261007,209216,5,51791,2121605,0.9755887641667511,38.12980501796119,4.993630520999432,True,passed,c22c6890ac6a51f272e83415282ffa30a21c7d7cdbff3475f30cb32cd20cd6cf
count_08_s2609271103,count,8,2609271103,PATH,69,0.04168693834703355,424321,914435,41720,0,592555,280160,222403,5,57757,2121605,0.9727767421362601,39.212005981011316,5.043952477979474,True,passed,54b985be6dcd51495053064dba9ee5b1abaffe85b19c98c51f80c66a7fd1f975
count_08_s2609271103,count,8,2609271103,PATH,70,0.039810717055349734,424321,946559,45259,0,594165,307135,241020,5,66115,2121605,0.9688372717824477,40.97621164197335,5.153186312003527,True,passed,69b7794de81bb63ff1fc9f9dd5fffbb40325316002b0d04687dbb43b8c1e0c6d
count_08_s2609271103,count,8,2609271103,PATH,71,0.038018939632056124,424321,971816,47604,0,580195,344017,267869,5,76148,2121605,0.9641083047975472,43.00112692499533,5.228872825973667,True,passed,43961b60ce86c01f1a3d581a44f4dfd5a51ddc543550488ab5e368c3e6fa821b
count_08_s2609271103,count,8,2609271103,PATH,72,0.03630780547701014,424321,1025687,51425,0,580921,393341,303473,5,89868,2121605,0.9576415025417078,46.01380064000841,5.258515076013282,True,passed,84642dac1c0bbcf151b36edded091b22b01486905dc61cc77c9720e568ad80ca
count_08_s2609271103,count,8,2609271103,PATH,73,0.034673685045253165,424321,661166,26552,0,350376,284238,235306,4,48932,1697284,0.9711704110802907,31.333969129016623,5.312992986000609,True,passed,6825fbb78761574f0f39aad09e6d6c73b516b427abb9533737cb137489c1b31b
count_08_s2609271103,count,8,2609271103,PATH,74,0.03311311214825911,424321,670861,27090,0,335903,307868,256335,4,51533,1697284,0.9696379627687529,32.31747654097853,5.447879588988144,True,passed,ab4b9be69a5e641bca8c22cd049eb44adb8620150ae7dc2015124e7f6a6f613e
count_08_s2609271103,count,8,2609271103,PATH,75,0.03162277660168379,424321,765236,34196,0,394641,336399,276646,4,59753,1697284,0.9647949311959578,36.00055874697864,5.519991914974526,True,passed,2be0137829ab53d880987dc78294e64047852d11a0106d6a49bb0072d48ffbd5
count_08_s2609271103,count,8,2609271103,PATH,76,0.03019951720402016,424321,1069757,55587,0,464133,550037,427369,5,122668,2121605,0.9421815088105467,52.031606558011845,5.695780623995233,True,passed,794aee01119c24c2417d6d728b95383cf01db17614cebe3ddac76ccc0aea3dab
count_08_s2609271103,count,8,2609271103,PATH,77,0.028840315031266057,424321,795123,36986,0,402331,355806,282705,4,73101,1697284,0.9569306020677741,37.26466826995602,5.841798152949195,True,passed,c2c1bc9bfa687a52e497b28a4da614c6d045d3b17a8130ccefa294e914dc2352
count_08_s2609271103,count,8,2609271103,PATH,78,0.02754228703338166,424321,851594,43569,0,441770,366255,278694,4,87561,1697284,0.9484111085711053,39.275271428981796,6.049577932048123,True,passed,781fbf5fa0a5170a9dedbd013a17edc1f709d557be998c9f5b620a1a6a5aee6b
count_08_s2609271103,count,8,2609271103,PATH,79,0.026302679918953815,424321,1275516,83494,0,586000,606022,396713,5,209309,2121605,0.9013440296379392,59.28828350000549,6.259868817985989,True,passed,cfdf3c34798689a7c20c27009fb8738bfe7ca94c94f5e8194f985336363b06b1
count_08_s2609271103,count,8,2609271103,PATH,80,0.025118864315095794,424321,1290906,88646,0,604944,597316,350667,5,246649,2121605,0.8837441465305748,60.29005440598121,6.4979631720343605,True,passed,8934b19ea1eaf7d9a69bebe6f57c5739148daa38b19fb2d8ddd6f3cc273bb87b
count_08_s2609271103,count,8,2609271103,PATH,81,0.023988329190194897,424321,1710495,130647,0,766682,813166,474335,6,338831,2545926,0.8669124711401667,79.3298269030056,6.775873871985823,True,passed,3c968af0ed76db6ce5211a9270fe55c43d1419c9cc8cddaebd61e287859ae78c
count_08_s2609271103,count,8,2609271103,PATH,82,0.022908676527677734,424321,1781952,149617,0,865289,767046,387679,6,379367,2545926,0.8509905629621599,79.22016826202162,7.072085981955752,True,passed,75960d01e9509e742ce4e5876242a19d35f54f9a3ceb814cf49430396725ee4d
count_08_s2609271103,count,8,2609271103,PATH,83,0.02187761623949553,424321,1899163,183551,0,743495,972117,471921,6,500196,2545926,0.8035308174707356,88.48111670598155,7.453365902998485,True,passed,b27406edf4e8fb5bb97b02f65989879d908d9d151dce2617b57ce708bb9ac790
count_08_s2609271103,count,8,2609271103,PATH,84,0.020892961308540396,424321,1985314,211147,0,857204,916963,442696,6,474267,2545926,0.813715324011774,88.67739121598424,8.003151486977004,True,passed,fd3c94dbcccba9a2659e107d1dcacda75ba13ac235afc24758dda51dcb3686fc
count_08_s2609271103,count,8,2609271103,PATH,85,0.0199526231496888,424321,2084749,245668,4,903863,935214,457059,6,478155,2545926,0.8121881782895497,90.9689740529866,8.608689023996703,True,passed,aa9f4c6dc00ae80875cf2a57053bb27f9a3be67b556baa0f98a64f16cc14122a
count_08_s2609271103,count,8,2609271103,PATH,86,0.019054607179632473,424321,2204626,284688,6,863414,1056518,535531,6,520987,2545926,0.7953644371438918,97.14874524297193,9.336012601968832,True,passed,eec7dbcdd3f1325fd749936219d1dfc0c9323dfd29d6efb87a77d78f10034756
count_08_s2609271103,count,8,2609271103,PATH,87,0.018197008586099836,424321,2295133,317528,29,846624,1130952,575114,6,555838,2545926,0.7816755082433661,101.65702275198419,10.061978000041563,True,passed,cc81e455850064851dc3f883c498041292dad2999769e8ad789d248cc46d712e
count_08_s2609271103,count,8,2609271103,PATH,88,0.017378008287493755,424321,2348486,337415,58,816718,1194295,633989,6,560306,2545926,0.7799205475728674,104.03359658102272,10.809849543031305,True,passed,564ef5932664076b69db02daf7ced520227212b14e0edea616ae49dcbd7ccdee
count_08_s2609271103,count,8,2609271103,PATH,89,0.016595869074375606,424321,2377633,347114,100,772710,1257709,693876,6,563833,2545926,0.778535197016724,106.72893380204914,11.450122067006305,True,passed,b37d8356b7429a6a0581ade68bb120d439da5a0dff8f3651ce1d77c6a4d46bf5
count_08_s2609271103,count,8,2609271103,PATH,90,0.015848931924611134,424321,2482103,382293,198,746067,1353545,669115,6,684430,2545926,0.7311665775046093,111.36086260701995,12.188571400009096,True,passed,cfa8d9946d312139fc35a785756d6f121d2bbf8a9a2d07574f06b64b3ad2d93e
count_08_s2609271103,count,8,2609271103,PATH,91,0.01513561248436208,424321,2565461,409907,303,723180,1432071,658347,6,773724,2545926,0.696093287864612,116.68438674201025,12.801796993007883,True,passed,fe81f6a125bdc21ab52129af23f6cb359314687d4beff922e43b7cd8a00528a0
count_08_s2609271103,count,8,2609271103,PATH,92,0.014454397707459272,424321,2627763,432759,372,717671,1476961,618315,6,858646,2545926,0.6627372515933299,118.771708580025,13.324326700996608,True,passed,37be264c72fde41d14df3c26d613039307d08a91f76d8a386c56c3770d5791b0
count_08_s2609271103,count,8,2609271103,PATH,93,0.013803842646028845,424321,2546285,397609,414,651618,1496644,669267,6,827377,2545926,0.6750192267960655,117.83079196495237,13.926214379025623,True,passed,5b150999d797ba24dd28ba243bed2057cf1701c2a56ba0b3fcdb9d31fe504ae2
count_08_s2609271103,count,8,2609271103,PATH,94,0.013182567385564075,424321,2550149,397829,416,627994,1523910,649162,6,874748,2545926,0.6564126372879652,119.01984160899883,14.442445160006173,True,passed,505a651c207fcdc255ebcd34734e82730aecf0a3fffd5485544aa4065a98ee08
count_08_s2609271103,count,8,2609271103,PATH,95,0.012589254117941675,424321,2640647,433333,416,645900,1560998,585438,6,975560,2545926,0.6168152570027565,122.36765085702064,14.92401057400275,True,passed,9c64ff9b52ab2a0c5caf9685bd7716cef1a03e468efb2a9bbb56f41c4e4ad4c3
count_08_s2609271103,count,8,2609271103,PATH,96,0.012022644346174132,424321,2896167,574099,498,539460,1782110,496514,6,1285596,2545926,0.49503795475595125,132.9750000849599,15.36470640503103,True,passed,dcb231156070a27bede723a2a561f5aace68e26d611412a92efbd053affe151e
count_08_s2609271103,count,8,2609271103,PATH,97,0.01148153621496883,424321,2645285,434866,418,595878,1614123,602551,6,1011572,2545926,0.6026703054212887,123.86199028400006,15.857857680995949,True,passed,b8451f1403ff8a543957ad5df8a7950967ce64ef5fc340f26b8445c9e8898430
count_08_s2609271103,count,8,2609271103,PATH,98,0.01096478196143185,424321,2880211,560330,458,539523,1779900,502802,6,1277098,2545926,0.49837583653256223,132.8652155250311,16.328956465993542,True,passed,922b9f5ce3076f8aec842f265c8b4ca43e6a77931357108d6d757ddef4d5a5d7
count_08_s2609271103,count,8,2609271103,PATH,99,0.010471285480508996,424321,2918992,591415,666,338175,1988736,629426,6,1359310,2545926,0.4660842459678718,138.89700987102697,16.82085894298507,True,passed,e4245da2a345ee06e3c77a6b8daf7e5da80824b95c9c20a5937fa7bdd391ebe6
count_08_s2609271103,count,8,2609271103,PATH,100,0.01,424321,2919960,591067,640,340062,1988191,644766,6,1343425,2545926,0.47232362605983047,139.52502169297077,17.0198994979728,True,passed,eb33bab78a513ee53b455ad050313cedc769959e89296997196b5d3d6faebb27
count_08_s2609271104,count,8,2609271104,PATH,0,1.0,414054,0,0,0,0,0,0,0,0,0,,0.01800507795996964,0.2622338499641046,True,passed,8f51b9d9b189e3d44d5742d4b95707bf391cfe7d7260176f3065f63dc6448320
count_08_s2609271104,count,8,2609271104,PATH,1,0.954992586021436,414054,113840,0,0,88133,25707,23272,3,2435,1242162,0.9980397081862108,4.879588923009578,0.3055957639589906,True,passed,aae188cd418e4da2145e8101bd2f96ee41d8eda476d7a50ee67aaf282a56b0ba
count_08_s2609271104,count,8,2609271104,PATH,2,0.9120108393559098,414054,71245,0,0,57349,13896,12736,3,1160,1242162,0.999066144351542,2.997906291973777,0.3939488960313611,True,passed,db10d6134ea5f4be010d9d4d2a347ae6fb597f484def9b0879d15a6f73794857
count_08_s2609271104,count,8,2609271104,PATH,3,0.8709635899560807,414054,138316,0,0,112886,25430,23304,5,2126,2070270,0.9989730808058852,5.742379484989215,0.5039197760052048,True,passed,4711e3598f4ae44906a2d9fd2f7e1d81b1ff032bfa6975385558f4cb24cd51a5
count_08_s2609271104,count,8,2609271104,PATH,4,0.831763771102671,414054,83906,0,0,68335,15571,14222,3,1349,1242162,0.9989139902846811,3.4778909099986777,0.6244373130029999,True,passed,51dddd6a5b886f4b1b961a6ad82c1b03fba7abbcdea4136b4073179bc5b370f6
count_08_s2609271104,count,8,2609271104,PATH,5,0.7943282347242815,414054,93963,0,0,76529,17434,15627,3,1807,1242162,0.9985452783131347,3.922352146008052,0.7446140390238725,True,passed,417cb22272ade7297dd26042ef9ef7919b34e3ea0c1c5d07ac7c93ca3b158c80
count_08_s2609271104,count,8,2609271104,PATH,6,0.7585775750291838,414054,105695,0,0,86093,19602,17117,3,2485,1242162,0.9979994557875704,4.379014072008431,0.8864833659608848,True,passed,0e4e8f146bbe741f4783dd14f29711656bf28eb2a8b98a00671d241145b75efa
count_08_s2609271104,count,8,2609271104,PATH,7,0.72443596007499,414054,179192,0,0,140437,38755,32733,4,6022,1656216,0.9963640008308096,7.585979227966163,1.013316174969077,True,passed,d1cb3aefd0c9c236dc3349e83932f07ad8cc545b4898d9b42ef1f76bc6d35561
count_08_s2609271104,count,8,2609271104,PATH,8,0.6918309709189365,414054,176374,0,0,138031,38343,33574,4,4769,1656216,0.9971205446632565,7.518325798038859,1.1113911040010862,True,passed,2c9ed360db32471a2eab9564ec88550702887ff6a3ea1464a90188135af3ddb0
count_08_s2609271104,count,8,2609271104,PATH,9,0.660693448007596,414054,145334,0,0,119253,26081,24330,4,1751,1656216,0.9989427707497089,5.971273571951315,1.2118857700261287,True,passed,0c8be75a3895f211b7315c2b447ca15f6416aefb4e6f40f4ad89c428e53fc49f
count_08_s2609271104,count,8,2609271104,PATH,10,0.6309573444801932,414054,154237,0,0,125024,29213,27186,4,2027,1656216,0.9987761258193376,6.41580153000541,1.3305562519817613,True,passed,54e4b8ea06d4040b9fd7304f4ce4ce4ff766dbf2f5bfb6063b949f630e8801a6
count_08_s2609271104,count,8,2609271104,PATH,11,0.6025595860743578,414054,165019,0,0,131992,33027,30618,4,2409,1656216,0.9985454795751278,6.844249546993524,1.4630353740067221,True,passed,0bd75570e6b7b3181df50ea67e67b5dc3035ebfff9c934baff64daa742071151
count_08_s2609271104,count,8,2609271104,PATH,12,0.5754399373371569,414054,190212,0,0,145402,44810,41555,4,3255,1656216,0.9980346766363808,8.192848160979338,1.5838826629915275,True,passed,c7be72e93e42fc817f62be03f3e3ca3f4b3a9313ba73f5192199793b5ae650a0
count_08_s2609271104,count,8,2609271104,PATH,13,0.5495408738576245,414054,175903,0,0,137184,38719,36880,4,1839,1656216,0.9988896375835036,7.425454214040656,1.682964306033682,True,passed,1e46322fe7f7664861d348b87dc7529b2d9297ca6a99e41150b0c94d9d88b748
count_08_s2609271104,count,8,2609271104,PATH,14,0.5248074602497725,414054,182074,0,0,140396,41678,39622,4,2056,1656216,0.998758616025929,7.704728569020517,1.776326859020628,True,passed,7e614d701870f23ac8ca09a09cd8598410fc6b7eef02c86b53282417a478b6a7
count_08_s2609271104,count,8,2609271104,PATH,15,0.5011872336272722,414054,188909,0,0,144159,44750,42379,4,2371,1656216,0.998568423442353,8.035862442979123,1.8642765099648386,True,passed,8a957b03fc0411f9a786c460ee7738a77415f76aeaa3894ffc2054d106c3a061
count_08_s2609271104,count,8,2609271104,PATH,16,0.4786300923226383,414054,194876,0,0,146867,48009,45247,4,2762,1656216,0.9983323431243267,8.409477146982681,1.9336661279667169,True,passed,5cb6c71b81d5707e30404832eee8634f65681e0fbbd4c57dc61e54719405a90f
count_08_s2609271104,count,8,2609271104,PATH,17,0.457088189614875,414054,200042,0,0,148843,51199,47950,4,3249,1656216,0.9980382993522584,8.708361347031314,2.0231845609960146,True,passed,5f43d163a0f3c699e03174ab643af78b17cd5c5883abd6c9491cc7bef0b0b1be
count_08_s2609271104,count,8,2609271104,PATH,18,0.436515832240166,414054,275490,0,0,201223,74267,68000,5,6267,2070270,0.9969728586126447,12.107150865951553,2.0981152830063365,True,passed,b4e1a8b61dd145b8d099e91b41160eb631a1d5175575d4d38b2afa50dea78f82
count_08_s2609271104,count,8,2609271104,PATH,19,0.4168693834703354,414054,162737,0,0,119056,43681,41079,3,2602,1242162,0.9979052651747518,7.199126888997853,2.156615365005564,True,passed,e4512f6c78f672c32fb36aee32087ff04da18a9f5d62aedc94b01a8a89b13143
count_08_s2609271104,count,8,2609271104,PATH,20,0.3981071705534972,414054,214510,0,0,156341,58169,55116,4,3053,1656216,0.9981566414042613,9.377248802979011,2.2775885299779475,True,passed,2baa2642f105d21049a5162663a5e79449828cb3b5adfc4cd9e92499784b5c95
count_08_s2609271104,count,8,2609271104,PATH,21,0.3801893963205612,414054,272560,0,0,197882,74678,71168,5,3510,2070270,0.9983045689692649,11.96150536800269,2.388074386981316,True,passed,da4fb1b5298902086b2bcb868485d97f9e2ecc28fed9a0db599874317abff0e9
count_08_s2609271104,count,8,2609271104,PATH,22,0.36307805477010135,414054,250090,0,0,175144,74946,68058,4,6888,1656216,0.9958411221724702,11.198650809994433,2.485875106009189,True,passed,09691acec363bffc0e1d0e2d1b50d460eeabeeeab390742787e7dc9ec36ad8ba
count_08_s2609271104,count,8,2609271104,PATH,23,0.3467368504525316,414054,180930,0,0,131767,49163,47725,3,1438,1242162,0.998842341015101,7.883497837989125,2.5495465940330178,True,passed,eb08ac7c73ea1b8ae4a98199a13de1de14f125d7b7827d445929734662d0d834
count_08_s2609271104,count,8,2609271104,PATH,24,0.3311311214825911,414054,253439,0,0,182973,70466,67541,4,2925,1656216,0.9982339260096509,11.143682188994717,2.5744124350021593,True,passed,4681d8a60bc416ac2fa3651ac3d3094f9bc2e8a755dcc4e2d772c2482905ae63
count_08_s2609271104,count,8,2609271104,PATH,25,0.31622776601683794,414054,246342,0,0,180054,66288,65092,4,1196,1656216,0.9992778719683906,10.831874206021894,2.620996149023995,True,passed,8133a79fd4dec9971ad1c6be114d86a4b7ef0952af92707a7296b8ada1e0b1d4
count_08_s2609271104,count,8,2609271104,PATH,26,0.3019951720402016,414054,254707,0,0,184634,70073,67912,4,2161,1656216,0.9986952184980703,11.137615118001122,2.6355368639924563,True,passed,f1bcc46a19751fe1454b085d1cc3cbdbc9b92068651223517e019d83610d0841
count_08_s2609271104,count,8,2609271104,PATH,27,0.28840315031266056,414054,255843,0,0,184962,70881,68610,4,2271,1656216,0.9986288020403136,11.174863388994709,2.649353670014534,True,passed,036a44414bb5134f984e24d157c271b961c1cf95bc9cba1324a5993426666f11
count_08_s2609271104,count,8,2609271104,PATH,28,0.2754228703338166,414054,243368,0,0,176637,66731,65492,4,1239,1656216,0.9992519091712675,10.613694094994571,2.6821300120209344,True,passed,3dc7cdd0ed2bd5e99831da4e06950947f0e66bb4b4818ed5438b93d3919babb0
count_08_s2609271104,count,8,2609271104,PATH,29,0.2630267991895382,414054,257322,0,0,185894,71428,69433,4,1995,1656216,0.998795446970685,11.45428007299779,2.7070597800193354,True,passed,7c61293655530391e89a3e8c1c35eea5002fc423ef75f00ea68c71778041a30a
count_08_s2609271104,count,8,2609271104,PATH,30,0.251188643150958,414054,245802,0,0,177724,68078,66636,4,1442,1656216,0.9991293406174074,10.694331381004304,2.740080579998903,True,passed,efe8718cefb347e5b9d854f127f8ec7740d935ca8ad56be49f6100179ba611a5
count_08_s2609271104,count,8,2609271104,PATH,31,0.23988329190194904,414054,249102,0,0,179746,69356,67772,4,1584,1656216,0.9990436030083033,10.91569938097382,2.7756465210113674,True,passed,a5efc5640146c4d0a6f1365d8a9b24754b20541d3f6007c467938e0362ca9faa
count_08_s2609271104,count,8,2609271104,PATH,32,0.2290867652767773,414054,308377,0,0,222445,85932,84163,5,1769,2070270,0.9991455220816609,13.509145455027465,3.0961510359775275,True,passed,c02eac51c6e667f77a1cb6d37d6ab947b1993924a3785e72b232509ef01043ca
count_08_s2609271104,count,8,2609271104,PATH,33,0.21877616239495523,414054,263481,0,0,186445,77036,73274,4,3762,1656216,0.9977285571447203,11.652728651999496,2.830219022987876,True,passed,78215b39f63061a3cb3cc4b4e2d7849d68d7b2f2393c577f1eab6eff9903bd45
count_08_s2609271104,count,8,2609271104,PATH,34,0.20892961308540392,414054,264873,0,0,186358,78515,74297,4,4218,1656216,0.9974532307380197,11.868713381001726,2.8571385049726814,True,passed,ca72b5a24624b09d8492e53ab924cc98e856c542648c72040ebafb7f68eae210
count_08_s2609271104,count,8,2609271104,PATH,35,0.19952623149688797,414054,326174,0,0,229726,96448,91715,5,4733,2070270,0.9977138247668178,14.499756349017844,2.892704160010908,True,passed,0335b8351c062f8562d67e05ee4aa3a8852eab7d239cc5c36ee69a1e4b59aaff
count_08_s2609271104,count,8,2609271104,PATH,36,0.19054607179632474,414054,328289,0,0,229771,98518,93256,5,5262,2070270,0.9974583025402484,14.604667159030214,2.9221639719908126,True,passed,09fdcddb14f2fc1e78ae61476b9adc27ede15dd3d486e0307b46bd33c7cfaf5d
count_08_s2609271104,count,8,2609271104,PATH,37,0.18197008586099836,414054,330415,0,0,229552,100863,94918,5,5945,2070270,0.9971283938809914,14.780542694032192,2.9398923810222186,True,passed,eb492f163e7a8ca176aad469f16387122c34d719b4660b68f8cde70282ec46e5
count_08_s2609271104,count,8,2609271104,PATH,38,0.17378008287493754,414054,269951,0,0,189524,80427,76612,4,3815,1656216,0.9976965564878011,12.018789078050759,2.9826277880347334,True,passed,6944e870f1ca4070cc0513dc92cfb5cbe0e561ce5523966b06147ecbd894f75e
count_08_s2609271104,count,8,2609271104,PATH,39,0.16595869074375605,414054,271860,0,0,189966,81894,77804,4,4090,1656216,0.9975305153434093,12.104327648994513,3.0124238900025375,True,passed,94036f6a72e2b1525e94cc8b9255c2d194e090890c283f6197ca1b1394c36b3c
count_08_s2609271104,count,8,2609271104,PATH,40,0.15848931924611134,414054,337967,1,0,235606,102360,97443,5,4917,2070270,0.9976249474706198,15.039213232987095,3.053618357051164,True,passed,9457ca1f3ee487ec887e27803e852885031f5166f88e30ae8fa1b6422b69a5fe
count_08_s2609271104,count,8,2609271104,PATH,41,0.15135612484362082,414054,275813,1,0,189677,86135,81257,4,4878,1656216,0.9970547319914794,12.397405260999221,3.0900328540010378,True,passed,9807d555d3aafa4000e7f26cb730cc1922251a7630e8f7fc1292e850608b23af
count_08_s2609271104,count,8,2609271104,PATH,42,0.14454397707459277,414054,279753,2,0,178381,101370,91462,4,9908,1656216,0.9940176885140586,13.092869580024853,3.1350816070334986,True,passed,4187a81b41752d2e4931b7a34cc500d7e1b21f084982c08225f9af7fcf8455d0
count_08_s2609271104,count,8,2609271104,PATH,43,0.1380384264602885,414054,348334,2,0,224891,123441,112589,5,10852,2070270,0.994758171639448,16.239405444008298,3.160591644991655,True,passed,310e6fe4524a950abd8cd9c52dfef18ebe4e67fe2569bdbd4fb0d7658741e12a
count_08_s2609271104,count,8,2609271104,PATH,44,0.1318256738556407,414054,282546,2,0,185435,97109,89566,4,7543,1656216,0.995445642355828,13.016909986035898,3.2011195520171896,True,passed,cc2c83bceca4f8f5b31af2fd267222faacb7e2ae95728418c61419c56cce025a
count_08_s2609271104,count,8,2609271104,PATH,45,0.12589254117941673,414054,356240,8,0,223985,132247,119127,5,13120,2070270,0.9936626623580499,16.745739766047336,3.221576065989211,True,passed,46f0805f73b48c42b2446d39bd2c20fedd3e2fd318224335df45cf80c2a44e2c
count_08_s2609271104,count,8,2609271104,PATH,46,0.12022644346174129,414054,288660,19,0,187528,101113,92742,4,8371,1656216,0.9949457075647138,13.326395771990065,3.2633672280353494,True,passed,1965b35d841e2c695b8617221f031e47dc26dd49e98f6dd4a7ba5bd5936febe5
count_08_s2609271104,count,8,2609271104,PATH,47,0.1148153621496883,414054,292310,49,0,188828,103433,94280,4,9153,1656216,0.9944735469286615,13.573721792025026,3.3169846999808215,True,passed,29457c3a6effefc01a507543011fecb48bf739f87581d0d77a22a6d0be5f6ec4
count_08_s2609271104,count,8,2609271104,PATH,48,0.1096478196143185,414054,296202,141,0,187555,108506,97519,4,10987,1656216,0.9933662034420632,13.889304049953353,3.3657692309934646,True,passed,f4ecf8c5e0d3c977f6931a55a366f80575ae7cd253458bc9903f6b595d6ad1a8
count_08_s2609271104,count,8,2609271104,PATH,49,0.10471285480508996,414054,380763,542,0,239067,141154,122447,5,18707,2070270,0.9909639805436006,17.808814190037083,3.3993826920050196,True,passed,641d1bb9944352d151e4560c3a23f96ee25252339b34b71303920a6953a51b84
count_08_s2609271104,count,8,2609271104,PATH,50,0.1,414054,319698,1050,0,195266,123382,102745,4,20637,1656216,0.9875396687388601,15.054380675021093,3.438570754020475,True,passed,516b1069df9c038958fc968682b9871f06a16a12c871b85757dfc3f8dcdccaa7
count_08_s2609271104,count,8,2609271104,PATH,51,0.09549925860214359,414054,312764,1025,0,197461,114278,99916,4,14362,1656216,0.9913284257608911,14.583012869989034,3.4518099449924193,True,passed,aff92936f263c9707be5ee37d98ebdeb7ce99d1698f831d84f8c5363f7243562
count_08_s2609271104,count,8,2609271104,PATH,52,0.09120108393559097,414054,319447,1569,0,206484,111394,97039,4,14355,1656216,0.9913326522627484,14.7346444830182,3.4748241800116375,True,passed,e110f942adcd9006b61fec665254c415b0a3a763599901eb4270535a7a4cbe7f
count_08_s2609271104,count,8,2609271104,PATH,53,0.08709635899560805,414054,362356,4308,0,229998,128050,99429,4,28621,1656216,0.9827190414776816,16.37879820901435,3.5024595229770057,True,passed,5340634ba9ec2d195969ce74e489628c4d76a49a0883410801eb22c99e75a43c
count_08_s2609271104,count,8,2609271104,PATH,54,0.08317637711026708,414054,335488,2758,0,216369,116361,98906,4,17455,1656216,0.9894609157259681,15.2438323199749,3.513136739959009,True,passed,191b1e3bf9a5a37c13e8fe224e7029d06cd4bc5d15aec5a130cb4c5ceddf3896
count_08_s2609271104,count,8,2609271104,PATH,55,0.07943282347242814,414054,346137,3422,0,219188,123527,103205,4,20322,1656216,0.9877298613224362,15.773030345968436,3.5761004999512807,True,passed,e275a574e3050e1ce04eb09578fbd63964a995d89539c5df8cf13e70285cefdc
count_08_s2609271104,count,8,2609271104,PATH,56,0.07585775750291836,414054,416071,8552,0,268917,138602,99583,4,39019,1656216,0.976440874861733,18.22019401099533,3.561676711018663,True,passed,42f6a83616b602eca36b8f210ba9844e5c190fed66c66952d609a76447d26cc4
count_08_s2609271104,count,8,2609271104,PATH,57,0.07244359600749903,414054,364119,5265,0,233262,125592,102920,4,22672,1656216,0.9863109642703609,16.377499516005628,3.6025242309551686,True,passed,db860df10a00cab1190f15c2c06ab79e561432b185f7fdb15e4ce8e59b9d8025
count_08_s2609271104,count,8,2609271104,PATH,58,0.06918309709189366,414054,527812,12664,0,326354,188794,139156,5,49638,2070270,0.9760234172354331,23.51919582800474,3.626164279994555,True,passed,4cd08419b61009fad41e80f8cf26d94ab5e4528ac0ca9de8a426ff0fba96ff45
count_08_s2609271104,count,8,2609271104,PATH,59,0.06606934480075961,414054,556885,15129,0,338822,202934,144951,5,57983,2070270,0.9719925420355799,24.796210935979616,3.6548676979728043,True,passed,22ea4329f92f7dbe729ca3c39992155f97888172d302b623083f2ae92c893b2c
count_08_s2609271104,count,8,2609271104,PATH,60,0.06309573444801933,414054,671198,18738,0,413777,238683,175019,6,63664,2484324,0.9743737129295534,29.46061400405597,3.6962252400116995,True,passed,ffed3cd4538fc11b71b84f5ec8d7e930af8b104afdced121d4f9f008d55f7b14
count_08_s2609271104,count,8,2609271104,PATH,61,0.06025595860743578,414054,659497,24235,0,405624,229638,159032,5,70606,2070270,0.9658952696991214,28.22855099500157,3.741186957049649,True,passed,d74f5c4f98de62fa0a0026186a34cf7937ff666890cf39f37056eabec64c494f
count_08_s2609271104,count,8,2609271104,PATH,62,0.057543993733715694,414054,729536,31403,0,451074,247059,170105,5,76954,2070270,0.9628290029802876,30.58276262198342,3.8038713150308467,True,passed,750ac4b713935a9db21b649d19b5bc7feb492476b441875c956a47f5889e04e9
count_08_s2609271104,count,8,2609271104,PATH,63,0.054954087385762455,414054,783423,39408,0,479718,264297,185553,5,78744,2070270,0.9619643814574911,32.42750392499147,3.8705815949942917,True,passed,b2b5be95f91427f8873b3d42b4555fa616df90c60b552f3f0f4f760e0234f45d
count_08_s2609271104,count,8,2609271104,PATH,64,0.05248074602497726,414054,548724,24750,0,330744,193230,144845,4,48385,1656216,0.9707858153767382,23.322307975031435,3.930578518018592,True,passed,846cee21868ac87c3db416c584e55c38c7edced2583bb0f2dfa06c8f582cb612
count_08_s2609271104,count,8,2609271104,PATH,65,0.05011872336272722,414054,891955,54296,0,531672,305987,206953,5,99034,2070270,0.9521637274365179,36.583723174000625,4.038366128981579,True,passed,0fefb5e51df35b7a3ebab3c621d0ca3f9455b0983aba7628ea73c6b329a6b77c
count_08_s2609271104,count,8,2609271104,PATH,66,0.047863009232263824,414054,900639,56594,0,508625,335420,230408,5,105012,2070270,0.9492761813676477,37.66908083402086,4.150058887025807,True,passed,38876657139c39300525f6dd4ea91abaff739289266547e10a8f3b524df89d77
count_08_s2609271104,count,8,2609271104,PATH,67,0.04570881896148749,414054,567971,28757,0,295798,243416,186059,4,57357,1656216,0.9653686475677086,25.28785759402672,4.2345575710060075,True,passed,26ffe84806940d8889cd0871e4403e967ba51351705a0bb1dff011a3cc4a41da
count_08_s2609271104,count,8,2609271104,PATH,68,0.043651583224016584,414054,932705,59768,0,442989,429948,302436,5,127512,2070270,0.9384080337347303,41.2209455500124,4.34298293601023,True,passed,b8c1003b9796d7eee7512a201423ee87a2878d6bd05544091a2e5c3b870ca36a
count_08_s2609271104,count,8,2609271104,PATH,69,0.04168693834703355,414054,973058,64010,0,420253,488795,340717,5,148078,2070270,0.9284740637694601,44.04368792602327,4.389489006018266,True,passed,1feb613b1f9f41ab66c80ef9f90dac8125628ec84cf91c116341a5e22be84b28
count_08_s2609271104,count,8,2609271104,PATH,70,0.039810717055349734,414054,956125,62690,0,367565,525870,362868,5,163002,2070270,0.9212653422017418,44.59169910196215,4.532621835009195,True,passed,9e6eded8103ea1ce98476022e00b3fd5afa572661cddea18388d8c3cb5c0a637
count_08_s2609271104,count,8,2609271104,PATH,71,0.038018939632056124,414054,612414,32848,0,242194,337372,241829,4,95543,1656216,0.9423124761504538,29.459583028045017,4.575291431043297,True,passed,bd4061eca547d4e0395c7d2b409319ec0a9ce11a9a80ecd7aaf2761cd36053bf
count_08_s2609271104,count,8,2609271104,PATH,72,0.03630780547701014,414054,629264,35505,0,247181,346578,232124,4,114454,1656216,0.9308942794901148,30.099811155057978,4.641837074013893,True,passed,993adc1ee27c38e46e1a43ae05e727ed48f15aede09e96148060a350b0073488
count_08_s2609271104,count,8,2609271104,PATH,73,0.034673685045253165,414054,990884,64751,0,487267,438866,268081,5,170785,2070270,0.9175059291783197,43.31893506803317,4.656385075999424,True,passed,78eb5aca71f20bb46c4460a841e146e3e9b6896bf7f296e9f1a56ff3ca820dd2
count_08_s2609271104,count,8,2609271104,PATH,74,0.03311311214825911,414054,1362655,105016,4,595593,662042,308721,6,353321,2484324,0.8577798225996287,60.27992261800682,4.692509466025513,True,passed,c862310d5ef52041ca992708364632de4fcb46ccf26f7eca51ffa0b61b434401
count_08_s2609271104,count,8,2609271104,PATH,75,0.03162277660168379,414054,1090318,91144,4,412346,586824,201967,5,384857,2070270,0.8141029913972574,50.058697016967926,4.77673953701742,True,passed,ec7305969b7e0e8d35763d98ef979469c58857cc27cca48ea7e3ffd2f9fee596
count_08_s2609271104,count,8,2609271104,PATH,76,0.03019951720402016,414054,1189617,101765,2,566486,521364,245150,5,276214,2070270,0.8665806875431707,50.592478545964696,4.842109545017593,True,passed,ef50f551fef9016bc720257073438614d90f5621c0342fb595c3d714a7df7164
count_08_s2609271104,count,8,2609271104,PATH,77,0.028840315031266057,414054,1610652,164502,6,728144,718000,232073,6,485927,2484324,0.8044027268584935,67.70328574295854,4.9415945570217445,True,passed,03f3e08188e07fc9a44daf0b68958d376d9e89017bca013744437f0cb19c92fd
count_08_s2609271104,count,8,2609271104,PATH,78,0.02754228703338166,414054,1704715,194694,8,736086,773927,270285,6,503642,2484324,0.7972720144393405,70.92297113401582,5.099025101982988,True,passed,7977f642b9a4a1c024b870eecd0f297394aefbeea8d28db6e3307df3d72d15cd
count_08_s2609271104,count,8,2609271104,PATH,79,0.026302679918953815,414054,1791531,226857,14,701410,863250,340686,6,522564,2484324,0.7896554555685973,75.16150628199102,5.226618000015151,True,passed,efbed040f82c37694d998486ee23a76a74885dbbf4ee70c8a6c1ca38997d6a87
count_08_s2609271104,count,8,2609271104,PATH,80,0.025118864315095794,414054,1870907,259251,20,734710,876926,354990,6,521936,2484324,0.7899082406320592,76.95863149105571,5.390228993957862,True,passed,a042ef798e7ffe635cc95869fb56607c722b007df159d18e0ba0345ade17e7ae
count_08_s2609271104,count,8,2609271104,PATH,81,0.023988329190194897,414054,1937070,292400,28,603515,1041127,472702,6,568425,2484324,0.7711953030281075,82.46825627295766,5.592513287963811,True,passed,eb0ddfbbdbf2256eb8ad82f50a12fcbb65715f31c85e9af50d1a5027ccb5e4da
count_08_s2609271104,count,8,2609271104,PATH,82,0.022908676527677734,414054,1977889,314056,41,561732,1102060,514249,6,587811,2484324,0.7633919730276727,84.72772292100126,5.777062880981248,True,passed,b2a9de0cbb131ac6069190b4fc70c2b8796e53d2dcfc5a5147c13f640eca6d22
count_08_s2609271104,count,8,2609271104,PATH,83,0.02187761623949553,414054,2047344,341507,82,513356,1192399,487206,6,705193,2484324,0.7161429024555573,88.72120085498318,5.944853103952482,True,passed,7ec6bb412438c8cd6859eb669f5ffb3876a6c71b2b9f22179fa6cd46b3265613
count_08_s2609271104,count,8,2609271104,PATH,84,0.020892961308540396,414054,1529100,213537,76,417841,897646,441428,5,456218,2070270,0.7796335743646964,67.92086744896369,6.223759796994273,True,passed,4b44770bd106161e420e190d7e501569864190cbb4797c0a923c4963224f569d
count_08_s2609271104,count,8,2609271104,PATH,85,0.0199526231496888,414054,2152521,363820,254,459461,1328986,493544,6,835442,2484324,0.6637145557503772,94.92945228697499,6.585134876018856,True,passed,f004a010e156e08cd812f245243f0ef238b831162c1ec63b606ec8f105d9fcd1
count_08_s2609271104,count,8,2609271104,PATH,86,0.019054607179632473,414054,2163797,355891,342,449952,1357612,550925,6,806687,2484324,0.6752891329794343,96.34022331604501,7.038820861955173,True,passed,beee3e5b9d64e933b79a62f703a8eabd80d14a41e21adaf601373b6b80b200a3
count_08_s2609271104,count,8,2609271104,PATH,87,0.018197008586099836,414054,2198052,362043,370,462580,1373059,485535,6,887524,2484324,0.6427503014904659,97.67605093499878,7.573761313979048,True,passed,ef936c4d8512c30d85797444d8d7a0b26590e0fb8dea3d8bec675e7d145c58d8
count_08_s2609271104,count,8,2609271104,PATH,88,0.017378008287493755,414054,2322304,398810,376,533087,1390031,313942,6,1076089,2484324,0.5668483659941296,100.8148034879705,8.176905450993218,True,passed,208b94bf05328d114558822107555932f64a90c288d19adcc2f313c247493006
count_08_s2609271104,count,8,2609271104,PATH,89,0.016595869074375606,414054,2426307,424941,376,592879,1408111,266110,6,1142001,2484324,0.540317205002246,104.12775049399352,8.911500642017927,True,passed,162f929aaa53cf500f3867c256bd20d84649d81321012c898f2a1ed35ed79e24
count_08_s2609271104,count,8,2609271104,PATH,90,0.015848931924611134,414054,2661952,518015,380,659969,1483588,213617,6,1269971,2484324,0.4888062104620814,110.76956103101838,9.52217043802375,True,passed,42a48be56b9c484263e318a0145be19b83eb91189d3e1097a8d943e04d31e90e
count_08_s2609271104,count,8,2609271104,PATH,91,0.01513561248436208,414054,2655965,506499,376,673132,1475958,216618,6,1259340,2484324,0.4930854429615461,110.96916557999793,10.188589540019166,True,passed,f3dc3d4f3c0fe3a54ff4935cd6e97a28c48bf47bdb6c7d51767dcc24bbfff9a7
count_08_s2609271104,count,8,2609271104,PATH,92,0.014454397707459272,414054,2708621,527695,380,671126,1509420,242308,6,1267112,2484324,0.48995702653921147,112.28344204399036,10.852215343038552,True,passed,dbeab49ea837c5d686397dc43172209ceb27261986aa4a0fb9d0955a0a9e44e2
count_08_s2609271104,count,8,2609271104,PATH,93,0.013803842646028845,414054,2557857,452292,376,638089,1467100,357637,6,1109463,2484324,0.5534145304718708,108.8258872529841,11.40608568303287,True,passed,1b0243577d36ef226c8402a954f403e5fcc1c9c76eb1490d46e978c986bdba44
count_08_s2609271104,count,8,2609271104,PATH,94,0.013182567385564075,414054,2802274,574181,422,575815,1651856,366227,6,1285629,2484324,0.4825034898829621,117.61020667501725,11.921543009986635,True,passed,7fc7bf8a889454e8fc5486b80165da7f3a9ac04276c3ab62c990c7d3d7e54702
count_08_s2609271104,count,8,2609271104,PATH,95,0.012589254117941675,414054,2832852,597394,556,447956,1786946,452891,6,1334055,2484324,0.4630108633173451,121.64461045904318,12.395775466982741,True,passed,9bc33f43e3adeec7db644cde627f297543c6516ad68ee47bbf54baab9b6d8496
count_08_s2609271104,count,8,2609271104,PATH,96,0.012022644346174132,414054,2841879,600848,580,391068,1849383,500446,6,1348937,2484324,0.4570205013516756,123.43007990001934,12.831998877984006,True,passed,5bd3c3f0652b2e0269e13558a754e96183a4af13f4c24fdc733db9dcadb570d0
count_08_s2609271104,count,8,2609271104,PATH,97,0.01148153621496883,414054,2821168,580134,436,502476,1738122,452667,6,1285455,2484324,0.48257352905659645,120.49238836800214,13.307219012989663,True,passed,6356fa3c5aa8e31bdef556dac8b9c4911827117e758595469b227373135982a0
count_08_s2609271104,count,8,2609271104,PATH,98,0.01096478196143185,414054,2850941,604971,744,286076,1959150,330412,6,1628738,2484324,0.34439388743175203,127.17787837900687,13.778917809017003,True,passed,df2d1542b2c2e9bc2f857928fb67114ffd3bbce61294aa48c30ade110c88b05d
count_08_s2609271104,count,8,2609271104,PATH,99,0.010471285480508996,414054,2854856,606237,744,251119,1996756,378090,6,1618666,2484324,0.34844810902281664,128.30037157604238,14.215905447024852,True,passed,06a83263e43986235c0352e9f710d5f0def9100bf925d0b5c9a5476067ef2b94
count_08_s2609271104,count,8,2609271104,PATH,100,0.01,414054,2858409,607485,744,231808,2018372,381049,6,1637323,2484324,0.34093821900847077,129.203228347993,14.724650919029955,True,passed,236360a5518d97c5bdc9408dc5c4c7903ec9ff4da95c3252a5d85365b088b193
count_08_s2609271105,count,8,2609271105,PATH,0,1.0,426445,0,0,0,0,0,0,0,0,0,,0.01886084896977991,0.2675521339988336,True,passed,23729774575e1ce9e8acac0b73d5e511894e84b5edf3083426963c4cb4218d7a
count_08_s2609271105,count,8,2609271105,PATH,1,0.954992586021436,426445,112174,0,0,97278,14896,13947,3,949,1279335,0.9992582083660652,4.5766914680134505,0.3148336310405284,True,passed,88586a2794270d7f57d0ce11c09e8db0316cc7ef74b0309f4a1f932721df0281
count_08_s2609271105,count,8,2609271105,PATH,2,0.9120108393559098,426445,78740,0,0,69815,8925,8437,4,488,1705780,0.999713913869315,3.1942156570148654,0.3808005830505863,True,passed,1a02a4450df23b84e8ebb204490ef84c3912df39e6230ce8eaab05f44910e56d
count_08_s2609271105,count,8,2609271105,PATH,3,0.8709635899560807,426445,119648,0,0,102066,17582,16373,3,1209,1279335,0.9990549777814255,4.9414417869993486,0.4484879190567881,True,passed,a52c3aceb6c1d1066829f92e893ecbe1932598392f5e580ebf3303e41336583e
count_08_s2609271105,count,8,2609271105,PATH,4,0.831763771102671,426445,90841,0,0,80517,10324,9824,4,500,1705780,0.999706878964462,3.697921408980619,0.5393432130222209,True,passed,40efcb0fce11d9df5a1624e05b74a3b4c7f29a8f3c857579a3e37229222581a5
count_08_s2609271105,count,8,2609271105,PATH,5,0.7943282347242815,426445,105329,0,0,92948,12381,11718,4,663,1705780,0.9996113215068766,4.24875097599579,0.6841491379891522,True,passed,6e2a3da6c8a252941b13e8364e9916cd024a81bad37f5ac6caf5b46ed5053d38
count_08_s2609271105,count,8,2609271105,PATH,6,0.7585775750291838,426445,138256,0,0,120431,17825,16854,4,971,1705780,0.9994307589489853,5.612710569985211,0.8269062460167333,True,passed,1a80fb29d7d94f05f4762871a357a17a218b4d350fe05f9bf7b497f08f9f43fb
count_08_s2609271105,count,8,2609271105,PATH,7,0.72443596007499,426445,126365,0,0,111457,14908,14182,4,726,1705780,0.9995743882563989,5.134477794985287,0.952149101998657,True,passed,ecae3f697f315b1b9ff5ced89115967ea7d9ea49a4568da39692818616254594
count_08_s2609271105,count,8,2609271105,PATH,8,0.6918309709189365,426445,138798,0,0,121623,17175,16235,4,940,1705780,0.9994489324531886,5.618376289959997,1.0787413329817355,True,passed,4c3e94a61aaa9294bf0f5a46c02b3928353ef52501ac66575d36ab75c3248e83
count_08_s2609271105,count,8,2609271105,PATH,9,0.660693448007596,426445,149613,0,0,129826,19787,18549,4,1238,1705780,0.9992742323160079,6.216757105954457,1.2989080479601398,True,passed,16c49f9285e74147ea16996cdaba0900f40a2802afd4372d089215b2c3f1e964
count_08_s2609271105,count,8,2609271105,PATH,10,0.6309573444801932,426445,130878,0,0,110656,20222,18552,3,1670,1279335,0.9986946343217374,5.523531279002782,1.300743399944622,True,passed,3df30765c21a926f6b067841a2e5c200f5e8d5419db89f28fc8c2d78e13c8351
count_08_s2609271105,count,8,2609271105,PATH,11,0.6025595860743578,426445,212490,0,0,173544,38946,34623,4,4323,1705780,0.9974656755267385,8.941183774033561,1.3995199750061147,True,passed,e96a1c3c85a43a0c86ceed6d3939c12e78263b9be0aa052afb8dbdf67c66b335
count_08_s2609271105,count,8,2609271105,PATH,12,0.5754399373371569,426445,176762,0,0,148859,27903,26108,4,1795,1705780,0.9989476954824186,7.302119359956123,1.5167565679876134,True,passed,2aa0ac620e0ecc27fc8f82e801ec1fc6b8cd6e27cf0d30b79fa3d5e5b69d026f
count_08_s2609271105,count,8,2609271105,PATH,13,0.5495408738576245,426445,223322,0,0,180498,42824,38362,4,4462,1705780,0.997384187878859,9.444689791998826,1.6194207209628075,True,passed,b56e31e248beda148982c887e7dbd879f32f3e0c1cfa10078178f54831590e9e
count_08_s2609271105,count,8,2609271105,PATH,14,0.5248074602497725,426445,187042,0,0,155385,31657,30086,4,1571,1705780,0.9990790137063397,7.7944610610138625,1.702298021002207,True,passed,e39068887bec238701b6f5b72b6303c0e4f9a37cb6c116b0b8ab3af279d11a34
count_08_s2609271105,count,8,2609271105,PATH,15,0.5011872336272722,426445,195501,0,0,161167,34334,32507,4,1827,1705780,0.9989289357361442,8.201724309998099,1.7977139150025323,True,passed,b65838414f1487141bf86b3e309e34be93f4aa8d20e824a55189f99b30731210
count_08_s2609271105,count,8,2609271105,PATH,16,0.4786300923226383,426445,270767,0,0,219785,50982,48282,5,2700,2132225,0.9987337171264759,11.521553633036092,1.8990841840277426,True,passed,7b4404d3978be9ccdc71921eb0de78d43e37aa8d9a9991d89c365b751ab3ae0a
count_08_s2609271105,count,8,2609271105,PATH,17,0.457088189614875,426445,244971,0,0,194121,50850,45862,4,4988,1705780,0.997075824549473,10.5142765660421,1.990749895980116,True,passed,e565c17d5fb615fb577e2b1be2ffb258468a75ab57a0430e9a9846d996c1143c
count_08_s2609271105,count,8,2609271105,PATH,18,0.436515832240166,426445,216416,0,0,173886,42530,39673,4,2857,1705780,0.9983251064029359,9.198053107014857,2.079998587956652,True,passed,3fcc3cc0e8fd760f84e26c7544e4ac64ef55c23ab8aee80082fd1f4a89fabdab
count_08_s2609271105,count,8,2609271105,PATH,19,0.4168693834703354,426445,269270,1,0,214964,54305,51008,5,3297,2132225,0.99845372791333,11.452663100033533,2.174519680964295,True,passed,72558800049e7688ec33542d94d6e1f6ca5beb2af4d85af85d3ca8e17d8613a5
count_08_s2609271105,count,8,2609271105,PATH,20,0.3981071705534972,426445,258467,6,0,195519,62942,55534,4,7408,1705780,0.9956571187374691,11.403395283035934,2.2752094180323184,True,passed,5442978c451ff68c63bdd9651fb7cc8f088c6997df3b0051382cc1b31e84d0e1
count_08_s2609271105,count,8,2609271105,PATH,21,0.3801893963205612,426445,234648,2,0,183412,51234,48215,4,3019,1705780,0.9982301351874215,10.098591444955673,2.3837862630025484,True,passed,5b63830877b16c3e55355f802cfb4eb4c4dff6424d8695e31fcbdd870be0da03
count_08_s2609271105,count,8,2609271105,PATH,22,0.36307805477010135,426445,316358,3,0,242950,73405,68264,5,5141,2132225,0.9975889036100787,13.806107000040356,2.4484951309859753,True,passed,70319f75c1fca2bedd2f05d5a5cb91be28ea0ce94cdcd46bc798a627303dfa09
count_08_s2609271105,count,8,2609271105,PATH,23,0.3467368504525316,426445,243546,0,0,191371,52175,50609,4,1566,1705780,0.999081944916695,10.54113425698597,2.5033555579720996,True,passed,1c995e93c7168c50b242869a9e5769db19e947bcbd23c88b2144c33ff17c6ca3
count_08_s2609271105,count,8,2609271105,PATH,24,0.3311311214825911,426445,267702,2,0,206319,61381,58034,4,3347,1705780,0.9980378477881087,11.611293232999742,2.572233196988236,True,passed,25eae779f68b2a4a78bef1e282657e73d454da773667f22d0dd732eeddad3354
count_08_s2609271105,count,8,2609271105,PATH,25,0.31622776601683794,426445,268614,2,0,207001,61611,58690,4,2921,1705780,0.998287586910387,11.661814688006416,2.5923684849985875,True,passed,5c4b8e26acde1e8e57f12200c070e7447f340ae4e88910be7cd7bba870a92412
count_08_s2609271105,count,8,2609271105,PATH,26,0.3019951720402016,426445,325256,2,0,252540,72714,70430,5,2284,2132225,0.99892881848773,14.119780536973849,2.641013615007978,True,passed,c49e1ad2a5b608dc3da5cb33bf86cfaa3e9feca926cf3c330b9e7323a2ebda15
count_08_s2609271105,count,8,2609271105,PATH,27,0.28840315031266056,426445,257025,1,0,200019,57005,55783,4,1222,1705780,0.9992836121891452,11.049867769994307,2.6769928500289097,True,passed,ee93f417220c1ce582a89c5ebbf839cd1287f15257da7b13289bce78ed092c88
count_08_s2609271105,count,8,2609271105,PATH,28,0.2754228703338166,426445,317537,2,0,246878,70657,69342,5,1315,2132225,0.999383273341228,13.706439021974802,2.7362625639652833,True,passed,6367f878a09fd9b34da1b4cda0aea09e0766a8a41d9e3c612de36b0b982be552
count_08_s2609271105,count,8,2609271105,PATH,29,0.2630267991895382,426445,321187,3,0,249021,72163,70770,5,1393,2132225,0.9993466918359929,13.868178961041849,2.7675000239978544,True,passed,2d898e58e2ad714bc0c2d3b52e2b4ea813fdbd30b54bd34cfbb1ef4ef73236f3
count_08_s2609271105,count,8,2609271105,PATH,30,0.251188643150958,426445,278131,6,0,212570,65555,62725,4,2830,1705780,0.998340934938855,12.109839626995381,2.804650499019772,True,passed,73ee9de48376a92d51a35b8a9d282de6f408e1eb067a7dc9c19d43907c513926
count_08_s2609271105,count,8,2609271105,PATH,31,0.23988329190194904,426445,268310,6,0,206480,61824,60264,4,1560,1705780,0.9990854623691214,11.709737761993892,2.841722324024886,True,passed,8292ae05ae96e955129de4b96fe74d61e928cdb486af392c11e30f0bdb675125
count_08_s2609271105,count,8,2609271105,PATH,32,0.2290867652767773,426445,282837,20,0,214572,68245,64957,4,3288,1705780,0.9980724360703022,12.349763396021444,2.8805568760144524,True,passed,769a1144297dafab84d7464c8a584d663ea00f4b6b463fd5051860d99e7efb07
count_08_s2609271105,count,8,2609271105,PATH,33,0.21877616239495523,426445,335106,15,0,257025,78066,76167,5,1899,2132225,0.9991093810456213,14.58621401397977,2.923284115968272,True,passed,ca5348d02954ed573ad043d5fcdd8f8a5a863d8740482ba49d3c0b47aeb91ec8
count_08_s2609271105,count,8,2609271105,PATH,34,0.20892961308540392,426445,278639,25,0,212748,65866,63777,4,2089,1705780,0.9987753403135222,12.161913832998835,2.973495067039039,True,passed,4acb50e25d38e77af5325993f55aba23eb216890f07ada70b652dd8c610057d1
count_08_s2609271105,count,8,2609271105,PATH,35,0.19952623149688797,426445,291133,76,0,218018,73039,68652,4,4387,1705780,0.9974281560341897,12.823909903003369,3.021968539978843,True,passed,61bf052e025e12e8e4e53074e48da276a8143b596d42b235b2261a9cefa23614
count_08_s2609271105,count,8,2609271105,PATH,36,0.19054607179632474,426445,359549,123,0,270281,89145,84649,5,4496,2132225,0.9978914045187539,15.98274239798775,3.0716526950127445,True,passed,ceeaa5155ceccd8383fefd766b89f7a9ce332c3c7fa4d5a986979fa825cf6129
count_08_s2609271105,count,8,2609271105,PATH,37,0.18197008586099836,426445,364841,190,0,272089,92562,87173,5,5389,2132225,0.9974725931831772,16.148074397991877,3.125010457006283,True,passed,f6f37aaa12693aac39f6d94eb59a1d4a7ad8ab4b98dff0b5421f149282b69005
count_08_s2609271105,count,8,2609271105,PATH,38,0.17378008287493754,426445,297897,146,0,223900,73851,70589,4,3262,1705780,0.9980876783641501,13.06304757099133,3.165249067998957,True,passed,b622e793ccae242a2356dc78e986beabb795aaaba5fe64c001f8d5ae1aab35f0
count_08_s2609271105,count,8,2609271105,PATH,39,0.16595869074375605,426445,304774,224,0,227730,76820,73059,4,3761,1705780,0.9977951435706832,13.466238301014528,3.2050725430017337,True,passed,e10c0bbeef7bd53af350b5f91fac5902e1d682552f9bb4522198821ab85139b6
count_08_s2609271105,count,8,2609271105,PATH,40,0.15848931924611134,426445,376144,367,0,281421,94356,90317,5,4039,2132225,0.9981057346199392,16.451241772971116,3.2721156219486147,True,passed,c170ec9b7c8a6931e5a7b267db70737e6756a0ac08dcbf36820b59e77aa5145e
count_08_s2609271105,count,8,2609271105,PATH,41,0.15135612484362082,426445,391301,802,0,284241,106258,98947,5,7311,2132225,0.9965711873746907,17.641519203025382,3.312992599036079,True,passed,dc6a7ee32c538fe5e11a3a0a704583184473f0d937082d17405e7663d42a1799
count_08_s2609271105,count,8,2609271105,PATH,42,0.14454397707459277,426445,396196,860,0,287289,108047,100854,5,7193,2132225,0.9966265286262004,17.835036222008057,3.3888021250022575,True,passed,fde841543e26928eaaf80c5c6b0e3f4663c3d021428e8292ccd10e123e27e2cc
count_08_s2609271105,count,8,2609271105,PATH,43,0.1380384264602885,426445,325252,809,0,235532,88911,83626,4,5285,1705780,0.9969017106543634,14.494983191019855,3.4832358330022544,True,passed,1b6bb03168ca950f3ac8aa38854b75093e4e0b271bf4f2c477b5f3173b1495d5
count_08_s2609271105,count,8,2609271105,PATH,44,0.1318256738556407,426445,330646,1000,0,237565,92081,86468,4,5613,1705780,0.9967094232550505,14.787786200002301,3.517894404998515,True,passed,2405dedd63eb716495fbb644ad92b712aa8f367261eb0fea22ecdbd16807faa9
count_08_s2609271105,count,8,2609271105,PATH,45,0.12589254117941673,426445,339171,1291,0,240799,97081,90452,4,6629,1705780,0.9961138013108373,15.22717998601729,3.594990472018253,True,passed,f2324adfdf111559247f8a16fe5065c6919fd557b77f0cfec91a7b505d3f4de6
count_08_s2609271105,count,8,2609271105,PATH,46,0.12022644346174129,426445,344851,1536,0,243884,99431,92383,4,7048,1705780,0.9958681658830564,15.50217131600948,3.6101965719717555,True,passed,780840970c1526f21a505e99a8272ca37b8d8e9baa16ed9312ffdb5df4bbec6c
count_08_s2609271105,count,8,2609271105,PATH,47,0.1148153621496883,426445,427374,1778,0,306933,118663,111153,5,7510,2132225,0.9964778576369755,19.075206166948192,3.66335709503619,True,passed,df9810e68152675dcaf1bffccaa10b48b4e9bf770928b0ddf59d84962479e8a4
count_08_s2609271105,count,8,2609271105,PATH,48,0.1096478196143185,426445,434106,2114,0,311371,120621,112552,5,8069,2132225,0.9962156901827903,19.40358968998771,3.6913749909726903,True,passed,d9d9eb21c9d51668beb66ae3f3babe65199b0882f129d23e136c08d7de94a50e
count_08_s2609271105,count,8,2609271105,PATH,49,0.10471285480508996,426445,396925,4384,0,263981,128560,112700,4,15860,1705780,0.9907022007527349,18.040330240968615,3.7571225260035135,True,passed,4a82d1c86fa43e8712f94b9116fcdebfeca86aa53c6c3acf63753d58ade862e1
count_08_s2609271105,count,8,2609271105,PATH,50,0.1,426445,404842,4807,0,269103,130932,113321,4,17611,1705780,0.9896756908862807,18.361941110983025,3.78276765398914,True,passed,ca813eb5039dab94d4369a9b07385edad59faaaaf6444985a830a068a39b8278
count_08_s2609271105,count,8,2609271105,PATH,51,0.09549925860214359,426445,391043,3845,0,260604,126594,112177,4,14417,1705780,0.9915481480612974,17.769994292000774,3.8252251379890367,True,passed,1b683af25ade0ccd3a2a552752c01a8824e8318a207f19dfe834a85f51f11020
count_08_s2609271105,count,8,2609271105,PATH,52,0.09120108393559097,426445,395903,3981,0,263469,128453,112999,4,15454,1705780,0.9909402150335916,18.046016381995287,3.8270413400023244,True,passed,07fe205610d04e97b2f6eddfc7a12fa86cefe5421144b661f9103de294b7e46c
count_08_s2609271105,count,8,2609271105,PATH,53,0.08709635899560805,426445,403193,4270,0,267161,131762,114753,4,17009,1705780,0.9900286086130685,18.376424355024938,3.8534659589640796,True,passed,d055fbddae86cf5c2aab69ac0b300f691b21b3205feea7d3a5b2ac966db191aa
count_08_s2609271105,count,8,2609271105,PATH,54,0.08317637711026708,426445,408055,4416,0,269663,133976,115545,4,18431,1705780,0.9891949723879985,18.601991420029663,3.8952787409652956,True,passed,805ec81778b95ba70054dec6e86aa185270d5d27ce4023cae94f36672cd383f7
count_08_s2609271105,count,8,2609271105,PATH,55,0.07943282347242814,426445,411407,4574,0,271796,135037,115407,4,19630,1705780,0.9884920681447783,18.69997501198668,3.917712998983916,True,passed,b052e5c2d66e2e580903fa0c9d178ad088ce96619f2e46bc6f294d46c67ee31e
count_08_s2609271105,count,8,2609271105,PATH,56,0.07585775750291836,426445,578764,9445,0,368371,200948,158969,5,41979,2132225,0.9803121152786408,26.437985121970996,3.945631460985169,True,passed,db29f6c20c51ab190e1be32a02401302024948b1465cf62ae3e0a9f25ccf6c60
count_08_s2609271105,count,8,2609271105,PATH,57,0.07244359600749903,426445,420059,5323,0,281133,133603,111393,4,22210,1705780,0.9869795636014023,18.929966474010143,3.9985446839709766,True,passed,d235cfee2692c628526ce13a451e25f78620d53ced988a10c270d9b7ebda92a6
count_08_s2609271105,count,8,2609271105,PATH,58,0.06918309709189366,426445,642024,14122,0,413087,214815,160554,5,54261,2132225,0.9745519351850767,28.752734792011324,4.00553535297513,True,passed,863bcaf31da436295187f0d91ce188c98eb5d30b4682e5cc06e71e99c73dd402
count_08_s2609271105,count,8,2609271105,PATH,59,0.06606934480075961,426445,687711,17751,0,449703,220257,160770,5,59487,2132225,0.9721009743343221,30.807085503998678,4.094034768000711,True,passed,5d83f333b9b78eab6166a4dbe089570c538d8c87cf56baa37d4b1e6bf57b6260
count_08_s2609271105,count,8,2609271105,PATH,60,0.06309573444801933,426445,765184,24238,0,510219,230727,162406,5,68321,2132225,0.9679578843696139,32.67332050902769,4.146374139992986,True,passed,58823a55014541b0c6216d1b690e5cf3d8a0f2f2e84de87881d8d09d9c141816
count_08_s2609271105,count,8,2609271105,PATH,61,0.06025595860743578,426445,854293,32770,0,573902,247621,167704,5,79917,2132225,0.9625194339246562,35.57148029998643,4.190550558967516,True,passed,170249e1b7b77f245deeb165ed10669fb668364f72c391821191044564ba8a7c
count_08_s2609271105,count,8,2609271105,PATH,62,0.057543993733715694,426445,912092,41004,0,612557,258531,169807,5,88724,2132225,0.9583890067886832,37.571022355987225,4.312221995962318,True,passed,e135b51640b8aa1b09e853fd404c73bb41df73759896537b19329c3dac7310d3
count_08_s2609271105,count,8,2609271105,PATH,63,0.054954087385762455,426445,640841,26123,0,421480,193238,137398,4,55840,1705780,0.9672642427511168,27.019273766956758,4.392896325036418,True,passed,2cebf7f1f145886556ac43444ab2249669afae58f5590fb86aff6a9bf44611f6
count_08_s2609271105,count,8,2609271105,PATH,64,0.05248074602497726,426445,998073,54568,0,642230,301275,184617,5,116658,2132225,0.9452881379779339,41.17191370303044,4.527096506033558,True,passed,ead50ac04dd1c22d95ebb170ef7a22be42022c5e0b16af7c4511115c030fe000
count_08_s2609271105,count,8,2609271105,PATH,65,0.05011872336272722,426445,673099,31136,0,412713,229250,160876,4,68374,1705780,0.9599162846322503,29.103816415998153,4.66959623695584,True,passed,3b4489b834163e79cb6998175aa810442801a2b6cbb0bc394b04c33348aae33e
count_08_s2609271105,count,8,2609271105,PATH,66,0.047863009232263824,426445,1019100,59831,0,576737,382532,251725,5,130807,2132225,0.9386523467270105,44.25162544497289,4.840161879954394,True,passed,2f4c1aa55685f659ecc52cab13cca1dc89bf1f480ac152c2a1594a5df30546c0
count_08_s2609271105,count,8,2609271105,PATH,67,0.04570881896148749,426445,1009284,60646,0,515229,433409,300346,5,133063,2132225,0.9375942970371326,45.54855405702256,4.977738174027763,True,passed,41fecd396f3b9aea89aa81315020e4b12bd22b24e309effc47e825d9a6fbcb55
count_08_s2609271105,count,8,2609271105,PATH,68,0.043651583224016584,426445,1090672,67167,0,519681,503824,347078,5,156746,2132225,0.9264871202616984,49.9443346549524,5.130619936971925,True,passed,a18afa7791594c04b82c943030f6d1f29c6c17508f78173c6b1366b40005029c
count_08_s2609271105,count,8,2609271105,PATH,69,0.04168693834703355,426445,1065231,66581,2,457988,540660,374344,5,166316,2132225,0.9219988509655407,50.380905948986765,5.302751562965568,True,passed,f35761a9e3fc8599b26b9cf50039d1d817bc504fd1c003b118899d3b7399bcd4
count_08_s2609271105,count,8,2609271105,PATH,70,0.039810717055349734,426445,1103832,71759,2,460767,571304,379857,5,191447,2132225,0.9102125713749721,52.286729917046614,5.392819113039877,True,passed,6c60e6d634db702d102bafb221b8076a133591787bd52bc6641e7c654bc7899d
count_08_s2609271105,count,8,2609271105,PATH,71,0.038018939632056124,426445,1479841,98940,2,711155,669744,416387,6,253357,2558670,0.9009809783989338,66.6784260449931,5.566788993019145,True,passed,24960ed0a70885ae95c42bd31f7278f9f109d7e7ae627ef6b58652338c29dfa6
count_08_s2609271105,count,8,2609271105,PATH,72,0.03630780547701014,426445,1182510,74923,2,644636,462949,288331,5,174618,2132225,0.9181052656262824,51.38077937497292,5.664857183990534,True,passed,ac61b72872cb081b386497e29de266896599f825371057990c85cf10e7558b17
count_08_s2609271105,count,8,2609271105,PATH,73,0.034673685045253165,426445,830751,52229,2,399238,379282,208457,4,170825,1705780,0.8998551982084442,38.24783111503348,5.74870919296518,True,passed,8da8fa947885276da5b1cdf253e0ce5ca550003f9d7885af421983a4e39f2b8d
count_08_s2609271105,count,8,2609271105,PATH,74,0.03311311214825911,426445,1677069,143303,4,788110,745652,297235,6,448417,2558670,0.8247460594762123,74.19351612002356,5.876224976032972,True,passed,c1f3b3d0e02b049f13416a2a083c69cb2c0ab8c387b5654a1158cfc499eae5e4
count_08_s2609271105,count,8,2609271105,PATH,75,0.03162277660168379,426445,1735338,162140,4,819535,753659,265709,6,487950,2558670,0.8092954542789809,75.87242774199694,6.012682488013525,True,passed,ad75e0b0caf8f9738dae33d7e98d5f73d70ae0f80e93215974d8cc7f6563f8f0
count_08_s2609271105,count,8,2609271105,PATH,76,0.03019951720402016,426445,1807609,189351,4,819610,798644,281544,6,517100,2558670,0.7979028166977375,78.37204578600358,6.1906295089866035,True,passed,2c6adaf106f93bb935a4946c35a6f0928e21b623f8b6b348647673a7c5989c9c
count_08_s2609271105,count,8,2609271105,PATH,77,0.028840315031266057,426445,1886333,219117,4,857291,809921,291297,6,518624,2558670,0.7973071947535243,80.44004773598863,6.328103899024427,True,passed,64c8512453b761f6d8015d0b4ae062045eccfb968f92495cb29b93876d3f1ad7
count_08_s2609271105,count,8,2609271105,PATH,78,0.02754228703338166,426445,1970082,253666,6,781216,935194,379912,6,555282,2558670,0.7829802201925219,85.5011344209779,6.512512832006905,True,passed,1015a62ea9dd8f8d168d3bc5f709d2752e63c55e72fa2c6c9e1c025e9949fdfc
count_08_s2609271105,count,8,2609271105,PATH,79,0.026302679918953815,426445,1113301,135223,5,540221,437852,196300,4,241552,1705780,0.8583920552474528,46.102379487943836,6.695926974003669,True,passed,a3fe32c60897f6a7f64f2c540959bc48d312a1c1305340f6307dc56ef39f858d
count_08_s2609271105,count,8,2609271105,PATH,80,0.025118864315095794,426445,2075727,307045,20,770762,997900,442198,6,555702,2558670,0.7828160724126206,89.11167993402341,6.82385163300205,True,passed,8f5d4eb4fbd1c70ceb6c87b7ead95b77ad3b926e3af68faff16fb75deb6d6c33
count_08_s2609271105,count,8,2609271105,PATH,81,0.023988329190194897,426445,2141568,334052,28,629208,1178280,530460,6,647820,2558670,0.746813774343702,95.4616306470125,7.030388478015084,True,passed,51f579414bea459de9c23ce8d4d2893db91dc5408638f4f5d5dbd3132947d741
count_08_s2609271105,count,8,2609271105,PATH,82,0.022908676527677734,426445,1624244,217588,35,503863,902758,441445,5,461313,2132225,0.783647129172578,73.95482176396763,7.216125967970584,True,passed,d98319a83f2f768e242475d8430758619b4483d88d0cd958fddf238393dd2399
count_08_s2609271105,count,8,2609271105,PATH,83,0.02187761623949553,426445,2223852,357114,156,536811,1329771,563937,6,765834,2558670,0.7006905931597276,101.97243666701252,7.544362116022967,True,passed,4689ff79e0f4d9755d7826ed98b34f3df02d74d4ca7e4094c7139541445cc70e
count_08_s2609271105,count,8,2609271105,PATH,84,0.020892961308540396,426445,1659812,212148,115,507107,940442,499493,5,440949,2132225,0.7931977160008911,76.15301265299786,7.937864487001207,True,passed,964210227e9e47e85e249ca4907e0b6c9f44cbb73d789e115e245bccb5a4e91e
count_08_s2609271105,count,8,2609271105,PATH,85,0.0199526231496888,426445,2276751,356217,282,533852,1386400,535984,6,850416,2558670,0.6676335752558946,105.22633170505287,8.395454336015973,True,passed,b60102978a28bf58af193dfc40194266118344738ea294cf2fe749d85ef93362
count_08_s2609271105,count,8,2609271105,PATH,86,0.019054607179632473,426445,2344583,372387,282,555355,1416559,453761,6,962798,2558670,0.6237115376347868,107.76138616597746,9.041006885003299,True,passed,1fabb193732561640de328053f441576a49b9b4b151da062bc4737b4c40d794a
count_08_s2609271105,count,8,2609271105,PATH,87,0.018197008586099836,426445,2504739,425935,286,639121,1439397,297522,6,1141875,2558670,0.5537232233934036,112.314847962989,9.662441425025463,True,passed,7f01fb8fa937a6b4b8134c1ef2dd226b27f77bf2395fd7bd3c8d6ce7f3d27411
count_08_s2609271105,count,8,2609271105,PATH,88,0.017378008287493755,426445,2424666,381239,282,609785,1433360,447525,6,985835,2558670,0.6147080319072018,110.55976263299817,10.39142045500921,True,passed,7f672efda8394d39ead49a91baeb8d0391e96f100edbb351e26859fadfdabc4e
count_08_s2609271105,count,8,2609271105,PATH,89,0.016595869074375606,426445,2659035,470214,286,712958,1475577,267932,6,1207645,2558670,0.5280184627169584,116.70920430595288,11.093634487013333,True,passed,9a7f8a11e66b9ee00fed318f649e2783ee725bb5834f8324ee83a8d9d153099f
count_08_s2609271105,count,8,2609271105,PATH,90,0.015848931924611134,426445,2866610,579137,320,615150,1672003,343029,6,1328974,2558670,0.480599686555906,125.49728769803187,11.736664584022947,True,passed,beda340aadaa8938134a79c43187f063217a68c78deea653435e3a619b0cdf3e
count_08_s2609271105,count,8,2609271105,PATH,91,0.01513561248436208,426445,2862630,565365,306,677110,1619849,312459,6,1307390,2558670,0.48903531913064213,124.79041504499037,12.31648206000682,True,passed,771a7b6229e80b18de76c8a3527ea4ce378d8ec4a95003ba5c33db3a3b227c61
count_08_s2609271105,count,8,2609271105,PATH,92,0.014454397707459272,426445,2842124,545129,300,699637,1597058,307111,6,1289947,2558670,0.49585253276116104,123.93936863198178,12.79177496599732,True,passed,76bdabc107aab6a43a14046752f899e3c2c4d64b2054a5385c25ae1f88a68a07
count_08_s2609271105,count,8,2609271105,PATH,93,0.013803842646028845,426445,2910335,590731,348,541467,1777789,441050,6,1336739,2558670,0.47756490676796925,130.34642805700423,13.264122941996902,True,passed,b3b7d3b4b7e4b5e292b779c6a9834324bfda3da047f2f422ef16f94356940344
count_08_s2609271105,count,8,2609271105,PATH,94,0.013182567385564075,426445,2918729,593440,362,510474,1814453,476393,6,1338060,2558670,0.47704862291737504,130.83796345995506,13.777017879008781,True,passed,35b7c6b58f9208d51b3f09a2300206fe172d680c68bf8f6addebaa52544252ab
count_08_s2609271105,count,8,2609271105,PATH,95,0.012589254117941675,426445,2922399,595106,376,489760,1837157,499064,6,1338093,2558670,0.4770357255918114,131.74431414803257,14.213607065030374,True,passed,5482079cdf4574bfd16eb08d72565df6c765028e698bb6f57929e7371450b3c0
count_08_s2609271105,count,8,2609271105,PATH,96,0.012022644346174132,426445,2929195,599323,434,417203,1912235,556123,6,1356112,2558670,0.46999339500599924,133.6331861660001,14.67584864795208,True,passed,6e8d8e310322e0a264de9b4031903945dbbbc1f830e102d47ff1785622f7d202
count_08_s2609271105,count,8,2609271105,PATH,97,0.01148153621496883,426445,2931183,599793,430,396357,1934603,583532,6,1351071,2558670,0.4719635591928619,134.49429331102874,15.172698009002488,True,passed,b0224ee0d1fc4d32176cd64a94aa869098cf3ef6d68331ea368351bbd1a713ef
count_08_s2609271105,count,8,2609271105,PATH,98,0.01096478196143185,426445,2938847,605966,564,278316,2054001,411959,6,1642042,2558670,0.3582439314174942,136.91820380301215,15.195957309973892,True,passed,26682719d65fcea96b32ad674247fb774259fc7d1513478526830e19bcc8c9c0
count_08_s2609271105,count,8,2609271105,PATH,99,0.010471285480508996,426445,2943914,608001,564,257971,2077378,373577,6,1703801,2558670,0.33410678203910626,136.11651150597027,15.577081602008548,True,passed,4208037e9eaf95905b10f578be1ba13e70f3ea7f2addddaf924c787b1218c736
count_08_s2609271105,count,8,2609271105,PATH,100,0.01,426445,2947380,609464,564,249925,2087427,566940,6,1520487,2558670,0.4057510347172555,135.72918695799308,16.028524333029054,True,passed,ed931d9ea3205093f1d399f0e03021b1b4100557362b8d952dc549233a8920b9
count_12_s2609271101,count,12,2609271101,PATH,0,1.0,615058,0,0,0,0,0,0,0,0,0,,0.02102310099871829,3.6592018009978347,True,passed,0c1ff51be1130a573b00658c8a8798011602a1b39671f4211f76918299c0592e
count_12_s2609271101,count,12,2609271101,PATH,1,0.954992586021436,615058,581535,0,0,304477,277058,259596,2,17462,1230116,0.98580459078656,28.7623818119755,4.473306435975246,True,passed,bb3f41b96ff64ae94bb30e067167e79b28a835b80714d54683e1d67679f95dd7
count_12_s2609271101,count,12,2609271101,PATH,2,0.9120108393559098,615058,832362,0,0,600170,232192,221209,4,10983,2460232,0.9955357868688807,35.70209539699135,5.265131463005673,True,passed,d95f5c0120583eda805935e6d7ca90813f5a8a75c4d36dbd23aea154c7e01c8d
count_12_s2609271101,count,12,2609271101,PATH,3,0.8709635899560807,615058,883321,0,0,616338,266983,254229,4,12754,2460232,0.9948159360580628,38.73270108702127,6.063361665001139,True,passed,9b0c03a0f8f5b6959fd4e5b3f0f8a80963ff0608fa8b56d9c0a2a3276238c567
count_12_s2609271101,count,12,2609271101,PATH,4,0.831763771102671,615058,792832,0,0,582312,210520,199787,4,10733,2460232,0.9956374033018024,33.71694364497671,6.7830782369710505,True,passed,f1a6703d21a16a53a4a297d8a20066984b3b9d2018c07b663ce076365b04d061
count_12_s2609271101,count,12,2609271101,PATH,5,0.7943282347242815,615058,941701,0,0,588739,352962,331555,4,21407,2460232,0.9912987880817744,43.49369371699868,7.421165511012077,True,passed,e9559383a05bb91ac52c47a245ac5987a3b1541774a0e123d7eea49be84d101e
count_12_s2609271101,count,12,2609271101,PATH,6,0.7585775750291838,615058,1157425,0,0,791303,366122,351269,5,14853,3075290,0.9951702115898012,51.04425390798133,8.073239359015133,True,passed,5a1dc87bb93585321cec109a1e97caebd1470577bcdd689358ee0007f0fb0aa5
count_12_s2609271101,count,12,2609271101,PATH,7,0.72443596007499,615058,1187723,0,0,838630,349093,339558,5,9535,3075290,0.9968994793986908,52.19093524699565,8.590153994038701,True,passed,b421ace098bacda03eebe4cdce2037f9a8112a71ece611bea00d85529ea66b54
count_12_s2609271101,count,12,2609271101,PATH,8,0.6918309709189365,615058,1220923,0,0,809621,411302,395000,5,16302,3075290,0.9946990365136296,54.68794344202615,9.216930427006446,True,passed,dfcaa7ce39c46e5435a312fb3af88ca7a9b6d388064216e5082cec632c9d151d
count_12_s2609271101,count,12,2609271101,PATH,9,0.660693448007596,615058,1255568,0,0,810457,445111,425930,5,19181,3075290,0.9937628646404079,57.000936026044656,9.854479809990153,True,passed,5ffcc50712860539afd28e55f085a48a359b2e911be35dfd3a76c166bb970aa6
count_12_s2609271101,count,12,2609271101,PATH,10,0.6309573444801932,615058,1289671,0,0,819366,470305,450027,5,20278,3075290,0.9934061503142793,59.009310799010564,10.45938367000781,True,passed,3163f6210287cacd7068dab2306ad7a4ed11d3c9eeafbeb13e256b38d754ba34
count_12_s2609271101,count,12,2609271101,PATH,11,0.6025595860743578,615058,1323546,0,0,885148,438398,427560,5,10838,3075290,0.9964757795199802,59.934237455017865,10.995772088994272,True,passed,7a8c69ff32f64c3ea8a2daf04b2fae03ae8135df6628c3d47de4e39ca9f60de3
count_12_s2609271101,count,12,2609271101,PATH,12,0.5754399373371569,615058,1365352,0,0,854676,510676,491594,5,19082,3075290,0.9937950567263575,62.73034968797583,11.76296928100055,True,passed,573f341a2c24dbeff70a2968321b3370d808cf4f4059813ab4d95f8a4d66b789
count_12_s2609271101,count,12,2609271101,PATH,13,0.5495408738576245,615058,1400819,0,0,851650,549169,527552,5,21617,3075290,0.9929707442224961,65.22924401599448,12.363549633999355,True,passed,ba3c533d84bb6f42dc5d5bf9dd51a7634830b10ad8d14e391540bdb1287dbb2a
count_12_s2609271101,count,12,2609271101,PATH,14,0.5248074602497725,615058,1420321,0,0,949061,471260,458992,5,12268,3075290,0.9960107827229302,63.28464535396779,12.838715546997264,True,passed,c0fcd26d2b4643b797e877d8e854eaf5bd539945bf18058c0cab92aafa50c3da
count_12_s2609271101,count,12,2609271101,PATH,15,0.5011872336272722,615058,1442067,0,0,812351,629716,601098,5,28618,3075290,0.990694210952463,69.14266246202169,13.351410942035727,True,passed,75ab77e7f8d152bb7f221b965174342da963ba9d9bd1d87f3a9d9ef8205bff78
count_12_s2609271101,count,12,2609271101,PATH,16,0.4786300923226383,615058,1448650,0,0,798802,649848,622322,5,27526,3075290,0.9910492994156649,70.48247182299383,13.584625502990093,True,passed,f5c15e9914657947a4f04958d2fbc8ad2b0b83ef302522a0e97915beda68e870
count_12_s2609271101,count,12,2609271101,PATH,17,0.457088189614875,615058,1452950,0,0,789571,663379,637735,5,25644,3075290,0.9916612742212929,70.80220495699905,13.836652444966603,True,passed,dd99f8af1c561991089d7ed4855f899924c71518e1bca3342ae2a9ddeda23a5e
count_12_s2609271101,count,12,2609271101,PATH,18,0.436515832240166,615058,1454481,0,0,779344,675137,652326,5,22811,3075290,0.9925824881555886,71.0913864459726,14.009291146998294,True,passed,7491518f0c0224df7b84900c93d336166cca399e6f628a77626d14f277ef7d62
count_12_s2609271101,count,12,2609271101,PATH,19,0.4168693834703354,615058,1453821,0,0,870531,583290,571990,5,11300,3075290,0.9963255497855487,68.60360779799521,14.241046774026472,True,passed,bed40793ef8573fecb099c00dd00f67cf74f17f7124e023e6ae82938c19f2eb0
count_12_s2609271101,count,12,2609271101,PATH,20,0.3981071705534972,615058,1455915,0,0,746840,709075,684899,5,24176,3075290,0.9921386275765862,72.07026408496313,14.392399317992385,True,passed,e3523ac0c51ed75536b57c67b239e81b8c9037d88e4279a5b52af7196d080053
count_12_s2609271101,count,12,2609271101,PATH,21,0.3801893963205612,615058,1455559,0,0,744401,711158,694884,5,16274,3075290,0.9947081413460194,73.60599828598788,14.536534779996146,True,passed,08f10c0e7f50709f5d29a74a1d0de30ba1f416b9876afa58f465267be1b80785
count_12_s2609271101,count,12,2609271101,PATH,22,0.36307805477010135,615058,1455903,0,0,730457,725446,707826,5,17620,3075290,0.9942704590461388,72.53127114399103,14.793769354990218,True,passed,7887f8b245b674daabf61fb71fe3e1b2e356abe954ac5d7ee0bff89ebe317189
count_12_s2609271101,count,12,2609271101,PATH,23,0.3467368504525316,615058,1455552,0,0,739859,715693,702480,5,13213,3075290,0.9957034946297747,72.62519590900047,14.704663310025353,True,passed,226e6cd65e25de03223342560261e4c80f3a421e460b78fcf7e962ee015f7420
count_12_s2609271101,count,12,2609271101,PATH,24,0.3311311214825911,615058,1453914,0,0,829618,624296,620792,5,3504,3075290,0.9988605952609347,70.38574489497114,14.80652081797598,True,passed,b62099b65dd694a1cd78ca643f19dc4f9b9b35a941baf1d7948fde3fdff5e126
count_12_s2609271101,count,12,2609271101,PATH,25,0.31622776601683794,615058,1454603,0,0,744340,710263,703796,5,6467,3075290,0.9978971088905436,72.40915991202928,14.913900495041162,True,passed,c9993eb0a5c9b10e0cbd4806e1e58ed0420b2f819d8b201e6c62a07a325fd471
count_12_s2609271101,count,12,2609271101,PATH,26,0.3019951720402016,615058,1453984,0,0,808913,645071,641755,5,3316,3075290,0.9989217277069805,70.0658380559762,14.908740492013749,True,passed,9204bea610ff65edeac48d4fbbdde61e33c11852395412c792b8cf09ba696aae
count_12_s2609271101,count,12,2609271101,PATH,27,0.28840315031266056,615058,1454843,0,0,731440,723403,717315,5,6088,3075290,0.9980203493003912,72.2283283630386,14.965853312984109,True,passed,6f6ed9424f6f2c64f562f794cb9e954968146cbf9adc0b0b8f222e07937dbe56
count_12_s2609271101,count,12,2609271101,PATH,28,0.2754228703338166,615058,1454919,0,0,725063,729856,723965,5,5891,3075290,0.998084408299705,73.10029144701548,15.177658742002677,True,passed,9f5ae00074e797304211248598fa81a9f69905b8f32c5c8fe38f3500d3c5729c
count_12_s2609271101,count,12,2609271101,PATH,29,0.2630267991895382,615058,1454188,0,0,780719,673469,670354,5,3115,3075290,0.9989870873966358,70.92514638701687,15.098810104012955,True,passed,6ee9f1b1ed545ac42b241fa4dc25341dd725c4b0b6a7793f99e25b7cf97ab152
count_12_s2609271101,count,12,2609271101,PATH,30,0.251188643150958,615058,1455137,0,0,712964,742173,736561,5,5612,3075290,0.9981751314510177,72.96772556798533,15.270575832983013,True,passed,33374dfdebc2588eeab9f38cf385525ebfa88ab163d7b0681eba449ee47382b8
count_12_s2609271101,count,12,2609271101,PATH,31,0.23988329190194904,615058,1454440,0,0,763828,690612,687547,5,3065,3075290,0.9990033460259032,70.89006699697347,15.310523068008479,True,passed,d9e971fd1add25fc17fcf8d910ab52f4eeefa162ff53b76b46d39987657d1ccd
count_12_s2609271101,count,12,2609271101,PATH,32,0.2290867652767773,615058,1454518,0,0,758454,696064,692954,5,3110,3075290,0.9989887132595625,71.61575282004196,15.294460375036579,True,passed,a180662147d89e2b23d8c899a77cc718396e8319cc6b6e1b76cfedea79697198
count_12_s2609271101,count,12,2609271101,PATH,33,0.21877616239495523,615058,1455454,0,0,690560,764894,758989,5,5905,3075290,0.9980798558835102,73.57798429898685,15.48265043599531,True,passed,be29a61ae05bb5309957396bf406cc3e970657010863d644caf1c0aabe4411be
count_12_s2609271101,count,12,2609271101,PATH,34,0.20892961308540392,615058,1454771,0,0,735163,719608,716207,5,3401,3075290,0.9988940880372258,71.9534354559728,15.509127759956755,True,passed,f91ef169b397f29e3cbfa54c4e7b6c0eee6efe9f31d81b0540c9b3870f337a15
count_12_s2609271101,count,12,2609271101,PATH,35,0.19952623149688797,615058,1454781,0,0,734368,720413,716907,5,3506,3075290,0.998859944915764,72.2468049430172,15.595267259981483,True,passed,e6b36d40208348d6c456bad45a56018ffd994b1d245ab43b0f1802411f469981
count_12_s2609271101,count,12,2609271101,PATH,36,0.19054607179632474,615058,1455187,0,0,707204,747983,744032,5,3951,3075290,0.9987152431152835,72.72032719402341,15.573516133008525,True,passed,c077b437d5f8d299791d6b29898fe93be0deafc24a1b526509982edeb0172338
count_12_s2609271101,count,12,2609271101,PATH,37,0.18197008586099836,615058,1455397,0,0,695447,759950,755659,5,4291,3075290,0.9986046844362646,74.02082002494717,15.721889592998195,True,passed,e1b4acbb74a49c436089c3eb374cb917da73791efa3f7248aea431fc8a679627
count_12_s2609271101,count,12,2609271101,PATH,38,0.17378008287493754,615058,1455584,0,0,685920,769664,765075,5,4589,3075290,0.9985077830058303,73.55400110402843,15.686429660010617,True,passed,45f88cfda68a8c812b36cfece17b35d80b25eeee2a434d2e02e7337e53508a7d
count_12_s2609271101,count,12,2609271101,PATH,39,0.16595869074375605,615058,1455829,2,0,686646,769181,764400,5,4781,3075290,0.9984453498694432,73.55904248298611,15.843104503001086,True,passed,a23d87322a6c92c86ddb3b5bda5ac3109bb06886388b1885737a15cc11988c6d
count_12_s2609271101,count,12,2609271101,PATH,40,0.15848931924611134,615058,1167241,4,0,477106,690131,680760,4,9371,2460232,0.9961910096283603,61.33370489103254,15.890099233016372,True,passed,76cfae7bc4aed67c34e120ed60ae37972302c14a0c36773e37e80c740dd9d4c1
count_12_s2609271101,count,12,2609271101,PATH,41,0.15135612484362082,615058,1168101,4,0,472297,695800,685546,4,10254,2460232,0.9958321003872805,61.60820299905026,15.953798643953633,True,passed,823d80f405b65acce8693840662f8cf409bda824e1b9f17154424551c971c707
count_12_s2609271101,count,12,2609271101,PATH,42,0.14454397707459277,615058,1459746,12,0,627943,831791,820317,5,11474,3075290,0.9962689697556978,75.4321513940231,15.94107406301191,True,passed,3b371d58878abf88dbd66cc2ae36f48064d5e00e14e54c4e5eb17280aa33a682
count_12_s2609271101,count,12,2609271101,PATH,43,0.1380384264602885,615058,1169958,24,0,465428,704506,691799,4,12707,2460232,0.9948350399474521,61.91445057501551,16.164929555961862,True,passed,3c21d751f41348f6129fde90abf519916baaded4b2d201391cace7149ef6bfec
count_12_s2609271101,count,12,2609271101,PATH,44,0.1318256738556407,615058,1168323,19,0,473173,695131,686775,4,8356,2460232,0.9966035723460227,61.994620351993944,16.26073144399561,True,passed,1dcf0c1c4ec76567d65c2e23b0c56975983931b334b6e36b77b109ac9d251840
count_12_s2609271101,count,12,2609271101,PATH,45,0.12589254117941673,615058,1460550,19,0,616997,843534,833887,5,9647,3075290,0.9968630600691317,76.20392082503531,16.197427491948474,True,passed,abbac6703d8391b624f9e552456e286a28f3bf6851c52a8ffd8c2722e4728007
count_12_s2609271101,count,12,2609271101,PATH,46,0.12022644346174129,615058,1462094,27,0,611222,850845,840275,5,10570,3075290,0.996562925772854,76.8684637210099,16.30589549400611,True,passed,cf139ad067495a1d4f606fa5e38a90e6fc165db1b11c0dbe3da5ee6fbc694515
count_12_s2609271101,count,12,2609271101,PATH,47,0.1148153621496883,615058,1181108,82,0,456590,724436,703479,4,20957,2460232,0.9914816976610336,62.94418127002427,16.488284872029908,True,passed,ce312215c5eaaa084fe2a29c2c7f23167d57b00dc9feb4ccbf40133cc012c067
count_12_s2609271101,count,12,2609271101,PATH,48,0.1096478196143185,615058,1475809,130,0,599001,876678,852705,5,23973,3075290,0.9922046376114123,77.92685366002843,16.508119809965137,True,passed,e7da48e40e4702ab138157cfce6da505765eef675e716c12fcd6772744b909e2
count_12_s2609271101,count,12,2609271101,PATH,49,0.10471285480508996,615058,1480457,192,0,593891,886374,859138,5,27236,3075290,0.9911435994654163,78.36873797699809,16.61456401302712,True,passed,4f9b17189bb756219e43484503668492d03c29dde6f5da8e46ee8e381e32a701
count_12_s2609271101,count,12,2609271101,PATH,50,0.1,615058,1485951,261,0,591975,893715,862796,5,30919,3075290,0.9899459888335734,78.86787129100412,16.872586487035733,True,passed,f64f69588e013a68a620cfb8b47954041c854f1624647c066076f3944fae580b
count_12_s2609271101,count,12,2609271101,PATH,51,0.09549925860214359,615058,1475890,193,0,572574,903123,882551,5,20572,3075290,0.9933105495741865,79.01513023296138,16.89180928602582,True,passed,89a6bcedbcb6750b61402432b9df1bb4ed847375f3117cec32c89c588fa1ea91
count_12_s2609271101,count,12,2609271101,PATH,52,0.09120108393559097,615058,1498665,572,0,583425,914668,874449,5,40219,3075290,0.9869218837898215,81.325285436993,16.993906887015328,True,passed,8abc9568785f7e6bc205b786059b72d3d1cc416475dbde924022b7e1cd9879c0
count_12_s2609271101,count,12,2609271101,PATH,53,0.08709635899560805,615058,1216659,866,0,452619,763174,717524,4,45650,2460232,0.9814448393484843,65.7031316839857,17.272358471993357,True,passed,d50f5a41127c7b1660976d63f17fe8ab284a5d65ff899755bc597781575b0322
count_12_s2609271101,count,12,2609271101,PATH,54,0.08317637711026708,615058,1518402,1276,0,580097,937029,884955,5,52074,3075290,0.9830669627905011,81.88647378998576,17.519735318026505,True,passed,97356a5ad6905c52b61e56c65955c55094e2b8395894ab858e48522efcc2a82f
count_12_s2609271101,count,12,2609271101,PATH,55,0.07943282347242814,615058,1506281,1017,0,560790,944474,906173,5,38301,3075290,0.9875455648085221,82.11972726904787,17.572712249006145,True,passed,08db820840a1bcfa070214daa54816fdd53633662827b01c82702c149d513c46
count_12_s2609271101,count,12,2609271101,PATH,56,0.07585775750291836,615058,1220394,1326,0,431495,787573,748143,4,39430,2460232,0.983973056199578,66.64287739404244,17.757273852010258,True,passed,b24922f58f444943802466ad1d2fec807119f29da5ad840e0535268cbfcdb979
count_12_s2609271101,count,12,2609271101,PATH,57,0.07244359600749903,615058,1572924,3505,0,592241,977178,899726,5,77452,3075290,0.974814732919497,84.45170315203723,17.79756791103864,True,passed,6ef1c9cff9838b1cd9922188b16175a80f83d065476ae3aa8fcc453ee424bab1
count_12_s2609271101,count,12,2609271101,PATH,58,0.06918309709189366,615058,1314806,4959,0,494696,815151,727107,4,88044,2460232,0.9642131311193416,70.05968531500548,18.01433851098409,True,passed,cc5fac71659b9b5377ed8d58e75cfb6f4caa116cd6e302629758d10e58aad683
count_12_s2609271101,count,12,2609271101,PATH,59,0.06606934480075961,615058,1274251,3502,0,454927,815822,757678,4,58144,2460232,0.9763664564967857,69.33057110803202,18.274256573989987,True,passed,30cd1cfc5dea2c350025bd72f4632b502e53ff223dc17db7f01c83ca44fab4c9
count_12_s2609271101,count,12,2609271101,PATH,60,0.06309573444801933,615058,1405786,9192,0,557177,839417,722798,4,116619,2460232,0.9525983728363829,73.39031633199193,18.45052268897416,True,passed,0aacf796331807a33ff14cf221f177fd306f7f5895e9cd83a69ffc5565eb0db1
count_12_s2609271101,count,12,2609271101,PATH,61,0.06025595860743578,615058,1772960,12224,0,690934,1069802,925549,5,144253,3075290,0.9530928790455534,92.8763749289792,18.622926885960624,True,passed,ef639aca3ba99e06821f5c83cd7bc51f854d42070b9cc5c518384f5d1cdeaf39
count_12_s2609271101,count,12,2609271101,PATH,62,0.057543993733715694,615058,1367323,8062,0,509360,849901,760310,4,89591,2460232,0.9635843286324217,72.88907644496066,18.912948767014313,True,passed,8756be9be0d9b693b65d2b3595689d6dfa68aed5f1734b9bd47875e8147d5897
count_12_s2609271101,count,12,2609271101,PATH,63,0.054954087385762455,615058,1904277,19684,0,778933,1105660,909217,5,196443,3075290,0.936122121816154,97.61491764296079,19.0780777639593,True,passed,6377d2412be7d925985008bd9a4b109c7dda59fa78d9d52be988ff44538ca520
count_12_s2609271101,count,12,2609271101,PATH,64,0.05248074602497726,615058,1956546,23325,0,805778,1127443,903393,5,224050,3075290,0.9271450822524054,100.0788847010117,19.174686138983816,True,passed,a6a1bf6be9d0ea3eabaa7f3ca476ac48b853df3381917467a4e090f39ebe3432
count_12_s2609271101,count,12,2609271101,PATH,65,0.05011872336272722,615058,2039791,28490,0,856462,1154839,887117,5,267722,3075290,0.9129441451050144,103.00371683499543,19.189499414002057,True,passed,e14c9017f4aa6b9f55633c4d85e21333459a33d0042e1b071da4b355708819d5
count_12_s2609271101,count,12,2609271101,PATH,66,0.047863009232263824,615058,2076515,31741,0,858655,1186119,884754,5,301365,3075290,0.9020043638160954,105.39986844098894,19.45706726104254,True,passed,5c4f5b0c555ab64a92040ac2977c035dde392b0901e486afe9e0a2fb98b16015
count_12_s2609271101,count,12,2609271101,PATH,67,0.04570881896148749,615058,2395792,34225,0,927711,1433856,1094731,6,339125,3690348,0.9081048724944097,123.49600486800773,19.475357846997213,True,passed,2edab6c5bfbe86f117d73f93a1485002bcc391ce2a68d7a773ca959882e819c2
count_12_s2609271101,count,12,2609271101,PATH,68,0.043651583224016584,615058,2172702,38084,0,850064,1284554,892865,5,391689,3075290,0.8726334752169714,112.06820013001561,19.494731409999076,True,passed,e57d0b005fd54801e4776d6361d9a18be8e911b59133d82a5ab6b84bb2f202b4
count_12_s2609271101,count,12,2609271101,PATH,69,0.04168693834703355,615058,2507684,40545,0,904125,1563014,1119842,6,443172,3690348,0.8799105125045118,133.2861646860256,19.667911210970487,True,passed,45470bd982b6d6691dbf072b83ed7e13c10f6482e4502e7e963b336dd244b6ca
count_12_s2609271101,count,12,2609271101,PATH,70,0.039810717055349734,615058,2213387,40478,0,750018,1422891,947123,5,475768,3075290,0.8452932894133561,115.96468236699002,19.74481891002506,True,passed,8235f6fecd09aa7180348380763a32f24da2101af6508f0f58d0cfa4f80d8621
count_12_s2609271101,count,12,2609271101,PATH,71,0.038018939632056124,615058,2147174,36945,0,624743,1485486,1018773,5,466713,3075290,0.8482377271736974,116.46111273299903,19.67492267797934,True,passed,726c383d39f75e91aa9426bd5eea8c8c319026c664c572d9bf7a87728de67563
count_12_s2609271101,count,12,2609271101,PATH,72,0.03630780547701014,615058,2813329,56729,0,936106,1820494,1233285,6,587209,3690348,0.8408797761078359,146.4817882089992,19.866217155009508,True,passed,de5573ed2d11a6fe9f06c00785edc573994b080d905110b88a9ec6fa7b456eab
count_12_s2609271101,count,12,2609271101,PATH,73,0.034673685045253165,615058,2231705,41143,0,581188,1609374,1098329,5,511045,3075290,0.8338221761199757,121.94921433203854,19.853018470981624,True,passed,f7c4d25cf276d2104db64c32b58b858d11368158755a9afee619c0119050d974
count_12_s2609271101,count,12,2609271101,PATH,74,0.03311311214825911,615058,2921954,65875,0,872970,1983109,1269055,6,714054,3690348,0.806507678950603,154.4314567350084,19.967653373023495,True,passed,4377735b43696f4b013069075d8896368980dd9ba9f9ce509676906339e85de6
count_12_s2609271101,count,12,2609271101,PATH,75,0.03162277660168379,615058,3183466,62088,0,962998,2158380,1480793,7,677587,4305406,0.8426194881504787,169.39969498402206,20.124429563002195,True,passed,7c60e21145c874e4f3ca32f003a896b6eb3b0bb2aa9daf75560c1648b251e922
count_12_s2609271101,count,12,2609271101,PATH,76,0.03019951720402016,615058,2362653,50672,0,789030,1522951,1020530,5,502421,3075290,0.8366264644960313,123.2883150470443,20.04438115900848,True,passed,bcb89456bac9795eb4645fde7fd357fdf3ca5863ba8f985933e5aa62cc47b87a
count_12_s2609271101,count,12,2609271101,PATH,77,0.028840315031266057,615058,2966866,70675,0,711505,2184686,1193314,6,991372,3690348,0.7313608364306022,162.4747645430034,20.115272673021536,True,passed,d5b1fa221f6f00ab1da2850d1345e89631dbdfff7925afa247e7ee95c5b55fae
count_12_s2609271101,count,12,2609271101,PATH,78,0.02754228703338166,615058,2985104,72678,0,754884,2157542,1122888,6,1034654,3690348,0.7196324032313484,162.10620480502257,20.15382463100832,True,passed,f59f5c29433d192ddbdff8cfef07603e435f1c5e3c07f75dbba0a6f8326be7eb
count_12_s2609271101,count,12,2609271101,PATH,79,0.026302679918953815,615058,3007765,75831,0,525735,2406199,1092421,6,1313778,3690348,0.6439961759703963,169.88506474898895,20.172300195030402,True,passed,155e52543106d78687781a14be4b56da8be8d89d92907627438a498bb9c0be93
count_12_s2609271101,count,12,2609271101,PATH,80,0.025118864315095794,615058,3030119,79880,0,554243,2395996,1009527,6,1386469,3690348,0.6242985756356854,170.7923334580264,20.4462702809833,True,passed,fbe161df0bf9b74e2bbf97d17d1a672500abca1555f9b310b924100ff83d901b
count_12_s2609271101,count,12,2609271101,PATH,81,0.023988329190194897,615058,3086005,86713,0,649381,2349911,986344,6,1363567,3690348,0.6305044944270839,170.57273247698322,20.571842878009193,True,passed,c312b0413be8e348511893f68c1390136e03181515f3a35c929f8a34f05989ae
count_12_s2609271101,count,12,2609271101,PATH,82,0.022908676527677734,615058,3124083,93683,0,726939,2303461,995219,6,1308242,3690348,0.645496305497476,172.1102765709511,20.776662156975362,True,passed,b3ef19a091204a771a6db6fd550def44231b63b5fe51f6b876c00780b22858ca
count_12_s2609271101,count,12,2609271101,PATH,83,0.02187761623949553,615058,3188636,104030,2,592815,2491789,967276,6,1524513,3690348,0.5868918053256766,177.45219077297952,21.09503298898926,True,passed,41699b64f7a2570a37656a4641f17928ce8f20b0815bec668ac34d5adc8bd02f
count_12_s2609271101,count,12,2609271101,PATH,84,0.020892961308540396,615058,3255322,117374,12,619972,2517964,823211,6,1694753,3690348,0.5407606545507362,183.5397208049544,21.545896587020252,True,passed,498ea1a63c30c6884735df207966e6cddb7ee1edf0c7c98749e2f68f0748a75e
count_12_s2609271101,count,12,2609271101,PATH,85,0.0199526231496888,615058,3280618,123112,30,620116,2537360,992229,6,1545131,3690348,0.5813047983550603,189.40696243703132,23.122490949986968,True,passed,26b045e69aafbc53ab042299b8bb22f8d6f6ffb8f7bac607b9da20745be59c7a
count_12_s2609271101,count,12,2609271101,PATH,86,0.019054607179632473,615058,3364222,135010,55,655241,2573916,1035547,6,1538369,3690348,0.5831371458735057,194.8858541190275,23.834316423046403,True,passed,84f39bcf478dc8c37e25f346208ea05d97a8b8f4e01679a2b5289bcd9bb0362a
count_12_s2609271101,count,12,2609271101,PATH,87,0.018197008586099836,615058,3423077,145829,111,661237,2615900,908753,6,1707147,3690348,0.5374021636983829,197.68272165302187,24.439533983008005,True,passed,d2ce6820046626fb31f6ad48a5fa95f844eb3dbb86b7c8f143616d9174aa723d
count_12_s2609271101,count,12,2609271101,PATH,88,0.017378008287493755,615058,3491517,165036,162,665521,2660798,627698,6,2033100,3690348,0.4490763472713143,203.02080896799453,24.98728703800589,True,passed,e4ff3e1e68711bc74d61afdcfe72fa8264de9641ff8d21c8097b8afa23b1a9cb
count_12_s2609271101,count,12,2609271101,PATH,89,0.016595869074375606,615058,3599585,180891,225,702417,2716052,609971,6,2106081,3690348,0.42930016356181044,205.7085768689867,25.63228982500732,True,passed,a063015e299a8da8dbf6d2b3440e591c1bc6b995165b7b7acffc113d6e432537
count_12_s2609271101,count,12,2609271101,PATH,90,0.015848931924611134,615058,3602797,174408,278,698595,2729516,666183,6,2063333,3690348,0.44088389496058367,205.94212443300057,26.48600529698888,True,passed,ddfc92627224757e57fef7788b7ca37b608bbe42c2ea88ffd1337419fea719f5
count_12_s2609271101,count,12,2609271101,PATH,91,0.01513561248436208,615058,3692211,196018,296,703505,2792392,603284,6,2189108,3690348,0.40680174335862096,210.0179385219817,27.332089555973653,True,passed,0d418a45292c60a6e789fefe1bbdc08468d644ecbc4c869c6002545d2fae568f
count_12_s2609271101,count,12,2609271101,PATH,92,0.014454397707459272,615058,3685924,183964,298,722635,2779027,638938,6,2140089,3690348,0.4200847724930007,209.69032082997728,28.009426300995983,True,passed,c9652d714f4cf1b79072be2f2cd9bde1d373dbb31f5a70d57480434c2db6f3b4
count_12_s2609271101,count,12,2609271101,PATH,93,0.013803842646028845,615058,3751128,206882,310,699300,2844636,602959,6,2241677,3690348,0.3925567453259151,213.15030846302398,28.8341984639992,True,passed,e30373e1a807f743283595f863af113d46461f05ad859b816659b671ca2fad32
count_12_s2609271101,count,12,2609271101,PATH,94,0.013182567385564075,615058,3751296,198470,300,715204,2837322,605965,6,2231357,3690348,0.39535322955992225,213.4712587260292,29.27390412200475,True,passed,ce2e7ac1ab7be751b5d49822c6b933bffbe1a704c80049cde192f6d497ab2977
count_12_s2609271101,count,12,2609271101,PATH,95,0.012589254117941675,615058,3800417,226234,522,542948,3030713,720196,6,2310517,3690348,0.3739026780130221,218.09404991398333,29.30552460398758,True,passed,0aab31971bc1ca6bde8f4590f77a892253900a9bcdc4e2acb5d47cea6560cd50
count_12_s2609271101,count,12,2609271101,PATH,96,0.012022644346174132,615058,3801288,219221,350,595660,2986057,721556,6,2264501,3690348,0.38637196275256425,213.9594976590015,29.909729532024357,True,passed,092a0f5f7b934361f33b1ab8851e5254175888cfde702932e787564c5844eb94
count_12_s2609271101,count,12,2609271101,PATH,97,0.01148153621496883,615058,3815883,228445,576,453283,3133579,781808,6,2351771,3690348,0.3627237864830092,217.74787398800254,30.45150006102631,True,passed,352400f9b35f933904e0f722fa7d05a5a72aa0e4ee383f4f380fd6b239ead208
count_12_s2609271101,count,12,2609271101,PATH,98,0.01096478196143185,615058,3817311,227227,482,448148,3141454,844249,6,2297205,3690348,0.3775099258931678,218.73309230798623,30.950304259953555,True,passed,a40e8e73868c84767abd79bbc316c733fc2b24c4b35e4f8a6c629025acb68ef6
count_12_s2609271101,count,12,2609271101,PATH,99,0.010471285480508996,615058,3820908,228988,588,391679,3199653,757892,6,2441761,3690348,0.3383385523533282,225.16266823600745,32.297515204001684,True,passed,d500d5bdcd88dcef7a8927310961b20502cd40f4f8c6b2b5e1986e68d77b0fa1
count_12_s2609271101,count,12,2609271101,PATH,100,0.01,615058,3821670,229084,588,361320,3230678,770943,6,2459735,3690348,0.333468008979099,227.11775501299417,32.780443812021986,True,passed,ccb383b74e2313ec3906f5b38da7be8ea6f63b4611b4e3c52bb1130cb68dd7e9
count_12_s2609271102,count,12,2609271102,PATH,0,1.0,610116,0,0,0,0,0,0,0,0,0,,0.020482806023210287,2.3825621510040946,True,passed,f691d90a9af081c2d1b914cdd30ccdf54c59e0b6c021517606db3fe47d4ca1ed
count_12_s2609271102,count,12,2609271102,PATH,1,0.954992586021436,610116,677572,0,0,444855,232717,218204,4,14513,2440464,0.9940531800510067,31.699606606038287,2.868707775021903,True,passed,4db02b0523713dc660ea553cdaeb8bc58ee49d302f3bb0c7fa6755425b5ee1b1
count_12_s2609271102,count,12,2609271102,PATH,2,0.9120108393559098,610116,618080,0,0,434609,183471,175437,3,8034,1830348,0.9956106707576919,28.515054077026434,3.313627515977714,True,passed,c2cd9743b91d4208d7ca8f2467cb1506921ab6c658f248c275fbf216c83bdf32
count_12_s2609271102,count,12,2609271102,PATH,3,0.8709635899560807,610116,446385,0,0,339941,106444,102629,3,3815,1830348,0.997915696905725,19.30856447701808,3.759264179971069,True,passed,065343b13655fed610ad31539be66b95d58360d9fa1ec0c5693967fcab031f26
count_12_s2609271102,count,12,2609271102,PATH,4,0.831763771102671,610116,734564,0,0,518174,216390,207104,4,9286,2440464,0.9961949858715392,33.18138901802013,4.19365202402696,True,passed,95931436e2ada1708c2b297b5cdd3957922409779b5687c297ea6b8063eaf16a
count_12_s2609271102,count,12,2609271102,PATH,5,0.7943282347242815,610116,855264,0,0,625540,229724,221467,5,8257,3050580,0.9972933016016626,37.72511378902709,4.5545144159696065,True,passed,ee1de4315567d036b4a60a5d65e997e535b7de351769cfcc5bda816e1c2d8859
count_12_s2609271102,count,12,2609271102,PATH,6,0.7585775750291838,610116,609599,0,0,469388,140211,136577,4,3634,2440464,0.9985109389034217,26.181851879984606,4.957383640983608,True,passed,8cfae9de81a46cc9fed2c11e98d9cf045f29e156e19e6e712b5f22e4266ea984
count_12_s2609271102,count,12,2609271102,PATH,7,0.72443596007499,610116,785433,0,0,546885,238548,230035,4,8513,2440464,0.9965117289171239,35.60563636897132,5.424881535989698,True,passed,8260b152cfa6ec7bbe9e9a50e518bad1eb40bd2e93d76fc83fa324abcdff7247
count_12_s2609271102,count,12,2609271102,PATH,8,0.6918309709189365,610116,677051,0,0,501065,175986,170932,4,5054,2440464,0.9979290823384406,29.912527837965172,5.98758703895146,True,passed,fe9c45c48c183559430664915c5aa3fe965994d996a9d11d810ef7cba4aa07a8
count_12_s2609271102,count,12,2609271102,PATH,9,0.660693448007596,610116,724853,0,0,522717,202136,195798,4,6338,2440464,0.9974029528810915,32.59319896996021,6.688465292972978,True,passed,7a5b0cd78b9cf2aeeb76439467c3621b677e8ba16aa96bcc33567bc845e80d66
count_12_s2609271102,count,12,2609271102,PATH,10,0.6309573444801932,610116,1012426,0,0,732425,280001,271899,5,8102,3050580,0.9973441116115624,44.970343923021574,7.580464959028177,True,passed,f0a20a40f5e45a136e242e8cea24b4132f8176e8763207837d0c37f6adc78b76
count_12_s2609271102,count,12,2609271102,PATH,11,0.6025595860743578,610116,1114460,0,0,680146,434314,414832,5,19482,3050580,0.9936136734653738,53.831933488021605,8.54184791102307,True,passed,8ccdacee1804265d8b8f9a5c392ff194c13f5376e2d4dc5525e1e9629feec60e
count_12_s2609271102,count,12,2609271102,PATH,12,0.5754399373371569,610116,1173921,10,0,706913,466998,446565,5,20433,3050580,0.9933019294691501,57.07028036302654,9.42744721903,True,passed,3a6158952159f1ea5918eed844086321f2cd70cc179197f08f7299217e5039e7
count_12_s2609271102,count,12,2609271102,PATH,13,0.5495408738576245,610116,1223584,16,0,729539,494029,473367,5,20662,3050580,0.9932268617771047,59.47885692497948,10.252440985001158,True,passed,c7943ec43fc501c157331f826d159d5bd29f023527261be0c23395bd9862849a
count_12_s2609271102,count,12,2609271102,PATH,14,0.5248074602497725,610116,1261862,18,0,754848,506996,487917,5,19079,3050580,0.9937457794911132,61.46371825499227,10.829183596011717,True,passed,cb7c2829e7ea7095be6fb5fcf87a808e9b99a771eeaeecec3fde71ea2d1ea06c
count_12_s2609271102,count,12,2609271102,PATH,15,0.5011872336272722,610116,1286715,28,0,765173,521514,503152,5,18362,3050580,0.993980816762714,62.584161402017344,11.286445375008043,True,passed,eb2e24e576285bfbb4a531a6166ba243cd4e0f6ab343141f21ffcf989062546d
count_12_s2609271102,count,12,2609271102,PATH,16,0.4786300923226383,610116,1300291,9,0,814624,485658,474368,5,11290,3050580,0.9962990644402048,61.85495287098456,11.50481494399719,True,passed,6cebb4121cafb275094cefd3f5f2059731a649a0c0cf3517f217b2d02e7ee93f
count_12_s2609271102,count,12,2609271102,PATH,17,0.457088189614875,610116,1308920,0,0,897845,411075,406378,5,4697,3050580,0.9984602927967796,60.36467497597914,11.710082447971217,True,passed,3684a17e2d7a21815f6bd762065ec212aef4cb49f9503fd756b527d3858bee1e
count_12_s2609271102,count,12,2609271102,PATH,18,0.436515832240166,610116,1315409,0,0,887176,428233,423222,5,5011,3050580,0.9983573615509181,60.08873399399454,11.821764500986319,True,passed,700a5eb5ffa54de608ca5fb16b1fad7ea7e61d1585138c136b911435e0e27355
count_12_s2609271102,count,12,2609271102,PATH,19,0.4168693834703354,610116,1321656,0,0,887562,434094,429263,5,4831,3050580,0.998416366723705,60.62522272602655,12.005444110021926,True,passed,7a8d53d55154793edd9648cf95dc42c60496cf29ce8503642264a8212f07919f
count_12_s2609271102,count,12,2609271102,PATH,20,0.3981071705534972,610116,1326104,0,0,887925,438179,433577,5,4602,3050580,0.9984914344157505,60.82154429599177,12.100045814004261,True,passed,5955865c04404bdece8436e7c1b22e9a3d75c56a37e34fdc642ff980085435f7
count_12_s2609271102,count,12,2609271102,PATH,21,0.3801893963205612,610116,1324834,0,0,960637,364197,362345,5,1852,3050580,0.9993929023333268,57.98357866099104,12.11879558902001,True,passed,67c63d5de2c230a2aa11aaad0963a9054433d5de04ed5e97af4ffc73f6f77b6e
count_12_s2609271102,count,12,2609271102,PATH,22,0.36307805477010135,610116,1066753,1,0,755782,310970,309221,4,1749,2440464,0.9992833330055269,47.308911160973366,12.207397818972822,True,passed,09babb527f3ad43a304b4fce02338d8c596a3d0ba80137e10dd1d8d46e402d06
count_12_s2609271102,count,12,2609271102,PATH,23,0.3467368504525316,610116,1336431,4,0,905120,431307,428104,5,3203,3050580,0.9989500357309102,60.83512675698148,12.310712081030942,True,passed,a0f6d809f15100610a7d6eed3a235e094d44676a0c4d86474edde1ff3cbce73e
count_12_s2609271102,count,12,2609271102,PATH,24,0.3311311214825911,610116,1336933,2,0,955067,381864,380226,5,1638,3050580,0.99946305292764,58.918013543996494,12.327785332978237,True,passed,2360dd4ba84ba8c643a94f39317c4fe1b0a79db2efd9d7d92f3752ce545c3671
count_12_s2609271102,count,12,2609271102,PATH,25,0.31622776601683794,610116,1073032,4,0,751006,322022,320464,4,1558,2440464,0.9993615968110983,47.85677958000451,12.361993690021336,True,passed,7519d740829afc6033172dc2fae412b215102a88608c1d0e74ea6d173ad8cd52
count_12_s2609271102,count,12,2609271102,PATH,26,0.3019951720402016,610116,1341994,7,0,950692,391295,389764,5,1531,3050580,0.9994981282247966,59.31214832904516,12.459665186994243,True,passed,c5a11886c01200af3ea29945b26eabc40fa4c0b4b8cd8a7be285c7d139de2d29
count_12_s2609271102,count,12,2609271102,PATH,27,0.28840315031266056,610116,1345249,22,0,895551,449676,446913,5,2763,3050580,0.9990942705977224,61.71190282999305,12.507119199959561,True,passed,0cba34b6e9f8c0f2a513701c8fa83fb8297682ecd583216a0bf5f07f62f6e01e
count_12_s2609271102,count,12,2609271102,PATH,28,0.2754228703338166,610116,1345619,11,0,940038,405570,404085,5,1485,3050580,0.9995132073245088,59.97389635600848,12.63658052298706,True,passed,4ec568b506fd95b0affc0225f295f5590d856823eef2596012eee360f17dab43
count_12_s2609271102,count,12,2609271102,PATH,29,0.2630267991895382,610116,1346742,16,0,933397,413329,411855,5,1474,3050580,0.9995168131961791,59.93324752501212,12.661929693014827,True,passed,d88efcadd52bd175487556eea5f98235cdfed55e7fd3248af99ce7b5edb091bb
count_12_s2609271102,count,12,2609271102,PATH,30,0.251188643150958,610116,1347626,17,0,927539,420070,418600,5,1470,3050580,0.999518124422241,59.87217997002881,12.419945964997169,True,passed,aad95ae04cae78baae77e35b91e10be8cd37c63d07ba1f0b299320c31e17f694
count_12_s2609271102,count,12,2609271102,PATH,31,0.23988329190194904,610116,1348507,18,0,929695,418794,417383,5,1411,3050580,0.9995374650066545,58.705184901016764,12.514979987987317,True,passed,2d5a6480c31db240b87340e265297e88bd50fa192a828044b45b0936a322e34d
count_12_s2609271102,count,12,2609271102,PATH,32,0.2290867652767773,610116,1080464,19,0,719841,360604,359166,4,1438,2440464,0.9994107677884205,47.92873700801283,12.536751935025677,True,passed,68cb9317627ef815aec6b510b49e06dbdb1e0d66c85efc357d94050dddb07216
count_12_s2609271102,count,12,2609271102,PATH,33,0.21877616239495523,610116,1081078,21,0,713840,367217,365736,4,1481,2440464,0.9993931481882133,48.18423596298089,12.516615781991277,True,passed,df371e90997d5b44fac4fa2c6f40b39ace279ddf41a8675e3293f02b07878329
count_12_s2609271102,count,12,2609271102,PATH,34,0.20892961308540392,610116,1352240,50,0,851405,500785,497989,5,2796,3050580,0.9990834529827115,61.721876157971565,12.590309438004624,True,passed,6d92a746bf703fd2690de1bc019ab423909302d14b1515d8f44184cfc40f4eed
count_12_s2609271102,count,12,2609271102,PATH,35,0.19952623149688797,610116,1082152,33,0,695680,386439,384783,4,1656,2440464,0.9993214405129517,49.037607075995766,12.623157098016236,True,passed,0cf76d1bc20925a172d872571f379a5b3db89239edd1cd659892682ef1621a48
count_12_s2609271102,count,12,2609271102,PATH,36,0.19054607179632474,610116,1352515,41,0,883073,469401,467624,5,1777,3050580,0.9994174878219879,60.548477549979,12.680482666008174,True,passed,9a4f148b70c5517b2826907d394ba18811aee03cecf38ef91689978a513fa8ff
count_12_s2609271102,count,12,2609271102,PATH,37,0.18197008586099836,610116,1082949,54,0,679676,403219,401380,4,1839,2440464,0.999246454772535,49.61624016199494,12.748672379006166,True,passed,b9f65fda322feaec82ac8bc3e6891797b05981612a9d008f87581e93dfc57a52
count_12_s2609271102,count,12,2609271102,PATH,38,0.17378008287493754,610116,1354716,98,0,808559,546059,542618,5,3441,3050580,0.9988720177802254,63.01584860001458,12.750020169012714,True,passed,3b040f7eb1608d03e8358cdce10aba4ed005704f0d87190a1fc9745b1f1654ad
count_12_s2609271102,count,12,2609271102,PATH,39,0.16595869074375605,610116,1355601,121,0,796377,559103,555442,5,3661,3050580,0.9987999003468193,63.297143002040684,12.785622125025839,True,passed,bc48b96db3b62128d654ff3746bd636ebcd9db43041de5bd6667abd943fba87f
count_12_s2609271102,count,12,2609271102,PATH,40,0.15848931924611134,610116,1356388,170,0,782838,573380,569387,5,3993,3050580,0.9986910685836792,63.968080752994865,12.888914061011747,True,passed,8f4a5643c4390efad70bdf86e9a82bd5a95fd3badc638e108a113e343091ef1f
count_12_s2609271102,count,12,2609271102,PATH,41,0.15135612484362082,610116,1354839,111,0,837448,517280,514826,5,2454,3050580,0.9991955628110064,61.94481620402075,12.9751511689974,True,passed,cd678bfcea2e6cbf825383587b25fa40183edb2dc1d40c597cc8494cb67b03b8
count_12_s2609271102,count,12,2609271102,PATH,42,0.14454397707459277,610116,1355122,124,0,834800,520198,517582,5,2616,3050580,0.9991424581554983,62.091897541016806,12.904360865009949,True,passed,41522dfd3516de4feb5de129358d617753fd3b545999683acb7922ab9665fe2d
count_12_s2609271102,count,12,2609271102,PATH,43,0.1380384264602885,610116,1358311,253,0,738454,619604,614279,5,5325,3050580,0.9982544303050568,65.34230462100822,13.016878368973266,True,passed,0b93fec258e41fc86ab714763b8d4155524b54c1d20f11c7ec379ed73dff20db
count_12_s2609271102,count,12,2609271102,PATH,44,0.1318256738556407,610116,1356367,190,0,803778,552399,549149,5,3250,3050580,0.9989346288246825,63.36953360098414,13.032576028024778,True,passed,aa4a400031d5739476a71f20e8b3ab805c7e99cb6f2576c189ced9d271e88829
count_12_s2609271102,count,12,2609271102,PATH,45,0.12589254117941673,610116,1089765,370,0,523168,566227,559481,4,6746,2440464,0.9972357715581955,54.90712078497745,13.104481913032942,True,passed,6700c70f0d210fae64d323288031bebe706f8d7878c495bbcf66f53384b2abe4
count_12_s2609271102,count,12,2609271102,PATH,46,0.12022644346174129,610116,1357786,256,0,771352,586178,581886,5,4292,3050580,0.9985930544355499,64.36611415096559,13.233369458001107,True,passed,cf2a1c0f6dd726046bb76138671ffe14547e9899925e456fe56ca2d5a8452454
count_12_s2609271102,count,12,2609271102,PATH,47,0.1148153621496883,610116,1092064,506,0,500087,591471,582555,4,8916,2440464,0.9963465963849497,55.86860657099169,13.256349772040267,True,passed,2cbe4a4ecbdd8d9cdf37e1dfa97729158f1fdafa379fca011c3a07694fbd74e0
count_12_s2609271102,count,12,2609271102,PATH,48,0.1096478196143185,610116,1361061,402,0,716934,643725,637521,5,6204,3050580,0.9979662883779478,66.49578712397488,13.350149193953257,True,passed,16e69fc9387bdd1116631d009b482de583f460c64acec172abcca612032b24c8
count_12_s2609271102,count,12,2609271102,PATH,49,0.10471285480508996,610116,1366470,702,0,668058,697710,685584,5,12126,3050580,0.9960250181932616,69.31844758900115,13.46820616099285,True,passed,ed763f52804dd800f92f2697b572630365e362a9498f55d0efbf93814c34b291
count_12_s2609271102,count,12,2609271102,PATH,50,0.1,610116,1364376,585,0,685071,678720,670100,5,8620,3050580,0.9971743078365426,67.77208438899834,13.424642237951048,True,passed,df30d70ad0903dc4235e5cebd29f6f93c7f8cb28958d521555cdbc3f5d7a2a48
count_12_s2609271102,count,12,2609271102,PATH,51,0.09549925860214359,610116,1100319,918,0,476841,622560,606082,4,16478,2440464,0.9932480052973532,56.9968821000075,13.53289961797418,True,passed,60610c4b687696120430cc646b6e3639ad756ec00ccd42d149a8d8512284e6d3
count_12_s2609271102,count,12,2609271102,PATH,52,0.09120108393559097,610116,1367134,716,0,676929,689489,678615,5,10874,3050580,0.9964354319506454,68.60182440996869,13.689204524969682,True,passed,7ec287c367cd10120d2d06aaffd74f3dcb4b02d2e0cd8f2931740ff48b633011
count_12_s2609271102,count,12,2609271102,PATH,53,0.08709635899560805,610116,1105010,1174,0,470332,633504,612844,4,20660,2440464,0.9915343967376695,59.24566765804775,13.755019075004384,True,passed,0840223d2315be39472a5a41dd41a95e5a3da67d8a7cf5c2b41221ec8784b7e6
count_12_s2609271102,count,12,2609271102,PATH,54,0.08317637711026708,610116,1383281,1507,0,636232,745542,719091,5,26451,3050580,0.9913291898589777,70.69473520701285,13.934377803001553,True,passed,06a4657a1f91591663cf138984ca5d12b8699e50455de5a1ceea0b7df33e8a5d
count_12_s2609271102,count,12,2609271102,PATH,55,0.07943282347242814,610116,1117192,1717,0,468311,647164,616453,4,30711,2440464,0.9874159176287788,59.91699620697182,13.98309239099035,True,passed,aa141716212e089a5a3c52a4e05a6d96f0ea7d8f44288cd91874962728de560a
count_12_s2609271102,count,12,2609271102,PATH,56,0.07585775750291836,610116,1124146,1979,0,466424,655743,619599,4,36144,2440464,0.9851897016305096,59.20911266398616,14.224368229974061,True,passed,f12866a7e191f30e3a6e9c16438ef2ee3db68a609bbd9468f1cbff9586415967
count_12_s2609271102,count,12,2609271102,PATH,57,0.07244359600749903,610116,1133756,2282,0,462334,669140,627284,4,41856,2440464,0.982849163109966,60.046088478004094,14.467047651996836,True,passed,61de039c34591c9e58e8359a950e72ee1d0b25ed63ce4965569da81aea580466
count_12_s2609271102,count,12,2609271102,PATH,58,0.06918309709189366,610116,1144714,2663,0,465260,676791,628280,4,48511,2440464,0.9801222226592976,60.67599468503613,14.587488527002279,True,passed,9fb7b52774a45727b335f7043d8eeb77ebcb9d93afd5a1c378e359469590fde3
count_12_s2609271102,count,12,2609271102,PATH,59,0.06606934480075961,610116,1395693,1849,0,601496,792348,762930,5,29418,3050580,0.9903565879275417,73.02705016703112,14.787190726026893,True,passed,4722a1b1f87bb8f09a1b6604bd94c912c56f5c0e8931cb1d291733692b05beff
count_12_s2609271102,count,12,2609271102,PATH,60,0.06309573444801933,610116,1133901,2297,0,432841,698763,662792,4,35971,2440464,0.9852605897894826,60.80487123504281,15.058799980964977,True,passed,6d41f75e42988566572f5f5af6888e7751bc762df0e23143cf75c7c2a59bf9ea
count_12_s2609271102,count,12,2609271102,PATH,61,0.06025595860743578,610116,1452890,4477,0,596038,852375,775315,5,77060,3050580,0.9747392299169338,77.27677410602337,15.364283913979307,True,passed,a581e48209fa36b9a9bbfdb6f6f6d3c64dd9cc36357e93f1aed6a7947a06e750
count_12_s2609271102,count,12,2609271102,PATH,62,0.057543993733715694,610116,1198907,5339,0,453891,739677,650003,4,89674,2440464,0.9632553481633,64.26053578505525,15.623931334004737,True,passed,1a4df79e9cdeaabecfff7e5f2c4650a74ec53236b9111451a78f44cce3df3bad
count_12_s2609271102,count,12,2609271102,PATH,63,0.054954087385762455,610116,1222562,6509,0,463540,752513,647971,4,104542,2440464,0.9571630640730615,65.43892467801925,15.962363345024642,True,passed,0b7c5b5e18b21ab352ea9cc1d06fc5b621dda2ceb435b20f43f69135dd2de38f
count_12_s2609271102,count,12,2609271102,PATH,64,0.05248074602497726,610116,1463852,5113,0,544049,914690,845409,5,69281,3050580,0.9772892368008707,79.14712006901391,16.37342873198213,True,passed,34124515e0a12cd7513c924c2f0d8f2de91c3edac25e6bdd56e388a8f392e2b8
count_12_s2609271102,count,12,2609271102,PATH,65,0.05011872336272722,610116,1597515,11311,0,575652,1010552,864157,5,146395,3050580,0.9520107651659684,86.50831556896446,16.594104774005245,True,passed,b82e70cb978b96d43d1fa4ab33c2a518c7fbae40cf1cc208d4cab5e41ebdc4c8
count_12_s2609271102,count,12,2609271102,PATH,66,0.047863009232263824,610116,1265995,8397,0,447612,809986,713334,4,96652,2440464,0.9603960558320057,69.23570102202939,16.990943393029738,True,passed,b06b9befcf9c0a570b5828b157df3f8b9462d14aaca39a5eec6be0872b042310
count_12_s2609271102,count,12,2609271102,PATH,67,0.04570881896148749,610116,2056087,20617,0,796555,1238915,1020201,6,218714,3660696,0.9402534381440032,109.66015723894816,17.220741820987314,True,passed,a8a62003aa35375eb44abd694e8abddb61623355db6e4dcc9690f3a2a674c486
count_12_s2609271102,count,12,2609271102,PATH,68,0.043651583224016584,610116,2110273,24148,0,811831,1274294,1044505,6,229789,3660696,0.9372280571781978,110.99468786700163,17.676144135009963,True,passed,24a6d9011402d5d5146ad82908e3eb124b3c7eabebc3657f84ae97c16f4b0b7d
count_12_s2609271102,count,12,2609271102,PATH,69,0.04168693834703355,610116,1949212,30523,0,790229,1128460,835521,5,292939,3050580,0.90397268716113,99.82106651098002,18.016855529975146,True,passed,ca5f1acc1d8e7539676a161954f3f9255c818746816ffca90a0f7db31ed53c5c
count_12_s2609271102,count,12,2609271102,PATH,70,0.039810717055349734,610116,1953382,31888,0,769466,1152028,847184,5,304844,3050580,0.9000701505943132,100.9801102069905,18.246848578972276,True,passed,2c271f676fd40f58ff1b5f4f89b91f4600b70bab5f657161d3a59d3366b884f8
count_12_s2609271102,count,12,2609271102,PATH,71,0.038018939632056124,610116,2017725,35939,0,785174,1196612,833129,5,363483,3050580,0.8808479043329465,104.07456415100023,18.616364373010583,True,passed,5fdef624ce7c04f41615fe638f453638525f78e2f4f6ed4ecce821f11a123bee
count_12_s2609271102,count,12,2609271102,PATH,72,0.03630780547701014,610116,2320335,38108,0,825346,1456881,1047531,6,409350,3660696,0.8881770024060999,122.39143086998956,18.76497305795783,True,passed,1075fccbe7560fd3b2d6649af5f16e195836fc4095a0af817aecdf85c8c5856b
count_12_s2609271102,count,12,2609271102,PATH,73,0.034673685045253165,610116,2883584,52681,0,1051747,1779156,1228361,7,550795,4270812,0.8710327216463755,151.0517337580095,18.833882247039583,True,passed,9599222787923bb41468ea068f72af1f1132a07ccada4aa83df8f4e314eb10eb
count_12_s2609271102,count,12,2609271102,PATH,74,0.03311311214825911,610116,2105796,41085,0,658618,1406093,919284,5,486809,3050580,0.8404208380045761,112.69893113896251,18.99263469898142,True,passed,e13b7299a20447af1ab6571dcafdb2f103d199bfb626a60b2a5a266e288f0126
count_12_s2609271102,count,12,2609271102,PATH,75,0.03162277660168379,610116,1522758,23371,0,429111,1070276,809685,4,260591,2440464,0.8932207154049394,83.89217059197836,19.02237097598845,True,passed,968c9c3145402bf7acf5ce8feb354f8d72bb862a4ea12218e5adbb16d971e8ab
count_12_s2609271102,count,12,2609271102,PATH,76,0.03019951720402016,610116,2136134,42590,0,528788,1564756,1057852,5,506904,3050580,0.8338335660759593,117.66349175799405,19.39680700202007,True,passed,a798c2ad74caf06e429d5954fcfb1b0e7b53b1fcb37ef5240bbe7aba32dda54b
count_12_s2609271102,count,12,2609271102,PATH,77,0.028840315031266057,610116,2196091,46062,0,521877,1628152,1088392,5,539760,3050580,0.8230631552032728,120.94315914303297,19.224371946998872,True,passed,f1d395882315485062c672482293f8dc76807fdb98ea63c7678c5f27e6d1e5c6
count_12_s2609271102,count,12,2609271102,PATH,78,0.02754228703338166,610116,2134421,42572,0,439935,1651914,1108943,5,542971,3050580,0.8220105684820591,119.90980490896618,19.23419217701303,True,passed,f6e92552e3472cb93dd5670a246874a6ff55cc52a97699f35cab3baf90eb159a
count_12_s2609271102,count,12,2609271102,PATH,79,0.026302679918953815,610116,2835880,67684,0,771084,1997112,1239956,6,757156,3660696,0.793166108302902,152.6233602630091,19.44923640100751,True,passed,386cf9f15370670cd5ee540d4c51ff2ea832f00c5bbc8a089aac177032f08ab2
count_12_s2609271102,count,12,2609271102,PATH,80,0.025118864315095794,610116,2852919,69160,0,756115,2027644,1205077,6,822567,3660696,0.775297648316058,154.0569020989933,19.436728878004942,True,passed,81366dc6b82f0daa44ee6a77ae4e545667dc1190368a1c2c41cc22efcfcdd3c5
count_12_s2609271102,count,12,2609271102,PATH,81,0.023988329190194897,610116,2878171,72017,0,454940,2351214,1222513,6,1128701,3660696,0.6916703818071754,164.91902013501385,19.615640543983318,True,passed,955392b7836932d7025c15d11d1f179cbbc9946f6acd8984005598b868ab44a5
count_12_s2609271102,count,12,2609271102,PATH,82,0.022908676527677734,610116,2894574,73693,0,482447,2338434,1136337,6,1202097,3660696,0.6716206426318929,164.62460101704346,19.73432946205139,True,passed,fd4e9bead5061317a858eb201c1dc4e6a748bb1ab1531d31972d673f8977823a
count_12_s2609271102,count,12,2609271102,PATH,83,0.02187761623949553,610116,2918539,76191,0,558352,2283996,1051902,6,1232094,3660696,0.6634262992611242,164.0897374060005,19.84235637797974,True,passed,d4840f5774cf2aadaa496901a830c53ca91d278c88dc07c063bb56a37eeb9544
count_12_s2609271102,count,12,2609271102,PATH,84,0.020892961308540396,610116,2950047,79879,0,496330,2373838,994681,6,1379157,3660696,0.6232527912724793,167.90450849197805,19.91465261596022,True,passed,e8c94d58703496fa4e19cc28358ad2ee1fde4e3534b5561bb29e1cda3ab53ee8
count_12_s2609271102,count,12,2609271102,PATH,85,0.0199526231496888,610116,2993359,85380,0,443259,2464720,987911,6,1476809,3660696,0.5965769897309146,172.79398107301677,20.023054736026097,True,passed,a8b3affc8a98eabe7d3ac26ea3a5c78192c6c54cf6c124db6324b74f95536bc2
count_12_s2609271102,count,12,2609271102,PATH,86,0.019054607179632473,610116,3035687,91323,0,553724,2390640,984202,6,1406438,3660696,0.6158003833150855,172.15025689598406,20.302676504012197,True,passed,c16212644c0f8b2af51b92d1aad19af680103701543198e9e638b321f5e61e38
count_12_s2609271102,count,12,2609271102,PATH,87,0.018197008586099836,610116,3095963,102150,2,513422,2480389,996448,6,1483941,3660696,0.5946287263405647,173.92623117403127,20.537594985973556,True,passed,1896d80d6abccdf7ccd182897bac66dd6c06766dd266f7f718cb7958862d75b3
count_12_s2609271102,count,12,2609271102,PATH,88,0.017378008287493755,610116,3170223,114969,11,547502,2507741,1015080,6,1492661,3660696,0.5922466656613934,175.72757216001628,20.937737499014474,True,passed,cedbc9334e021d4b407df9f305001dd92f0edb79c7dfb65153387915c6ac9e35
count_12_s2609271102,count,12,2609271102,PATH,89,0.016595869074375606,610116,3228610,127698,14,557254,2543644,1024998,6,1518646,3660696,0.5851482887407203,178.73941025597742,21.252446934988257,True,passed,fabaddd650a192159155a0ad3521d123026f08f194254d71ce4ef71c0268c74e
count_12_s2609271102,count,12,2609271102,PATH,90,0.015848931924611134,610116,3300363,140999,32,573713,2585619,940405,6,1645214,3660696,0.5505734428644171,182.8142993489746,21.92371402401477,True,passed,71083d2c62a07d6450f52a6696d3a50fb8fb57f4e90c43425d401575500f2db8
count_12_s2609271102,count,12,2609271102,PATH,91,0.01513561248436208,610116,3344737,149144,59,573722,2621812,874552,6,1747260,3660696,0.5226973231319946,184.49432439898374,22.5435072510154,True,passed,0661f9c27600a10ce358da82268d81f9affd2eba49f10b1d3756cc657770aa0e
count_12_s2609271102,count,12,2609271102,PATH,92,0.014454397707459272,610116,3380830,151812,120,569327,2659571,1004835,6,1654736,3660696,0.5479722981640649,185.6927449979703,23.301090083026793,True,passed,b1ff4023acf963b040c41364a139f86e6dc81ed4daa098bdf981aa74766c68c5
count_12_s2609271102,count,12,2609271102,PATH,93,0.013803842646028845,610116,3462514,159353,186,597981,2704994,965698,6,1739296,3660696,0.5248728657064121,189.82321534497896,23.87816140294308,True,passed,de0dbb25cd754a51bc6e6b317b65c07f3fab3ddb9c19c09fb02988c79e10ad99
count_12_s2609271102,count,12,2609271102,PATH,94,0.013182567385564075,610116,3530141,168436,238,622782,2738685,801326,6,1937359,3660696,0.47076758080976955,192.98725682601798,24.570122041972354,True,passed,12afa182a57d5675e5b6dd6d9c7c345166958bc3a1f600fc10dc1479a8a4ce78
count_12_s2609271102,count,12,2609271102,PATH,95,0.012589254117941675,610116,3623312,188133,276,651841,2783062,623865,6,2159197,3660696,0.41016762932513384,198.30157612496987,25.16765572602162,True,passed,d0923940cfa93f2be374610874414ef868523780cb9a284f3534460238560c3e
count_12_s2609271102,count,12,2609271102,PATH,96,0.012022644346174132,610116,3632128,183541,274,654462,2793851,654045,6,2139806,3660696,0.41546470944323155,197.4149262519786,26.037404309026897,True,passed,c740051801be13c7e26253170fc978e33a61765cd625f6c1908cba0cdebbc041
count_12_s2609271102,count,12,2609271102,PATH,97,0.01148153621496883,610116,3645429,181966,274,646273,2816916,725143,6,2091773,3660696,0.4285859847416994,197.62285524402978,26.75109011400491,True,passed,617e7f9273495ae40c140117a9b7c7c73b69de4975cbd3438929c7cfb41f0a07
count_12_s2609271102,count,12,2609271102,PATH,98,0.01096478196143185,610116,3734795,221797,332,594002,2918664,662308,6,2256356,3660696,0.38362650162701295,202.4111167200026,27.311360842024442,True,passed,c393ac35761d3cd02b25c5e60da4f3b849b16261f8edd85ae7787d2922ce2a25
count_12_s2609271102,count,12,2609271102,PATH,99,0.010471285480508996,610116,3750301,224494,364,542058,2983385,717273,6,2266112,3660696,0.38096143465614185,204.43690816604067,27.96625848399708,True,passed,ed7eee8fd417432d088180aaaf8deeb269432e3cc7e8c6847401aea7634b0d73
count_12_s2609271102,count,12,2609271102,PATH,100,0.01,610116,3759776,227343,460,495946,3036027,744796,6,2291231,3660696,0.3740996247708086,207.00532210199162,31.242658311966807,True,passed,1db185acef862120871007f76570746edbe1445511ed992d7c4e327cd1384fa0
count_12_s2609271103,count,12,2609271103,PATH,0,1.0,617470,0,0,0,0,0,0,0,0,0,,0.021249765995889902,2.1258785849786364,True,passed,2dc59f4727410c6ffbcb53ef757b36201ff757580b57e5119e39e008913ba5cc
count_12_s2609271103,count,12,2609271103,PATH,1,0.954992586021436,617470,632399,0,0,394885,237514,219174,3,18340,1852410,0.9900993840456487,30.14224152400857,2.7497975809965283,True,passed,ce91e940d1765fc747e660a8d28fdbfd2d574528a5cbda3ff58eec9d867741bf
count_12_s2609271103,count,12,2609271103,PATH,2,0.9120108393559098,617470,729217,0,0,512075,217142,203565,4,13577,2469880,0.9945029718042981,32.81379039102467,3.4101943430141546,True,passed,0cacfa99ec7cbc1f7155d2e607e7a2e437f7ef63a543350f132c388b5d20d888
count_12_s2609271103,count,12,2609271103,PATH,3,0.8709635899560807,617470,634591,0,0,476629,157962,148196,4,9766,2469880,0.9960459617471294,27.540961719991174,3.995895972009748,True,passed,75c8a652790553d8da05efd9d87a4bfe4ea8d7d49c45ed3a98af0aba9d8decfa
count_12_s2609271103,count,12,2609271103,PATH,4,0.831763771102671,617470,503661,0,0,364854,138807,130004,3,8803,1852410,0.99524781230937,22.576371032046154,4.582560708979145,True,passed,a542057610093020dff3d1b971e56731dbcc5c96d06a147a8261d1caaa4a918c
count_12_s2609271103,count,12,2609271103,PATH,5,0.7943282347242815,617470,808914,0,0,538260,270654,251853,4,18801,2469880,0.992387889290168,37.39139143197099,5.100048902037088,True,passed,af9faaa8a1569df45e4634f61f506a394f562b001794d07eddf290e4d0d7e8a0
count_12_s2609271103,count,12,2609271103,PATH,6,0.7585775750291838,617470,685334,0,0,516078,169256,160142,4,9114,2469880,0.996309942183426,29.65533945703646,5.688525072007906,True,passed,ac8a7d0686604420f7042dcdfc5619b3138ec72fd213def0f4c670821c549428
count_12_s2609271103,count,12,2609271103,PATH,7,0.72443596007499,617470,991429,0,0,734059,257370,245169,5,12201,3087350,0.9960480671125723,43.22179064899683,6.228332238039002,True,passed,d2f68775cac1b04c3bd7956bc893e37da49f0d46d1891b4137fe31a5c79dd77d
count_12_s2609271103,count,12,2609271103,PATH,8,0.6918309709189365,617470,1030552,0,0,689138,341414,318528,5,22886,3087350,0.9925871702268936,47.81625060294755,6.722963228996377,True,passed,229a750cfd5229f8e0a67c2afefe787fd45187de185817a5625c663046bc4fe6
count_12_s2609271103,count,12,2609271103,PATH,9,0.660693448007596,617470,1059339,0,0,716138,343201,322995,5,20206,3087350,0.9934552285941017,48.78081809700234,7.20753340201918,True,passed,a73db0fe23bbc10717927e6bd9fc316a648bc15e246779e540750cbab62f16a6
count_12_s2609271103,count,12,2609271103,PATH,10,0.6309573444801932,617470,1091665,2,0,722168,369495,347622,5,21873,3087350,0.9929152833336032,50.50381754600676,7.796643364010379,True,passed,102042a39d89eaa52ad1bb79c7d94a5f065b3af44b01c444ff8c84af1262e434
count_12_s2609271103,count,12,2609271103,PATH,11,0.6025595860743578,617470,1047888,3,0,762126,285759,274226,5,11533,3087350,0.9962644338996226,46.21268845995655,8.377247844997328,True,passed,7d36153e5d50d1d7b13df8be6423b0da372651c9bff2561a871959bfec740135
count_12_s2609271103,count,12,2609271103,PATH,12,0.5754399373371569,617470,1172698,23,0,735129,437546,411561,5,25985,3087350,0.9915833967642153,55.565454120980576,8.838843284000177,True,passed,46a9d134fd573fe9036d7b0ce2e33017e1f3f878d742340b597c4a4e6e67b86e
count_12_s2609271103,count,12,2609271103,PATH,13,0.5495408738576245,617470,1224624,64,0,753280,471280,444136,5,27144,3087350,0.9912079939106353,57.500420384982135,9.652580727997702,True,passed,7827157920909f8c14fc9653844c325293365cf51b550d1ec347a28f74ca73b3
count_12_s2609271103,count,12,2609271103,PATH,14,0.5248074602497725,617470,1275200,120,0,758044,517036,486452,5,30584,3087350,0.990093769737801,61.20454145100666,10.476945139991585,True,passed,bc15f000a89c47c0a084ea00ce41e4a208b770471d3a495695ef7925c1cde61d
count_12_s2609271103,count,12,2609271103,PATH,15,0.5011872336272722,617470,1315864,142,0,780312,535410,506797,5,28613,3087350,0.99073218132055,62.30565141001716,11.172127123980317,True,passed,85353c94ccec46b239215528dc5f340ced723f530d62ffec27c64460f3a556f0
count_12_s2609271103,count,12,2609271103,PATH,16,0.4786300923226383,617470,1350920,202,0,784258,566460,536177,5,30283,3087350,0.990191264352924,64.4400935540325,11.727008139016107,True,passed,4570d5a5ddff827c3856bff02e5a1aab1381e9a4026f11699b364bccfbc0db8b
count_12_s2609271103,count,12,2609271103,PATH,17,0.457088189614875,617470,1380893,256,0,781395,599242,564262,5,34980,3087350,0.9886698948936791,66.54182857600972,12.24778439605143,True,passed,8fdb7c65fb6f436ff50ef127c28e04e9cca6d5ea9d4b532423ea241abfe21e52
count_12_s2609271103,count,12,2609271103,PATH,18,0.436515832240166,617470,1400093,301,0,780088,619704,582668,5,37036,3087350,0.988003951608985,68.09431596699869,12.682647701003589,True,passed,ec8f30023b8e7de28b4f79fa5ba3fa231f4c8e03bc075b0b93e4c5cf22bc5182
count_12_s2609271103,count,12,2609271103,PATH,19,0.4168693834703354,617470,1411756,343,0,776975,634438,596217,5,38221,3087350,0.9876201272936337,69.48260288202437,12.970926692010835,True,passed,4ea46437c206f4ad565d540cd8ff46bc37acb6f68df04bd95b9a539f9bee253e
count_12_s2609271103,count,12,2609271103,PATH,20,0.3981071705534972,617470,1410935,239,0,787595,623101,600667,5,22434,3087350,0.992733574100766,68.14491335401544,13.062605381011963,True,passed,0ea79dda37d8455726d3c33afdb2bab01a2ff9f555c1815b0b79e136d1b89a7b
count_12_s2609271103,count,12,2609271103,PATH,21,0.3801893963205612,617470,1410598,192,0,812754,597652,583535,5,14117,3087350,0.9954274701604936,67.78115240804618,13.273551592952572,True,passed,05e18edfb13e2592b5f025bc6418eec6c8faccb2ef3e56ed2644ebe3ca0d814f
count_12_s2609271103,count,12,2609271103,PATH,22,0.36307805477010135,617470,1412136,182,0,822389,589565,578229,5,11336,3087350,0.99632824266766,66.90808602399193,13.373658708995208,True,passed,ae8ca37202f867d0f781fb84dccb96cbf2e3166a355ffd23b2d4b268549b40e6
count_12_s2609271103,count,12,2609271103,PATH,23,0.3467368504525316,617470,1409726,101,0,904790,504835,498914,5,5921,3087350,0.9980821740327466,63.8031497009797,13.448574276990257,True,passed,c12a449bbcd50bae9b10e1a322f8efcb68c3693f12fdb11456500101976dd42d
count_12_s2609271103,count,12,2609271103,PATH,24,0.3311311214825911,617470,1416374,214,0,805810,610350,598598,5,11752,3087350,0.9961934992793172,67.74766637303401,13.508361390035134,True,passed,e7c5f2c1957b192fb4ff6a0e8e5a9a42bb5feeacf3dc2fb2f939b4fbc5f63f3d
count_12_s2609271103,count,12,2609271103,PATH,25,0.31622776601683794,617470,1417565,214,0,809052,608299,597820,5,10479,3087350,0.9966058270037411,68.30890416301554,13.569235110015143,True,passed,d7c975477f050a2f7a4143fa52e2d23a066f01e6055ae4561a69d5bd48ab40b2
count_12_s2609271103,count,12,2609271103,PATH,26,0.3019951720402016,617470,1413672,102,0,900989,512581,508590,5,3991,3087350,0.9987073056180867,64.30407840001862,13.535884483950213,True,passed,af2a56e2dc6e2c1c2451949674eb29b78a8075c50193685451dd4e673f435c72
count_12_s2609271103,count,12,2609271103,PATH,27,0.28840315031266056,617470,1414523,107,0,896134,518282,514367,5,3915,3087350,0.9987319221986494,64.17507630598266,13.58751373301493,True,passed,0f1fb8dce9f326dbbf2fa31e070f4fb8d9b09efbcf3b58227b1eb4f724fcc4ae
count_12_s2609271103,count,12,2609271103,PATH,28,0.2754228703338166,617470,1419311,219,0,817515,601577,594220,5,7357,3087350,0.9976170502210634,68.44101777602918,13.70530538802268,True,passed,81dab0e6ba7cc5fe78f1003b7a665fcce5e56263ccc91fdf1542cb8c1a78787f
count_12_s2609271103,count,12,2609271103,PATH,29,0.2630267991895382,617470,1416426,122,0,883799,532505,528638,5,3867,3087350,0.9987474695126889,64.90211646200623,13.731725315039512,True,passed,efdad7079c6208c1c96e079eab0b34ddb8b16ad0e5f2a72df4d344f2078120a7
count_12_s2609271103,count,12,2609271103,PATH,30,0.251188643150958,617470,1417478,134,0,874844,542500,538576,5,3924,3087350,0.9987290070772669,65.21674358495511,13.790952695009764,True,passed,e42f829af4bf42cac18331d39ae4b93b99c64ef4820c1c1748ce957f773d1bdb
count_12_s2609271103,count,12,2609271103,PATH,31,0.23988329190194904,617470,1421793,238,0,802363,619192,611937,5,7255,3087350,0.9976500882633974,67.85077102901414,13.852542369975708,True,passed,a4a4689b7d340dfdd2674c68f59bd6b53899fbdf190e2aba612d2286286e1f1d
count_12_s2609271103,count,12,2609271103,PATH,32,0.2290867652767773,617470,1422905,257,0,796256,626392,619093,5,7299,3087350,0.9976358365588611,68.27284472296014,13.934985239990056,True,passed,b7935c4c3d9b3456bd7afa69369d6f74ba2ca4312f68104a86e4550014806501
count_12_s2609271103,count,12,2609271103,PATH,33,0.21877616239495523,617470,1424193,282,0,790926,632985,625592,5,7393,3087350,0.9976053897355337,68.62411597999744,13.887059225002304,True,passed,23ab7e4389b7b0b47475cc2fe6419076b4c51e4ce3ad07c93d2aee7390c2e8e7
count_12_s2609271103,count,12,2609271103,PATH,34,0.20892961308540392,617470,1142336,290,0,591852,550194,542727,4,7467,2469880,0.9969767761996534,56.05032228899654,13.988894216017798,True,passed,16a9fa2381cf30394743fe11c4d1149ef41bfccd4dfaa6344f46409e7ff100fc
count_12_s2609271103,count,12,2609271103,PATH,35,0.19952623149688797,617470,1426536,316,0,776620,649600,641836,5,7764,3087350,0.997485221954103,69.08918227197137,14.093084583000746,True,passed,9349d9d51bfae6bd8ba439841831721226a1af6145f51022aa2e96a4aefd566e
count_12_s2609271103,count,12,2609271103,PATH,36,0.19054607179632474,617470,1423359,238,0,837576,585545,581099,5,4446,3087350,0.9985599300370869,66.66452048096107,14.036043489002623,True,passed,9fb46fcf2d220ee2a21f4454fa3c390927ff07ad67978f03c68bd46e733d8a23
count_12_s2609271103,count,12,2609271103,PATH,37,0.18197008586099836,617470,1145029,326,0,569769,574934,566419,4,8515,2469880,0.9965524640873241,57.0097188790096,14.077493778022472,True,passed,fc96bec01058289b737943a834f1016e88fb15c85426dfe47c01144914a12f80
count_12_s2609271103,count,12,2609271103,PATH,38,0.17378008287493754,617470,1141757,261,0,633529,507967,503019,4,4948,2469880,0.997996663805529,55.37393752101343,14.233541483990848,True,passed,052819f4ce2f3ff4f1c0f6512a0e5172cd71a7123c5f5132641c99a3d1f8b7c1
count_12_s2609271103,count,12,2609271103,PATH,39,0.16595869074375605,617470,1431067,391,0,741973,688703,678869,5,9834,3087350,0.9968147440361476,70.06702301703626,14.272770581999794,True,passed,a46d792009d324c3a8b27d2b2be59b614f394a12a0f0df5f1bef9233f625da19
count_12_s2609271103,count,12,2609271103,PATH,40,0.15848931924611134,617470,1143898,313,0,614537,529048,523220,4,5828,2469880,0.9976403711921227,55.4707749930094,14.183677674969658,True,passed,d1f10bc50c33cfed675626d536465234d4db8865151e0ab4d4d9d322ab3d89e9
count_12_s2609271103,count,12,2609271103,PATH,41,0.15135612484362082,617470,1433975,495,0,726599,706881,695279,5,11602,3087350,0.9962420846356908,72.06360959098674,14.358392786991317,True,passed,978b6eaf8a4f771ffc73e5d9a68d657588a61f47b72cc854a186762729e7eb36
count_12_s2609271103,count,12,2609271103,PATH,42,0.14454397707459277,617470,1435975,534,0,717913,717528,704750,5,12778,3087350,0.9958611754417218,71.67966411996167,14.390548143011983,True,passed,feb13e3e47407e243bf162500c0d2304f4150acada9d0915305c11b32ec7d0d3
count_12_s2609271103,count,12,2609271103,PATH,43,0.1380384264602885,617470,1437940,587,0,713172,724181,710277,5,13904,3087350,0.9954964613665441,71.6131581540103,14.43667160498444,True,passed,05780a3198b5dd41b26c6b78f030fb4d93f4789dc188a032d81cb3eb32a2e86f
count_12_s2609271103,count,12,2609271103,PATH,44,0.1318256738556407,617470,1432396,466,0,776339,655591,647329,5,8262,3087350,0.9973239185709427,69.83012024598429,14.438122925988864,True,passed,9743ca24189fa52515afae149842aca468d16a60435a18d91092c7ce86d16910
count_12_s2609271103,count,12,2609271103,PATH,45,0.12589254117941673,617470,1434359,510,0,767070,666779,657487,5,9292,3087350,0.9969902991238441,70.3273374629789,14.532907268032432,True,passed,6b7d938ff44a523cf92ce98206451ddcfcd832913bcbbae82d7c70439faf91f0
count_12_s2609271103,count,12,2609271103,PATH,46,0.12022644346174129,617470,1152365,528,0,569497,582340,571664,4,10676,2469880,0.9956775227946297,57.30197591497563,14.624788023007568,True,passed,2d733262487a3b4d2a265e790050980853d6767b8e6de261d6b2259a21b640cb
count_12_s2609271103,count,12,2609271103,PATH,47,0.1148153621496883,617470,1449023,872,0,697141,751010,728902,5,22108,3087350,0.9928391662752847,73.34533798700431,14.660970103985164,True,passed,d2c808968c50af3456db36482a9a2cce281df98ddd22ef0ccffc4195718d39c2
count_12_s2609271103,count,12,2609271103,PATH,48,0.1096478196143185,617470,1452695,981,0,695789,755925,730890,5,25035,3087350,0.991891104021248,73.06978359399363,14.697280025982764,True,passed,69796b0697f5bbaa659e9fddb1ddae184a3818c85810d043b1504cc2d5f316cd
count_12_s2609271103,count,12,2609271103,PATH,49,0.10471285480508996,617470,1457055,1121,0,693977,761957,733475,5,28482,3087350,0.9907746125317829,73.70363067195285,14.781770008965395,True,passed,3d26f808cd4f11309d064a528ba04e9e8b76abf732dc9482b004aaecc023d3a7
count_12_s2609271103,count,12,2609271103,PATH,50,0.1,617470,1178554,1235,0,516322,660997,628402,4,32595,2469880,0.9868030025750238,60.8950824450003,14.815409241011366,True,passed,f1c768f85c59cfebf2f21a023d27045a0e79a3b86aff6b99dfc07819a1a42381
count_12_s2609271103,count,12,2609271103,PATH,51,0.09549925860214359,617470,1452843,989,0,706952,744902,724560,5,20342,3087350,0.9934111778709896,72.92354599898681,14.945143028977327,True,passed,eff1c3117d4f8b9b265c4acce67e3652ec9a5d1c1b2837d6f42f938438006b96
count_12_s2609271103,count,12,2609271103,PATH,52,0.09120108393559097,617470,1479621,1750,0,699118,778753,736131,5,42622,3087350,0.9861946329376325,74.72746482898947,15.03576455899747,True,passed,c0d6e9dfc2d57168a6f3d8742808646c73241e48bd7d7d611894f5aeb6cc635f
count_12_s2609271103,count,12,2609271103,PATH,53,0.08709635899560805,617470,1181039,1324,0,513624,666091,638222,4,27869,2469880,0.9887164558602037,61.14215604803758,15.059272176004015,True,passed,9bf51016f7667c39e8ce331e34b7e412d1f73d8d20b74443c644cf349a83f8cd
count_12_s2609271103,count,12,2609271103,PATH,54,0.08317637711026708,617470,1501581,2415,0,704310,794856,739034,5,55822,3087350,0.9819191215767568,76.45503864600323,15.243492970010266,True,passed,df2662911f17ebc34c272df21b78b2101054beb0179a86f4c228487fe849d60a
count_12_s2609271103,count,12,2609271103,PATH,55,0.07943282347242814,617470,1481994,1865,0,684527,795602,758858,5,36744,3087350,0.9880985311027256,75.70564249501331,15.319352920982055,True,passed,998ba7d02dc1987bdd6b4873cac06119d65d8c20cac32e6f8781faa2cddcd5f9
count_12_s2609271103,count,12,2609271103,PATH,56,0.07585775750291836,617470,1529271,3341,0,709744,816186,742725,5,73461,3087350,0.9762058075695985,77.73050661303569,15.50065210199682,True,passed,426672a48cd0bddad94582179d2f9d89752b6fe6b9a32502e90254efeaf16c9e
count_12_s2609271103,count,12,2609271103,PATH,57,0.07244359600749903,617470,1498507,2458,0,676525,819524,771323,5,48201,3087350,0.984387581582911,77.21141852799337,15.67379945202265,True,passed,6b5e4170cc4dd85d3ff1571486012a612a8d39ef41342ec6d0d42feb34e910ea
count_12_s2609271103,count,12,2609271103,PATH,58,0.06918309709189366,617470,1513590,3030,0,671743,838817,780444,5,58373,3087350,0.9810928466160299,79.58423676196253,15.791679789021146,True,passed,7f95c9ccd04de3ebee2ecb0a1ebad3e0cca876f125b9ab13814ae5d8daf17588
count_12_s2609271103,count,12,2609271103,PATH,59,0.06606934480075961,617470,1226762,3075,0,510408,713279,654817,4,58462,2469880,0.976330024130727,64.31346021598438,15.906797307019588,True,passed,a56f977f1c53407d831bac0fb1b567716c8f144b44affd8bbbf9c17423afeec3
count_12_s2609271103,count,12,2609271103,PATH,60,0.06309573444801933,617470,1602960,6662,0,713872,882426,754147,5,128279,3087350,0.9584501271316825,82.13558030099375,16.03730802098289,True,passed,5b3e487608eef463bf847c9fe450a7b66451dde4015fd2f3de72a12862051eac
count_12_s2609271103,count,12,2609271103,PATH,61,0.06025595860743578,617470,1953995,8981,0,821570,1123444,962231,6,161213,3704820,0.9564856052385811,101.53525859001093,16.203996662981808,True,passed,17c9699896083043eb2cb4ad3c34b70f6bd7b79c3a93d9e32cd59ad9832f56f2
count_12_s2609271103,count,12,2609271103,PATH,62,0.057543993733715694,617470,1591040,6135,0,670930,913975,817576,5,96399,3087350,0.9687761348729493,82.8519419580116,16.444705330010038,True,passed,69af370229e44d3a917fa510d0a0cbaadb6e89c17be39f33ffc29b7a86658898
count_12_s2609271103,count,12,2609271103,PATH,63,0.054954087385762455,617470,1790275,14289,0,738823,1037163,832487,5,204676,3087350,0.933704957325862,92.7793910560431,16.731128127023112,True,passed,ba0f8e7a1b62ce92e7284b10186e9b410daaffcb3a86dab4be46d185e3772a40
count_12_s2609271103,count,12,2609271103,PATH,64,0.05248074602497726,617470,1888757,19227,0,803461,1066069,821297,5,244772,3087350,0.9207177676648258,96.40786966698943,17.079551100032404,True,passed,246d23ac89257269822304c65728f523198f280be22e3c8093ecd20b9002782e
count_12_s2609271103,count,12,2609271103,PATH,65,0.05011872336272722,617470,2243590,23605,0,957504,1262481,990567,6,271914,3704820,0.9266053411501773,114.82436464499915,17.327275838993955,True,passed,505aa729aa9c74cd9c07fea12329e8adb19d326e677c3d83bd8c1ce611df4229
count_12_s2609271103,count,12,2609271103,PATH,66,0.047863009232263824,617470,2000744,27203,0,847279,1126262,825666,5,300596,3087350,0.902636241436831,102.51846462499816,17.681227658991702,True,passed,f225dcae414f17d6418b4dc76f332dd045498eed32fc400de9a583bfaecd38ee
count_12_s2609271103,count,12,2609271103,PATH,67,0.04570881896148749,617470,2347719,31418,0,979117,1337184,983321,6,353863,3704820,0.9044857779865149,119.53174916596618,17.880022622994147,True,passed,a37f2c84e53b5428e70782880520a14a25531e60e1c823e9d740e8d618917571
count_12_s2609271103,count,12,2609271103,PATH,68,0.043651583224016584,617470,2373309,33600,0,951585,1388124,991753,6,396371,3704820,0.8930120761602454,122.09611398598645,18.26355950598372,True,passed,d9511553ad1d6b65a4fa1c734c3b13dd708d86001e0f6060c89c8eb70da44595
count_12_s2609271103,count,12,2609271103,PATH,69,0.04168693834703355,617470,2134265,36160,0,833420,1264685,802030,5,462655,3087350,0.8501449463131812,109.69063459499739,18.544233204971533,True,passed,03f54fd3881bdc3f02fcf3e9ed89e733cd4b3e50cb6a69b7d1ebd675eaa72e31
count_12_s2609271103,count,12,2609271103,PATH,70,0.039810717055349734,617470,2130377,36177,0,767331,1326869,831054,5,495815,3087350,0.8394043435308598,112.87753647798672,18.803193247003946,True,passed,c44275116d99e888b5cdbe4a18549be6a928c9e785b8db6dfe83614f3322c227
count_12_s2609271103,count,12,2609271103,PATH,71,0.038018939632056124,617470,2446574,37487,0,802099,1606988,1088138,6,518850,3704820,0.8599527102531297,130.88770877796924,19.035216931952164,True,passed,7a95de0d72b58bf92edfbcf2a1f3b09b35423c40aee8ecf978019fabddea2eb8
count_12_s2609271103,count,12,2609271103,PATH,72,0.03630780547701014,617470,1586538,21719,0,488867,1075952,786981,4,288971,2469880,0.8830020081947301,86.36239410296548,19.332075932004955,True,passed,4f3c4c74583e9414b51cfe4eff14d169ce262b5de93e4f068bf7b5123629af14
count_12_s2609271103,count,12,2609271103,PATH,73,0.034673685045253165,617470,2786724,54167,0,876848,1855709,1188813,6,666896,3704820,0.8199923343104388,147.0975428079837,19.473305087012704,True,passed,e3a5994ab992eda33af96bdcbd905a7dcc77b5780a78b350a73871eae48e1b2f
count_12_s2609271103,count,12,2609271103,PATH,74,0.03311311214825911,617470,2804562,55325,0,835225,1914012,1224269,6,689743,3704820,0.8138255029933978,150.02936705498723,19.584273212996777,True,passed,2a16f661c8521060322769563884b08371b82ff467e6eb9ab212cda4df1ab626
count_12_s2609271103,count,12,2609271103,PATH,75,0.03162277660168379,617470,3200519,64197,0,915277,2221045,1388266,7,832779,4322290,0.8073292166883759,172.52053208003053,19.824683786020614,True,passed,54eafd5f91b64fa88845deb6337535a34ba82a7f0c145a7dd73ff525e3302f62
count_12_s2609271103,count,12,2609271103,PATH,76,0.03019951720402016,617470,2862204,59877,0,824946,1977381,1195904,6,781477,3704820,0.7890647858735377,153.9753416890162,19.98686727002496,True,passed,fc845dbba454e2eb4decbff3ac916c95a997708fa14a96c66846066285c022e4
count_12_s2609271103,count,12,2609271103,PATH,77,0.028840315031266057,617470,2930966,66801,0,759511,2104654,1111988,6,992666,3704820,0.7320609368336384,159.1846632140223,20.054774746997282,True,passed,32c5fefade3b6d8fa06586b87be953bef6cbcca9d41714a59912b2bb7df351ce
count_12_s2609271103,count,12,2609271103,PATH,78,0.02754228703338166,617470,2948435,68593,0,605567,2274275,1081935,6,1192340,3704820,0.678165201008416,167.36400451598456,20.234766544017475,True,passed,de3bb67d3abb34cb3dca26c5850a775b867d8a9687b9ae16f9fda4f78b28f555
count_12_s2609271103,count,12,2609271103,PATH,79,0.026302679918953815,617470,2963909,70565,0,531450,2361894,1050256,6,1311638,3704820,0.6459644463158805,168.3480926049524,20.495979861007072,True,passed,221e66742c1e7637769ad0f9f55d9f2fca430d54dab468bd6fde753603912414
count_12_s2609271103,count,12,2609271103,PATH,80,0.025118864315095794,617470,2384013,53184,1,580535,1750293,890190,5,860103,3087350,0.7214105948467132,131.30826606601477,20.47709106601542,True,passed,069e47b41c2c2eb7ec0709169495d1ebcd596af00d659ed4b46ea35533237c7c
count_12_s2609271103,count,12,2609271103,PATH,81,0.023988329190194897,617470,3010538,77719,6,714012,2218801,897785,6,1321016,3704820,0.6434331492488163,166.96591683401493,20.656576156965457,True,passed,8da1f4cbddaa2a0a9ba0c0b863586421b86fc88eac66f61e81fe14a3e787e9e1
count_12_s2609271103,count,12,2609271103,PATH,82,0.022908676527677734,617470,2729684,58859,6,717932,1952887,1086688,6,866199,3704820,0.7661967383030754,148.80500467604725,20.675369400996715,True,passed,26f3f38d7213c9d9c71ef202ddb27191f295df1609fb585d98ce3c1c6104ee64
count_12_s2609271103,count,12,2609271103,PATH,83,0.02187761623949553,617470,3089367,93275,14,568477,2427601,929641,6,1497960,3704820,0.5956726642589923,173.93325983500108,20.927853725035675,True,passed,ecafeedb565d7c3a8ded04184c16daec648d5004fe0d06c7dec37adc779dcd00
count_12_s2609271103,count,12,2609271103,PATH,84,0.020892961308540396,617470,3123508,102549,16,665489,2355454,960800,6,1394654,3704820,0.6235568799563811,171.21297990198946,21.040945116023067,True,passed,dfa3dc4b9590de8f14056b8126e7f386310dcd3f9c6934e5a424fdcd2c6ac92b
count_12_s2609271103,count,12,2609271103,PATH,85,0.0199526231496888,617470,3168877,114459,26,534491,2519901,969391,6,1550510,3704820,0.5814884393843696,178.9055410370347,21.374051001970656,True,passed,0e58e2e0438bd7ed5757c51a455c1ced9d7a08bee20432209edd6deafeba65b8
count_12_s2609271103,count,12,2609271103,PATH,86,0.019054607179632473,617470,3227710,126091,38,537865,2563716,920915,6,1642801,3704820,0.5565773775783979,179.5830926290364,21.466103448008653,True,passed,7ec70ef9811f4a3063b1df6a8a94ca40607bcac153b80f054ec80e86ca2df13d
count_12_s2609271103,count,12,2609271103,PATH,87,0.018197008586099836,617470,3261817,132396,72,530896,2598453,952658,6,1645795,3704820,0.5557692411507171,183.43883796897717,21.72287222801242,True,passed,947e48ddc001dd47a0a1c5d4e7519709a9775f36e5cd73d57cee7fb0d57e3d87
count_12_s2609271103,count,12,2609271103,PATH,88,0.017378008287493755,617470,3341557,141732,134,552963,2646728,846016,6,1800712,3704820,0.5139542541877877,186.22178188100224,22.10768244601786,True,passed,ec5cb107fd7df321cc30d9b134b86a4c36a1b0cf19de34592c5d47cc11dc9bf4
count_12_s2609271103,count,12,2609271103,PATH,89,0.016595869074375606,617470,3342838,139328,237,527224,2676049,1035007,6,1641042,3704820,0.5570521644776265,186.9346628629719,22.59267121599987,True,passed,b7919b2c897d83930307f6f5963eb183664dbfaf60273aef7e77eb4d19c3ca51
count_12_s2609271103,count,12,2609271103,PATH,90,0.015848931924611134,617470,3423063,148716,375,558126,2715846,853700,6,1862146,3704820,0.4973720720574819,189.99905814696103,23.53210042504361,True,passed,a1d8458f264613ae8ad9193974754af2c3c23d1ebbd2bf4f2b447a133541de7c
count_12_s2609271103,count,12,2609271103,PATH,91,0.01513561248436208,617470,3565812,180361,444,619348,2765659,583163,6,2182496,3704820,0.4109036336448194,207.55077597202035,25.333683761011343,True,passed,d47b8f467c7f8cf586262342c114c8d8cb06aa5b1c8b35078edfc0d799bbabe5
count_12_s2609271103,count,12,2609271103,PATH,92,0.014454397707459272,617470,3517177,156414,446,613229,2747088,797730,6,1949358,3704820,0.4738319270571849,204.42894472001353,26.219354215019848,True,passed,408d81baa3057a86ff2da003ac05bbafeb71db6fdc1973bef44e096b12a40645
count_12_s2609271103,count,12,2609271103,PATH,93,0.013803842646028845,617470,3637119,181603,460,673009,2782047,555264,6,2226783,3704820,0.3989497465463909,208.5478775500087,26.920973740983754,True,passed,c3dc2f47bb1d8d538ee990525105373fb68e14a2ee3650702496074b28b095ee
count_12_s2609271103,count,12,2609271103,PATH,94,0.013182567385564075,617470,3702190,199129,470,673661,2828930,568655,6,2260275,3704820,0.38990963123714517,211.44155663403217,27.75847749999957,True,passed,ae3e712918da90c09ff2e5d4634f73ff1ef129f7b7323580605d680fee7f9742
count_12_s2609271103,count,12,2609271103,PATH,95,0.012589254117941675,617470,3735808,205613,486,671058,2858651,594431,6,2264220,3704820,0.388844802176624,212.94993975799298,28.35359089099802,True,passed,ad0c7ab21735d6d72e2d9ce4ebd948f4a7a33a791580b345ef397b6779991232
count_12_s2609271103,count,12,2609271103,PATH,96,0.012022644346174132,617470,3749530,201962,470,690215,2856883,598930,6,2257953,3704820,0.3905363823343644,214.37566224095644,29.03602213197155,True,passed,ddf7b849498dea8d7fef052749bed3a5d3388edb8cf5e801798b3dceabbaf2cb
count_12_s2609271103,count,12,2609271103,PATH,97,0.01148153621496883,617470,3786306,218410,832,527557,3039507,702963,6,2336544,3704820,0.3693232059857159,219.31725903198821,29.815693395968992,True,passed,2b89297ecb6e08b1214920306d77270e38ed1d9f0e8d1075de2f68e2e8c50ca9
count_12_s2609271103,count,12,2609271103,PATH,98,0.01096478196143185,617470,3795816,219021,758,526545,3049492,734408,6,2315084,3704820,0.37511566014003384,218.92470216500806,30.580896459985524,True,passed,3fc43b47026701e19c220db3ddd243047594b6c8b66cf9e771bd32f04c41c9fb
count_12_s2609271103,count,12,2609271103,PATH,99,0.010471285480508996,617470,3804089,219720,744,499422,3084203,775506,6,2308697,3704820,0.37683963053535663,221.114980176033,31.214830060023814,True,passed,5bc2026377bddf92e3e7cdfde9dbfc89560cbde1482748db10c9909f7c0efc63
count_12_s2609271103,count,12,2609271103,PATH,100,0.01,617470,3809748,221074,892,444070,3143712,675193,6,2468519,3704820,0.333700692611247,221.92335268401075,31.329770748969167,True,passed,c156ecf360bd118d7884798b59df3c81032ed71e7c0ff84ca54769ddfa9005f1
count_12_s2609271104,count,12,2609271104,PATH,0,1.0,618848,0,0,0,0,0,0,0,0,0,,0.023664009990170598,1.9518105780007318,True,passed,2c3f103a8ca7d704ec91e3dcccb0be1c178c7b523d76ff77958504d27f1e62f6
count_12_s2609271104,count,12,2609271104,PATH,1,0.954992586021436,618848,690804,0,0,321762,369042,289913,4,79129,2475392,0.9680337498060914,37.13205208396539,2.4647513759555295,True,passed,c553a1d4fb1beb5c72fca0d460b5631fa2e1f85021c19128040167d024110a34
count_12_s2609271104,count,12,2609271104,PATH,2,0.9120108393559098,618848,434755,0,0,256986,177769,147382,3,30387,1856544,0.9836324913387455,21.65151865797816,3.0926592299947515,True,passed,99451d81d5984bac479f1ca949a314cefb30c459abd98ba1a1f484670d353335
count_12_s2609271104,count,12,2609271104,PATH,3,0.8709635899560807,618848,553796,0,0,350649,203147,168248,4,34899,2475392,0.9859016268938414,26.644450191990472,3.751466974033974,True,passed,baeba0c54696d53d888be6ee88b2182f2550d76197600b5de0b863acc4f1a42f
count_12_s2609271104,count,12,2609271104,PATH,4,0.831763771102671,618848,600105,0,0,374120,225985,185835,4,40150,2475392,0.9837803467087233,29.01813957997365,4.461050811980385,True,passed,d577ee930c90eff58a646e36d33257c2665bc57622d90791fbf9d568310a7938
count_12_s2609271104,count,12,2609271104,PATH,5,0.7943282347242815,618848,802582,0,0,475694,326888,274761,4,52127,2475392,0.9789419211179482,39.59079297003336,5.1095951499883085,True,passed,0aad2676d631573816b0564432bfbaf5323a0a222fa74e1a1920c5d1c1abd549
count_12_s2609271104,count,12,2609271104,PATH,6,0.7585775750291838,618848,948387,0,0,520915,427472,354589,5,72883,3094240,0.9764455892238482,48.55189006199362,5.548008229001425,True,passed,acdb80cb94e9e24b0818331488fe782f6a249813f9b1488513a1adf1a90ad5cc
count_12_s2609271104,count,12,2609271104,PATH,7,0.72443596007499,618848,969103,0,0,563111,405992,346887,5,59105,3094240,0.980898378923419,48.19824968202738,5.94756632798817,True,passed,706d37368fef2f632cc145435166efae72dd18b326a36f67e70608f768277f84
count_12_s2609271104,count,12,2609271104,PATH,8,0.6918309709189365,618848,982013,0,0,643726,338287,305652,5,32635,3094240,0.9894529836082527,46.999492692993954,6.21998995996546,True,passed,209ec7dd3a062b47830b912ee6686ddedeeed261dfdcb93601b494df62a22532
count_12_s2609271104,count,12,2609271104,PATH,9,0.660693448007596,618848,996364,0,0,641416,354948,320513,5,34435,3094240,0.9888712575624385,47.34026447299402,6.511104712961242,True,passed,6d05050ce5d252fd4e436eaa1bd4bbef343c8fb171a588693b952a293eb59876
count_12_s2609271104,count,12,2609271104,PATH,10,0.6309573444801932,618848,897792,0,0,635829,261963,247271,5,14692,3094240,0.9952518227416102,40.73193479998736,6.813418747973628,True,passed,1d85801f5f0469e2150ea8f6a9da8348907c0a9691591fa09b9fdad527a466f1
count_12_s2609271104,count,12,2609271104,PATH,11,0.6025595860743578,618848,1026408,0,0,659181,367227,338179,5,29048,3094240,0.9906122343451057,48.484956123982556,7.098393686988857,True,passed,9575ca4af1002fa6b217b5e8f1b14e28d5dc2446bad9c57068886f249b8676b7
count_12_s2609271104,count,12,2609271104,PATH,12,0.5754399373371569,618848,1046417,0,0,661548,384869,356301,5,28568,3094240,0.9907673612906562,49.81333245901624,7.471629938983824,True,passed,2052b926ee7eba68dca5f1997a179fe6db706901220a273205146625c0bbdb8d
count_12_s2609271104,count,12,2609271104,PATH,13,0.5495408738576245,618848,1075052,0,0,662355,412697,383060,5,29637,3094240,0.9904218806556699,51.60971328697633,7.966468178026844,True,passed,ad8d87707c79abe1fa916ab18830c206e8e8afc384a64176e1ca332b5c1d6741
count_12_s2609271104,count,12,2609271104,PATH,14,0.5248074602497725,618848,1109311,0,0,683940,425371,398344,5,27027,3094240,0.9912653834221005,52.177881200041156,8.343732907029334,True,passed,c460f69de7cf47ccdb1a06caa316b0f7a23dfaf4411cf219bdf5402d68574ea7
count_12_s2609271104,count,12,2609271104,PATH,15,0.5011872336272722,618848,1151637,0,0,694910,456727,428899,5,27828,3094240,0.9910065153317131,54.06001657998422,9.04686954501085,True,passed,6be4c6747147ffe01a6d45720f8f470653935869cae6683309a4a128d2f7506c
count_12_s2609271104,count,12,2609271104,PATH,16,0.4786300923226383,618848,1197941,0,0,704010,493931,464594,5,29337,3094240,0.990518834996639,57.3134766810108,9.77217325795209,True,passed,aa63f2961fbe4022d0e585d0ef406f77a803b314306d5bf1f1fd0ada89cb78b3
count_12_s2609271104,count,12,2609271104,PATH,17,0.457088189614875,618848,1232834,0,0,742085,490749,466958,5,23791,3094240,0.9923111975800196,58.29171784303617,10.275336632039398,True,passed,2059fb3f65ffff5b0d036e5c2c1906656a4eae23bcb43c0d97677d81939061c1
count_12_s2609271104,count,12,2609271104,PATH,18,0.436515832240166,618848,1265590,0,0,761104,504486,482016,5,22470,3094240,0.9927381198614199,59.840647662000265,10.762996265955735,True,passed,fb862945074b86c3fcb8a8affddfdcc567d352e0daa5dd002ac5b72be8cdb104
count_12_s2609271104,count,12,2609271104,PATH,19,0.4168693834703354,618848,1296143,0,0,769314,526829,504136,5,22693,3094240,0.9926660504679663,61.48324200796196,11.220483136014082,True,passed,cb7ccd67a1623759f2dbd71083d9cf79dc1095caebfcc62026fb219fa4596b8d
count_12_s2609271104,count,12,2609271104,PATH,20,0.3981071705534972,618848,1316980,0,0,795289,521691,502921,5,18770,3094240,0.9939338900667046,61.98725618101889,11.565976517973468,True,passed,d066a89f80497b081f7daf43cab253da12cd40e751c9fbc4944b60896948ef4e
count_12_s2609271104,count,12,2609271104,PATH,21,0.3801893963205612,618848,1331627,0,0,814219,517408,501428,5,15980,3094240,0.9948355654377166,62.160317995992955,11.820996964990627,True,passed,cfbae2aa789030f9cef131ca9a2bdaf35d377cea07261b129a180b1660ea446d
count_12_s2609271104,count,12,2609271104,PATH,22,0.36307805477010135,618848,1341286,0,0,839039,502247,489665,5,12582,3094240,0.995933734939759,61.82016217301134,12.001008829975035,True,passed,b5cac437a88afd3b507f5369c9e8106aa75c46a24b228924365889b5cb4242f5
count_12_s2609271104,count,12,2609271104,PATH,23,0.3467368504525316,618848,1349919,0,0,851269,498650,487582,5,11068,3094240,0.996423031180516,61.828983396990225,12.07522149500437,True,passed,d213cdb622c68d8dad03ed28ca413c267cb9fede5ced12d2015872349b1a3530
count_12_s2609271104,count,12,2609271104,PATH,24,0.3311311214825911,618848,1360006,0,0,863403,496603,486683,5,9920,3094240,0.9967940431252909,62.18789816304343,12.271335815021303,True,passed,4f8c74a2b7b3462a22843f7b41a725619108305279325ae88b4f0d413d0bf2f6
count_12_s2609271104,count,12,2609271104,PATH,25,0.31622776601683794,618848,1367642,0,0,862550,505092,495118,5,9974,3094240,0.9967765913439164,62.67700974596664,12.469329082989134,True,passed,560209d375a19650020a07667e2ab0887d20917b643657ad87cc6b7d742fe70f
count_12_s2609271104,count,12,2609271104,PATH,26,0.3019951720402016,618848,1374846,0,0,859380,515466,505363,5,10103,3094240,0.9967349009772998,63.14395545900334,12.60565493296599,True,passed,31621c09f00becad3e0c02c0797147384279aed1ea0a962c057cb7ba2420f30e
count_12_s2609271104,count,12,2609271104,PATH,27,0.28840315031266056,618848,1381485,0,0,858503,522982,512953,5,10029,3094240,0.9967588163814054,63.76203536102548,12.694550248037558,True,passed,61247d09bce4dc1593be0cfae959ca13c9bf0dbb45a967cd5752d5c2382c2276
count_12_s2609271104,count,12,2609271104,PATH,28,0.2754228703338166,618848,1387507,0,0,853429,534078,523781,5,10297,3094240,0.9966722038368064,64.12340643501375,12.843387376982719,True,passed,6c436160cd0933817d39b930547fe54f69e8281ad69871db0e5555487500f8c9
count_12_s2609271104,count,12,2609271104,PATH,29,0.2630267991895382,618848,1390064,2,0,916415,473647,468100,5,5547,3094240,0.9982073142354827,62.19645315699745,12.963074107014108,True,passed,a0bbad08812ac992f9536d76efc68ad32c27986f7ef6e0b7b7c0edebf9196453
count_12_s2609271104,count,12,2609271104,PATH,30,0.251188643150958,618848,1398516,10,0,837366,561140,549975,5,11165,3094240,0.9963916826102694,65.81234886596212,13.08640592196025,True,passed,4d17698bb09498ee59cc7a1ae81aed719c3d29d11d64a830a26b20a968e25794
count_12_s2609271104,count,12,2609271104,PATH,31,0.23988329190194904,618848,1401270,0,0,882300,518970,512423,5,6547,3094240,0.9978841330989193,63.94774931104621,13.136530352989212,True,passed,5a972ffa53cbd19f7fe385f508f6116c51c703918ec4d5b2b829394980d160b8
count_12_s2609271104,count,12,2609271104,PATH,32,0.2290867652767773,618848,1404931,2,0,879751,525178,518622,5,6556,3094240,0.9978812244686902,64.6084341199603,13.248372255009599,True,passed,9246caf26dcd23ba1a0b7f129853cfc7bb14a7a49d14f018ddb1c0ef4d1d3e8d
count_12_s2609271104,count,12,2609271104,PATH,33,0.21877616239495523,618848,1407992,4,0,877333,530655,524146,5,6509,3094240,0.9978964139821087,64.76521539600799,13.390073689981364,True,passed,1e0f94c9cc66bdbb0c8cb62a6b1bb2c1c3d212934058055134d0fdc078714cde
count_12_s2609271104,count,12,2609271104,PATH,34,0.20892961308540392,618848,1409558,4,0,920182,489372,485615,5,3757,3094240,0.9987858084699313,63.74193032400217,13.366537217982113,True,passed,76f79ba34749a58f827aeddd6b37f1a96f9f72000be9d6a355a7a773dc71cea9
count_12_s2609271104,count,12,2609271104,PATH,35,0.19952623149688797,618848,1412064,5,0,915604,496455,492594,5,3861,3094240,0.9987521976317286,63.49535572400782,13.457661862950772,True,passed,d7f3e635dba445624e0d354c4dd51afab4eae82babe4de2ffdbbf3f44a9d594a
count_12_s2609271104,count,12,2609271104,PATH,36,0.19054607179632474,618848,1413585,7,0,908567,505011,500955,5,4056,3094240,0.9986891773100988,63.83959942596266,13.44052743294742,True,passed,636eee55adb13fb819a10bda5416d18965da3cd8a75f24abdccf76f80f6f1251
count_12_s2609271104,count,12,2609271104,PATH,37,0.18197008586099836,618848,1414710,8,0,907907,506795,502706,5,4089,3094240,0.9986785123325922,63.97261333401548,13.553286196023691,True,passed,d807b8a51e7adab9a58b4573ba40a4ac890297152e634a62f26128d68864f33d
count_12_s2609271104,count,12,2609271104,PATH,38,0.17378008287493754,618848,1417406,11,0,894627,522768,518227,5,4541,3094240,0.9985324344588655,64.4917116999859,13.634204431029502,True,passed,922f51144253ce59f5daf5ba4cdba9d267205cd56666f4e5b87bc54335f25f38
count_12_s2609271104,count,12,2609271104,PATH,39,0.16595869074375605,618848,1420030,24,0,830465,589541,581136,5,8405,3094240,0.9972836625471845,66.67664587398758,13.57322994194692,True,passed,382a96fbe7a69ddf3ff272dcebb858237eea142c2399c8b8758422f1aeab6dc2
count_12_s2609271104,count,12,2609271104,PATH,40,0.15848931924611134,618848,1421716,29,0,818539,603148,594145,5,9003,3094240,0.9970904002275195,67.27240427501965,13.594679125992116,True,passed,62036fdb3cdf3a5a067d0d88cbf87b7ddcf12ae2fa4eb738e1e64e6ed7f84cb7
count_12_s2609271104,count,12,2609271104,PATH,41,0.15135612484362082,618848,1423608,32,0,806765,616811,607195,5,9616,3094240,0.9968922901908062,67.97421549499268,13.695506741001736,True,passed,99ab6ab1ee9adf18020bf1208bbdc85e64b031ac803ec99d2629882b9fe46924
count_12_s2609271104,count,12,2609271104,PATH,42,0.14454397707459277,618848,1425492,58,0,794205,631229,620679,5,10550,3094240,0.9965904390092559,68.30947014997946,13.740196556027513,True,passed,e2e21d8357188d6c1b1c34c0b6ad30c5588e03abb11b9beeeb9753f674f47152
count_12_s2609271104,count,12,2609271104,PATH,43,0.1380384264602885,618848,1424742,51,0,847107,577584,570878,5,6706,3094240,0.9978327472982057,66.48977863200707,13.866023083974142,True,passed,b51084b45f9b52cdd67730faba9b58c4333b46939927cdc7438f23ddb9ae97b4
count_12_s2609271104,count,12,2609271104,PATH,44,0.1318256738556407,618848,1426433,75,0,821388,604970,596852,5,8118,3094240,0.9973764155333782,67.61176999798045,13.874950144032482,True,passed,0523046e625efccbf0b9e0fb046e72550ccc393263eb4ff4d25808da0e011019
count_12_s2609271104,count,12,2609271104,PATH,45,0.12589254117941673,618848,1431080,178,0,758924,671978,657552,5,14426,3094240,0.9953377889239361,69.81542525300756,13.892409531981684,True,passed,f8021fb44c99a0e9ee9fb5a7bad934f788dc98810824ada6e574edbf8b0c39b4
count_12_s2609271104,count,12,2609271104,PATH,46,0.12022644346174129,618848,1429532,139,0,792208,637185,626920,5,10265,3094240,0.9966825456331765,68.75963301898446,14.028302394028287,True,passed,adc3e6cc3023694ec2cde947fc9ff4ad8df885e83f6af389abaf91314fae6f6a
count_12_s2609271104,count,12,2609271104,PATH,47,0.1148153621496883,618848,1431801,211,0,772000,659590,647151,5,12439,3094240,0.9959799498422877,69.61352301901206,14.050418455968611,True,passed,43ed7e12615e632f5234c7d06f9697638a48aafca183ae652e297749cdcdcc53
count_12_s2609271104,count,12,2609271104,PATH,48,0.1096478196143185,618848,1432437,255,0,783567,648615,636248,5,12367,3094240,0.9960032188841201,70.10824610001873,14.090606698009651,True,passed,536fe328b818693881e50910965d0e3fdaab3f7762a45805e0a9664e0ef5eeb1
count_12_s2609271104,count,12,2609271104,PATH,49,0.10471285480508996,618848,1434873,339,0,761126,673408,658419,5,14989,3094240,0.9951558379440509,70.40254454995738,14.12465308996616,True,passed,8faa82001d62e848694bc148ab0204c14af9c45ff1f82082c694f63f5d5289f7
count_12_s2609271104,count,12,2609271104,PATH,50,0.1,618848,1437232,428,0,749696,687108,669883,5,17225,3094240,0.994433204922695,70.96764773200266,14.162540984048974,True,passed,9bfb99abb3a21dbb8f6f1974d62b1ccf44c8b93019ee21e16181e36483df00e0
count_12_s2609271104,count,12,2609271104,PATH,51,0.09549925860214359,618848,1437473,479,0,779605,657389,640519,5,16870,3094240,0.994547934226175,70.61163685901556,14.20734161499422,True,passed,30cb797cda9673604253042f8ee3cca54a1677cbf278863c8fbf16dcfeb3fa2c
count_12_s2609271104,count,12,2609271104,PATH,52,0.09120108393559097,618848,1452008,1114,0,726702,724192,688367,5,35825,3094240,0.9884220357826154,72.61251006700331,14.335813265992329,True,passed,30b31f77e86fb6e4ecbc8260d281f6ff24af263f61fbd358710c2f810e2ace6e
count_12_s2609271104,count,12,2609271104,PATH,53,0.08709635899560805,618848,1455970,1212,0,726196,728562,687216,5,41346,3094240,0.9866377527276488,72.93586524104467,14.363293247006368,True,passed,902fc7f4b897d82183052f4d2b9035bba3cbcdcc8b52cd6609b174926e80b528
count_12_s2609271104,count,12,2609271104,PATH,54,0.08317637711026708,618848,1446633,765,0,734616,711252,684029,5,27223,3094240,0.991202039919334,72.38448342401534,14.396689752989914,True,passed,891a820f817a944666c3702a4370154359534a28bd0d66d3ef7f8ba4718decad
count_12_s2609271104,count,12,2609271104,PATH,55,0.07943282347242814,618848,1456103,1156,0,715481,739466,700893,5,38573,3094240,0.9875339340193392,74.41430784499971,14.528322353959084,True,passed,dc65a7d4fc32729c1a95f7a0a34932c2e0c22daba57066d7223491011d9ad8ea
count_12_s2609271104,count,12,2609271104,PATH,56,0.07585775750291836,618848,1472099,1700,0,720048,750351,685152,5,65199,3094240,0.9789289130772015,74.29358493402833,14.585494533006568,True,passed,0965374d0272b95e263fd733bb0fd6c2bd5e2917a17b28b31d97b7a424749780
count_12_s2609271104,count,12,2609271104,PATH,57,0.07244359600749903,618848,1460496,1188,0,709622,749686,705062,5,44624,3094240,0.9855783649619939,74.8174461350427,14.69104777299799,True,passed,b7e8f9622f38059f9153691cbe788409eca262a554209dfb0fafc94004dd8f71
count_12_s2609271104,count,12,2609271104,PATH,58,0.06918309709189366,618848,1489211,2107,0,720858,766246,677028,5,89218,3094240,0.9711664253580847,76.3917573110084,14.737059870036319,True,passed,fc0715e66460134f92dc59b532cf3c1c38b59d34e9c06ab9110c1bdb5ad97f32
count_12_s2609271104,count,12,2609271104,PATH,59,0.06606934480075961,618848,1472314,1607,0,699845,770862,709887,5,60975,3094240,0.9802940301980454,75.56003191700438,14.939009758993052,True,passed,cb2c0b62d2c3576ed71894eabb95ec546ca8e00b8df5f4ffff91c67c7f7400d4
count_12_s2609271104,count,12,2609271104,PATH,60,0.06309573444801933,618848,1507578,2866,0,711439,793273,672722,5,120551,3094240,0.961040190806143,77.33743717498146,15.041967289987952,True,passed,086cdb43ca4cb2d79f9549bfd95367cb3968d8e80462aedb69431c4486b66f4c
count_12_s2609271104,count,12,2609271104,PATH,61,0.06025595860743578,618848,1825123,4099,0,799706,1021318,864212,6,157106,3713088,0.9576885869658893,96.81295731599675,15.151023095007986,True,passed,325b71fbd31f154be3e8a44761daeede8c80dad23319b8d45ff2d6c73b750ec8
count_12_s2609271104,count,12,2609271104,PATH,62,0.057543993733715694,618848,1502232,2766,0,683493,815973,721843,5,94130,3094240,0.9695789596152852,78.13204123801552,15.309047328017186,True,passed,0733405318e5db552f04a8adcc2dbf7f8473a1527ff6010c44399362a62a86f4
count_12_s2609271104,count,12,2609271104,PATH,63,0.054954087385762455,618848,1519982,3427,0,684800,831755,726026,5,105729,3094240,0.9658303816122861,79.18857208796544,15.520669616991654,True,passed,c63e7c3f6b540538d516c80430cae6f685522549f68db299b47766c6fe6999b6
count_12_s2609271104,count,12,2609271104,PATH,64,0.05248074602497726,618848,1951999,9140,0,869312,1073547,831423,6,242124,3713088,0.9347917420755986,101.2048193429946,15.77527097100392,True,passed,7f62cf73529e6607d18f9f29f864d150ec60f2571bafcaa5e35770c86abc0b0d
count_12_s2609271104,count,12,2609271104,PATH,65,0.05011872336272722,618848,2030906,13181,0,917329,1100396,832083,6,268313,3713088,0.9277385830877156,104.34914915502304,15.900125816988293,True,passed,8ff7e3fc298c81ab8bf0a3d445b0dc24714d912be15c7787c1135eb933553388
count_12_s2609271104,count,12,2609271104,PATH,66,0.047863009232263824,618848,1830516,18696,0,824903,986917,698542,5,288375,3094240,0.9068026397435235,93.31513591203839,16.158729550021235,True,passed,c49b7b427d96da7e2f167ee3ce2159a2098afb1fb3b435ec92b9aef2e8a26b50
count_12_s2609271104,count,12,2609271104,PATH,67,0.04570881896148749,618848,1693463,13302,0,756794,923367,744389,5,178978,3094240,0.942157686540152,89.16576469200663,16.50920299999416,True,passed,f283856d8619d21abc98c2e850c7839bfa07dc89e62baa1bb8851d05a69e4d39
count_12_s2609271104,count,12,2609271104,PATH,68,0.043651583224016584,618848,1442164,16083,0,625730,800351,596432,4,203919,2475392,0.9176215322664046,74.21085855003912,16.690258993010502,True,passed,127412013c545ec4c6f5ea21d38a496e44fe243d32622daf559f735c37dde64b
count_12_s2609271104,count,12,2609271104,PATH,69,0.04168693834703355,618848,2748804,40715,0,1229568,1478521,929787,7,548734,4331936,0.8733282301492913,139.17753743904177,17.08391583902994,True,passed,d33cdcc72ed188f00654beda3833f9a37c3b49af3936ee122ae4c5491defbc68
count_12_s2609271104,count,12,2609271104,PATH,70,0.039810717055349734,618848,2345168,37666,0,996539,1310963,838866,6,472097,3713088,0.8728559624765155,121.96630481799366,17.519538022985216,True,passed,6551f0e5b7e9164da82fbbaa5c54cad2fadcd221ef6024cea2765d891835feca
count_12_s2609271104,count,12,2609271104,PATH,71,0.038018939632056124,618848,2782867,44333,0,1109709,1628825,1039701,7,589124,4331936,0.8640044543594365,145.4369328999892,17.923527838953305,True,passed,1f18035dfcc8825efc5e40924c61a82939033f6b9192166041233931b2e9ccc0
count_12_s2609271104,count,12,2609271104,PATH,72,0.03630780547701014,618848,2376646,39703,0,843226,1493717,989549,6,504168,3713088,0.8642186772842443,128.25550795398885,18.11557907203678,True,passed,02bd5c9bdf3ad211b1d431b58bc920e251fed1dd9c84a7ee5d20d792eb4f67f3
count_12_s2609271104,count,12,2609271104,PATH,73,0.034673685045253165,618848,2374704,39678,0,732369,1602657,1092279,6,510378,3713088,0.8625462149025286,129.19495760899736,18.504022146982607,True,passed,c830d4c56f2f6bbccbf68fc5c8f037daa6c55801f0adac419d663bcd6405ba2a
count_12_s2609271104,count,12,2609271104,PATH,74,0.03311311214825911,618848,2986659,56448,0,971482,1958729,1278409,7,680320,4331936,0.8429524351236952,160.56335775001207,18.679419372987468,True,passed,6a1c1522d45e0b11faecd9b8213888e2a18f1600e0caaf806b6968928746d074
count_12_s2609271104,count,12,2609271104,PATH,75,0.03162277660168379,618848,3006702,57993,0,915765,2032944,1328808,7,704136,4331936,0.8374546623034136,163.67053528898396,19.091657062992454,True,passed,6aefc71bdc4c5289926ec877c9fb7ff6759cc36a2aafbd8f5767001105eb1c56
count_12_s2609271104,count,12,2609271104,PATH,76,0.03019951720402016,618848,3076801,63480,0,918738,2094583,1325157,7,769426,4331936,0.8223828791561094,166.5153598469915,19.25537615804933,True,passed,ec1b774b9cb1f0e839ca9492849cb9a13646a06cbb6f498d8c66a486762c3d3f
count_12_s2609271104,count,12,2609271104,PATH,77,0.028840315031266057,618848,2891122,73579,0,826982,1990561,1039135,6,951426,3713088,0.7437642199700087,156.03412634297274,19.44905168103287,True,passed,1dce3e5e9d7942387facc9fe05f723bd5a2c47b4f160d8c73be1aff6fda96f35
count_12_s2609271104,count,12,2609271104,PATH,78,0.02754228703338166,618848,2270743,50380,0,781109,1439254,851916,5,587338,3094240,0.8101834376131134,119.25465399498353,19.53722379397368,True,passed,c3cb0b469468f2a1d8d92cd64d7ffd1d22f6390621bc5d32818e2b52151766aa
count_12_s2609271104,count,12,2609271104,PATH,79,0.026302679918953815,618848,2897435,74456,0,834874,1988105,898070,6,1090035,3713088,0.7064343748384094,157.28536740195705,19.656789019005373,True,passed,dcc3f035409be4c1b13426c5dd8ffdaa4842a9fd486cf0d2652f1764c6687302
count_12_s2609271104,count,12,2609271104,PATH,80,0.025118864315095794,618848,2929487,78686,0,633376,2217425,866978,6,1350447,3713088,0.6363008363927813,165.60182987403823,19.844262482016347,True,passed,0a1d3e5089679f569e4d8f562c0669757342b5ca5cbad01b15aa5bc8fee8f83c
count_12_s2609271104,count,12,2609271104,PATH,81,0.023988329190194897,618848,2943687,80980,0,778807,2083900,757420,6,1326480,3713088,0.6427555716427944,160.78397347102873,19.912910378014203,True,passed,8317e2d541dfc581924df2d78caa9e28eff18f5c15d4be91cadd0b20beb7dc5d
count_12_s2609271104,count,12,2609271104,PATH,82,0.022908676527677734,618848,3263923,85645,0,859215,2319063,961810,7,1357253,4331936,0.686686737754205,179.4479405650054,19.90929777995916,True,passed,88b58b3dcf039c78d86b854314fe31c72a8710a4f9c8de855fa6898d7f331712
count_12_s2609271104,count,12,2609271104,PATH,83,0.02187761623949553,618848,2385246,65256,0,468067,1851923,883495,5,968428,3094240,0.6870223382801592,136.51247109804535,19.835739317000844,True,passed,8e079e83e85689d1250a77e72eff945a8fbcea4c7e7222ae2184b60f1d56507c
count_12_s2609271104,count,12,2609271104,PATH,84,0.020892961308540396,618848,3046450,101078,0,580663,2364709,890429,6,1474280,3713088,0.6029504283227329,172.14250012498815,20.17221020400757,True,passed,09a46874889772b6991102fbd974c538bd64070bf57b9875116a169a2227ad4a
count_12_s2609271104,count,12,2609271104,PATH,85,0.0199526231496888,618848,3377389,109745,0,584558,2683086,1157497,7,1525589,4331936,0.6478274378938194,192.99710069299908,20.102817983017303,True,passed,e2df18ad469e30f423948e7baaf85d0d4bab1fdca89f87332df18934c79fcd91
count_12_s2609271104,count,12,2609271104,PATH,86,0.019054607179632473,618848,3098036,115736,2,564949,2417349,936093,6,1481256,3713088,0.6010716686488443,173.3456912689726,20.28705126501154,True,passed,7db84e813ccdd21c055d45a68142db463df6fdaa87868281c9ab1ddde4c1b2f3
count_12_s2609271104,count,12,2609271104,PATH,87,0.018197008586099836,618848,3137086,123461,6,463809,2549810,866582,6,1683228,3713088,0.5466770515538549,180.19427657400956,20.354709958017338,True,passed,0ca8b2711128ebc8ffbc4be232968dc23edbd53633022793c9fa6af1bc63399d
count_12_s2609271104,count,12,2609271104,PATH,88,0.017378008287493755,618848,3146660,125967,32,477774,2542887,1019512,6,1523375,3713088,0.5897282800730821,179.4276876549702,20.51364913501311,True,passed,1d6a79ac2e775ccee355d0cde49ead3bfc71ad5aa942ff7c6befd4a1ffc9c2fc
count_12_s2609271104,count,12,2609271104,PATH,89,0.016595869074375606,618848,3147891,129322,110,391996,2626463,901696,6,1724767,3713088,0.5354898671940983,181.41663571901154,20.80799153802218,True,passed,a597fe2f5fe94dc688e49c2203ef85595fecf409b6036242576d5904c42e84ff
count_12_s2609271104,count,12,2609271104,PATH,90,0.015848931924611134,618848,3183956,132164,208,387584,2664000,885438,6,1778562,3713088,0.521001926159574,182.75082734797616,20.818451692000963,True,passed,c0634ddaffbdd966efc9658fcd4bd08b0db751479ec20aa02ba6319dd13d5299
count_12_s2609271104,count,12,2609271104,PATH,91,0.01513561248436208,618848,3267133,142957,300,429865,2694011,600519,6,2093492,3713088,0.4361857300446421,188.06729610002367,21.041977368004154,True,passed,f6ddf2d0cbc9d2600f61cdcebe9b7deec39a3ddc6332a4530f365476479d465c
count_12_s2609271104,count,12,2609271104,PATH,92,0.014454397707459272,618848,3310390,147702,329,457408,2704951,542589,6,2162362,3713088,0.4176378259820398,193.6114341620123,22.619731525017414,True,passed,63736d75c146bc3f94514ae3d2a5ed2315c28b53edc0cd2906bf0e18eaaeba03
count_12_s2609271104,count,12,2609271104,PATH,93,0.013803842646028845,618848,3424317,173601,332,500198,2750186,496430,6,2253756,3713088,0.393023811986142,203.91543240199098,22.725603314000182,True,passed,8add06c438222f313472970d0965bfdf11e1e7cda5e1843a3cfb4e0183d7d960
count_12_s2609271104,count,12,2609271104,PATH,94,0.013182567385564075,618848,3475964,167917,330,571786,2735931,480552,6,2255379,3713088,0.3925867094989399,205.53726106701652,23.31208883598447,True,passed,d104f5e974872b3673f24543fe0aec957d083b63b631a0e2c2d570ea9e7bfa69
count_12_s2609271104,count,12,2609271104,PATH,95,0.012589254117941675,618848,3924822,183814,332,755713,2984963,721491,7,2263472,4331936,0.4774918189003715,228.9725786470226,23.816125377023127,True,passed,6918668d6ccdb35102d888d4988c322febd5ea7ffdeed39bcdaeb7869355cb13
count_12_s2609271104,count,12,2609271104,PATH,96,0.012022644346174132,618848,3596523,191633,342,584807,2819741,546005,6,2273736,3713088,0.387642846062361,210.15526090201456,24.500879122992046,True,passed,b7657c08c86779694ebf3de1ed399d5c8388683519deac6dc577c034c6ca4958
count_12_s2609271104,count,12,2609271104,PATH,97,0.01148153621496883,618848,3625565,192824,340,613854,2818547,548515,6,2270032,3713088,0.38864039850388676,211.89969538198784,25.186088168993592,True,passed,b3e36124586297d3b6891cfc046255ef6358f7a5c8c8771ffb13e251d73f22b5
count_12_s2609271104,count,12,2609271104,PATH,98,0.01096478196143185,618848,3625121,175573,330,677865,2771353,565566,6,2205787,3713088,0.4059427086026509,209.90489522600546,26.106978432973847,True,passed,1ad7ce815da24f87957ccd0531c051c3c1809a3cbe1b473d90a4513600fe0947
count_12_s2609271104,count,12,2609271104,PATH,99,0.010471285480508996,618848,3687460,189824,332,673036,2824268,562896,6,2261372,3713088,0.3909726890394195,212.50977758096997,26.841213494015392,True,passed,965082b279b250547ef95c82528f05ba820c1a5c5ba551ae59dac71399271cda
count_12_s2609271104,count,12,2609271104,PATH,100,0.01,618848,4242993,220418,556,793731,3228288,896142,7,2332146,4331936,0.4616388607772599,242.84152512496803,28.08212672098307,True,passed,51e1b67111d4c2c48bb74d31fd807bec3e264e5819d51c4deda274c516b81de2
count_12_s2609271105,count,12,2609271105,PATH,0,1.0,623595,0,0,0,0,0,0,0,0,0,,0.020394093997310847,0.9082119269878604,True,passed,b5bcef65dd9bc9a756eb2f8846b3ef32b02ab0c618137a88a7279a40be4b116c
count_12_s2609271105,count,12,2609271105,PATH,1,0.954992586021436,623595,586729,0,0,441232,145497,137401,3,8096,1870785,0.9956724048995476,24.708552221010905,1.1759541960200295,True,passed,ec8d9c1065a636dc5bf90d1700df0d5b5822de9d59bf878a758bacaf763d67d0
count_12_s2609271105,count,12,2609271105,PATH,2,0.9120108393559098,623595,356781,0,0,277382,79399,75231,3,4168,1870785,0.9977720582536208,14.754782636999153,1.5324798119836487,True,passed,0a34d5fbbc140c3dc693d100fa64182dacca68cb3834f89f7d76580fc34020c9
count_12_s2609271105,count,12,2609271105,PATH,3,0.8709635899560807,623595,442140,0,0,341887,100253,94222,4,6031,2494380,0.9975821647062597,18.43960511998739,1.9509194429847412,True,passed,3be845608018f20c7ee8b662f33e49a36977b5070f0f31d8f54720ffc2259140
count_12_s2609271105,count,12,2609271105,PATH,4,0.831763771102671,623595,403571,0,0,310402,93169,88083,3,5086,1870785,0.9972813551530507,16.800832348002587,2.438614009995945,True,passed,fd95609f2f20da1f3b92691dfbea773dbd317763638fd11609fce933d22283c4
count_12_s2609271105,count,12,2609271105,PATH,5,0.7943282347242815,623595,776542,0,0,598569,177973,168889,5,9084,3117975,0.9970865706107329,32.82488577597542,2.977916308969725,True,passed,1b5b641ead8ce020c12aa29858bf3f288d0cdea04b42408094c1c87a11c755da
count_12_s2609271105,count,12,2609271105,PATH,6,0.7585775750291838,623595,822311,0,0,598547,223764,209410,5,14354,3117975,0.9953963710421027,35.39120155200362,3.476501189987175,True,passed,3e86d3b288069afc879daeabc446aff2f42893e34ecdd0563ba8ac510843cc9c
count_12_s2609271105,count,12,2609271105,PATH,7,0.72443596007499,623595,675486,0,0,542013,133473,126959,5,6514,3117975,0.9979108235312983,27.41277341701789,3.953749764012173,True,passed,e59800d0ac898e8d3f49a5077cf59f6459912fb22b604e391be26706e96f8b52
count_12_s2609271105,count,12,2609271105,PATH,8,0.6918309709189365,623595,793455,0,0,622005,171450,163236,5,8214,3117975,0.9973655978639983,33.226999790000264,4.452670308994129,True,passed,6714b92f5515249999a1695361892005e962eff727945d5024a92d99d087a8e6
count_12_s2609271105,count,12,2609271105,PATH,9,0.660693448007596,623595,637951,0,0,494464,143487,136381,4,7106,2494380,0.997151195888357,26.446328018966597,4.8550092749646865,True,passed,3829fe07cc3d9544ce44b63db2fd5be63354e5b2eca7477b4d0cc8af552a97c2
count_12_s2609271105,count,12,2609271105,PATH,10,0.6309573444801932,623595,949125,0,0,692864,256261,242813,5,13448,3117975,0.9956869442506755,42.06973080994794,5.322139423980843,True,passed,02749bcc10b5a91093936cadcf72991e9917fe74f23280672014782a1fca5730
count_12_s2609271105,count,12,2609271105,PATH,11,0.6025595860743578,623595,974525,0,0,680144,294381,276064,5,18317,3117975,0.994125353795332,42.77270461799344,5.722271705046296,True,passed,7c5d5db21d67398c91ce9b28e93dbd4e0847447dbf3040a154fba8bc70983bdd
count_12_s2609271105,count,12,2609271105,PATH,12,0.5754399373371569,623595,980468,0,0,740759,239709,231013,5,8696,3117975,0.9972110103512697,41.18461243703496,6.1578783910372294,True,passed,b206d4a312819d3c72600f467a8be916f5c2d45861930b5b311b3b5667245757
count_12_s2609271105,count,12,2609271105,PATH,13,0.5495408738576245,623595,1032895,0,0,722873,310022,294856,5,15166,3117975,0.9951359456057217,46.21122172597097,6.660422904998995,True,passed,e0a5d1c15319114ceb43737806e9105f4637e696629525f6edd60b518531b08e
count_12_s2609271105,count,12,2609271105,PATH,14,0.5248074602497725,623595,789533,0,0,569620,219913,209860,4,10053,2494380,0.9959697399754649,34.1729046269902,7.2233376179938205,True,passed,1d2f9dac6050f940f8727dc232d7d9335ed3d5b0efad1b35c6837c84ce69250a
count_12_s2609271105,count,12,2609271105,PATH,15,0.5011872336272722,623595,1009725,0,0,728434,281291,269116,5,12175,3117975,0.9960952220591891,43.69703981396742,7.833541727042757,True,passed,068722a3becf84ce6d4c1a95aeb0214dd101c9f86bb69afa611370223e1a1f61
count_12_s2609271105,count,12,2609271105,PATH,16,0.4786300923226383,623595,1144580,0,0,701998,442582,415109,5,27473,3117975,0.9911888324954498,53.64707999397069,8.439564856991637,True,passed,e2ca8858dc7a76b04a0830eec2a36dfc4723345668fb9b078e99c8ba63cec43f
count_12_s2609271105,count,12,2609271105,PATH,17,0.457088189614875,623595,1115209,0,0,770034,345175,329724,5,15451,3117975,0.9950445401262037,49.160310979001224,9.122358946013264,True,passed,425770ad17bb0dbb7b6ef9678835ad0cecda108734ae663c50d921b898ca63e8
count_12_s2609271105,count,12,2609271105,PATH,18,0.436515832240166,623595,1233490,0,0,707840,525650,488574,5,37076,3117975,0.9881089489171658,58.984411802957766,9.915676506992895,True,passed,af16a42a486179869a5aded2376244ce51979d34c996bf8147ac59657dab0244
count_12_s2609271105,count,12,2609271105,PATH,19,0.4168693834703354,623595,1269222,0,0,732474,536748,502750,5,33998,3117975,0.9890961280959597,60.73039618995972,10.538246175041422,True,passed,afff02f13ecc9e3c43d69dfa19f4981c74b4066c7de40042222799e75b9d70aa
count_12_s2609271105,count,12,2609271105,PATH,20,0.3981071705534972,623595,1304938,1,0,742599,562338,526570,5,35768,3117975,0.988528451960006,63.22383336001076,11.092261019977741,True,passed,05a68476b602074cf038f1e4fb2f165c7bdaa91d20323c8bf810f160572fa778
count_12_s2609271105,count,12,2609271105,PATH,21,0.3801893963205612,623595,1332430,2,0,756182,576246,542683,5,33563,3117975,0.9892356417225924,63.71949572698213,11.601974782999605,True,passed,15bfcd86022449907fa76b98a22cff04d835bf879992e7d48bc1e7598910b4c1
count_12_s2609271105,count,12,2609271105,PATH,22,0.36307805477010135,623595,1348592,0,0,776551,572041,546399,5,25642,3117975,0.99177607261123,64.55076325498521,11.890106678998563,True,passed,45a057269030e02ea9162337dc9420422eeec8437c8b7888662f828e282d758b
count_12_s2609271105,count,12,2609271105,PATH,23,0.3467368504525316,623595,1361839,1,0,779040,582798,558393,5,24405,3117975,0.992172804464436,65.02932783402503,12.210524590977002,True,passed,3620b98f34c576639e3dd9b2e7bdcea2cd2e8d65a4fd53bab30bebfa1d6a2fec
count_12_s2609271105,count,12,2609271105,PATH,24,0.3311311214825911,623595,1369353,0,0,803951,565402,547858,5,17544,3117975,0.9943732711134631,65.18588590499712,12.409962992009241,True,passed,807c5da8beab39fe20250f350e9f089271f65427cfaaa5e1a9376a845f1ae978
count_12_s2609271105,count,12,2609271105,PATH,25,0.31622776601683794,623595,1374635,0,0,867939,506696,498432,5,8264,3117975,0.99734956181496,64.02279626199743,12.526195471000392,True,passed,90af7bafb19c3eaad154cc4f8c3e450cbf86a372f4e2a6b698319a18edcb7c02
count_12_s2609271105,count,12,2609271105,PATH,26,0.3019951720402016,623595,1373849,0,0,924201,449648,444232,5,5416,3117975,0.9982629751681781,61.17882023303537,12.663189759012312,True,passed,0d3d973f7f5707d5ad1e5fc9595ebb7cc3af4b73e9d77ac52f0127bcb8982d7c
count_12_s2609271105,count,12,2609271105,PATH,27,0.28840315031266056,623595,1386419,0,0,837807,548612,537853,5,10759,3117975,0.9965493629679519,64.83065185596934,12.820149719016626,True,passed,02c1cb24e7020bcbf130472a4e243ba5f011ec194e5afd15f65e061bdd305fda
count_12_s2609271105,count,12,2609271105,PATH,28,0.2754228703338166,623595,1390068,0,0,842263,547805,538122,5,9683,3117975,0.9968944587432549,64.97461658500833,12.8737274389714,True,passed,1f3b18be2e2035940134a0c1212b1c45ff34afd096b56bad3adbb5f58047f066
count_12_s2609271105,count,12,2609271105,PATH,29,0.2630267991895382,623595,1389010,0,0,932913,456097,452534,5,3563,3117975,0.9988572711455351,61.941962270997465,12.959442207007669,True,passed,9ee3d8e9f232e8376f29cf0c5987293dcb898fed12d6f9f975a99719cc71bc6c
count_12_s2609271105,count,12,2609271105,PATH,30,0.251188643150958,623595,1392757,0,0,931180,461577,458101,5,3476,3117975,0.9988851738708617,62.06953788700048,13.02149015001487,True,passed,2be28c85db2ecbb77752230e7bfbe89e83998944fb7e7d1018615f50ea2081e5
count_12_s2609271105,count,12,2609271105,PATH,31,0.23988329190194904,623595,1396189,0,0,928521,467668,464275,5,3393,3117975,0.9989117937122651,62.164591523993295,13.132879857032094,True,passed,5f2f46ed457e650a0805a2540ea9af3bfef3a1eb4a669593ca265bbf53855129
count_12_s2609271105,count,12,2609271105,PATH,32,0.2290867652767773,623595,1400834,0,0,859884,540950,534601,5,6349,3117975,0.9979637424931246,64.86608917900594,13.169591649028007,True,passed,7be20fddf2268e028b2fc771edf109a3f882d6e50d6d19dbcec085f1fbcf8a5e
count_12_s2609271105,count,12,2609271105,PATH,33,0.21877616239495523,623595,1401186,0,0,919568,481618,478355,5,3263,3117975,0.9989534874397646,62.9618266550242,13.25572378601646,True,passed,f45ac1387f98ea3c1dbe74adec0e3c0e81b95c79ad663fda6a8baf4439b27838
count_12_s2609271105,count,12,2609271105,PATH,34,0.20892961308540392,623595,1403379,0,0,913823,489556,486278,5,3278,3117975,0.9989486766250532,63.81262484297622,13.278032591973897,True,passed,79db7ce7e88ff0e35292e33acf4c2adb048b45b7cb3f79319551a33c8ecaeb42
count_12_s2609271105,count,12,2609271105,PATH,35,0.19952623149688797,623595,1126945,0,0,648492,478453,472411,4,6042,2494380,0.9975777547927741,53.18221722799353,13.33272324205609,True,passed,62c0fa45db5f88cd1c59627c67a3f2e072b28f204d3780e2479e8d25f485be68
count_12_s2609271105,count,12,2609271105,PATH,36,0.19054607179632474,623595,1406317,2,0,903444,502871,499544,5,3327,3117975,0.9989329612969956,63.51108452200424,13.36049556400394,True,passed,71062a9571171660dc0920a31428b4a04b4856fd1396f9922e8191c3868248b4
count_12_s2609271105,count,12,2609271105,PATH,37,0.18197008586099836,623595,1407239,4,0,900051,507184,503811,5,3373,3117975,0.9989182081318805,63.62512180197518,13.49997878895374,True,passed,9a76a608f2f7be68d2e92ae900cd696c00b9cbb353a2b4089edd5944a4edc198
count_12_s2609271105,count,12,2609271105,PATH,38,0.17378008287493754,623595,1408308,8,0,892606,515694,512193,5,3501,3117975,0.9988771558463426,64.21099940297427,13.514452852949034,True,passed,9f1b27a2f7a48fc8d5c9d51a24fee0c6be5384c05ec7671ecd96487fff29df9f
count_12_s2609271105,count,12,2609271105,PATH,39,0.16595869074375605,623595,1409726,23,0,885621,524082,520447,5,3635,3117975,0.9988341792349201,65.08478916599415,13.580277574015781,True,passed,b6327a20c7d87d939640a1c6fc1777cfcf4c45541e1a0ee44ac54f37d9da47a7
count_12_s2609271105,count,12,2609271105,PATH,40,0.15848931924611134,623595,1411107,27,0,870264,540816,536885,5,3931,3117975,0.9987392458246137,64.94215789600275,13.612428530002944,True,passed,ffe37b7dfefa1d7faa2d5bc8b895bc1d1b24bbb3c8bb8600374316983d27b607
count_12_s2609271105,count,12,2609271105,PATH,41,0.15135612484362082,623595,1414077,78,0,796616,617383,609804,5,7579,3117975,0.9975692556867839,67.72586618800415,13.686992091999855,True,passed,458f54173cb054435ccdfbc3c8ef9a4114dbae6269f0a3114627a4c30aa7990a
count_12_s2609271105,count,12,2609271105,PATH,42,0.14454397707459277,623595,1415699,110,0,787372,628217,620115,5,8102,3117975,0.997401518613844,67.74781360797351,13.722835430002306,True,passed,9afdad88dc82df84ebff6cdb4465f05b15df1ea7d6b1d1420d5794512a37ab69
count_12_s2609271105,count,12,2609271105,PATH,43,0.1380384264602885,623595,1416959,150,0,776310,640499,631803,5,8696,3117975,0.9972110103512697,68.13628690398764,13.755968248005956,True,passed,dbdb7eba8e829528f8a1f341eed3176038de8014fb2ab4605e45798f70870627
count_12_s2609271105,count,12,2609271105,PATH,44,0.1318256738556407,623595,1418778,190,0,766394,652194,642733,5,9461,3117975,0.9969656588009846,69.03072347003035,13.780955912021454,True,passed,4e4fcc34d0774db8e6e98c68a7a0fb38b48fab837ccbe3cbfbfa715ff4b8306b
count_12_s2609271105,count,12,2609271105,PATH,45,0.12589254117941673,623595,1416553,119,0,815495,600939,594964,5,5975,3117975,0.9980836921399305,66.79623078799341,13.89672514499398,True,passed,cc48ca1ace238fce3a20a23c6254f0506cfc2b9ff068672dcbaf6178c50fcde1
count_12_s2609271105,count,12,2609271105,PATH,46,0.12022644346174129,623595,1421870,268,0,745431,676171,664777,5,11394,3117975,0.9963457051451663,69.48607762303436,13.864301540015731,True,passed,fe102eb427c255714cfb32018c29d003128f793a35d3c261ba37d320d68f4fe7
count_12_s2609271105,count,12,2609271105,PATH,47,0.1148153621496883,623595,1418733,168,0,810260,608305,601443,5,6862,3117975,0.9977992126299923,67.23801420500968,13.99353879399132,True,passed,5c012126fcab70c20594257ff63e153fe9bf566e65bfbf088da3c59268068698
count_12_s2609271105,count,12,2609271105,PATH,48,0.1096478196143185,623595,1425832,406,0,730911,694515,680242,5,14273,3117975,0.9954223494415446,70.27946248499211,14.020785572996829,True,passed,b4365597a5ef646b25125b1b12f47f3969f42ee4821daa16987fd616515bc604
count_12_s2609271105,count,12,2609271105,PATH,49,0.10471285480508996,623595,1139698,273,0,592490,546935,538017,4,8918,2494380,0.9964247628669248,56.02379393199226,14.10125521500595,True,passed,0fb0f09024709b9d8061e8507d163cf9ee00f20b0b0f97fff9d32e5363ab15c6
count_12_s2609271105,count,12,2609271105,PATH,50,0.1,623595,1141463,320,0,596590,544553,534808,4,9745,2494380,0.9960932175530592,56.1967523250496,14.09503049403429,True,passed,25a3f7064ab0ef287c11c19ddcb45a74a6b8ce7ea25c81a7c98ead9edc2cc06c
count_12_s2609271105,count,12,2609271105,PATH,51,0.09549925860214359,623595,1437495,738,0,716446,720311,699335,5,20976,3117975,0.9932725567074784,71.6287194309989,14.124194182979409,True,passed,0e22ea7d25703ad64960152daa9ae3d4bca37aef431de2cf3bda3453bad9d769
count_12_s2609271105,count,12,2609271105,PATH,52,0.09120108393559097,623595,1441814,846,0,716738,724230,700288,5,23942,3117975,0.9923212982785301,72.27715358597925,14.259047174011357,True,passed,5a3667292d402e59037eb2f60f7b0ac447524395a5dafcd64f6788a9ac4c97de
count_12_s2609271105,count,12,2609271105,PATH,53,0.08709635899560805,623595,1431604,522,0,760033,671049,656438,5,14611,3117975,0.9953139457500461,69.75237246602774,14.262456577969715,True,passed,533500adbd0a55950e8d8f2f35ee848167362d91c8c835eccfef57a8c7220c14
count_12_s2609271105,count,12,2609271105,PATH,54,0.08317637711026708,623595,1438735,755,0,715116,722864,704078,5,18786,3117975,0.9939749356553532,71.68606744502904,14.343281220993958,True,passed,7b797c7bf706e4803bc75d6e061e12af06626b84089f5bd5932544e3579b2711
count_12_s2609271105,count,12,2609271105,PATH,55,0.07943282347242814,623595,1440151,771,0,745976,693404,674209,5,19195,3117975,0.9938437607742204,71.02023743401514,14.50146118097473,True,passed,16c0210e085d709a857e610ffd7db9578fc4f4eeed42272cd88a230b53e40eab
count_12_s2609271105,count,12,2609271105,PATH,56,0.07585775750291836,623595,1189004,1692,0,540135,647177,605378,4,41799,2494380,0.9832427296562672,60.70697770296829,14.518922428018413,True,passed,2b7dc217e8d4bcf9cb18435a1704ed0e66af3053aaa91a055f807a60815e014c
count_12_s2609271105,count,12,2609271105,PATH,57,0.07244359600749903,623595,1484098,2084,0,721344,760670,712499,5,48171,3117975,0.9845505496355808,74.55510391300777,14.68434488697676,True,passed,4acc20f20ad1d2292080c5001262f18bbd27776c3ebc890eaef8f6f2656f5ddd
count_12_s2609271105,count,12,2609271105,PATH,58,0.06918309709189366,623595,1497195,2454,0,722966,771775,716422,5,55353,3117975,0.9822471315517283,75.62058836396318,14.754146617022343,True,passed,9461158f5693695ade7d0d64a8ab1988e9d63b0781cc99418f72e1b7dcd6d9c2
count_12_s2609271105,count,12,2609271105,PATH,59,0.06606934480075961,623595,1229403,2841,0,558433,668129,604807,4,63322,2494380,0.9746141325700174,63.11724580702139,14.86557466298109,True,passed,dccdb167b304cdf62823fd71ab97271adf8831f1504658de2dcde37d8f361b72
count_12_s2609271105,count,12,2609271105,PATH,60,0.06309573444801933,623595,1243713,3337,0,562271,678105,605470,4,72635,2494380,0.9708805394526896,64.37407595099648,15.063474844035227,True,passed,3b3e9ef4b76c7391b7524d46db43136d1703b1e0f99158f28876c062275478be
count_12_s2609271105,count,12,2609271105,PATH,61,0.06025595860743578,623595,1485728,2173,0,701703,781852,738220,5,43632,3117975,0.986006302167272,75.47164388198871,15.251571001019329,True,passed,ee7b8a6bd5cdeb6290bf0d1aa2afada7a1be7fdb4e27b7b3b2b5fe5b7f2cd618
count_12_s2609271105,count,12,2609271105,PATH,62,0.057543993733715694,623595,1281442,4525,0,582284,694633,597602,4,97031,2494380,0.9611001531442683,65.54902526194928,15.397894581023138,True,passed,89a2486045c9f614843137a5dcf7636f2a934de22fda52082c4845c34bce7f41
count_12_s2609271105,count,12,2609271105,PATH,63,0.054954087385762455,623595,1248290,3471,0,544764,700055,630516,4,69539,2494380,0.9721217296482493,64.71548891800921,15.505094024993014,True,passed,338c18f19734522053a6f3e70b50b89b98f7a09ebfe7b1b5abc6f56e72f9d173
count_12_s2609271105,count,12,2609271105,PATH,64,0.05248074602497726,623595,1933616,6993,0,859015,1067608,925741,6,141867,3741570,0.9620835638515383,99.53491626301548,15.726144377025776,True,passed,744db09b5b2f74b553730d9029035a0f657e996a81d2f8b41f39a29ab37ebf63
count_12_s2609271105,count,12,2609271105,PATH,65,0.05011872336272722,623595,1689474,8099,0,729842,951533,791325,5,160208,3117975,0.9486179331136395,87.61185709101846,15.939862822997384,True,passed,3b98551377f3229eac8d6fc722853865254fcae54d65b08fa1071bbd886572aa
count_12_s2609271105,count,12,2609271105,PATH,66,0.047863009232263824,623595,2051234,10450,0,926834,1113950,917308,6,196642,3741570,0.9474439874170468,104.25950069498504,16.08802875201218,True,passed,ef1a81bf486fbdd39478fc4f0b31327c4c30a567736a5eab096e54b0daf83465
count_12_s2609271105,count,12,2609271105,PATH,67,0.04570881896148749,623595,1835854,12913,0,820841,1002100,776808,5,225292,3117975,0.9277441288015459,93.17411979101598,16.36639927496435,True,passed,82a2b72b3e2b894f046ff4e1ffeb72610951cc219c0bb74ff96dd20478731456
count_12_s2609271105,count,12,2609271105,PATH,68,0.043651583224016584,623595,1889885,15265,0,844295,1030325,782442,5,247883,3117975,0.9204987211250892,95.85326445597457,16.72876098600682,True,passed,42532eabd11a4bd039336602746baebded59ac52dbbb777497fa87b749a4c477
count_12_s2609271105,count,12,2609271105,PATH,69,0.04168693834703355,623595,1940591,17996,0,861424,1061171,786548,5,274623,3117975,0.9119226420994395,98.09507779596606,17.06879932299489,True,passed,8908f9787ed3e026e7251e29222ed92b080a822aa26807c8f96708595fb34665
count_12_s2609271105,count,12,2609271105,PATH,70,0.039810717055349734,623595,2306306,22038,0,1015263,1269005,944683,6,324322,3741570,0.9133192750636765,116.99125230801292,17.436254818050656,True,passed,174bd921c59330aae116b8b6bdceca61aeaa2f6d72a3cca65b837d3b4634e71d
count_12_s2609271105,count,12,2609271105,PATH,71,0.038018939632056124,623595,2352881,24975,0,1015760,1312146,943844,6,368302,3741570,0.901564851118648,119.79565871704835,17.692645111004822,True,passed,ef85eaff6b0d500559542cab2738c7e5305659e28032267cadb68f9eddac728e
count_12_s2609271105,count,12,2609271105,PATH,72,0.03630780547701014,623595,2089010,26529,0,869296,1193185,786190,5,406995,3117975,0.8694681644336468,107.34484500600956,17.994183528004214,True,passed,bad4ee51aa7b208dd034ce23696104570b67bcb7b800333cd4f26452c76bb397
count_12_s2609271105,count,12,2609271105,PATH,73,0.034673685045253165,623595,2669386,36665,0,1127903,1504818,933256,6,571562,3741570,0.8472400623267773,134.84755624399986,18.43708282598527,True,passed,69d5b3c1e7a6e9b26b63537a956bd959a930cb0fb3a741f99c9a07c4f36f3634
count_12_s2609271105,count,12,2609271105,PATH,74,0.03311311214825911,623595,2167921,29857,0,806030,1332034,832840,5,499194,3117975,0.8398980107281169,113.23206766200019,18.757065259036608,True,passed,06c0d03614e614f9c009e4bb6b33abbed55c5438117fa209a6e1c3a3f6ce4927
count_12_s2609271105,count,12,2609271105,PATH,75,0.03162277660168379,623595,2722669,39180,0,1016176,1667313,1052935,6,614378,3741570,0.8357967377330906,141.25103844702244,18.960661026998423,True,passed,8c358f9e7ed137cf49e225f209804ed6f55b214da15b68ab1ab3bab724808fad
count_12_s2609271105,count,12,2609271105,PATH,76,0.03019951720402016,623595,2146698,29531,0,628619,1488548,984371,5,504177,3117975,0.838299858080966,116.66130398702808,19.17028635198949,True,passed,48c409c7f56e2c3b5b5db2266deb903febb75b8db223064b67b420903e4e833a
count_12_s2609271105,count,12,2609271105,PATH,77,0.028840315031266057,623595,2817041,44487,0,918220,1854334,1169501,6,684833,3741570,0.8169664071499397,148.95600367803127,19.36315267905593,True,passed,b8d5cb1594411587db9fcf6d8d5bf4d1d0c3eab0ea9a2d8c580ff3b61bcacd0f
count_12_s2609271105,count,12,2609271105,PATH,78,0.02754228703338166,623595,2515324,33123,0,645671,1836530,1266040,6,570490,3741570,0.8475265730695938,139.7043267369736,19.595129554974847,True,passed,63946e6d807597dc4ffbe582ed5690acc0b7f5687f5396f4b9335d62273ede8f
count_12_s2609271105,count,12,2609271105,PATH,79,0.026302679918953815,623595,2892539,50231,0,846703,1995605,1176779,6,818826,3741570,0.7811544351702627,155.53673680999782,19.802668367978185,True,passed,8ef7ad32f1c89d30d3e88b5ebfa6ed681468d593eaa09bb00105a733291c99fe
count_12_s2609271105,count,12,2609271105,PATH,80,0.025118864315095794,623595,2862411,48151,0,842305,1971955,1169305,6,802650,3741570,0.7854777539909716,154.0151407159865,19.98143797001103,True,passed,d7d2bcfa822a8e239aeeaac029baa7c995b4154a38b20573048d31d0f946efe5
count_12_s2609271105,count,12,2609271105,PATH,81,0.023988329190194897,623595,2910465,51950,0,854348,2004167,1106488,6,897679,3741570,0.7600795922567265,157.0406194140087,19.931092376995366,True,passed,21a2d1299ad9e2d3bd94f72c61f78682b89ae8a5a490a7f407cd57a5ea6d798d
count_12_s2609271105,count,12,2609271105,PATH,82,0.022908676527677734,623595,2958559,57612,0,560063,2340884,1093279,6,1247605,3741570,0.6665557506608188,167.8170086859609,20.13632511202013,True,passed,0c72fa88fbf7f4e66145684b2ec2fdad82baf002e4d60025e880854363ba7638
count_12_s2609271105,count,12,2609271105,PATH,83,0.02187761623949553,623595,3276776,59562,0,905104,2312110,1155354,7,1156756,4365165,0.7350029151246287,179.24093088199152,20.07344217202626,True,passed,6d5df011299e461b5f8253ffff80cbd2b0d9b32852e36b94e87cd6125800eb8e
count_12_s2609271105,count,12,2609271105,PATH,84,0.020892961308540396,623595,3011792,64743,0,690578,2256471,887243,6,1369228,3741570,0.6340498774578587,168.29645940300543,20.384066016995348,True,passed,e55978f629a4a3459b0ec62a9c1aff74b602ed474cafd212b79362eb67d20e60
count_12_s2609271105,count,12,2609271105,PATH,85,0.0199526231496888,623595,3051279,71130,0,577239,2402910,927355,6,1475555,3741570,0.6056321276897132,173.86672380805248,20.42638908897061,True,passed,59ccd6bef544bd1e48a694844f1b49f10a27e934de014063fdca339db2ea3ab5
count_12_s2609271105,count,12,2609271105,PATH,86,0.019054607179632473,623595,3092701,77794,2,625186,2389719,910693,6,1479026,3741570,0.6047044422528511,173.74462902499363,20.77107811102178,True,passed,44603c948b1bdee0fdb0bf3201d567f0b96fdcc31e4e733ca795f0506162daee
count_12_s2609271105,count,12,2609271105,PATH,87,0.018197008586099836,623595,3127285,85705,4,608290,2433286,941095,6,1492191,3741570,0.6011858658263777,176.80025275901426,20.70894593500998,True,passed,c2f10f9b37d6fb744f4fbbbb31dbcbce6236f2d4aebc4f617ea953e67bb84e61
count_12_s2609271105,count,12,2609271105,PATH,88,0.017378008287493755,623595,3176294,96568,8,566094,2513624,884714,6,1628910,3741570,0.5646453226853967,180.0232932799845,20.95334627799457,True,passed,90d91a305d97829e53d0f8770aeee17c370116075dbfbcc01f3c2002c6a35a96
count_12_s2609271105,count,12,2609271105,PATH,89,0.016595869074375606,623595,3209838,103380,12,570151,2536295,916582,6,1619713,3741570,0.5671033817354747,180.13697432895424,21.175955938990228,True,passed,bf2322a4ce63d85ecda890fb3439efe8b5bb74b0cb44a8c62d6d1e74ed4598e9
count_12_s2609271105,count,12,2609271105,PATH,90,0.015848931924611134,623595,3238087,104759,30,805727,2327571,1027635,6,1299936,3741570,0.6525693759571517,174.4027630330529,21.610574813967105,True,passed,fbffa4a4b185e9ec6b520ceeb493528c622e12c7291763e009c4762064861376
count_12_s2609271105,count,12,2609271105,PATH,91,0.01513561248436208,623595,3270858,110390,60,586711,2573697,1039725,6,1533972,3741570,0.5900191630786007,182.69898386701243,21.94663480098825,True,passed,1945d87f4ca73df2730f93de9cb39c3b4223bf74f9ad7ee5be8d4fb4e4d2e717
count_12_s2609271105,count,12,2609271105,PATH,92,0.014454397707459272,623595,3352883,121524,118,580077,2651164,842560,6,1808604,3741570,0.516618959420778,189.21884569100803,22.348878297023475,True,passed,21be9af62e4d434652ef745f0c7b64c95abc235e666f86fcca4836f747865435
count_12_s2609271105,count,12,2609271105,PATH,93,0.013803842646028845,623595,3353364,118272,184,553871,2681037,993116,6,1687921,3741570,0.5488736011888058,187.98584122298053,22.880593801965006,True,passed,e28a9697c4ddeabf9f046810f06b0a09df6a6325c89178a2d335d529f1537f8c
count_12_s2609271105,count,12,2609271105,PATH,94,0.013182567385564075,623595,3490280,144400,260,607245,2738375,581282,6,2157093,3741570,0.42347918119933614,194.84791695000604,23.31948998500593,True,passed,8d330617f6cc6b5ee266ad23b5c78c16ab06cf83bd104dffeb2ff6b0bad22e0a
count_12_s2609271105,count,12,2609271105,PATH,95,0.012589254117941675,623595,3490222,132376,312,612300,2745234,755214,6,1990020,3741570,0.4681323615487616,194.2144643330248,23.868107067013625,True,passed,879700d787e3afbff49a7e5e3654d4fa3125c5b8bbaa51fe34d7f1debb397344
count_12_s2609271105,count,12,2609271105,PATH,96,0.012022644346174132,623595,3500452,128311,328,619141,2752672,872333,6,1880339,3741570,0.4974465264581446,195.79911091498798,24.429877860005945,True,passed,81e87767818df06b1ee0df05c72bd26a6813f4c6a72a5ba6b6d1ea7737aadcac
count_12_s2609271105,count,12,2609271105,PATH,97,0.01148153621496883,623595,3624271,158757,338,663407,2801769,539502,6,2262267,3741570,0.39536959084020884,199.43499449902447,25.0596329550026,True,passed,547aa049030af28bd0a0864e5c71c8378cbcd500d7abd1beb9b5fe179a4038ea
count_12_s2609271105,count,12,2609271105,PATH,98,0.01096478196143185,623595,3669788,168645,350,655764,2845029,566971,6,2278058,3741570,0.3911491700008285,202.6754010709701,25.65463271405315,True,passed,6fc5b9a948edd366fa69ebbe438b6ef8dd233f6cfe397ecc4e46f62a2c8652ba
count_12_s2609271105,count,12,2609271105,PATH,99,0.010471285480508996,623595,3713481,178458,508,560200,2974315,640213,6,2334102,3741570,0.37617043112917836,206.3577112890198,26.432822070026305,True,passed,704c5a9933546a2dbb786e28ed224930265671b75564d9e5712b07851e222d91
count_12_s2609271105,count,12,2609271105,PATH,100,0.01,623595,3744723,180795,546,529606,3033776,678978,6,2354798,3741570,0.3706390632809222,209.76183827401837,27.127755420049652,True,passed,66ba80006c4c25720d3a856f8a44c8e1339572506bc1e519d577f6fcc385c1bb
length_05_s2609272301,length,5,2609272301,PATH,0,1.0,205389,0,0,0,0,0,0,0,0,0,,0.014332097955048084,0.04434358101570979,True,passed,1c29d55490e2febdc8bbb7e941d45313f2b39ef207b56d372e483094396b3aa1
length_05_s2609272301,length,5,2609272301,PATH,1,0.954992586021436,205389,5164,0,0,4971,193,182,4,11,821556,0.9999866107727288,0.22410836402559653,0.04500896402169019,True,passed,0190bd82ffbe4a82818b9cda7b27c6ac108467fd0b1c5d3aecb1c000e2d579c1
length_05_s2609272301,length,5,2609272301,PATH,2,0.9120108393559098,205389,4142,0,0,3990,152,145,4,7,821556,0.9999914795826456,0.1897809500223957,0.04450308799277991,True,passed,6faa7e5db313d6f68918d2ef79d4630bdd7157474782be741411fc19d87f433d
length_05_s2609272301,length,5,2609272301,PATH,3,0.8709635899560807,205389,4726,0,0,4554,172,164,4,8,821556,0.9999902623801664,0.20886210299795493,0.048671745986212045,True,passed,1d3510ddc20b84875eb027ef503d2a4717c92951f48c32ba855dfa8e602ebd60
length_05_s2609272301,length,5,2609272301,PATH,4,0.831763771102671,205389,5172,0,0,4984,188,180,4,8,821556,0.9999902623801664,0.2229617540142499,0.05222607799805701,True,passed,3f28da02d1a85bd36aba50d6a282a7bb9d8d58c2bd3be9494a05f1026d26f3d9
length_05_s2609272301,length,5,2609272301,PATH,5,0.7943282347242815,205389,6989,0,0,6719,270,257,4,13,821556,0.9999841763677704,0.29201535001629964,0.0584693540004082,True,passed,9eeb4b47d58f740fb58f40c0f95d7abbec7c3e4788bb128bb639a2a3d93b7291
length_05_s2609272301,length,5,2609272301,PATH,6,0.7585775750291838,205389,4765,0,0,4580,185,178,3,7,616167,0.9999886394435274,0.2043999350280501,0.061690739006735384,True,passed,095c805256795888a8b460d75c87c3cdc9fb1af21bd71b5618391fde89fc33a7
length_05_s2609272301,length,5,2609272301,PATH,7,0.72443596007499,205389,5274,0,0,5062,212,205,3,7,616167,0.9999886394435274,0.22214828396681696,0.06771333201322705,True,passed,7e142f4f1aa5749d1544058d2a5835624219d33ada864d009853462e01c7a43c
length_05_s2609272301,length,5,2609272301,PATH,8,0.6918309709189365,205389,5655,0,0,5420,235,228,3,7,616167,0.9999886394435274,0.23575890198117122,0.0715186579618603,True,passed,9596f0118984b0da8966e15ef7632731fa3355ac3a87f899a4a52abb94c9d7c8
length_05_s2609272301,length,5,2609272301,PATH,9,0.660693448007596,205389,6179,0,0,5910,269,261,3,8,616167,0.9999870165068886,0.25228807097300887,0.07474330096738413,True,passed,63ecc39660af344cc83cb54225fea7b461c840ef1c25818a1cc3c763894d3f21
length_05_s2609272301,length,5,2609272301,PATH,10,0.6309573444801932,205389,10023,0,0,9571,452,437,4,15,821556,0.999981741962812,0.3960262800101191,0.07870045199524611,True,passed,536a3e5928f88ec169b938374935537818b88e90ac7547c0980f4860b2e5388e
length_05_s2609272301,length,5,2609272301,PATH,11,0.6025595860743578,205389,8392,0,0,8038,354,341,4,13,821556,0.9999841763677704,0.3356925459811464,0.0827758340165019,True,passed,ead8efdd5049385b755172d03f854791f3352c3efcd953bf0d02fa5af35e8e3b
length_05_s2609272301,length,5,2609272301,PATH,12,0.5754399373371569,205389,8820,0,0,8438,382,369,4,13,821556,0.9999841763677704,0.3520304689882323,0.08550742897205055,True,passed,23aba7d45d4d318c4765021d7402880a7be52f4988323c4b99c877cb131608e0
length_05_s2609272301,length,5,2609272301,PATH,13,0.5495408738576245,205389,9649,0,0,9221,428,415,4,13,821556,0.9999841763677704,0.37900826800614595,0.09341556701110676,True,passed,1a93bd15520ca7eefc9f7a88274150b1c62ded165b37851aa8d3d08397862457
length_05_s2609272301,length,5,2609272301,PATH,14,0.5248074602497725,205389,10528,0,0,10050,478,465,4,13,821556,0.9999841763677704,0.41033509199041873,0.10382823698455468,True,passed,3a1564d51d0f74b3fcfba3e6a93a6477ae946347bb9adf851f0dafb01aad9504
length_05_s2609272301,length,5,2609272301,PATH,15,0.5011872336272722,205389,11148,0,0,10632,516,503,4,13,821556,0.9999841763677704,0.43235483003081754,0.10924754798179492,True,passed,8c82e552d257ea4d5f89cb3b2b70eb126496680b5064a100c9d66d133eca5c52
length_05_s2609272301,length,5,2609272301,PATH,16,0.4786300923226383,205389,11983,0,0,11429,554,541,4,13,821556,0.9999841763677704,0.45968738495139405,0.11651934898691252,True,passed,2073015ce8ba5bf48897804b478acbc0d171a0502f7a257a1e9257b0964a3f7a
length_05_s2609272301,length,5,2609272301,PATH,17,0.457088189614875,205389,12805,0,0,12192,613,600,4,13,821556,0.9999841763677704,0.48859198903664947,0.12271866702940315,True,passed,f311264e85bbcb23b6b6618d7caacf3bdf6677607a35910e7f0c757807516ad4
length_05_s2609272301,length,5,2609272301,PATH,18,0.436515832240166,205389,13892,1,0,13219,672,658,4,14,821556,0.9999829591652912,0.5266460190177895,0.1314872609800659,True,passed,57c23192cae546dc26279c0a29525418823d2a20322398ed2283b548b257c6d6
length_05_s2609272301,length,5,2609272301,PATH,19,0.4168693834703354,205389,14694,1,0,13965,728,711,4,17,821556,0.9999793075578536,0.5499800010002218,0.1343160790274851,True,passed,46bb4a8fff4a37ef42d41e830322a5764915dfb7d339f86d28b9a63261a83ec8
length_05_s2609272301,length,5,2609272301,PATH,20,0.3981071705534972,205389,16481,2,0,15650,829,805,4,24,821556,0.9999707871404993,0.6140601510414854,0.13610499602509663,True,passed,52dbc777f00ee7017eb7f40c1ab78f2096c749a568d2a1562a93a811bea9b694
length_05_s2609272301,length,5,2609272301,PATH,21,0.3801893963205612,205389,10843,1,0,10304,538,524,3,14,616167,0.999977278887055,0.4106601959792897,0.13798312400467694,True,passed,969ce6682d462f907f71930b0635834b4433083411f4c38fe5b018c26a8061b1
length_05_s2609272301,length,5,2609272301,PATH,22,0.36307805477010135,205389,14295,1,0,13582,712,694,4,18,821556,0.9999780903553744,0.5414009530213661,0.13903217599727213,True,passed,1b91f943190f8020b4139665bb3b1bbd68d3075eaca8e484da928b05e210cd99
length_05_s2609272301,length,5,2609272301,PATH,23,0.3467368504525316,205389,14549,1,0,13821,727,709,4,18,821556,0.9999780903553744,0.5479931160225533,0.14110454701585695,True,passed,58178e6f86f9bf9b2b6311a59e3f56e5542459b8dfbb8ac19abfed7ba553f677
length_05_s2609272301,length,5,2609272301,PATH,24,0.3311311214825911,205389,14909,1,0,14157,751,733,4,18,821556,0.9999780903553744,0.5586686270544305,0.1416233639465645,True,passed,e1e14cbd3d18837458ae3159c5940d863f254fbc081d1035fa0edf003042932f
length_05_s2609272301,length,5,2609272301,PATH,25,0.31622776601683794,205389,15182,1,0,14412,769,750,4,19,821556,0.9999768731528952,0.5711335389642045,0.14308262895792723,True,passed,c10d5d440be4143c6f4cc6336e9793ef53cdc174caf5cdc9858e4ef662e856d2
length_05_s2609272301,length,5,2609272301,PATH,26,0.3019951720402016,205389,15563,2,0,14771,790,770,4,20,821556,0.999975655950416,0.5817399210063741,0.14490971103077754,True,passed,4be552c86c590dc32ca1ceb8cfc701cf8a5170118456c22f370c56b2545352f6
length_05_s2609272301,length,5,2609272301,PATH,27,0.28840315031266056,205389,16100,3,0,15276,821,801,4,20,821556,0.999975655950416,0.5978996180347167,0.14519942697370425,True,passed,bdf133eb14f4c145fed23ea1b051be9caea9a3351d96792934f76f0e764561dd
length_05_s2609272301,length,5,2609272301,PATH,28,0.2754228703338166,205389,16821,4,0,15957,860,839,4,21,821556,0.9999744387479368,0.626995696045924,0.14973008300876245,True,passed,a9fee853af9b69ab930a60a074bedc7e7550dfb32608883241a575e6cdb95784
length_05_s2609272301,length,5,2609272301,PATH,29,0.2630267991895382,205389,17336,4,0,16439,893,872,4,21,821556,0.9999744387479368,0.6677772399852984,0.15144255699124187,True,passed,77a4678dd96207ea73585ebcf769943c658f39f609dec61aa7904731985a8ecc
length_05_s2609272301,length,5,2609272301,PATH,30,0.251188643150958,205389,17956,5,0,17010,941,920,4,21,821556,0.9999744387479368,0.6612330439966172,0.15659876295831054,True,passed,db7adb1bdd0976b1e9d021039bbb1a3e12f074dcc6dfbdb262054c5431c89ca3
length_05_s2609272301,length,5,2609272301,PATH,31,0.23988329190194904,205389,18310,8,0,17337,965,943,4,22,821556,0.9999732215454576,0.6742577740224078,0.16007887601153925,True,passed,68cec992dfdc921b23245dc9d19194e156c8bb37eec8446752bd56d793d05622
length_05_s2609272301,length,5,2609272301,PATH,32,0.2290867652767773,205389,18959,9,0,17943,1007,985,4,22,821556,0.9999732215454576,0.6951801700051874,0.1640478849876672,True,passed,df4a893d5614b1c172cd0d43b4eb4486b6e5c9b59c503c0f246ad304f68428c2
length_05_s2609272301,length,5,2609272301,PATH,33,0.21877616239495523,205389,19684,9,0,18616,1059,1035,4,24,821556,0.9999707871404993,0.7183262460166588,0.1705111280316487,True,passed,be138a732b87de36b8599e2da3f972db7879d3547686529e2b30d889f4fed5ba
length_05_s2609272301,length,5,2609272301,PATH,34,0.20892961308540392,205389,20336,9,0,19227,1100,1074,4,26,821556,0.9999683527355409,0.7421213009511121,0.1740897199488245,True,passed,5b1ebe221195dc48cbda1b69cb4c04502dcf3169aee5a2dfbe80971dee1cfd9d
length_05_s2609272301,length,5,2609272301,PATH,35,0.19952623149688797,205389,21103,9,0,19941,1153,1127,4,26,821556,0.9999683527355409,0.7702136479783803,0.18218911899020895,True,passed,d68cf8446b43678b12f5c1631db0694187c4e3a5e9e7cedc3c395206e2e70a38
length_05_s2609272301,length,5,2609272301,PATH,36,0.19054607179632474,205389,21953,16,0,20734,1203,1176,4,27,821556,0.9999671355330616,0.795021677040495,0.18797480902867392,True,passed,4a9e70ae6a4e68ca1525fbd867fe67e6608b491ad45c9f1778e78fc0df127e36
length_05_s2609272301,length,5,2609272301,PATH,37,0.18197008586099836,205389,23126,20,0,21827,1279,1249,4,30,821556,0.9999634839256241,0.8322132179746404,0.19284417596645653,True,passed,b162abae81933712fb9fa64eceee3d412e2f068960994667195ef702b1c799ee
length_05_s2609272301,length,5,2609272301,PATH,38,0.17378008287493754,205389,24246,20,0,22877,1349,1315,4,34,821556,0.9999586151157073,0.8708987910067663,0.20138458599103615,True,passed,2264c761d3fc7f25cd4cbce2067859603eb5c97006df3a3390d531f617ded241
length_05_s2609272301,length,5,2609272301,PATH,39,0.16595869074375605,205389,25189,25,0,23753,1411,1373,4,38,821556,0.9999537463057905,0.9041485950001515,0.20702075300505385,True,passed,ccf52215e7215773ad8d97163939d7d584ce17e958fccc508f369cea75abb80a
length_05_s2609272301,length,5,2609272301,PATH,40,0.15848931924611134,205389,26920,39,0,25367,1514,1472,4,42,821556,0.9999488774958737,0.9688256490044296,0.2209159290068783,True,passed,173362f39b2155676e1ef155bbb504a23aa84508d102e2d6f257ac52525ca2ba
length_05_s2609272301,length,5,2609272301,PATH,41,0.15135612484362082,205389,28280,41,0,26643,1596,1550,4,46,821556,0.9999440086859569,1.0116879460401833,0.23251550999702886,True,passed,32df6d9a96dfcc313ef61b15273658350f2a8505eea04a6e38608c02da4183ca
length_05_s2609272301,length,5,2609272301,PATH,42,0.14454397707459277,205389,29297,43,0,27580,1674,1621,4,53,821556,0.9999354882686025,1.035958960012067,0.24226217198884115,True,passed,c07d81c9aee45d18b5b1193eca253f99da7bb6fa9e7acbbb4ed7665ef16fd99c
length_05_s2609272301,length,5,2609272301,PATH,43,0.1380384264602885,205389,30547,48,0,28733,1766,1708,4,58,821556,0.9999294022562065,1.0850383970537223,0.24731377803254873,True,passed,c95c0eaf2e56bd330dde5fd7c43619b8b99176d178baaf382c889aef1d82a484
length_05_s2609272301,length,5,2609272301,PATH,44,0.1318256738556407,205389,31890,68,0,29950,1872,1810,4,62,821556,0.9999245334462897,1.1250387400505133,0.2602712770458311,True,passed,907611be904a246d406399195512c3cd9a0379066612d2ab46f55ac32f54da4a
length_05_s2609272301,length,5,2609272301,PATH,45,0.12589254117941673,205389,32984,80,0,30927,1977,1906,4,71,821556,0.9999135786239769,1.1745173200033605,0.2637535000103526,True,passed,632974378213517dd0bac10588571130a6ee5dd3147799dd65a8735a3efdc096
length_05_s2609272301,length,5,2609272301,PATH,46,0.12022644346174129,205389,34304,100,0,32120,2084,2000,4,84,821556,0.9998977549917474,1.2111784260487184,0.2746410300023854,True,passed,b4e9a894190769d55e1cdd4b9ef4209ac67ae1b98015a9e47e7c0a45e50e8c0d
length_05_s2609272301,length,5,2609272301,PATH,47,0.1148153621496883,205389,35562,112,0,33267,2183,2086,4,97,821556,0.9998819313595178,1.2553640590049326,0.2795215609949082,True,passed,57f9620e4551471e08b54a29f3caa2cc527424125c0deba4355d5b4a06bf5e7c
length_05_s2609272301,length,5,2609272301,PATH,48,0.1096478196143185,205389,36740,117,0,34332,2291,2177,4,114,821556,0.9998612389173714,1.2916109539801255,0.2858700910001062,True,passed,3f9dfd522d028151802891d27d2f50a9fbde0058c9fb7705ff83d6886a34c997
length_05_s2609272301,length,5,2609272301,PATH,49,0.10471285480508996,205389,38332,143,0,35777,2412,2280,4,132,821556,0.9998393292727459,1.3464482790441252,0.297345126979053,True,passed,eaa470e89584498b725ffc66ca3ef0ba73d70259f6453bae7613aa8dd7f267d8
length_05_s2609272301,length,5,2609272301,PATH,50,0.1,205389,34235,161,0,31819,2255,2102,3,153,616167,0.9997516906942436,1.1960968230268918,0.3113065219949931,True,passed,e48d7363bebf4f55451c70b194d4087b4ff34bc80f7ae6de993beb240593bfce
length_05_s2609272301,length,5,2609272301,PATH,51,0.09549925860214359,205389,44339,176,0,41266,2897,2717,4,180,821556,0.9997809035537444,1.550854797998909,0.32305882597574964,True,passed,6916c7393c3207a16eaa96ed9a5d53c1e8ef1b9e2b22f5404b97d7bb70047f00
length_05_s2609272301,length,5,2609272301,PATH,52,0.09120108393559097,205389,46842,214,0,43520,3108,2916,4,192,821556,0.999766297123994,1.630188716982957,0.3359473379678093,True,passed,5aa5dfb5524c758ab1ef5cb29af10063c2845dbcd748d2836e6a98e2aebcea67
length_05_s2609272301,length,5,2609272301,PATH,53,0.08709635899560805,205389,49023,226,0,45462,3335,3129,4,206,821556,0.9997492562892852,1.6986808499787003,0.3486446890165098,True,passed,90b28bda3e6f00a71b75a92439fb2571a9e8287a4fcae82780a0c7a7cf0f3c50
length_05_s2609272301,length,5,2609272301,PATH,54,0.08317637711026708,205389,51013,238,0,47230,3545,3321,4,224,821556,0.9997273466446597,1.7625787760480307,0.3637935809674673,True,passed,9761dc15cf8cba2b8d547891246b6c1389e873234e9dac89e96d16d914bacd1c
length_05_s2609272301,length,5,2609272301,PATH,55,0.07943282347242814,205389,53165,262,0,49127,3776,3523,4,253,821556,0.9996920477727629,1.839525573013816,0.3795300620258786,True,passed,306a3de1f3bb31cbd3d57bdad7829fd887eb8f97f01dd19452abfcd69bac50e2
length_05_s2609272301,length,5,2609272301,PATH,56,0.07585775750291836,205389,55438,307,0,51095,4036,3763,4,273,821556,0.9996677037231789,1.933718530985061,0.3988847139989957,True,passed,f7a5359332f7bd1d0cf394d742ac0f939ef350d18ec9fd9483939779b30af2d2
length_05_s2609272301,length,5,2609272301,PATH,57,0.07244359600749903,205389,58161,316,0,53542,4303,4015,4,288,821556,0.999649445685991,2.0096795440185815,0.42012087802868336,True,passed,cebd3c204decba6835404f18f1f4754a9b3544e4870588c4d2c25f36108f31b8
length_05_s2609272301,length,5,2609272301,PATH,58,0.06918309709189366,205389,62544,352,0,57487,4705,4394,4,311,821556,0.9996214500289694,2.1567181359860115,0.4411529880017042,True,passed,f061af8f35fc911993a9f99e27819a0097f18d49406d39875ab0f0732aed25d5
length_05_s2609272301,length,5,2609272301,PATH,59,0.06606934480075961,205389,66691,366,0,61212,5113,4770,4,343,821556,0.9995824995496351,2.291436692001298,0.46594754402758554,True,passed,b543cafebea87a61665bcd154dc128e1f832666e6bb01a799d60fe0d2b76bb79
length_05_s2609272301,length,5,2609272301,PATH,60,0.06309573444801933,205389,71439,401,0,65495,5543,5161,4,382,821556,0.9995350286529464,2.443127923004795,0.49061208200873807,True,passed,5713df9f8f93f682614c279e492a7006728e6a2d6ac621ed0a7636898519b67a
length_05_s2609272301,length,5,2609272301,PATH,61,0.06025595860743578,205389,76023,455,0,69573,5995,5564,4,431,821556,0.9994753857314657,2.6083368830149993,0.5132675370550714,True,passed,db30232f5f4a9c7f0dd5f1bba06cd4b693afefb9217faa27f1dad8e64b5d9a7f
length_05_s2609272301,length,5,2609272301,PATH,62,0.057543993733715694,205389,81014,533,0,74013,6468,5988,4,480,821556,0.9994157428099849,2.758456691983156,0.5474768220447004,True,passed,d9ed3b68a4d3cec9b03d1386b8922dd48727cb68c0808b5f497661dc4cd2b56f
length_05_s2609272301,length,5,2609272301,PATH,63,0.054954087385762455,205389,86561,691,0,78913,6957,6415,4,542,821556,0.9993402762562746,2.9418995850137435,0.5757366979960352,True,passed,2bf22f1e8d6bab492437279c787c80fe97c1622197001771b9350a1bb28f2e94
length_05_s2609272301,length,5,2609272301,PATH,64,0.05248074602497726,205389,94142,1020,0,85472,7650,7028,4,622,821556,0.9992429000579388,3.1707141900551505,0.6106749589671381,True,passed,3131d265377ca9b10ecfbad8bc30caa098b1c133b394adbdcf78ac6bb3ce757c
length_05_s2609272301,length,5,2609272301,PATH,65,0.05011872336272722,205389,118824,2779,0,105535,10510,9060,3,1450,616167,0.9976467418735505,3.9203064379980788,0.6433327289996669,True,passed,19cf3b8874af63d85dc2246d558f453e32bc0b4903f436deba9c07306cef23f3
length_05_s2609272301,length,5,2609272301,PATH,66,0.047863009232263824,205389,176704,5050,0,156687,14967,13231,5,1736,1026945,0.9983095491968899,5.781654681020882,0.6632718839682639,True,passed,b0ca12bcbeb8efe0edd4283412cc0c91b0b865742c1dcf777986d96be0dfaf77
length_05_s2609272301,length,5,2609272301,PATH,67,0.04570881896148749,205389,136554,4537,0,120639,11378,10306,4,1072,821556,0.9986951589422998,4.4338727710419334,0.6926089980406687,True,passed,5dbb9727b00f17756d1267ab53e506784ce2d09bd0dd3730cf0af7c5f1a81a9d
length_05_s2609272301,length,5,2609272301,PATH,68,0.043651583224016584,205389,221477,13822,0,189234,18421,16163,5,2258,1026945,0.9978012454415767,6.946943060029298,0.7181262350059114,True,passed,0acc5a79922e0627ea49226682fe2dfee9a40451af965696be488c409793c444
length_05_s2609272301,length,5,2609272301,PATH,69,0.04168693834703355,205389,248127,22152,0,205426,20549,17922,5,2627,1026945,0.9974419272697175,7.534236726991367,0.7460329870227724,True,passed,fa574d5d4d929aa5340508945c75f9a46dd2247d122bf074b52ed98bc86bbd41
length_05_s2609272301,length,5,2609272301,PATH,70,0.039810717055349734,205389,185896,17464,0,152887,15545,13893,4,1652,821556,0.9979891815043649,5.656097125029191,0.7862602020031773,True,passed,ecbc58713726ddf619d3704caf41709797f224b4da514ca91caf0ca6c2cf0026
length_05_s2609272301,length,5,2609272301,PATH,71,0.038018939632056124,205389,329805,53075,0,249617,27113,23631,5,3482,1026945,0.996609360773946,9.2739537479938,0.8377550189616159,True,passed,4f85101474aadddc0f3f9418380d812f1ab0b45ab11a85c44feaa52750bc05b6
length_05_s2609272301,length,5,2609272301,PATH,72,0.03630780547701014,205389,229844,39187,0,171714,18943,16920,4,2023,821556,0.9975375993845824,6.416445990034845,0.9091598839731887,True,passed,efaad97cb8f54674a8adcbd16341300c0a87be0a59e3ea51d8b95ea6843b2e6a
length_05_s2609272301,length,5,2609272301,PATH,73,0.034673685045253165,205389,257886,53505,0,182950,21431,19044,4,2387,821556,0.9970945376821544,6.944522503006738,0.9883656940073706,True,passed,af7c0bcfd78289b81a0476b4ea825d958411f4651ed6da932cbd7a3a8d82b72b
length_05_s2609272301,length,5,2609272301,PATH,74,0.03311311214825911,205389,473851,135937,0,297676,40238,34673,5,5565,1026945,0.9945810145626105,11.571761238039471,1.0619528130046092,True,passed,af31bb84d937544db093b3c17b2d5bc7e5974af878c62841cb50aa58b55f8810
length_05_s2609272301,length,5,2609272301,PATH,75,0.03162277660168379,205389,309947,81975,0,200540,27432,24089,4,3343,821556,0.995930892112041,7.846934647008311,1.1308112820261158,True,passed,2829cfad61080a06a419d3da5a3269d096e40f704a0873b15f346ffb87904c37
length_05_s2609272301,length,5,2609272301,PATH,76,0.03019951720402016,205389,559764,189724,0,317058,52982,45056,5,7926,1026945,0.9922819625199013,12.929502323037013,1.2078184360289015,True,passed,d7932cad1efc4ca84f08ace44df9c1f45fabc32f7225828259be87fea6a4ac5c
length_05_s2609272301,length,5,2609272301,PATH,77,0.028840315031266057,205389,387519,112462,0,237155,37902,32943,4,4959,821556,0.9939638929056571,9.559367029985879,1.2827096520341001,True,passed,01fac60ca5bae3ff9c2808916dcdcd8a68df25cb6335d5f0caacf698b5c9cf0d
length_05_s2609272301,length,5,2609272301,PATH,78,0.02754228703338166,205389,413111,125771,0,244222,43118,37065,4,6053,821556,0.9926322733934144,10.091969311004505,1.3548957550083287,True,passed,2597951e3d3143a2477a95a32255a263ada454e9003a9f93910b0527c53cf02b
length_05_s2609272301,length,5,2609272301,PATH,79,0.026302679918953815,205389,730814,275276,0,370140,85398,70687,5,14711,1026945,0.9856749874628145,16.51914048998151,1.483648510009516,True,passed,79349b215410f7a534243a2734e9ab55efd60f3fd706416837e3b9431f6894ec
length_05_s2609272301,length,5,2609272301,PATH,80,0.025118864315095794,205389,795610,312466,0,384686,98458,80337,5,18121,1026945,0.9823544590995623,17.812773490033578,1.6178298800368793,True,passed,a265240e444429145247e0feb097df8ae85df7fd82da78bfa86df1ff5d33ca6e
length_05_s2609272301,length,5,2609272301,PATH,81,0.023988329190194897,205389,508488,170183,0,275570,62735,51630,4,11105,821556,0.9864829664685061,12.27821933204541,1.7967746669892222,True,passed,d495122ea56932664af60c4bae616eb3a8e371b7d35e1ba40cb88cfbf637245c
length_05_s2609272301,length,5,2609272301,PATH,82,0.022908676527677734,205389,891729,367931,0,400567,123231,95992,5,27239,1026945,0.9734756973353004,19.792048681993037,1.997558179020416,True,passed,e75fe8ba808d4ed5a6aab1c33c26e7584ca4acb793644d79cc15e0f7d4c80608
length_05_s2609272301,length,5,2609272301,PATH,83,0.02187761623949553,205389,665747,259015,0,322408,84324,66992,4,17332,821556,0.9789034466305401,14.980500489007682,2.195830196957104,True,passed,a582d1764eb038394de04823e3229d3a39e8a1e16c258d22bd2b3589fd38ea1b
length_05_s2609272301,length,5,2609272301,PATH,84,0.020892961308540396,205389,725321,297176,0,334068,94077,72740,4,21337,821556,0.9740285507013521,15.96253269497538,2.3941373740090057,True,passed,10cf2d54ba2c71736ad26257ead663801327e3d50d4f6b0479fa248f920d85d3
length_05_s2609272301,length,5,2609272301,PATH,85,0.0199526231496888,205389,984240,415180,0,445998,123062,95909,5,27153,1026945,0.9735594408658692,21.18354186200304,2.574895906029269,True,passed,b70fc41adb2f56998b80c937c762b2eacf17f8188eb5e1ccd6330155e570dbb8
length_05_s2609272301,length,5,2609272301,PATH,86,0.019054607179632473,205389,860520,390852,0,354410,115258,83838,4,31420,821556,0.9617554981035985,17.916072959953453,2.7764027999946848,True,passed,ee5651b4de5f7736a6d46a1664e321dc493bcc86e4018568ef1f0624d82b2cf9
length_05_s2609272301,length,5,2609272301,PATH,87,0.018197008586099836,205389,1775596,944963,8,562577,268048,187829,6,80219,1232334,0.9349048228808099,33.76639123697532,2.9988045169739053,True,passed,5d867cc53138b9bef89bc1d3a9e85d607655a680fbb083dad15bf15b86fb66dc
length_05_s2609272301,length,5,2609272301,PATH,88,0.017378008287493755,205389,1593934,892062,10,458907,242955,154164,5,88791,1026945,0.9135386997356236,29.190837273024954,3.186665100045502,True,passed,d1791eb3181f360fd3c94c15286f61f0b5de1b57403354c003d66481a0e175ed
length_05_s2609272301,length,5,2609272301,PATH,89,0.016595869074375606,205389,1797820,1062261,20,453374,282165,175776,5,106389,1026945,0.8964024363524824,31.528315539006144,3.4578578759683296,True,passed,f5b224943f5d13339402512d452d234ca477b2eb2bff3d85a787cefdc41769c2
length_05_s2609272301,length,5,2609272301,PATH,90,0.015848931924611134,205389,2272519,1368372,39,538174,365934,236921,6,129013,1232334,0.8953100377008181,39.2638776130043,3.66794456000207,True,passed,0d563dda9cbdaf63c832224913c17694567d286435d4ddedba1d6abc645ee121
length_05_s2609272301,length,5,2609272301,PATH,91,0.01513561248436208,205389,2134154,1358545,70,415766,359773,216420,5,143353,1026945,0.8604082983996222,35.204839335987344,3.903528475027997,True,passed,d93ae31a3036054a3a87df6a5b2ec67c27f955650a0403bd7db2aa2d02e7e0e0
length_05_s2609272301,length,5,2609272301,PATH,92,0.014454397707459272,205389,1744126,1017568,68,450441,276049,189069,5,86980,1026945,0.9153021826874856,30.902953839977272,4.158996094018221,True,passed,bba7da990bebeeb0f3c2fe2408f253c687c8b57938be881d7f9311b5324af4c6
length_05_s2609272301,length,5,2609272301,PATH,93,0.013803842646028845,205389,2691848,1744254,202,456216,491176,291931,6,199245,1232334,0.8383189946881284,44.85406963597052,4.358010901021771,True,passed,c276e6e653d1b6d4f5217ad8954d62a129c05ef9fa481acb07a67d4f47091756
length_05_s2609272301,length,5,2609272301,PATH,94,0.013182567385564075,205389,2849573,1874912,253,428054,546354,312697,6,233657,1232334,0.8103947468786872,47.21973121201154,4.540128740016371,True,passed,05edc02bc0ceed080e216c72bafb714ae8c489ff668943f482d98edb956caba7
length_05_s2609272301,length,5,2609272301,PATH,95,0.012589254117941675,205389,3076918,2060795,282,413021,602820,322924,6,279896,1232334,0.7728732632549293,50.2472874459927,4.726823056000285,True,passed,602608909a46744660b60ae7078b68150c7b27345bcc9afb407dcd69585cbde8
length_05_s2609272301,length,5,2609272301,PATH,96,0.012022644346174132,205389,2994576,1992540,292,412228,589516,288064,6,301452,1232334,0.7553812521605344,49.61838339298265,4.913378978031687,True,passed,1d75b51f07a1ecc54eec403dd1d405b336104b50af275cae73a950b33d03922f
length_05_s2609272301,length,5,2609272301,PATH,97,0.01148153621496883,205389,3408211,2345281,310,390255,672365,296286,6,376079,1232334,0.6948238058837946,54.3877319850144,5.094453157973476,True,passed,8d0f23bbe1c69918e9d23cd074fc0f8fed2f61d74a87ccc2205ebb688dd50b52
length_05_s2609272301,length,5,2609272301,PATH,98,0.01096478196143185,205389,3222950,2179676,296,405650,637328,254933,6,382395,1232334,0.6896985719780514,52.517707851016894,5.277753816044424,True,passed,17579f1c0ec6e525f74b8b544deb8f63187d0a9911534073640149f3632ed753
length_05_s2609272301,length,5,2609272301,PATH,99,0.010471285480508996,205389,3433041,2361139,308,389679,681915,255541,6,426374,1232334,0.6540110067562852,54.93097360100364,5.450485313020181,True,passed,893560ba2f0bcaf7e26a145e55493fc05254958552e9dd9b0721476afd6946e0
length_05_s2609272301,length,5,2609272301,PATH,100,0.01,205389,3424872,2352221,308,390928,681415,245375,6,436040,1232334,0.6461673539803332,55.12868226697901,5.6632130999933,True,passed,0cacea91095f586a294282bd0476436a079390a320b0f89a58c842df2aecfd93
length_05_s2609272302,length,5,2609272302,PATH,0,1.0,207153,0,0,0,0,0,0,0,0,0,,0.014220295997802168,0.036931136972270906,True,passed,9c09cf058b9731a5dbced00be83b937a708e7a6ffdf8c666f2eead55041b6ba5
length_05_s2609272302,length,5,2609272302,PATH,1,0.954992586021436,207153,6699,0,0,6298,401,393,4,8,828612,0.9999903453003336,0.28623730898834765,0.044888906995765865,True,passed,36502136191580d289f6ec2d907afe98aa63ec4c0c35ff7d48e06e336680e47d
length_05_s2609272302,length,5,2609272302,PATH,2,0.9120108393559098,207153,6183,0,0,5850,333,328,4,5,828612,0.9999939658127085,0.26757826399989426,0.06357474299147725,True,passed,3e7e6361feaf7d936d8a0c322ee5df9751e19a87a24e39fcb88ecc49796f1086
length_05_s2609272302,length,5,2609272302,PATH,3,0.8709635899560807,207153,7543,0,0,7116,427,422,4,5,828612,0.9999939658127085,0.3175947979907505,0.07440199499251321,True,passed,3d81ad32ae42c0065486db309c436447b96a0fe0e8295c0998f982d61d57a230
length_05_s2609272302,length,5,2609272302,PATH,4,0.831763771102671,207153,9434,0,0,8905,529,523,4,6,828612,0.9999927589752502,0.38164354098262265,0.08659039798658341,True,passed,0c62dc45b308fb5af641dc78b7d73444ce051ec6dd6e3ffe876137efb329f56a
length_05_s2609272302,length,5,2609272302,PATH,5,0.7943282347242815,207153,4736,0,0,4412,324,320,1,4,207153,0.9999806906006672,0.19079236703692004,0.09080834296764806,True,passed,6b2fc81c9946a7758a1d12e7d986a8e17e6b23fbdb709e90f43c6c46b5d29ed6
length_05_s2609272302,length,5,2609272302,PATH,6,0.7585775750291838,207153,5268,0,0,4864,404,398,1,6,207153,0.9999710359010007,0.21114334999583662,0.1054746420122683,True,passed,176e1c9b12120069779bdd514c36ba1c1129dfcb9ed0463bb3cb3702a0aabf46
length_05_s2609272302,length,5,2609272302,PATH,7,0.72443596007499,207153,17562,0,0,16187,1375,1350,4,25,828612,0.9999698290635424,0.6825810099835508,0.13188643899047747,True,passed,8ac1bfc1d5afaba92e9e69af3902bd73fc696c83cc7e0b6f7e5d05c81ec51dce
length_05_s2609272302,length,5,2609272302,PATH,8,0.6918309709189365,207153,15677,0,0,14513,1164,1153,4,11,828612,0.9999867247879587,0.6119028470129706,0.14628847601125017,True,passed,abd557bfb225e6ae5b1b8d98ada156ab9c6943adeaf7bd16848dd2653ccdc42d
length_05_s2609272302,length,5,2609272302,PATH,9,0.660693448007596,207153,20000,0,0,18393,1607,1579,4,28,828612,0.9999662085511675,0.7684050709940493,0.16661631799070165,True,passed,647b833261ced320b440e8511c364c3f7d1b0eb6816a8347a77c28debe0949bc
length_05_s2609272302,length,5,2609272302,PATH,10,0.6309573444801932,207153,17875,0,0,16562,1313,1298,4,15,828612,0.9999818974381255,0.6901939159724861,0.17419551603961736,True,passed,98035c64390ba8b36b1502a86046838774f6caeb0dfd59275db93265853a4922
length_05_s2609272302,length,5,2609272302,PATH,11,0.6025595860743578,207153,18305,0,0,16932,1373,1358,4,15,828612,0.9999818974381255,0.7085880240192637,0.17827214300632477,True,passed,277ae53f0d569c0f08b343cc85feefca3058b6208c3092dcfe203881955af855
length_05_s2609272302,length,5,2609272302,PATH,12,0.5754399373371569,207153,19169,0,0,17704,1465,1450,4,15,828612,0.9999818974381255,0.7375342999584973,0.18488372798310593,True,passed,c88780a1a16425782fa971c11280373595dda941bc2b78fce6e8fd7c9152e63f
length_05_s2609272302,length,5,2609272302,PATH,13,0.5495408738576245,207153,20114,0,0,18522,1592,1577,4,15,828612,0.9999818974381255,0.7708976260037161,0.19263640395365655,True,passed,d72b596fef8d8fbe21586d50f9f76f1de8666932097a46dfadf92f05fc68dc6f
length_05_s2609272302,length,5,2609272302,PATH,14,0.5248074602497725,207153,21143,0,0,19412,1731,1716,4,15,828612,0.9999818974381255,0.805269765027333,0.20051904598949477,True,passed,5764ca575833d5178595e93f2191b5ae4380116fb7b1fb29a368096f0751630a
length_05_s2609272302,length,5,2609272302,PATH,15,0.5011872336272722,207153,22730,0,0,20866,1864,1848,4,16,828612,0.9999806906006672,0.8617002970422618,0.21737052901880816,True,passed,2d47ecec3cab4cadfbda6436fba616a093d817785c31a4147315aecea0cdaae3
length_05_s2609272302,length,5,2609272302,PATH,16,0.4786300923226383,207153,24176,0,0,22185,1991,1975,4,16,828612,0.9999806906006672,0.9086699439794756,0.22980945301242173,True,passed,51fc06bc762dbf3e6f3de2794e45fca550a95d065f17ff26ac3ba3863148c4c6
length_05_s2609272302,length,5,2609272302,PATH,17,0.457088189614875,207153,25240,0,0,23090,2150,2134,4,16,828612,0.9999806906006672,0.949124874023255,0.238876249990426,True,passed,ada0192217852f13b7ebb64ced03e4d65b7b3528735e4f775a228ed09eaafa8e
length_05_s2609272302,length,5,2609272302,PATH,18,0.436515832240166,207153,26196,0,0,23864,2332,2314,4,18,828612,0.9999782769257506,0.9818209710065275,0.246362014033366,True,passed,ff2344807e5db0d6374beabc872cbea08b12ff81b23edbf3618455528d33f112
length_05_s2609272302,length,5,2609272302,PATH,19,0.4168693834703354,207153,28672,0,0,26044,2628,2607,4,21,828612,0.9999746564133756,1.0658267399994656,0.2647702470421791,True,passed,abb69d0060aa117be47ab05d813775389148b7defaefc112d61eda02db5483bf
length_05_s2609272302,length,5,2609272302,PATH,20,0.3981071705534972,207153,29760,0,0,26951,2809,2787,4,22,828612,0.9999734495759173,1.1171229219762608,0.27768877998460084,True,passed,ed461cd9a0d4ef30ca3bb17977cc572a0785316a3a495915ad2e39fce5049a71
length_05_s2609272302,length,5,2609272302,PATH,21,0.3801893963205612,207153,30784,0,0,27810,2974,2948,4,26,828612,0.9999686222260841,1.1554554600152187,0.2881235040258616,True,passed,08cbc444e04f98219d2b9a4dcf05f670041ee84d59483a77653048f967a5e629
length_05_s2609272302,length,5,2609272302,PATH,22,0.36307805477010135,207153,31737,0,0,28594,3143,3115,4,28,828612,0.9999662085511675,1.1815728969522752,0.2979479259811342,True,passed,3d5c70b36c0dde47cff551f19aec2cc74900e741ccc0490200248fc3cd44fbf3
length_05_s2609272302,length,5,2609272302,PATH,23,0.3467368504525316,207153,32829,0,0,29455,3374,3343,4,31,828612,0.9999625880387926,1.225565416039899,0.31109697197098285,True,passed,cb64a86604c8d07a0601ee6a4ec1d605d00b0e538fb7ea15794982523a30ada3
length_05_s2609272302,length,5,2609272302,PATH,24,0.3311311214825911,207153,35506,0,0,31528,3978,3924,4,54,828612,0.9999348307772516,1.3323116559768096,0.32400292198872194,True,passed,0478426b203a14ab359061ee3ed0c72f7dc9985aa16ce6f9834038c21bf8e3cd
length_05_s2609272302,length,5,2609272302,PATH,25,0.31622776601683794,207153,42591,0,0,38257,4334,4311,5,23,1035765,0.9999777941907672,1.573749998002313,0.3300952579593286,True,passed,6f7610d53b9dab50299f64e592bce8d462ae1bb691588b1f850930da76b0f575
length_05_s2609272302,length,5,2609272302,PATH,26,0.3019951720402016,207153,35174,0,0,31513,3661,3641,4,20,828612,0.9999758632508339,1.313511326967273,0.33973492798395455,True,passed,f18dae51e9a058964e06b55b9f21ec2ac920bba212e098a08d3111440c77e9a4
length_05_s2609272302,length,5,2609272302,PATH,27,0.28840315031266056,207153,35757,0,0,31974,3783,3763,4,20,828612,0.9999758632508339,1.3535414289799519,0.3466358369914815,True,passed,7c0fa4ed3d9fe741f44ffd3832f90b8d9394954d81b1c6952d37b04eb97328c2
length_05_s2609272302,length,5,2609272302,PATH,28,0.2754228703338166,207153,36317,0,0,32412,3905,3884,4,21,828612,0.9999746564133756,1.3399265600019135,0.3543513790355064,True,passed,80d33e88bf8e6f76e4a231e1a6b90b3dff9e7cdc3fbb598799732551da1fd2d1
length_05_s2609272302,length,5,2609272302,PATH,29,0.2630267991895382,207153,45690,0,0,40763,4927,4901,5,26,1035765,0.9999748977808672,1.6989338580169715,0.3608959590201266,True,passed,bd95a7ab469d601a690acd3a308e0d0927f40db5937ea36dec0e4af0d5ef5c0a
length_05_s2609272302,length,5,2609272302,PATH,30,0.251188643150958,207153,37287,0,0,33138,4149,4125,4,24,828612,0.9999710359010007,1.3962066079839133,0.36632834904594347,True,passed,4fc140c20a342ee86a9e429768c182ff19b21e483a2759ec5fc57c6047aada0d
length_05_s2609272302,length,5,2609272302,PATH,31,0.23988329190194904,207153,37493,0,0,33241,4252,4228,4,24,828612,0.9999710359010007,1.409755002008751,0.3700448339805007,True,passed,0206b71203ef5ab7076fe5851ba39624262c125c7313967692af26f77541e108
length_05_s2609272302,length,5,2609272302,PATH,32,0.2290867652767773,207153,37670,0,0,33290,4380,4349,4,31,828612,0.9999625880387926,1.4192760870209895,0.37119854299817234,True,passed,3ec3c1da40f0f2ae31d42bd2144ada9fb99287106fd386c0fd724e39ded1a242
length_05_s2609272302,length,5,2609272302,PATH,33,0.21877616239495523,207153,47375,0,0,41843,5532,5493,5,39,1035765,0.9999623466713009,1.7804373700055294,0.3774009949993342,True,passed,16719aab6cb81268ff2ac29dad2b52ed8716d75cfad5ea5961add9a16174676c
length_05_s2609272302,length,5,2609272302,PATH,34,0.20892961308540392,207153,38168,0,0,33548,4620,4580,4,40,828612,0.9999517265016679,1.4298927870113403,0.38115158898290247,True,passed,53924e8ae3e8807719004fc09f99b88f52b5b59929173d437a1735b9f9ad4697
length_05_s2609272302,length,5,2609272302,PATH,35,0.19952623149688797,207153,38326,0,0,33611,4715,4671,4,44,828612,0.9999468991518347,1.447971492947545,0.3812398730078712,True,passed,810f719a96208854951175bfe0c971c6d4e81e133562f32278d736d68d4f28d8
length_05_s2609272302,length,5,2609272302,PATH,36,0.19054607179632474,207153,38511,0,0,33702,4809,4761,4,48,828612,0.9999420718020015,1.4604504990275018,0.38641573197674006,True,passed,d2f20b3966af26d5b79fb80963209eb8aae33485bc530d507a88a829013e592f
length_05_s2609272302,length,5,2609272302,PATH,37,0.18197008586099836,207153,38593,0,0,33682,4911,4855,4,56,828612,0.9999324171023349,1.4579998250119388,0.3881450819899328,True,passed,5685ff6029c5987bdbd93ca95fdb04e1984007dd0557c220a3bed021819b2063
length_05_s2609272302,length,5,2609272302,PATH,38,0.17378008287493754,207153,38688,0,0,33663,5025,4959,4,66,828612,0.9999203487277519,1.4762454750016332,0.3909536129795015,True,passed,7560fb5fe8615f2a022952e3376d37038edefccc1498f3c8456da7d489a379ea
length_05_s2609272302,length,5,2609272302,PATH,39,0.16595869074375605,207153,38746,0,0,33631,5115,5035,4,80,828612,0.9999034530033357,1.4679088380071335,0.393030576989986,True,passed,418aeaa9b89c99db1d35e29eba8e2382e9464c52831e9a78e0141e0bdc29c64c
length_05_s2609272302,length,5,2609272302,PATH,40,0.15848931924611134,207153,38809,0,0,33595,5214,5120,4,94,828612,0.9998865572789194,1.4781845299876295,0.39487372199073434,True,passed,4383fa8529e49ffc2833baeec347636e42d87f52016b75f3e26c603ecb229168
length_05_s2609272302,length,5,2609272302,PATH,41,0.15135612484362082,207153,29477,0,0,25194,4283,4164,3,119,621459,0.9998085151232825,1.1403533880366012,0.3972924390109256,True,passed,dc3a0a4bd65ada19169ff875dccb32f20755f65e82975171cdc485ae3eacd3f1
length_05_s2609272302,length,5,2609272302,PATH,42,0.14454397707459277,207153,39190,0,0,33636,5554,5410,4,144,828612,0.9998262154060042,1.5042731600115076,0.4003200650331564,True,passed,1281f05764860256c494bda13fe9c550423ffb1d513e286b7b9cc9f74b52beca
length_05_s2609272302,length,5,2609272302,PATH,43,0.1380384264602885,207153,39292,0,0,33681,5611,5432,4,179,828612,0.9997839760949636,1.510361827968154,0.40236371697392315,True,passed,0306379dca07edb0221c2b8c44ed223e15312210cbfec7715f43baa27bf1eda3
length_05_s2609272302,length,5,2609272302,PATH,44,0.1318256738556407,207153,29588,0,0,25238,4350,4130,3,220,621459,0.9996459943455642,1.1456424940261059,0.40339941502315924,True,passed,5b7175328c0da924b4acc33e631feb70582706c302e4f3c41cf95e6d1f6ad047
length_05_s2609272302,length,5,2609272302,PATH,45,0.12589254117941673,207153,39448,0,0,33681,5767,5494,4,273,828612,0.9996705333738831,1.5211905700271018,0.4051976769696921,True,passed,fc6592fd6f0eb0bc494a6f1e5033a29fe744bc56ef602647fc6449c0bb8a6675
length_05_s2609272302,length,5,2609272302,PATH,46,0.12022644346174129,207153,39500,0,0,33627,5873,5533,4,340,828612,0.9995896752641767,1.5348258400335908,0.4081854529795237,True,passed,323e81fc6db67e920aca98415c35b0f90facd68071e6a2d236192f74010cf31a
length_05_s2609272302,length,5,2609272302,PATH,47,0.1148153621496883,207153,39580,0,0,33610,5970,5541,4,429,828612,0.9994822667303876,1.5290353400050662,0.4106108790147118,True,passed,115c606855cd7529bcb1036af0b7207522c6692476c0582dc051f58ff0d17fff
length_05_s2609272302,length,5,2609272302,PATH,48,0.1096478196143185,207153,39786,0,0,33736,6050,5534,4,516,828612,0.9993772718715153,1.5521375380340032,0.414355973014608,True,passed,48fc5fb884872ead7198d54f26498cc19466ef0464ca2aecb669d23f851812ae
length_05_s2609272302,length,5,2609272302,PATH,49,0.10471285480508996,207153,39974,0,0,33839,6135,5526,4,609,828612,0.999265035987893,1.5543032509740442,0.41794373700395226,True,passed,ddc633def1e2345dc6778d694a223624f36299da81e34f110c9c378905de7be5
length_05_s2609272302,length,5,2609272302,PATH,50,0.1,207153,40159,0,0,33954,6205,5496,4,709,828612,0.9991443522420627,1.566544971021358,0.4178087270120159,True,passed,27f987bb3176a45097ba21153b69d8c78a9cc75989a59989c00c908f73b5e9ed
length_05_s2609272302,length,5,2609272302,PATH,51,0.09549925860214359,207153,40269,0,0,33996,6273,5462,4,811,828612,0.9990212548213157,1.561126370972488,0.42031439702259377,True,passed,16906b58d3cec85db48d3e7f9b01ff9ce462187526471837b3fb0a63e512a103
length_05_s2609272302,length,5,2609272302,PATH,52,0.09120108393559097,207153,40632,0,0,34290,6342,5421,4,921,828612,0.9988885027009022,1.5798111809999682,0.4224506870377809,True,passed,f85017e8ecd2084f38272b7131642b731ecc3c9f2a4ee9ac6bbe9bf12c55e564
length_05_s2609272302,length,5,2609272302,PATH,53,0.08709635899560805,207153,41207,0,0,34798,6409,5375,4,1034,828612,0.9987521300681139,1.6041047379840165,0.4258011589990929,True,passed,47df433d39c8acd1fd42654959abc22d4ea9f4ab325c9b15f57502481fe5010f
length_05_s2609272302,length,5,2609272302,PATH,54,0.08317637711026708,207153,41717,0,0,35247,6470,5332,4,1138,828612,0.9986266189724503,1.6194079800043255,0.4260850239661522,True,passed,af589de3d11437abd503667a0828f501119ab8da179a8a2b7675bc36c03f04a1
length_05_s2609272302,length,5,2609272302,PATH,55,0.07943282347242814,207153,42428,0,0,35903,6525,5286,4,1239,828612,0.9985047283891616,1.642487709003035,0.42787749401759356,True,passed,9b8f71515869a0c4be5dba392f232c4fd0b2842bd6e6a978ffacacf082a9db53
length_05_s2609272302,length,5,2609272302,PATH,56,0.07585775750291836,207153,43287,0,0,36708,6579,5252,4,1327,828612,0.9983985266928309,1.6800432529998943,0.42886188003467396,True,passed,bc3094b37cd7e6d60ceb509d067a88b4ed1c501af5e3110898b8449802c7226b
length_05_s2609272302,length,5,2609272302,PATH,57,0.07244359600749903,207153,44117,1,0,37469,6647,5259,4,1388,828612,0.9983249096078743,1.7112250099889934,0.4283215109608136,True,passed,44b7e336fb1d49a97ca6b7021e332190c1a367a47adf0ba198d2cb53d09e867a
length_05_s2609272302,length,5,2609272302,PATH,58,0.06918309709189366,207153,45051,1,0,38346,6704,5253,4,1451,828612,0.9982488788480013,1.7307824040181004,0.4299072870053351,True,passed,206211f731718ba93e0b62e4f893d93e28168b3c0b505cb9dc875f6e1f0f51ef
length_05_s2609272302,length,5,2609272302,PATH,59,0.06606934480075961,207153,46583,4,0,39762,6817,5299,4,1518,828612,0.9981680207382949,1.783772733004298,0.433597716037184,True,passed,9b84a4719ea015e9981819138fbeb7fee15515ab8fbb41481c549308e01445b0
length_05_s2609272302,length,5,2609272302,PATH,60,0.06309573444801933,207153,49193,12,0,42191,6990,5371,4,1619,828612,0.9980461301550062,1.88015505700605,0.43422710202867165,True,passed,b928ab18ca7b3b5bbe4f2ce5b45d25c87b043939fafe8ede0b2dde92444896ca
length_05_s2609272302,length,5,2609272302,PATH,61,0.06025595860743578,207153,50992,22,0,43816,7154,5581,4,1573,828612,0.9981016446780882,1.9278618530370295,0.43689638702198863,True,passed,a043d929f5008c26264147b00f4ebc836d454efeaea1b0f8097337d0660e5197
length_05_s2609272302,length,5,2609272302,PATH,62,0.057543993733715694,207153,55916,37,0,48406,7473,5644,4,1829,828612,0.9977926942887624,2.0977445649914443,0.43630447098985314,True,passed,1c31611c6b0d04a13860a85f8a5ac7fae5d714ae1659c1c7ed76fa5580cf8d0a
length_05_s2609272302,length,5,2609272302,PATH,63,0.054954087385762455,207153,74500,222,0,65580,8698,5537,4,3161,828612,0.9961851867943018,2.707062239991501,0.4462567290174775,True,passed,aa6bb8bc8824acc69b1dc969a5c577bc6c6172911b844170b5bb0825c75a9e50
length_05_s2609272302,length,5,2609272302,PATH,64,0.05248074602497726,207153,82401,454,0,72620,9327,6137,4,3190,828612,0.996150188508011,2.9532600450329483,0.45700664399191737,True,passed,90ae5bc8ad0a2a8efafa041d8db70ed8dcaeecab9081e3e2ddbb87a4dd80856e
length_05_s2609272302,length,5,2609272302,PATH,65,0.05011872336272722,207153,70580,541,0,61484,8555,6834,4,1721,828612,0.9979230327342592,2.5649990240344778,0.4693005299777724,True,passed,8de9da6f72eb2d7811df23cf9d02d087ab8948446581591e9a226f4e6f61ffa7
length_05_s2609272302,length,5,2609272302,PATH,66,0.047863009232263824,207153,77217,1116,0,67005,9096,7420,4,1676,828612,0.9979773404198828,2.759101233968977,0.4821718569728546,True,passed,22ca2e7422d7126c3ba1861f32dc5b7770c5e23046a31f72a272d19b7ff508c2
length_05_s2609272302,length,5,2609272302,PATH,67,0.04570881896148749,207153,120277,4132,0,103560,12585,9343,4,3242,828612,0.9960874329601792,4.0445410319953226,0.4997251500026323,True,passed,2ac855e8a34496125121ebe9407e4182a3ff0316a6b5cb2df8d04aa4af70ad51
length_05_s2609272302,length,5,2609272302,PATH,68,0.043651583224016584,207153,137660,6876,0,116571,14213,10935,4,3278,828612,0.9960439868116803,4.538999609008897,0.5176328659872524,True,passed,9be82f50ae8f4a88ad9920e6d6e76484725a666578710f1ac3ea0683c50f4f5b
length_05_s2609272302,length,5,2609272302,PATH,69,0.04168693834703355,207153,106347,5392,0,89176,11779,10050,4,1729,828612,0.9979133780345928,3.5618799080257304,0.5371332339709625,True,passed,2e1c3b9cc329e0e99c2cb1f83f2529d8d78173e73d4df5dd5a4432858e1b705f
length_05_s2609272302,length,5,2609272302,PATH,70,0.039810717055349734,207153,202306,16765,0,164483,21058,17062,5,3996,1035765,0.9961419820132945,6.432237648987211,0.5628562810015865,True,passed,0caff2f6a5d589f99eecfb469d21d3f1f53bdf183f62d054d0234fb24740e409
length_05_s2609272302,length,5,2609272302,PATH,71,0.038018939632056124,207153,142478,12481,0,114796,15201,12955,4,2246,828612,0.9972894430686498,4.571463065978605,0.5932192669715732,True,passed,0290cba117106b8a8421eeb98ec41d09c380626a7349baeed9ac3977b314df0b
length_05_s2609272302,length,5,2609272302,PATH,72,0.03630780547701014,207153,160801,18411,0,125219,17171,14858,4,2313,828612,0.9972085849589434,4.968501164985355,0.6281984320376068,True,passed,a99519d1de17a3bfc9a2964e497f6f68f9d5514f4f35f9e28d56c3b6db445e9e
length_05_s2609272302,length,5,2609272302,PATH,73,0.034673685045253165,207153,180099,25359,0,135373,19367,16981,4,2386,828612,0.9971204858244872,5.394549059972633,0.6798956749844365,True,passed,f408ea1cd85da1a09430ebc66764e41aece0208f78ea10d2e290b84525cadcd3
length_05_s2609272302,length,5,2609272302,PATH,74,0.03311311214825911,207153,201158,33355,0,145867,21936,19432,4,2504,828612,0.9969780790044074,5.8853447559522465,0.7252135879825801,True,passed,f5ebec9e94fb0e7d7b6268eacf8ffd1fe217b5ee1a06b334094d2390fe38d2f0
length_05_s2609272302,length,5,2609272302,PATH,75,0.03162277660168379,207153,226123,42779,0,158306,25038,22328,4,2710,828612,0.9967294704879968,6.441306575026829,0.8130862560356036,True,passed,233cbb8cbae6b7336a1d3e9f54111e2fbea39823f98081b1f6c8f39c4076bc4a
length_05_s2609272302,length,5,2609272302,PATH,76,0.03019951720402016,207153,249907,52229,0,169197,28481,25493,4,2988,828612,0.9963939696745884,7.001283340970986,0.8936752600129694,True,passed,c20270d679b138828cc8ee6476fc96ff4e79c52cc4b1e1fb58d2fbb630318274
length_05_s2609272302,length,5,2609272302,PATH,77,0.028840315031266057,207153,328198,81744,0,207912,38542,33944,4,4598,828612,0.9944509613667193,8.753868200990837,0.9917211399879307,True,passed,b436b59f2ae6bec000b4cac9c41076e27db8eccbdfd43d2491e3d9b65b4aba79
length_05_s2609272302,length,5,2609272302,PATH,78,0.02754228703338166,207153,292504,70974,0,185532,35998,32165,4,3833,828612,0.9953741920223217,7.9579298319877125,1.0849967620451935,True,passed,251cbd4fa665abe75c2fc6b6c7397ec1c51bc7b99ca32cbc68536dc3fbc5cf3c
length_05_s2609272302,length,5,2609272302,PATH,79,0.026302679918953815,207153,317633,81207,0,195660,40766,36146,4,4620,828612,0.9944244109426366,8.513229732983746,1.1969215550343506,True,passed,a7141976c71b60a8be4186b4ca06d2a637860b706689a0681ed1796ecc2aef6d
length_05_s2609272302,length,5,2609272302,PATH,80,0.025118864315095794,207153,544096,164249,0,307849,71998,63055,5,8943,1035765,0.9913658020883115,13.976684991968796,1.3176166709745303,True,passed,9a438a29d064ab7a6496151d688db6972fc48a1044390915e58e048ebf540d61
length_05_s2609272302,length,5,2609272302,PATH,81,0.023988329190194897,207153,372238,102907,0,217862,51469,44328,4,7141,828612,0.9913819737102528,9.804879490984604,1.464036819001194,True,passed,bbc27de5b6bec0f3f3a5db683046f10d258270530225d9c74177ccaeca75fbb7
length_05_s2609272302,length,5,2609272302,PATH,82,0.022908676527677734,207153,424195,124851,0,239383,59961,50721,4,9240,828612,0.9888488218852732,10.99318554304773,1.6240103579475544,True,passed,8905fac5e64e808e6decda99b9b4acd863725cc9a8898f60412051f73f17cdff
length_05_s2609272302,length,5,2609272302,PATH,83,0.02187761623949553,207153,465388,145592,0,252482,67314,55754,4,11560,828612,0.9860489589820085,11.832995742035564,1.7975188660202548,True,passed,2ce5624a80145c48fd5566337905bbce03c7bd0562c7218e9a165b74f562a675
length_05_s2609272302,length,5,2609272302,PATH,84,0.020892961308540396,207153,506614,167029,0,264704,74881,60718,4,14163,828612,0.9829075610780438,12.668143600982148,1.9594621059950441,True,passed,db78f13ff75dd9715ca676ae5509d7e19d4338ec90ab835a2d1b0b79ddeb7a01
length_05_s2609272302,length,5,2609272302,PATH,85,0.0199526231496888,207153,553539,193401,0,277043,83095,65877,4,17218,828612,0.9792206726429258,13.598670871986542,2.1589369410066865,True,passed,da15cd57ccc4c361152fa4c90fdafe7985389779f445c9ceda2b6a887ed946ae
length_05_s2609272302,length,5,2609272302,PATH,86,0.019054607179632473,207153,609106,226356,0,290152,92598,71786,4,20812,828612,0.974883298817782,14.509477535961196,2.3569357620435767,True,passed,10d79e63407350883d3e69c4f6ca9a950de292e5b935e6bc2297be3923b7b877
length_05_s2609272302,length,5,2609272302,PATH,87,0.018197008586099836,207153,1049629,476935,2,395154,177538,127454,5,50084,1035765,0.9516454021906513,22.97470786998747,2.5548874380183406,True,passed,80d59b3ea99b50b34e7aa950d6c239379f98f9b45c47bc38b81ce48cbb4c021e
length_05_s2609272302,length,5,2609272302,PATH,88,0.017378008287493755,207153,724285,300366,1,311198,112720,83482,4,29238,828612,0.9647144863941145,16.388993875007145,2.784993758017663,True,passed,2191f2600925cf50583b3ed9f38c2e20e45675937e608de481d21fff1e0443a3
length_05_s2609272302,length,5,2609272302,PATH,89,0.016595869074375606,207153,1057743,474326,4,410055,173358,134717,5,38641,1035765,0.9626932750189473,23.12211626500357,2.990428944991436,True,passed,f246efe1d3e3ad00315e3968e2a8c8c89688214e1dcdda9e99e56568986550e3
length_05_s2609272302,length,5,2609272302,PATH,90,0.015848931924611134,207153,1408941,741120,22,415832,251967,168758,5,83209,1035765,0.9196642095456016,28.201591538032517,3.2019847980118357,True,passed,ef5623770ae36f6d53f26b1820a9b90fe9368950e47421364e1df0892457f6e8
length_05_s2609272302,length,5,2609272302,PATH,91,0.01513561248436208,207153,1553225,857203,38,409864,286120,189189,5,96931,1035765,0.9064160306633261,30.18058755103266,3.3743088059709407,True,passed,3c5cb37fe9b4cba963a7a4fb4240a9ac8f45954bfc0346730fb082b81a888222
length_05_s2609272302,length,5,2609272302,PATH,92,0.014454397707459272,207153,1674899,964005,73,394145,316676,205208,5,111468,1035765,0.8923809937582367,31.577765552036,3.5736358700087294,True,passed,9e03913ad8caf0c4377922eacc409250b7a13c3819ebb06b0e603083c7a397ee
length_05_s2609272302,length,5,2609272302,PATH,93,0.013803842646028845,207153,1432708,770718,58,393934,267998,198376,5,69622,1035765,0.9327820499823802,28.505728570977226,3.787742802000139,True,passed,55cfeb26095e6964925c8e08cd5a4534f2ca656696719dfffcf169dce0906ae1
length_05_s2609272302,length,5,2609272302,PATH,94,0.013182567385564075,207153,2277664,1386924,186,421288,469266,311625,6,157641,1242918,0.873168624157024,41.801714639994316,3.957722477032803,True,passed,32d240855e08a4ff0d5935ddcdb9225289ba5797b9c6bbb2c1ebfe7d2cab09c3
length_05_s2609272302,length,5,2609272302,PATH,95,0.012589254117941675,207153,2518379,1586313,260,394779,537027,345117,6,191910,1242918,0.8455972155846162,45.32661748101236,4.138819430954754,True,passed,1e15bf247d0d9151ee8c5a4215a13d1790b25fde9187082bbc1b9bf1f022ffe1
length_05_s2609272302,length,5,2609272302,PATH,96,0.012022644346174132,207153,2583995,1650855,311,366198,566631,349223,6,217408,1242918,0.8250825879100633,46.138679297000635,4.326257811975665,True,passed,1ab205e0cc433df50cde1f4fa80f3fae9ef34966d6a7be05bce0448896f728ef
length_05_s2609272302,length,5,2609272302,PATH,97,0.01148153621496883,207153,1407648,850933,172,259004,297539,179441,4,118098,828612,0.8574749098492418,26.253102067974396,4.482564600009937,True,passed,55daf42922cb7c738517d7b6ff47682eb0efb2398c85bb87d680631f7436c5e1
length_05_s2609272302,length,5,2609272302,PATH,98,0.01096478196143185,207153,2655481,1713522,354,345002,596603,313198,6,283405,1242918,0.7719841534196141,47.62082416698104,4.674365876999218,True,passed,edb55324f756cff70ab052f9f11ac90a69a3707b7a9eae1dd4584ca7bbf29872
length_05_s2609272302,length,5,2609272302,PATH,99,0.010471285480508996,207153,2300509,1517224,358,254847,528080,217289,5,310791,1035765,0.6999406235970514,40.812918377050664,4.841892971016932,True,passed,683f17b55a7478b607bc21c2b4887a978eea3a26c3f7461cd509fcf8ef867892
length_05_s2609272302,length,5,2609272302,PATH,100,0.01,207153,2791856,1815045,360,346886,629565,270144,6,359421,1242918,0.7108248492660014,50.00708318996476,5.007207801041659,True,passed,b8088e1462a53e0fe091109d5f02066c7127c768d4ea521880b7f680b9e00505
length_05_s2609272303,length,5,2609272303,PATH,0,1.0,192242,0,0,0,0,0,0,0,0,0,,0.01334647205658257,0.05737465003039688,True,passed,ffe1a58bc1becc92bb5654911c730e475ee1443f22d2465ea8bec5506092c9da
length_05_s2609272303,length,5,2609272303,PATH,1,0.954992586021436,192242,7845,0,0,7501,344,333,4,11,768968,0.9999856951134507,0.29994856903795153,0.06230993795907125,True,passed,b1c4d1aa5ad3d5864fcc907d02717a6f530eaa3d2f86ad7e9fb5f98dd46d5217
length_05_s2609272303,length,5,2609272303,PATH,2,0.9120108393559098,192242,6942,0,0,6648,294,288,4,6,768968,0.9999921973346095,0.2704201849992387,0.0671301840338856,True,passed,c184c338ee85736d029ce8e3568a4e6940c366708d57583fe644e9455cda9127
length_05_s2609272303,length,5,2609272303,PATH,3,0.8709635899560807,192242,9552,0,0,9133,419,407,5,12,961210,0.9999875157353753,0.36345543299103156,0.07330051297321916,True,passed,1854c398b7b128b0ef3a0d19dc229798b9c2eb22016f42ae4e4570909b4a1a8a
length_05_s2609272303,length,5,2609272303,PATH,4,0.831763771102671,192242,6636,0,0,6307,329,314,2,15,384484,0.9999609866730476,0.24439369898755103,0.07987745199352503,True,passed,0a04cd862b5baed19d0c3d45dbb60034720f5557b0851cd316817d8b9efb1b0b
length_05_s2609272303,length,5,2609272303,PATH,5,0.7943282347242815,192242,8686,0,0,8297,389,377,4,12,768968,0.999984394669219,0.3255447819828987,0.08247164700878784,True,passed,f69f3924a0a6b77ec8fbf741cba9961ea8cfb0272a1b1cacb8fb4ff5c5a1242d
length_05_s2609272303,length,5,2609272303,PATH,6,0.7585775750291838,192242,9426,0,0,9001,425,413,4,12,768968,0.999984394669219,0.3515624480205588,0.08693699399009347,True,passed,fd2fa139ff2ea6b67884638f0dc04a66378763fce4bbc162fbc355f6b4269bf9
length_05_s2609272303,length,5,2609272303,PATH,7,0.72443596007499,192242,10197,0,0,9736,461,449,4,12,768968,0.999984394669219,0.3736659749993123,0.09273388201836497,True,passed,80e77e5db0b1b398aa8c2a2361ec7ad466db28975f12ebdbd1c41a7552dd1265
length_05_s2609272303,length,5,2609272303,PATH,8,0.6918309709189365,192242,10919,0,0,10415,504,491,4,13,768968,0.9999830942249872,0.3988431930192746,0.09756725002080202,True,passed,3892456bae00b9b207db16cb116c4ffad2c319473c02f6bf9d91c78278ed27d8
length_05_s2609272303,length,5,2609272303,PATH,9,0.660693448007596,192242,11564,0,0,11017,547,532,4,15,768968,0.9999804933365237,0.41913717897841707,0.10178205202100798,True,passed,ec1f07fbb48239d61310697ffb3bdaa92a538d6f430aa6a690051d0249f2c3ac
length_05_s2609272303,length,5,2609272303,PATH,10,0.6309573444801932,192242,12201,0,0,11616,585,569,4,16,768968,0.999979192892292,0.4387773069902323,0.10555164597462863,True,passed,38fed8b74f51c00d0cbafc9847ff4e85061c7ad5add9656a5daf25568bb68724
length_05_s2609272303,length,5,2609272303,PATH,11,0.6025595860743578,192242,14690,0,0,13950,740,711,4,29,768968,0.9999622871172793,0.5206460979534313,0.11072203802177683,True,passed,a2170744228e0dbc4a3dc10902adedf72fc26f9c3a17dbdcafa84becac0bbae6
length_05_s2609272303,length,5,2609272303,PATH,12,0.5754399373371569,192242,15627,0,0,14882,745,726,5,19,961210,0.9999802332476774,0.5601489690016024,0.1130737240309827,True,passed,70447e0f72d51e390ad3806ba91113259eb8fd52ac4c25e82509fb046b9bec44
length_05_s2609272303,length,5,2609272303,PATH,13,0.5495408738576245,192242,10438,0,0,9926,512,498,3,14,576726,0.9999757250410073,0.3766792470123619,0.11912090500118211,True,passed,aabf6f083382db877da6219a8fe657ed7f039211ce3243c01c78269e4f9ec1d5
length_05_s2609272303,length,5,2609272303,PATH,14,0.5248074602497725,192242,14493,0,0,13773,720,703,4,17,768968,0.9999778924480602,0.5131667259847745,0.1273986860178411,True,passed,b1591180bdbff79039cef058892b08686e34f8a751a4167431981f0449fbe426
length_05_s2609272303,length,5,2609272303,PATH,15,0.5011872336272722,192242,15487,0,0,14715,772,754,4,18,768968,0.9999765920038285,0.5421452330192551,0.13645181799074635,True,passed,33f8a8748102b372870643645d2128bbaf7709df2c9fe744220dd232cbc12b30
length_05_s2609272303,length,5,2609272303,PATH,16,0.4786300923226383,192242,16665,0,0,15818,847,828,4,19,768968,0.9999752915595967,0.5857840010430664,0.14616306003881618,True,passed,7ec9c294c411b9322c239fd6bdbdd96e8ccf6cd25c3d41a25e456213c3d597bd
length_05_s2609272303,length,5,2609272303,PATH,17,0.457088189614875,192242,18840,0,0,17825,1015,982,4,33,768968,0.9999570853403522,0.6551036619930528,0.15111073502339423,True,passed,30959e264c7cfbe28456748e7d628648651bd8a0f53ab7ad88934e552faceff4
length_05_s2609272303,length,5,2609272303,PATH,18,0.436515832240166,192242,16988,0,0,16109,879,860,4,19,768968,0.9999752915595967,0.5913517869776115,0.154181741992943,True,passed,0bdec8ebf5671e7ed9cb594e30cc39e8b2910193d3cbf35508eadf089d62db5f
length_05_s2609272303,length,5,2609272303,PATH,19,0.4168693834703354,192242,21345,0,0,20239,1106,1082,5,24,961210,0.9999750314707504,0.7513740279828198,0.15584487904561684,True,passed,e8a993d4ae25ef320ebc0ab662f0d8be975a31c342e404fcb81d6c9fe89509d7
length_05_s2609272303,length,5,2609272303,PATH,20,0.3981071705534972,192242,17793,0,0,16862,931,911,4,20,768968,0.999973991115365,0.6230653619859368,0.1597559280344285,True,passed,32e8a842e8eb218fc23b2fc75c51d498b6bc0ed3450a27fa71b2588dd9e3955a
length_05_s2609272303,length,5,2609272303,PATH,21,0.3801893963205612,192242,18092,0,0,17140,952,931,4,21,768968,0.9999726906711333,0.6265639229677618,0.16145451698685065,True,passed,15ed81be2e09337fb198368a865dc267376c43b7fbad850163bb3619c1fd1c4a
length_05_s2609272303,length,5,2609272303,PATH,22,0.36307805477010135,192242,18489,0,0,17506,983,962,4,21,768968,0.9999726906711333,0.6397061559837312,0.1633774239453487,True,passed,f1c96b1a5beeec0f03adde1e87477b0defe151b6a5c4c5ef1b5ddc1243db1e6d
length_05_s2609272303,length,5,2609272303,PATH,23,0.3467368504525316,192242,18840,0,0,17827,1013,991,4,22,768968,0.9999713902269015,0.651979346992448,0.16638161794980988,True,passed,fe67a4c64dd37f04184e78cc092eee97dd8387edf16d5023f331232db4addf71
length_05_s2609272303,length,5,2609272303,PATH,24,0.3311311214825911,192242,19152,0,0,18111,1041,1019,4,22,768968,0.9999713902269015,0.6637927879928611,0.16606578597566113,True,passed,f999e46cf6b5a73cfb66fad36440c573495319ed47aa41cabb89d57862362c70
length_05_s2609272303,length,5,2609272303,PATH,25,0.31622776601683794,192242,19394,0,0,18329,1065,1041,4,24,768968,0.999968789338438,0.6731706419959664,0.16768357198452577,True,passed,fd940468326f6dc46a6de56c92a733a2aadb1f5dadd41a39a15784cb02072437
length_05_s2609272303,length,5,2609272303,PATH,26,0.3019951720402016,192242,19905,0,0,18804,1101,1076,4,25,768968,0.9999674888942063,0.684628200950101,0.1702009960426949,True,passed,17e208ff77992018a932236b2205a5e0dd34cb183019bde155d3637e530c4ece
length_05_s2609272303,length,5,2609272303,PATH,27,0.28840315031266056,192242,20237,0,0,19104,1133,1103,4,30,768968,0.9999609866730476,0.6940573190222494,0.17338781501166523,True,passed,450c7387c28ac2a3fa1c8c17ab75bc2489f61b3f890425f22ed881f2c8fd4668
length_05_s2609272303,length,5,2609272303,PATH,28,0.2754228703338166,192242,20814,1,0,19639,1174,1143,4,31,768968,0.9999596862288158,0.7123158989707008,0.17742802295833826,True,passed,a6be3c0ecd9b81a98dfea473c4097e91d7584b4f0c6a35785a8fbc550125d736
length_05_s2609272303,length,5,2609272303,PATH,29,0.2630267991895382,192242,21398,2,0,20169,1227,1191,4,36,768968,0.999953184007657,0.7356437360285781,0.18046857800800353,True,passed,d26671f6c3d473eb71025a6399d46a54bed1fc81eba8fe991402ea5c651d744f
length_05_s2609272303,length,5,2609272303,PATH,30,0.251188643150958,192242,22062,2,0,20781,1279,1241,4,38,768968,0.9999505831191935,0.7530866009765305,0.18283640901790932,True,passed,20b757d72b49b421d667cd2cb350962897e6799b1ddfe92f67683179604bd2bd
length_05_s2609272303,length,5,2609272303,PATH,31,0.23988329190194904,192242,22872,2,0,21529,1341,1299,4,42,768968,0.9999453813422665,0.7784181489842013,0.18835732399020344,True,passed,ece60285180ecaa83f79db507841c4423f04264e5a73511aa37c7ca1f49fa1d5
length_05_s2609272303,length,5,2609272303,PATH,32,0.2290867652767773,192242,23652,2,0,22238,1412,1366,4,46,768968,0.9999401795653395,0.8071773810079321,0.1952018350129947,True,passed,97d32a96a9271690837218bf9ed90d354022893705fa06df02d98171c3b522ae
length_05_s2609272303,length,5,2609272303,PATH,33,0.21877616239495523,192242,24434,3,0,22957,1474,1424,4,50,768968,0.9999349777884126,0.8351786929997616,0.20196274999761954,True,passed,67991800dfbbb3f2f3eb7758a478bf0e32b371d15bb588133dd46b43e027a29f
length_05_s2609272303,length,5,2609272303,PATH,34,0.20892961308540392,192242,25224,9,0,23670,1545,1489,4,56,768968,0.999927175123022,0.8577020859811455,0.2072610969771631,True,passed,a26fe7f71b42edb71bbd7d399d2204519594cdad8a09a00083582f203d3f5ed3
length_05_s2609272303,length,5,2609272303,PATH,35,0.19952623149688797,192242,26015,12,0,24397,1606,1545,4,61,768968,0.9999206729018633,0.8783485990134068,0.21217072498984635,True,passed,c1f3ca9483db2fcc693b9a181fd1b3c77b1a7e6d8bcf482ac54cae186a03be14
length_05_s2609272303,length,5,2609272303,PATH,36,0.19054607179632474,192242,26600,15,0,24923,1662,1596,4,66,768968,0.9999141706807045,0.9001409860211425,0.21453068603295833,True,passed,39af8f598e623cb4ea3e1850f1ee974cdc1e3b514e72bbbd05a632bc2b2902a7
length_05_s2609272303,length,5,2609272303,PATH,37,0.18197008586099836,192242,27340,18,0,25591,1731,1660,4,71,768968,0.9999076684595458,0.9259774829843082,0.21775061404332519,True,passed,41cc5d3c2c59ebf05290e3ecc85fcce5cb7dd1580018e350d7b9875a6ce6fe3e
length_05_s2609272303,length,5,2609272303,PATH,38,0.17378008287493754,192242,28850,35,0,26984,1831,1748,4,83,768968,0.9998920631287648,0.9763485199655406,0.22793574404204264,True,passed,4a878b64ef794feec1dce6dae22beaac7189d696c514044d4c8c4f1befd3ab8c
length_05_s2609272303,length,5,2609272303,PATH,39,0.16595869074375605,192242,30189,48,0,28223,1918,1829,4,89,768968,0.9998842604633743,1.018225427949801,0.2355646850191988,True,passed,fa88cc796d26376e988fc5de8ee5d7e608e9d391195f0ccc66dc91d8a01b47e0
length_05_s2609272303,length,5,2609272303,PATH,40,0.15848931924611134,192242,31774,77,0,29653,2044,1940,4,104,768968,0.999864753799898,1.0654943410190754,0.24497719202190638,True,passed,28683faef2dc12196c7b9e6643ee8380d06db32fa7a652ff92a0fc00b82ad511
length_05_s2609272303,length,5,2609272303,PATH,41,0.15135612484362082,192242,37845,152,0,35163,2530,2314,4,216,768968,0.9997191040459421,1.2563137100078166,0.25554147601360455,True,passed,01611e8f893b2c2d94cb81d50461e07008a050712e9efee643bfcff6fcb7153c
length_05_s2609272303,length,5,2609272303,PATH,42,0.14454397707459277,192242,34533,94,0,32181,2258,2129,4,129,768968,0.9998322426941043,1.1555004370165989,0.2623829639633186,True,passed,1b7ccec3bb16c819392f359b9b264e51650ebaa17fe6681ba9a06dbe50765717
length_05_s2609272303,length,5,2609272303,PATH,43,0.1380384264602885,192242,35923,104,0,33440,2379,2234,4,145,768968,0.9998114355863963,1.200195457029622,0.2694534980109893,True,passed,9ad03f7fa34b9c525f54a371213e27a4cca553a2332be0172dfb19f385818a95
length_05_s2609272303,length,5,2609272303,PATH,44,0.1318256738556407,192242,37095,133,0,34473,2489,2333,4,156,768968,0.9997971306998471,1.240703023970127,0.27668677299516276,True,passed,0a30cbe704aeba60119babc912f5fc21ef293d095af59188d0955adaa29a66ca
length_05_s2609272303,length,5,2609272303,PATH,45,0.12589254117941673,192242,38619,153,0,35852,2614,2446,4,168,768968,0.9997815253690661,1.2830783319659531,0.2880439200089313,True,passed,01cae2c270b1aaa10d1c97cc72216f2c37d7c28f5a43d1904f14b2bd64de3c5f
length_05_s2609272303,length,5,2609272303,PATH,46,0.12022644346174129,192242,39889,157,0,36980,2752,2563,4,189,768968,0.9997542160401993,1.3286696809809655,0.29415818996494636,True,passed,1422506692376b299192ae4e0e18ca157a86f99bf64b8bc38a4f923e6e3787ef
length_05_s2609272303,length,5,2609272303,PATH,47,0.1148153621496883,192242,41185,166,0,38128,2891,2684,4,207,768968,0.9997308080440278,1.372183160041459,0.3020504500018433,True,passed,f384b49ffdc20bba84c8068daca2320ab9976012e301eacf56d2ad281eece2f5
length_05_s2609272303,length,5,2609272303,PATH,48,0.1096478196143185,192242,42371,186,0,39153,3032,2802,4,230,768968,0.9997008978266976,1.4040015659993514,0.31079201598186046,True,passed,0a8cce843725f3cd8ad9e3e3c59366dae614bba2d7e4848e538f98f58a3e8005
length_05_s2609272303,length,5,2609272303,PATH,49,0.10471285480508996,192242,43919,212,0,40516,3191,2936,4,255,768968,0.9996683867209039,1.4566957600181922,0.3198473409865983,True,passed,7954d0b5eafc1cff938984f06f99bc63ecf91664d8589011f0b1cf34af1f5d65
length_05_s2609272303,length,5,2609272303,PATH,50,0.1,192242,46194,252,0,42553,3389,3111,4,278,768968,0.9996384765035736,1.5272957470151596,0.3334924259688705,True,passed,7720bf1ca7dcc7225ddaab70d42a810fdaf6f9122e521325a375d4b29a0941bc
length_05_s2609272303,length,5,2609272303,PATH,51,0.09549925860214359,192242,51944,347,0,47722,3875,3550,4,325,768968,0.9995773556246814,1.7054347929661162,0.35030240600463003,True,passed,301fb9d60b0652dbab10b52f4de30161619a15c4644a2b860f796c8045ad894a
length_05_s2609272303,length,5,2609272303,PATH,52,0.09120108393559097,192242,54252,407,0,49722,4123,3763,4,360,768968,0.9995318400765701,1.7852968339575455,0.36936401203274727,True,passed,9372adb59717cac5793dcb07707ae8ef3b4e0abab27f2914c99b61cff148012e
length_05_s2609272303,length,5,2609272303,PATH,53,0.08709635899560805,192242,56876,451,0,52047,4378,3997,4,381,768968,0.9995045307477034,1.8657862810068764,0.3828046119888313,True,passed,dcbbe399e6f08a047e7e33d6b1a2202a126ae0ea1bd6dcb94322b4de9fba1574
length_05_s2609272303,length,5,2609272303,PATH,54,0.08317637711026708,192242,58693,505,0,53602,4586,4173,4,413,768968,0.9994629165322875,1.9255899990093894,0.4002389970119111,True,passed,e738b210c15694bfb95fae1892d25892bfcc0c7fd859689c2c36d9ca4a92cc4e
length_05_s2609272303,length,5,2609272303,PATH,55,0.07943282347242814,192242,61614,552,0,56200,4862,4426,4,436,768968,0.9994330063149572,2.0119215269805863,0.421775704016909,True,passed,1cdd110a3167b1f9013a9c1b210485061291e9c1ff2cd9f4830c5b9d737c8d38
length_05_s2609272303,length,5,2609272303,PATH,56,0.07585775750291836,192242,64959,602,0,59173,5184,4728,4,456,768968,0.9994069974303222,2.114789651008323,0.44032710301689804,True,passed,c0e81759c9054c40f7bd537cd499b3bd436a0c964df8de19c39b570eb4681e1c
length_05_s2609272303,length,5,2609272303,PATH,57,0.07244359600749903,192242,69295,689,0,63005,5601,5109,4,492,768968,0.9993601814379792,2.2508550110505894,0.4632539500016719,True,passed,b5b3b5425691f7ea0f1bf997da8ef7f9d4002a9023817017211a1d368f7ade94
length_05_s2609272303,length,5,2609272303,PATH,58,0.06918309709189366,192242,73840,751,0,67054,6035,5517,4,518,768968,0.9993263698879538,2.393809830013197,0.4798579029738903,True,passed,c116652cdb33d9392121f9c950d441e7cfe5286944c3d996967ea2b8803c84e1
length_05_s2609272303,length,5,2609272303,PATH,59,0.06606934480075961,192242,79050,845,0,71704,6501,5935,4,566,768968,0.9992639485648297,2.5499539220472798,0.4980362600181252,True,passed,c9276d5698967ba58f4c4ebd8f8b28b9663402293370ad22c6c6fcb05b8816e5
length_05_s2609272303,length,5,2609272303,PATH,60,0.06309573444801933,192242,83469,990,0,75549,6930,6331,4,599,768968,0.999221033905182,2.6843091790215112,0.5149449729942717,True,passed,fa763ee9404a3aa165e58f6a169b41ef1e138dc418aca6bf53a4fb49bd650859
length_05_s2609272303,length,5,2609272303,PATH,61,0.06025595860743578,192242,89575,1316,0,80799,7460,6818,4,642,768968,0.9991651148032168,2.8614474550122395,0.5407859720289707,True,passed,f2a82b79d055dc3ad1a678edf40008d49dedbbeb2e73ea69afdce6068c2d6048
length_05_s2609272303,length,5,2609272303,PATH,62,0.057543993733715694,192242,96709,1855,0,86774,8080,7359,4,721,768968,0.9990623797089085,3.090496378019452,0.5632575490162708,True,passed,42a8537b2a61c0a13523d4a36acf3f85bfbb1efe9bfbc1bd7579500d3d0e8608
length_05_s2609272303,length,5,2609272303,PATH,63,0.054954087385762455,192242,135959,5042,0,119273,11644,10125,4,1519,768968,0.9980246252119724,4.187181290995795,0.5946567089995369,True,passed,ce39b9a83c72f39ae0303eee031c38f5935109ee1d3f66d7b21546a108f5653f
length_05_s2609272303,length,5,2609272303,PATH,64,0.05248074602497726,192242,117401,4447,0,103004,9950,9027,4,923,768968,0.9987996899740952,3.625022671010811,0.6227154909865931,True,passed,d041fc0576679a42207c78daaaf8468c8bfec26453bb62e9fae3a0782d9b102b
length_05_s2609272303,length,5,2609272303,PATH,65,0.05011872336272722,192242,129593,6927,0,111733,10933,9888,4,1045,768968,0.9986410357778217,3.923244519974105,0.6451783419470303,True,passed,22f601f0839c0c814543281b1c779c3f2c75217e6d1b76e85a7c90bc72b5c162
length_05_s2609272303,length,5,2609272303,PATH,66,0.047863009232263824,192242,229183,20666,0,189232,19285,16878,5,2407,961210,0.9974958645873431,6.635146901011467,0.6712961380253546,True,passed,91f007b9e0022ce5d966fef2cd106133d034dec6279d9a07325aae310cb3ee8e
length_05_s2609272303,length,5,2609272303,PATH,67,0.04570881896148749,192242,156766,15519,0,128106,13141,11826,4,1315,768968,0.9982899158352493,4.520972792990506,0.696028665988706,True,passed,169fada442a680900bb2b950efd9fac7c271d4b96bd72dda9a324d250b1d878e
length_05_s2609272303,length,5,2609272303,PATH,68,0.043651583224016584,192242,284213,43989,0,216463,23761,20748,5,3013,961210,0.9968654092237909,7.684864740993362,0.736034756002482,True,passed,38a24c048bcacd81e5ed44b1ff77f15f88186cbb0dd0b15a99941b9d97a6f1b3
length_05_s2609272303,length,5,2609272303,PATH,69,0.04168693834703355,192242,330105,62908,0,239365,27832,24321,5,3511,961210,0.9963473122418618,8.564375135989394,0.7867366769933142,True,passed,557be77f59ba5538eedc223604784b950e62ddf77a60d6a974517c9b9421cabb
length_05_s2609272303,length,5,2609272303,PATH,70,0.039810717055349734,192242,233728,44093,0,169629,20006,17927,4,2079,768968,0.9972963764421926,6.097329521959182,0.831186390016228,True,passed,e20a01bee557deba7f20bea242c055e77f3aa0cc7070659e205cef94be30d2cb
length_05_s2609272303,length,5,2609272303,PATH,71,0.038018939632056124,192242,263166,57807,0,182495,22864,20483,4,2381,768968,0.9969036422842042,6.649598978983704,0.901728878961876,True,passed,2403ae548a85f1fa1a3748765c4f7a9297fb2c79bb356438829246d355c97dff
length_05_s2609272303,length,5,2609272303,PATH,72,0.03630780547701014,192242,455659,137753,0,277088,40818,35741,5,5077,961210,0.9947181157083259,10.419332269986626,0.9682694090297446,True,passed,b7200b1dcb89047ce38a014de56990a46f51fe1229b90dd1f62903c5c8b6918b
length_05_s2609272303,length,5,2609272303,PATH,73,0.034673685045253165,192242,318955,85699,0,203928,29328,26151,4,3177,768968,0.9958684886757316,7.652136369957589,1.0363508319715038,True,passed,4ac4d7cae81469ec52834a16f2d31f34a9807a580932733f443396db2327c2e7
length_05_s2609272303,length,5,2609272303,PATH,74,0.03311311214825911,192242,346109,99230,0,213615,33264,29489,4,3775,768968,0.9950908230251454,8.150656731973868,1.1047720129718073,True,passed,3cfc0776ffd60c6d816df3e57b0ca77191e5e3d80523f8d10bea686d98b420ea
length_05_s2609272303,length,5,2609272303,PATH,75,0.03162277660168379,192242,383257,116322,0,228427,38508,33828,4,4680,768968,0.993913920995412,8.894781914015766,1.187959824979771,True,passed,45cce75391842a2013cac10fea169b139aa0220cb3f4bb4ebb61b7023e3c0f96
length_05_s2609272303,length,5,2609272303,PATH,76,0.03019951720402016,192242,638007,240765,0,325521,71721,60855,5,10866,961210,0.9886954983822474,13.616444740036968,1.2950676899636164,True,passed,0f7b6782ee0eeb61147e4aa971e0d14e81aa0aa9e3d29fa45258f85f03cb17d7
length_05_s2609272303,length,5,2609272303,PATH,77,0.028840315031266057,192242,448708,150354,1,248337,50016,43084,4,6932,768968,0.990985320585512,10.156199761957396,1.4085931630106643,True,passed,6a453a86feb3b2d458e3453822cafe3f94284c5d72385b6823f162110362a6aa
length_05_s2609272303,length,5,2609272303,PATH,78,0.02754228703338166,192242,484101,169500,1,257892,56708,48084,4,8624,768968,0.9887849689453917,10.74635454401141,1.5231959350057878,True,passed,0aca077c2c23d53852f0db3789f089355b09ac2016a50cda3c3ce6f560fd46e9
length_05_s2609272303,length,5,2609272303,PATH,79,0.026302679918953815,192242,522877,190599,1,268312,63965,53324,4,10641,768968,0.9861619729299529,11.461953934980556,1.6693994919769466,True,passed,adea7ad55ed7d1fd3d96dfe1e9d28c46ba95711ad19b4f5f729d63d9347ec04b
length_05_s2609272303,length,5,2609272303,PATH,80,0.025118864315095794,192242,842181,360571,2,362439,119169,93354,5,25815,961210,0.973143225725908,17.44922940095421,1.837253117992077,True,passed,16643d921880e009c68595dfffe449eaa0cea637d97e051ff818ff9eacf73a32
length_05_s2609272303,length,5,2609272303,PATH,81,0.023988329190194897,192242,605321,236996,2,288928,79395,63064,4,16331,768968,0.9787624452512979,12.984712650009897,1.9943833749857731,True,passed,2107342d138007bbccf78588609a23bc4898ce816db68859efb22fe6f7c37775
length_05_s2609272303,length,5,2609272303,PATH,82,0.022908676527677734,192242,996956,459302,4,387727,149923,110095,5,39828,961210,0.9585647257103026,19.955409074027557,2.165389316971414,True,passed,a443091e99bed37c7ebb496a94c1a2400faeeefb11325dc976c4f3bbd42d938f
length_05_s2609272303,length,5,2609272303,PATH,83,0.02187761623949553,192242,695623,292744,5,306809,96065,71489,4,24576,768968,0.9680402825605227,14.512654383957852,2.3342062479932792,True,passed,8c2bbe4c5b70ad3bf2777e79f79a65c606eec8cb8ca04520f849c6c2753b2747
length_05_s2609272303,length,5,2609272303,PATH,84,0.020892961308540396,192242,1251099,640187,14,415616,195282,134820,5,60462,961210,0.9370980326879662,23.50728841504315,2.5348353299777955,True,passed,0cf5e12bda42bb9961106cc5757541cb72054d5c8b00a96d9bd624af249b58ee
length_05_s2609272303,length,5,2609272303,PATH,85,0.0199526231496888,192242,871456,416094,7,332089,123266,86773,4,36493,768968,0.9525428886507631,16.782283358974382,2.732849685009569,True,passed,d21fcc96b341d9d8ced42d37985840a1bc07638bd8faff4a3be3d519ae49f8d3
length_05_s2609272303,length,5,2609272303,PATH,86,0.019054607179632473,192242,957320,482481,12,336238,138589,94691,4,43898,768968,0.9429130991146576,17.856144020042848,2.9080883520073257,True,passed,0f7e40a3cd22104031e2738bd5fc650032d97926b7d29ce9fe5f0db83742c26a
length_05_s2609272303,length,5,2609272303,PATH,87,0.018197008586099836,192242,1049929,557363,23,335839,156704,104344,4,52360,768968,0.9319087400255928,18.88075829099398,3.097536410030443,True,passed,dcde186866dcee06bdb60ae645226e01c1d4dacf16131810d7ec39d7a06200f6
length_05_s2609272303,length,5,2609272303,PATH,88,0.017378008287493755,192242,2108334,1263116,69,479835,365314,237185,6,128129,1153452,0.8889169206867733,35.68555437098257,3.2635696649667807,True,passed,ce60c1c1c992902bf1b13cee8847c4a4de5020066791f456c1d5a0496ee68ecb
length_05_s2609272303,length,5,2609272303,PATH,89,0.016595869074375606,192242,2212373,1341307,85,476637,394344,265629,6,128715,1153452,0.8884088804735698,37.77183820301434,3.483905765984673,True,passed,b8129a799a5d1e06507fb99543931373cd69785f5269feab0cf7c4b3913f9bef
length_05_s2609272303,length,5,2609272303,PATH,90,0.015848931924611134,192242,1661707,978126,86,395005,288490,197883,5,90607,961210,0.9057365195950937,28.391470650036354,3.667965525004547,True,passed,292a2c7ca042155f36c60851d7bf6b5a8b6e26ad9107dc1e986f3ae43fe5889f
length_05_s2609272303,length,5,2609272303,PATH,91,0.01513561248436208,192242,1739526,1043317,110,381917,314182,208188,5,105994,961210,0.8897285712799492,29.570941449026577,3.8472795150009915,True,passed,4eb374a91d4187804857d6b90013fac7214a74d257d107f10ca3fc990856f3d8
length_05_s2609272303,length,5,2609272303,PATH,92,0.014454397707459272,192242,2629345,1716840,247,375460,536798,293934,6,242864,1153452,0.789445941400249,42.7107706409879,4.047992773994338,True,passed,223d374a4b23181881597dad50d74748fb1b83048745d4665ccbba9ab39d02c6
length_05_s2609272303,length,5,2609272303,PATH,93,0.013803842646028845,192242,2604819,1699237,253,373565,531764,264133,6,267631,1153452,0.7679738732084214,42.501487925997935,4.221347654995043,True,passed,9dbb8442c1e7a2f1132375365b010c0bf6f21dce2ac49bb199dd2985b445fdef
length_05_s2609272303,length,5,2609272303,PATH,94,0.013182567385564075,192242,2646025,1731041,258,371663,543063,243734,6,299329,1153452,0.7404928857030895,43.23321102000773,4.407727679994423,True,passed,9b08feec83dc92a7825d0fe71a88c8358273f97e4122b2f64dc6a5a09e36aede
length_05_s2609272303,length,5,2609272303,PATH,95,0.012589254117941675,192242,2753064,1813599,263,367653,571549,237178,6,334371,1153452,0.7101127745237773,44.83989414398093,4.5693910859990865,True,passed,2347742d57d5b0d98b019ea3d421f2d7eca75bac303181067bdfa5373f1afcba
length_05_s2609272303,length,5,2609272303,PATH,96,0.012022644346174132,192242,2988265,2005272,278,356813,625902,247625,6,378277,1153452,0.6720479048976464,47.805287678027526,4.7680512120132335,True,passed,9c706b5e33d32ab3879ed7a6e065bcf7d62525ee91eb3638bd3262780d8e0e1d
length_05_s2609272303,length,5,2609272303,PATH,97,0.01148153621496883,192242,3338836,2318425,336,302496,717579,271752,6,445827,1153452,0.6134845663278576,51.69334475701908,4.8996223689755425,True,passed,30a7a475dd054afc169563f09d441cc006c629277008e047b94e71df419f9a68
length_05_s2609272303,length,5,2609272303,PATH,98,0.01096478196143185,192242,3233077,2217703,314,327419,687641,255326,6,432315,1153452,0.6251989679674577,50.795594959985465,5.118308509991039,True,passed,bc0b49c2dbd2018726b21a73ff2577dcaa85e021f3504a832c26e03084f48c03
length_05_s2609272303,length,5,2609272303,PATH,99,0.010471285480508996,192242,3281409,2259461,320,320011,701617,265898,6,435719,1153452,0.6222478265242073,51.27792452002177,5.289620799012482,True,passed,9c2ec5b0acb58ea6879aeb1e6dcdbc80154aa6d6e442dd996f44cd8e1322702a
length_05_s2609272303,length,5,2609272303,PATH,100,0.01,192242,3215904,2196599,307,332554,686444,266966,6,419478,1153452,0.6363281697027705,50.83937475201674,5.405991745996289,True,passed,4ef36db0effa1b722fadfcf61e60b7b569a20aba0f24060a54d4b79f925fb314
length_05_s2609272304,length,5,2609272304,PATH,0,1.0,194338,0,0,0,0,0,0,0,0,0,,0.014029499026946723,0.0564836940029636,True,passed,b148ffb7f75f420541f8cbe4e4639b6fbe45d466f61241365b2dcbfdedd4ed13
length_05_s2609272304,length,5,2609272304,PATH,1,0.954992586021436,194338,7334,0,0,6962,372,355,4,17,777352,0.9999781308853647,0.30571450100978836,0.0636100439587608,True,passed,99c240456cf7f365b7a0ed74e7b358b0b15a7eed9251a2b5fe673635499d69cb
length_05_s2609272304,length,5,2609272304,PATH,2,0.9120108393559098,194338,6341,0,0,6043,298,289,4,9,777352,0.9999884222334283,0.27023769804509357,0.06665249296929687,True,passed,0081300902c4880cab6e0bfc759414c276b8c923bcecacc498cdbecea727ffa3
length_05_s2609272304,length,5,2609272304,PATH,3,0.8709635899560807,194338,7085,0,0,6714,371,361,4,10,777352,0.9999871358149204,0.29660260799573734,0.07102772395592183,True,passed,e898bdc93580b79ebcf9559277ea9301a68d67fd9d8c4f8a26ad330ef3c5019f
length_05_s2609272304,length,5,2609272304,PATH,4,0.831763771102671,194338,8150,0,0,7699,451,441,4,10,777352,0.9999871358149204,0.33526019798591733,0.07755976798944175,True,passed,5cb55d8c80e872c474aab2bce8c712fa0b71553931944981c47e031cafda6eee
length_05_s2609272304,length,5,2609272304,PATH,5,0.7943282347242815,194338,10446,0,0,9839,607,589,4,18,777352,0.9999768444668568,0.41863390599610284,0.08751204900909215,True,passed,e084ee0245c64b0dd973f8a22f1f5ea1d03aa8a11e6f1db78c18b58ad9dfd6dd
length_05_s2609272304,length,5,2609272304,PATH,6,0.7585775750291838,194338,9464,0,0,8938,526,513,4,13,777352,0.9999832765593966,0.38241385598666966,0.09154104097979143,True,passed,73585a4a63878a036d805ce3ef85bb84d25727e8732902cbcca647f978e62314
length_05_s2609272304,length,5,2609272304,PATH,7,0.72443596007499,194338,11510,0,0,10834,676,654,4,22,777352,0.9999716987928249,0.45765669201500714,0.09594343398930505,True,passed,74e70abce9fb23b72e932a1e46d46c6315218a681a5e28ef2721afc8372cbd62
length_05_s2609272304,length,5,2609272304,PATH,8,0.6918309709189365,194338,10015,0,0,9440,575,561,4,14,777352,0.9999819901408885,0.406280766997952,0.10125017596874386,True,passed,8d0c4a1b929c4b16d46785679705a651e23acd6aa710f729f92300ff88fb388d
length_05_s2609272304,length,5,2609272304,PATH,9,0.660693448007596,194338,10579,0,0,9975,604,590,4,14,777352,0.9999819901408885,0.4223626529565081,0.10599045804701746,True,passed,7c1a065ba9aafc747c95236cee0bcd51e168834eb977e6af32e76d03bf8bb31d
length_05_s2609272304,length,5,2609272304,PATH,10,0.6309573444801932,194338,10859,0,0,10232,627,612,4,15,777352,0.9999807037223806,0.43179374001920223,0.10779639397514984,True,passed,d56504f4098ee06802818bb25b0255b99f60c2248a62a9b7828c2ba29126f655
length_05_s2609272304,length,5,2609272304,PATH,11,0.6025595860743578,194338,11521,0,0,10852,669,654,4,15,777352,0.9999807037223806,0.4553358590346761,0.11441327299689874,True,passed,4c51d8c9e48cfa89d1cd4c94dcee3be4b4d418c19de12b675c2fded15261c387
length_05_s2609272304,length,5,2609272304,PATH,12,0.5754399373371569,194338,11804,0,0,11099,705,690,4,15,777352,0.9999807037223806,0.46395001898054034,0.1163218830479309,True,passed,1413e57e65132c9201dc7d56715ea776ebd138354ca218eaf64c4d9819f81287
length_05_s2609272304,length,5,2609272304,PATH,13,0.5495408738576245,194338,12557,0,0,11786,771,756,4,15,777352,0.9999807037223806,0.4925962270353921,0.122763181978371,True,passed,bf9585099b22e6fd3a8ca5a0c7da751e1238f5c006931d9c648b62ce9ba3564b
length_05_s2609272304,length,5,2609272304,PATH,14,0.5248074602497725,194338,13613,0,0,12782,831,816,4,15,777352,0.9999807037223806,0.5299401109805331,0.13031001499621198,True,passed,df019ce901c858f6af70152eabfb2aced2166724fcbb8ee70c8677400cdc615b
length_05_s2609272304,length,5,2609272304,PATH,15,0.5011872336272722,194338,14693,0,0,13797,896,881,4,15,777352,0.9999807037223806,0.5686558060115203,0.143868534010835,True,passed,1df33b6c7bdf8520b96e4046ac6d1e34b7324c19def17f31710f5e46cdb377c5
length_05_s2609272304,length,5,2609272304,PATH,16,0.4786300923226383,194338,15568,0,0,14619,949,932,4,17,777352,0.9999781308853647,0.5950070290127769,0.15185114298947155,True,passed,dd22f718e7cacd7138bf2b63dcb392b904eb4738fd22878608adef315f6b58cf
length_05_s2609272304,length,5,2609272304,PATH,17,0.457088189614875,194338,16335,0,0,15311,1024,1005,4,19,777352,0.9999755580483487,0.6274057159898803,0.1544968739617616,True,passed,36572dcc209f4397f9dfbbdca0047e1765fb138ce6476f6b08f4f916ea860c38
length_05_s2609272304,length,5,2609272304,PATH,18,0.436515832240166,194338,14974,0,0,13966,1008,983,3,25,583014,0.999957119383068,0.5650476920418441,0.1593979349709116,True,passed,7164778fc8e3b13142b9d39fe369b76c1ffb33646b4c9bd25593d0357d1873a0
length_05_s2609272304,length,5,2609272304,PATH,19,0.4168693834703354,194338,16567,0,0,15509,1058,1040,4,18,777352,0.9999768444668568,0.6347808510181494,0.16257040202617645,True,passed,4889fd5082aa9a233fd93dc9c980d32c304dece200c4e8058170fe75a1647dd7
length_05_s2609272304,length,5,2609272304,PATH,20,0.3981071705534972,194338,16912,0,0,15814,1098,1080,4,18,777352,0.9999768444668568,0.640922449005302,0.16610075300559402,True,passed,37ded9922c15bc2d93386e6579a62a2dc1718d6c2fbe4fca42f352f906643efb
length_05_s2609272304,length,5,2609272304,PATH,21,0.3801893963205612,194338,17257,0,0,16125,1132,1113,4,19,777352,0.9999755580483487,0.6605713229510002,0.16719124797964469,True,passed,6434b10ec7c8de66f43c7ad4f29b1669c42317d97665f34d5656588d2a75e3d5
length_05_s2609272304,length,5,2609272304,PATH,22,0.36307805477010135,194338,17460,0,0,16294,1166,1147,4,19,777352,0.9999755580483487,0.6644839000073262,0.16795886203180999,True,passed,512811838966fc2e08d5fa5888066353a49b3ed8fc8b21ed43a771ee43aed789
length_05_s2609272304,length,5,2609272304,PATH,23,0.3467368504525316,194338,17826,0,0,16616,1210,1191,4,19,777352,0.9999755580483487,0.6754190390347503,0.17019996501039714,True,passed,e92ad5f95637d23279ac8ee44c2b49bcc57054d316a3ae035ab71b5359fb30a9
length_05_s2609272304,length,5,2609272304,PATH,24,0.3311311214825911,194338,18102,0,0,16866,1236,1217,4,19,777352,0.9999755580483487,0.6884496609563939,0.171159480989445,True,passed,56708d842303173fd5547c49754e90d9c65bef9d03ddfc3224bf634b6cf6c71b
length_05_s2609272304,length,5,2609272304,PATH,25,0.31622776601683794,194338,18494,0,0,17212,1282,1263,4,19,777352,0.9999755580483487,0.6981271479744464,0.17546957999002188,True,passed,c43285870d2613358f373a799427ed855148c7a3ee104a2a2a078e7e7160a7e9
length_05_s2609272304,length,5,2609272304,PATH,26,0.3019951720402016,194338,19008,0,0,17680,1328,1307,4,21,777352,0.9999729852113328,0.7216642969870009,0.1789916080306284,True,passed,dc96f57611b273c3e19c3779357f6ab55ff8249c97154fc4c5907361623345ac
length_05_s2609272304,length,5,2609272304,PATH,27,0.28840315031266056,194338,23760,0,0,22097,1663,1638,5,25,971690,0.9999742716298408,0.8989918319857679,0.18050962104462087,True,passed,0c6246b08019b91680bca316623fb2f1974dff9508bc23cdf9b0c1ece9a18b19
length_05_s2609272304,length,5,2609272304,PATH,28,0.2754228703338166,194338,20123,0,0,18701,1422,1400,4,22,777352,0.9999716987928249,0.75447180098854,0.18645188299706206,True,passed,a254f89dea8f40cc0c4aaf2322ae840e07fa062b76fa9a5b710600e1e1da8027
length_05_s2609272304,length,5,2609272304,PATH,29,0.2630267991895382,194338,25165,0,0,23384,1781,1755,5,26,971690,0.9999732424950344,0.9423498869873583,0.2128907199949026,True,passed,bc137fdcb846aaa8b1197601fb8e71f45cf3f6a21757644ad8f67a94372bbc09
length_05_s2609272304,length,5,2609272304,PATH,30,0.251188643150958,194338,21265,0,0,19747,1518,1493,4,25,777352,0.999967839537301,0.7997890019905753,0.19661312201060355,True,passed,428b8c337ab09ac9444936322bf074ebde48693b3ae7e68ec2e9a4a9f9765ce3
length_05_s2609272304,length,5,2609272304,PATH,31,0.23988329190194904,194338,26549,0,0,24627,1922,1891,5,31,971690,0.9999680968210026,0.9903484330279753,0.19792036997387186,True,passed,a2d260ebc6dcae3c35536edbac2c3081fe96358c07e355e7b5ecbf775778810c
length_05_s2609272304,length,5,2609272304,PATH,32,0.2290867652767773,194338,27603,0,0,25591,2012,1981,5,31,971690,0.9999680968210026,1.0293365379911847,0.20684270397759974,True,passed,0f12973f977a77585fd0a1613f45b04f7f2991d183d3a3265d4309e947c1c96f
length_05_s2609272304,length,5,2609272304,PATH,33,0.21877616239495523,194338,28194,0,0,26123,2071,2036,5,35,971690,0.9999639802817771,1.0497330759535544,0.2105676110368222,True,passed,6530b68c8cd83a463e0180edca3b5c8b772aea204d7970b913b6da0d38809d5d
length_05_s2609272304,length,5,2609272304,PATH,34,0.20892961308540392,194338,23548,0,0,21776,1772,1732,4,40,777352,0.9999485432596816,0.8802585629746318,0.21272254001814872,True,passed,bc45585649813db31a8d93b73395773b45e8f679ee2d1ef89fa9f92ef0d15568
length_05_s2609272304,length,5,2609272304,PATH,35,0.19952623149688797,194338,24212,0,0,22351,1861,1818,4,43,777352,0.9999446840041577,0.9032383519806899,0.22101967502385378,True,passed,607fe53b10789b0f4910a66b48b87f75871b080e696b667b59f16a7510e70120
length_05_s2609272304,length,5,2609272304,PATH,36,0.19054607179632474,194338,24979,0,0,23040,1939,1888,4,51,777352,0.9999343926560941,0.9321014750166796,0.22445162298390642,True,passed,6e3a82ba23937d95aebe0ef6e8cad9a9b0692d44d0893cb812dfca04b7cb3460
length_05_s2609272304,length,5,2609272304,PATH,37,0.18197008586099836,194338,26035,0,0,23992,2043,1985,4,58,777352,0.9999253877265383,0.9656839619856328,0.2351280539878644,True,passed,1d24f575252dcd00cc6954a2d6d5e1d08555f61a07017d4ddafa884194df78ee
length_05_s2609272304,length,5,2609272304,PATH,38,0.17378008287493754,194338,27884,0,0,25669,2215,2145,4,70,777352,0.9999099507044428,1.03453994699521,0.24169123300816864,True,passed,19579a77b0a14fefc14ac26961802f209b95ffc61549128d4896b2484eddc0b9
length_05_s2609272304,length,5,2609272304,PATH,39,0.16595869074375605,194338,29242,2,0,26920,2320,2236,4,84,777352,0.9998919408453313,1.0908802939811721,0.25707816099748015,True,passed,70a45c6b6a789650c726b784f98bdc40acfe043adf7e4e7ba402bbee1b684e7e
length_05_s2609272304,length,5,2609272304,PATH,40,0.15848931924611134,194338,30532,3,0,28082,2447,2338,4,109,777352,0.9998597803826323,1.123526191979181,0.2652346700197086,True,passed,b19e8e971a2a61cd28e9dd2d83fcb7303d1ab339df39cfa976fe7a37447361f2
length_05_s2609272304,length,5,2609272304,PATH,41,0.15135612484362082,194338,31606,5,0,29062,2539,2409,4,130,777352,0.9998327655939652,1.1675834989873692,0.27130898204632103,True,passed,6de98516b8479e050228ab863c084096482c4d5162b95bdbca45efc8e22345c2
length_05_s2609272304,length,5,2609272304,PATH,42,0.14454397707459277,194338,32363,9,0,29713,2641,2489,4,152,777352,0.99980446438679,1.1896833840291947,0.2787188289803453,True,passed,5b94788a540ce7ddaf2c28e1b8a4441af2aeaa90c85673ca1f9c7adebcace954
length_05_s2609272304,length,5,2609272304,PATH,43,0.1380384264602885,194338,33419,9,0,30645,2765,2583,4,182,777352,0.9997658718315512,1.2258646339760162,0.28363002301193774,True,passed,ecf5352e2b3842d0d285eb17a11f4fbba9d65db5492eaeb4a66a10ba7b4eda8c
length_05_s2609272304,length,5,2609272304,PATH,44,0.1318256738556407,194338,34053,9,0,31172,2872,2669,4,203,777352,0.999738857042884,1.2486882099765353,0.28670479700667784,True,passed,bdd290f846ec1d3b8354ab6aef3200b8da7271a7df841bc1c6add3ba1dd55c06
length_05_s2609272304,length,5,2609272304,PATH,45,0.12589254117941673,194338,34926,9,0,31937,2980,2754,4,226,777352,0.999709269417201,1.2883206859696656,0.2947006899630651,True,passed,09cc0861763edaf7f2683a41fec33509426b72626a51a6ac63848f02b661cd0d
length_05_s2609272304,length,5,2609272304,PATH,46,0.12022644346174129,194338,35466,9,0,32360,3097,2851,4,246,777352,0.9996835410470417,1.304406215029303,0.3000703669968061,True,passed,a77df6ed248855ad279b75275cbc9a1d4abefce11ebd67d4bcf6643bdabd0701
length_05_s2609272304,length,5,2609272304,PATH,47,0.1148153621496883,194338,36448,11,0,33206,3231,2957,4,274,777352,0.9996475213288188,1.3457157430239022,0.3076468429644592,True,passed,72994f99d5186438aafe7c9596b1a9469b156662991098d002ed936468b0f7c2
length_05_s2609272304,length,5,2609272304,PATH,48,0.1096478196143185,194338,45328,11,0,41276,4041,3742,5,299,971690,0.9996922886928958,1.6723200819687918,0.3132239020196721,True,passed,fcab48b3e0b5793bf67b340c7cefd4a0fd3d3b2160c19d0f483821c9af59f631
length_05_s2609272304,length,5,2609272304,PATH,49,0.10471285480508996,194338,38596,11,0,35032,3553,3236,4,317,777352,0.9995922053329765,1.4250394930131733,0.3206896200426854,True,passed,75a360f9cb6f54e7b6557e8ddc6e2d64c74c10956992ab004dfa58e236f93d3d
length_05_s2609272304,length,5,2609272304,PATH,50,0.1,194338,40943,11,0,37141,3791,3452,4,339,777352,0.9995639041258014,1.507816219003871,0.3351140759768896,True,passed,8df4e41c87f4abca61f8994b9c860c24bc5845e2182db204ba654f23d0c6cc9a
length_05_s2609272304,length,5,2609272304,PATH,51,0.09549925860214359,194338,43199,11,0,39132,4056,3695,4,361,777352,0.9995356029186263,1.5808308069827035,0.35250733798602596,True,passed,fc88e0911de31993665ba1e8ecb5817f24344ef57b59e92182a2c421a6c5de53
length_05_s2609272304,length,5,2609272304,PATH,52,0.09120108393559097,194338,46223,11,0,41854,4358,3969,4,389,777352,0.9994995832004034,1.678859626990743,0.3713491809903644,True,passed,30967e69cbbed10336b365e62d52aaaf20e17ecb0f08afabf4eff2253d25f07d
length_05_s2609272304,length,5,2609272304,PATH,53,0.08709635899560805,194338,48716,13,0,44088,4615,4207,4,408,777352,0.9994751412487521,1.7636202129651792,0.3941125870333053,True,passed,098bab352b790c5f3c77ca9d380a219670c79d00b6c6b71f6199ecdca05cb7ca
length_05_s2609272304,length,5,2609272304,PATH,54,0.08317637711026708,194338,52942,24,0,47719,5199,4643,4,556,777352,0.9992847513095741,1.9325873809866607,0.40932759502902627,True,passed,28bb33205641b6e53a0c56bfe3ebfe88360087534312d4f9b4ac790363587b46
length_05_s2609272304,length,5,2609272304,PATH,55,0.07943282347242814,194338,53952,26,0,48636,5290,4790,4,500,777352,0.9993567907460198,1.9501697520026937,0.4311943060019985,True,passed,9dafbbf86c449b621ba102ea4acd94beaa1c8f0b8ce08c0a46a882c147a392b0
length_05_s2609272304,length,5,2609272304,PATH,56,0.07585775750291836,194338,56531,33,0,50905,5593,5047,4,546,777352,0.9992976154946537,2.0402377439895645,0.44179688103031367,True,passed,c892a47a8456576606239d9ab5035c88268989257bf77d5b7a425e5bf5feb1f7
length_05_s2609272304,length,5,2609272304,PATH,57,0.07244359600749903,194338,70803,72,0,63450,7281,6203,4,1078,777352,0.9986132408484187,2.562536559998989,0.4576741130440496,True,passed,992c8e8e7249a0fa55151221286aa7015728752492493765c8106e73a33e601f
length_05_s2609272304,length,5,2609272304,PATH,58,0.06918309709189366,194338,64572,72,0,58028,6472,5823,4,649,777352,0.9991651143883338,2.30970292998245,0.469436276005581,True,passed,2539719cba9881355d847fbc805ad3cb2b71a90903b55bbbab3473757e104ed9
length_05_s2609272304,length,5,2609272304,PATH,59,0.06606934480075961,194338,78658,150,0,70473,8035,6974,4,1061,777352,0.998635109963054,2.813138864992652,0.48272751801414415,True,passed,0dea2a9bfbed637bd8bf2cb2ebb73adc9401b6243d9d1146f9a27c455f935966
length_05_s2609272304,length,5,2609272304,PATH,60,0.06309573444801933,194338,79895,232,0,71621,8042,7054,4,988,777352,0.9987290185141352,2.848979934002273,0.5092961379559711,True,passed,6e927c8b00bc4b6c9b8c8fca25c0714e8f208f68b1c497bd7b39e0bbde2e3e75
length_05_s2609272304,length,5,2609272304,PATH,61,0.06025595860743578,194338,102667,870,0,91687,10110,8566,4,1544,777352,0.9980137698237093,3.5693643869599327,0.5302829690044746,True,passed,41a2854f7e71407f959871461a7d28730c919c2b3fad5eb1197ad489796f2279
length_05_s2609272304,length,5,2609272304,PATH,62,0.057543993733715694,194338,93697,790,0,83533,9374,8221,4,1153,777352,0.9985167594603217,3.262671059987042,0.5516295920242555,True,passed,d4c1cef7a5822c6efb74f84ccecffcab399d6b2a8a3abe1259678b6522e0524d
length_05_s2609272304,length,5,2609272304,PATH,63,0.054954087385762455,194338,129135,3095,0,113717,12323,10432,4,1891,777352,0.997567382601447,4.340173070027959,0.5830642210203223,True,passed,e6baf39c2c2f95b28d2e2ab9398f78bfb31294c2bd48114b2e558e7db8b4ad19
length_05_s2609272304,length,5,2609272304,PATH,64,0.05248074602497726,194338,167271,5495,0,145855,15921,13726,5,2195,971690,0.9977410491000216,5.5698756769998,0.6058928780257702,True,passed,75371583cce36cba58c7829e727a0b26bbbf3dd7a9a70bf502000a2dc89ac634
length_05_s2609272304,length,5,2609272304,PATH,65,0.05011872336272722,194338,127259,5060,0,110033,12166,10763,4,1403,777352,0.9981951548333317,4.234002016019076,0.6366229000268504,True,passed,edb23c7f4487d62455fa0863aa665a2824403c95ccf623020718b648a4d5aa19
length_05_s2609272304,length,5,2609272304,PATH,66,0.047863009232263824,194338,223405,15817,0,187097,20491,17698,5,2793,971690,0.9971256264858134,7.050971727003343,0.6711211450165138,True,passed,b463c5fc5e239e89b7d78980a666dd678b2a586f4b0d026c1e8c12863afc5e03
length_05_s2609272304,length,5,2609272304,PATH,67,0.04570881896148749,194338,163989,12677,0,136103,15209,13518,4,1691,777352,0.997824666303039,5.202738901018165,0.7132067260099575,True,passed,bd207b0b202face361bc8abd21f60e141c6a9d45a5dbf914e8712cb8815e0ad6
length_05_s2609272304,length,5,2609272304,PATH,68,0.043651583224016584,194338,182908,18980,0,146961,16967,15134,4,1833,777352,0.9976419948749087,5.615777506027371,0.7543712720507756,True,passed,45956b0ea0e53d624ac6439d7f4a3e338213256fabed15458f790793f4980406
length_05_s2609272304,length,5,2609272304,PATH,69,0.04168693834703355,194338,238306,33207,0,183538,21561,19090,4,2471,777352,0.99682125986683,7.04708681703778,0.7945182680268772,True,passed,a0237afed38d46bc72de5b8db834426944094920ba57a4bb4f25b97b598413a2
length_05_s2609272304,length,5,2609272304,PATH,70,0.039810717055349734,194338,231511,38066,0,171910,21535,19302,4,2233,777352,0.9971274274717246,6.64761201501824,0.8556289639673196,True,passed,810c8fb20f7c3fb6a921c5999663b14c8e6628a53f44992549cc47addb54fb50
length_05_s2609272304,length,5,2609272304,PATH,71,0.038018939632056124,194338,259683,50200,0,185141,24342,21848,4,2494,777352,0.9967916722411468,7.212518823042046,0.9167972069699317,True,passed,52d8329f6b55f592d2ce0ca6873b0da37a2b2c2d794b3fcf7a1d1392bbf71da8
length_05_s2609272304,length,5,2609272304,PATH,72,0.03630780547701014,194338,289334,63340,0,198290,27704,24877,4,2827,777352,0.996363294877996,7.856039599049836,1.0060193300014362,True,passed,626a78cf4e033509f88c7b3c684515ab42bb241c6c17f29c708fe0a85dcb22f9
length_05_s2609272304,length,5,2609272304,PATH,73,0.034673685045253165,194338,505166,147500,0,307356,50310,44140,5,6170,971690,0.9936502382447077,12.56082300900016,1.085201082052663,True,passed,49d39c3b34205db369ad4a3caa2c0c979f35cf379f47fb23ef9eccd9e9a57611
length_05_s2609272304,length,5,2609272304,PATH,74,0.03311311214825911,194338,365219,94542,0,233648,37029,32988,4,4041,777352,0.9948015828093322,9.453063894994557,1.1814898800221272,True,passed,4ed1a64d35d5612785d4aa3f128fea14023f11807cf035444d70fe6c93abd61d
length_05_s2609272304,length,5,2609272304,PATH,75,0.03162277660168379,194338,397252,109163,0,246005,42084,37278,4,4806,777352,0.9938174726507425,10.170030659006443,1.290241152048111,True,passed,25cccc4d4d44ed2c714540027610d4eb7f176949396ff2aed56786ee79ff9b0f
length_05_s2609272304,length,5,2609272304,PATH,76,0.03019951720402016,194338,427753,123098,0,256925,47730,41913,4,5817,777352,0.9925169035391946,10.844524263986386,1.4289398670080118,True,passed,9f7483340191f99418dedd0c4973cb5d8277da8b2c027cabe0b0771de80c741f
length_05_s2609272304,length,5,2609272304,PATH,77,0.028840315031266057,194338,458557,137460,0,267080,54017,46858,4,7159,777352,0.9907905299015118,11.4978719909559,1.560847069020383,True,passed,e590758935450e9ab3ca21d1490d98c6032032bbd52435810a761d4183af64bd
length_05_s2609272304,length,5,2609272304,PATH,78,0.02754228703338166,194338,752068,274817,0,376583,100668,83587,5,17081,971690,0.9824213483724233,17.81426877900958,1.7181663130177185,True,passed,986320d8b08fa39660484139b9e651638f810065b35a48a05959a4565511cc49
length_05_s2609272304,length,5,2609272304,PATH,79,0.026302679918953815,194338,545096,182283,0,292828,69985,58842,4,11143,777352,0.9856654385657977,13.223892459005583,1.8822309860261157,True,passed,ec5460f4bbea7c6040457cdf0f1acdab5e10d223e2d4aeec8f11bf48cb586774
length_05_s2609272304,length,5,2609272304,PATH,80,0.025118864315095794,194338,590895,208380,0,303908,78607,64780,4,13827,777352,0.9822126912904321,14.144419089017902,2.061453900008928,True,passed,b7ed458db937221aba685fbcb14fbf6bb8d49a1a6e9622aaf4de7f3d9045e2c0
length_05_s2609272304,length,5,2609272304,PATH,81,0.023988329190194897,194338,648159,241828,0,318184,88147,71067,4,17080,777352,0.9780279718840371,15.16844218998449,2.251200137019623,True,passed,28210474ac34705432febf02adad2f708d6c2c298b8c7a59a27ffefe439bb79a
length_05_s2609272304,length,5,2609272304,PATH,82,0.022908676527677734,194338,708760,281328,2,328996,98434,77397,4,21037,777352,0.972937613848038,16.09422500996152,2.474686021974776,True,passed,e0e3b02a567559c83f3855a71c07ac2ab3caa355783367ec19d6f574c8415119
length_05_s2609272304,length,5,2609272304,PATH,83,0.02187761623949553,194338,779629,330346,2,339415,109866,84206,4,25660,777352,0.9669905010857373,17.140837994986214,2.684624193003401,True,passed,0d1c5b596803493bda431fdddc281eee3b298807f440762a8d9d966e050eab36
length_05_s2609272304,length,5,2609272304,PATH,84,0.020892961308540396,194338,1276689,639831,6,439177,197675,137492,5,60183,971690,0.9380635799483374,25.72521223401418,2.913047968992032,True,passed,d1ac98aa67a69db01430365d9523922a2a16796a399de04ad7bf7297ef87bca6
length_05_s2609272304,length,5,2609272304,PATH,85,0.0199526231496888,194338,1232242,593199,4,458523,180516,140170,5,40346,971690,0.9584785271022651,25.23736652295338,3.152363856032025,True,passed,b60c14c2e4a62747c36fd11673843393056f5542b1ff98527a4f987f9cb5fcbd
length_05_s2609272304,length,5,2609272304,PATH,86,0.019054607179632473,194338,1608223,912525,14,443724,251960,166133,5,85827,971690,0.9116724469738291,29.319295677007176,3.3545880310120992,True,passed,1b2be956aca597731c86ac4131cb992520f3270a9f508af1208ea8ff0ccac4e6
length_05_s2609272304,length,5,2609272304,PATH,87,0.018197008586099836,194338,1883715,1032512,16,549277,301910,223693,6,78217,1166028,0.9329201357085765,36.17015276500024,3.557182141987141,True,passed,0c9340db61ee9a163efbc35af1a8042753b6ef90d9758539866bdf643b9ef5df
length_05_s2609272304,length,5,2609272304,PATH,88,0.017378008287493755,194338,2244579,1361724,54,514203,368598,247870,6,120728,1166028,0.8964621775806413,38.79628003598191,3.795272159972228,True,passed,76c4a4c0eedc73abff698488e2ef40a8023fd75b8b0f47bc1e62cf2c85319207
length_05_s2609272304,length,5,2609272304,PATH,89,0.016595869074375606,194338,2400384,1507145,110,492636,400493,262063,6,138430,1166028,0.8812807239620318,40.2055795910419,3.9849428060115315,True,passed,5f1319f98ec9dbce9920b228c1c1d286eef5a33564fcbae54512cc9691234ce2
length_05_s2609272304,length,5,2609272304,PATH,90,0.015848931924611134,194338,2634745,1711064,144,457990,465547,300400,6,165147,1166028,0.8583678951105805,43.32381348096533,4.182101636950392,True,passed,9941c6919c3b9ed3b4c8e6d1653ba5ae4f73c4bd9543bfbb441300b843f496a7
length_05_s2609272304,length,5,2609272304,PATH,91,0.01513561248436208,194338,2677831,1759896,211,442905,474819,296785,6,178034,1166028,0.8473158449025238,43.507493532961234,4.413113701972179,True,passed,591c52dc31477011d2764a8436063f9a8e02851115cb01747b78daa037c5a956
length_05_s2609272304,length,5,2609272304,PATH,92,0.014454397707459272,194338,2961178,2000038,258,410107,550775,332012,6,218763,1166028,0.8123861519620454,47.01532905804925,4.607718741986901,True,passed,8af09f0661a21b4f02f932472c5a287484ac9d19ebf0b579ae5a3a6e787e4977
length_05_s2609272304,length,5,2609272304,PATH,93,0.013803842646028845,194338,3093574,2115693,274,394947,582660,330922,6,251738,1166028,0.7841063850953837,48.8754523100215,4.7978254269692115,True,passed,99604a8fc25760a9e0ec1735888e07560179922fc72f67a82ac3803c31515309
length_05_s2609272304,length,5,2609272304,PATH,94,0.013182567385564075,194338,3056932,2082098,279,394750,579805,308981,6,270824,1166028,0.7677379960000961,48.826208953978494,4.98368347104406,True,passed,7e51b09daaf6a609ef37ee31e4dbe4c66da6712825677a6c1a03a8428a80e67e
length_05_s2609272304,length,5,2609272304,PATH,95,0.012589254117941675,194338,3087568,2106811,282,392827,587648,290861,6,296787,1166028,0.7454718068519796,49.12007073900895,5.161079463956412,True,passed,1033d91efdb21c724515b7a66ea5d9eeb1e2d10ba42407665f0b6d500f83c376
length_05_s2609272304,length,5,2609272304,PATH,96,0.012022644346174132,194338,3299696,2288615,286,380927,629868,293132,6,336736,1166028,0.7112110515356407,51.544552476960234,5.357888061029371,True,passed,df0d50cf6b05298a595442955a2d50625bc69131e0f587017a564f6f176ce01e
length_05_s2609272304,length,5,2609272304,PATH,97,0.01148153621496883,194338,3565685,2528715,312,356119,680539,293021,6,387518,1166028,0.667659781754812,54.17324053600896,5.5327457539970055,True,passed,fe0c5f7fb9f393feff488abbfa96bacbc1804337077bd792c4b4d505de804c2c
length_05_s2609272304,length,5,2609272304,PATH,98,0.01096478196143185,194338,3523338,2485705,302,362475,674856,277687,6,397169,1166028,0.659382965074595,54.12041395000415,5.714112148969434,True,passed,9a6e6dd4371f6ec9be5f2cbadf44bdc9de11a9c85ed8d6c72e4bcc97f5bda780
length_05_s2609272304,length,5,2609272304,PATH,99,0.010471285480508996,194338,3907428,2848201,386,304543,754298,301224,6,453074,1166028,0.6114381472829126,57.48552562802797,5.85022422199836,True,passed,4f6178df1c4f0e7fafd9fd86065005e844d431d049ca1cb56d69d4e63e896a7c
length_05_s2609272304,length,5,2609272304,PATH,100,0.01,194338,3865468,2805071,370,314542,745485,296940,6,448545,1166028,0.6153222735646142,57.22264080698369,5.9966820400441065,True,passed,c4d6fc7f89300375c7d2b680e72fd75877a7d5ead7e612fa375bf748e824e142
length_05_s2609272305,length,5,2609272305,PATH,0,1.0,207822,0,0,0,0,0,0,0,0,0,,0.014170794049277902,0.07216169900493696,True,passed,9b0d306f0a9cd4a8a65b129976fe4437c8732cfc397bf8e507f7f33bf5c19e45
length_05_s2609272305,length,5,2609272305,PATH,1,0.954992586021436,207822,15779,0,0,15332,447,435,4,12,831288,0.9999855645696798,0.5805357820354402,0.08695408998755738,True,passed,a32b9640c7dab00508da9d2fd9fc7f0fda098f57647a45dc50dea3b1e50b5fe9
length_05_s2609272305,length,5,2609272305,PATH,2,0.9120108393559098,207822,12732,0,0,12378,354,346,4,8,831288,0.9999903763797865,0.4800387310096994,0.09994497295701876,True,passed,52200e5ebc1109d8960783edc7b47d1a928fb6cdfb2489f05c710c7abd6e032c
length_05_s2609272305,length,5,2609272305,PATH,3,0.8709635899560807,207822,15476,0,0,15041,435,427,4,8,831288,0.9999903763797865,0.5716665019863285,0.11931030900450423,True,passed,b029267131cabf514703fdef1de07d3b1b5cf424d4fae2cb466f59d456a7eb45
length_05_s2609272305,length,5,2609272305,PATH,4,0.831763771102671,207822,8520,0,0,8260,260,254,1,6,207822,0.9999711291393596,0.3055715360096656,0.1445997259579599,True,passed,b89ca248952254a9842cf5dc71f99fd86751a354320aba1f80b41224a24c7a59
length_05_s2609272305,length,5,2609272305,PATH,5,0.7943282347242815,207822,10598,0,0,10266,332,326,1,6,207822,0.9999711291393596,0.3713376090163365,0.16718549298821017,True,passed,56dbdb7dd448f7b0e879174f5704a4cfd1d985c89d8a66b70ce607877b485bdd
length_05_s2609272305,length,5,2609272305,PATH,6,0.7585775750291838,207822,12390,0,0,11991,399,392,1,7,207822,0.9999663173292529,0.4290022939676419,0.19867777096806094,True,passed,9cded7fe1028fe07750fcbb97459cd8de2d789e49a60e033d6877f3f94b7a82e
length_05_s2609272305,length,5,2609272305,PATH,7,0.72443596007499,207822,32106,0,0,31080,1026,1008,3,18,623466,0.9999711291393596,1.0908400479820557,0.22124730900395662,True,passed,a4efc6a5bd12d7dd87275dd20783bf407d5579385bae3637856ab2d7f50b5d8a
length_05_s2609272305,length,5,2609272305,PATH,8,0.6918309709189365,207822,33221,0,0,32197,1024,1013,4,11,831288,0.9999867675222065,1.1490497100166976,0.24820999096846208,True,passed,30870d317135b4244d5dd34433d1f36b0e92a80420399a6c7f513355d6e08b72
length_05_s2609272305,length,5,2609272305,PATH,9,0.660693448007596,207822,37464,0,0,36282,1182,1167,4,15,831288,0.9999819557120998,1.2884239699924365,0.2854921270045452,True,passed,6e6b75db1b7d551fd8c2ea1dc8d3e389566d0f59998129d243664aea46a01943
length_05_s2609272305,length,5,2609272305,PATH,10,0.6309573444801932,207822,47460,0,0,45879,1581,1547,4,34,831288,0.9999590996140928,1.6132552479975857,0.3233359350124374,True,passed,90a7968ac04ee8182a6675faf599a8dedfa33823955a0316ef45a7bbf9b15fcd
length_05_s2609272305,length,5,2609272305,PATH,11,0.6025595860743578,207822,42280,0,0,40917,1363,1345,4,18,831288,0.9999783468545197,1.4422136070206761,0.3405088129802607,True,passed,d1e47b552aeb3f895f6b744bce7a4d7b0f5564a1337af6558f6cf14b0dc39f91
length_05_s2609272305,length,5,2609272305,PATH,12,0.5754399373371569,207822,44997,0,0,43524,1473,1455,4,18,831288,0.9999783468545197,1.531669418036472,0.3630128770018928,True,passed,84deec1296c45df857fea40e650d5273ab19ff77859df087114cba6537897656
length_05_s2609272305,length,5,2609272305,PATH,13,0.5495408738576245,207822,47682,0,0,46107,1575,1557,4,18,831288,0.9999783468545197,1.6180513640283607,0.3896961400168948,True,passed,df011123fce43ee770e7f2e7c815bd3242bfbf813a7b1a188b9314af6b3a8b9e
length_05_s2609272305,length,5,2609272305,PATH,14,0.5248074602497725,207822,50756,0,0,49051,1705,1686,4,19,831288,0.9999771439019931,1.717960515001323,0.41248560999520123,True,passed,6aa9d5dc2f5212d85f7e280f4d1428e8937f723019f0921defb981962828d6ca
length_05_s2609272305,length,5,2609272305,PATH,15,0.5011872336272722,207822,54013,0,0,52161,1852,1832,4,20,831288,0.9999759409494664,1.818044415966142,0.43457834399305284,True,passed,7615a39581473734eae718c076611bbb7ac47b4a956cb33fdd9c1fef95ba46c8
length_05_s2609272305,length,5,2609272305,PATH,16,0.4786300923226383,207822,61253,1,0,59038,2214,2184,4,30,831288,0.9999639114241996,2.0470726729836315,0.4544727409956977,True,passed,e760fb11a1c527241dd99809cbb34a4779a5eb171396252b303209b9ad3e9d59
length_05_s2609272305,length,5,2609272305,PATH,17,0.457088189614875,207822,55568,0,0,53671,1897,1879,4,18,831288,0.9999783468545197,1.8566686830017716,0.46393427200382575,True,passed,b876a0b6b329f9f9c3c4958bd4d14068ad8bb6208aa0d5dd2216dd954f020ab2
length_05_s2609272305,length,5,2609272305,PATH,18,0.436515832240166,207822,56848,0,0,54885,1963,1945,4,18,831288,0.9999783468545197,1.899803985026665,0.4759782340261154,True,passed,3fb21e52e3b93271c2cb33ec77541513274907ee3dc2c82a68dedc14143f3400
length_05_s2609272305,length,5,2609272305,PATH,19,0.4168693834703354,207822,58154,0,0,56122,2032,2014,4,18,831288,0.9999783468545197,1.9510749140172265,0.48498297401238233,True,passed,30fc7248903dc2786ff30ed6d489852210d36423db9bc9ecfc949c9e90a8c5b9
length_05_s2609272305,length,5,2609272305,PATH,20,0.3981071705534972,207822,45507,0,0,43881,1626,1612,3,14,623466,0.9999775448861686,1.5274770010146312,0.49265422602184117,True,passed,6a6a7a810fbfe27f774f23fd2040681d8af51580cbc9c5fe80fb4da1bb4ac5f8
length_05_s2609272305,length,5,2609272305,PATH,21,0.3801893963205612,207822,60424,1,0,58265,2158,2140,4,18,831288,0.9999783468545197,2.021810200996697,0.4985306049929932,True,passed,37a8798b65e9d2fea66272e055cace3f9e236717a37cdfaf485aca46525a5499
length_05_s2609272305,length,5,2609272305,PATH,22,0.36307805477010135,207822,61716,1,0,59478,2237,2219,4,18,831288,0.9999783468545197,2.0688593589584343,0.5033100919681601,True,passed,7dcc064fe06d0c45d9d0d9f3c725c14fd8002cc1c6c2c8ced71466e5f2a80fc7
length_05_s2609272305,length,5,2609272305,PATH,23,0.3467368504525316,207822,63358,1,0,61026,2331,2313,4,18,831288,0.9999783468545197,2.1141556929796934,0.5137974889948964,True,passed,8d661d1179de80dc699a237da1c69453d33d6306be745f9de5ad152f758cce97
length_05_s2609272305,length,5,2609272305,PATH,24,0.3311311214825911,207822,65583,1,0,63139,2443,2424,4,19,831288,0.9999771439019931,2.1848051529959776,0.5524585709790699,True,passed,ffaaf74fa0cea7cc5064fb6fce808e56e9422508ba00085823aad775d04d43da
length_05_s2609272305,length,5,2609272305,PATH,25,0.31622776601683794,207822,67382,1,0,64837,2544,2523,4,21,831288,0.9999747379969397,2.2434094029595144,0.5415646110195667,True,passed,aa41b319248716c18b2d11c8e5aeb69868f05448efb502efc9aaf81c6ca5a500
length_05_s2609272305,length,5,2609272305,PATH,26,0.3019951720402016,207822,69203,1,0,66559,2643,2622,4,21,831288,0.9999747379969397,2.293751218006946,0.5520740119973198,True,passed,805847e745a0df5048c9aef989802881f101f75a1c381028d312330ab88add97
length_05_s2609272305,length,5,2609272305,PATH,27,0.28840315031266056,207822,71360,1,0,68605,2754,2732,4,22,831288,0.999973535044413,2.3684608510229737,0.5637331739999354,True,passed,a3ac81adf1ee5f1f799308255808ea222d925ba1d0080825f6c25fd5ce61fe28
length_05_s2609272305,length,5,2609272305,PATH,28,0.2754228703338166,207822,72912,1,0,70052,2859,2837,4,22,831288,0.999973535044413,2.40523818298243,0.5773735120310448,True,passed,d239b05da38d49e377a9f540fe9d52862898c4209eaba1bcc58784e5e852cb6d
length_05_s2609272305,length,5,2609272305,PATH,29,0.2630267991895382,207822,74684,2,0,71725,2957,2934,4,23,831288,0.9999723320918863,2.480155430966988,0.5905932590248995,True,passed,e45b2d4eb8f20bdaf362992358260a967624438d70fcae83fe30c797eec09e66
length_05_s2609272305,length,5,2609272305,PATH,30,0.251188643150958,207822,76327,2,0,73252,3073,3047,4,26,831288,0.9999687232343063,2.5314851730363443,0.6036075650481507,True,passed,1ff00d601283f2f5331c36afdcdbec54c2fbb750ee7b96b168da58137aee3b54
length_05_s2609272305,length,5,2609272305,PATH,31,0.23988329190194904,207822,78095,4,0,74916,3175,3147,4,28,831288,0.9999663173292529,2.5679218859877437,0.6178646120242774,True,passed,7ff21b4deae316561b5efe5f9a10c5eb2699c695479bcc28d708e5c545edd47e
length_05_s2609272305,length,5,2609272305,PATH,32,0.2290867652767773,207822,79683,4,0,76384,3295,3264,4,31,831288,0.9999627084716729,2.6402456180076115,0.633399130019825,True,passed,9fed518a9a9407d825c22c5a8f8a78dc230ed0f8de6cd1c8d64860a1e2ac9c6a
length_05_s2609272305,length,5,2609272305,PATH,33,0.21877616239495523,207822,81861,4,0,78435,3422,3387,4,35,831288,0.9999578966615662,2.7077884349855594,0.6508696730015799,True,passed,637b9c49a0dffe28a6b673275ca6fc20f92c964040243a935d177d76817d22e9
length_05_s2609272305,length,5,2609272305,PATH,34,0.20892961308540392,207822,83642,4,0,80077,3561,3519,4,42,831288,0.9999494759938794,2.769736429967452,0.6651595089933835,True,passed,0924849bcb4bcf4fdf2e0eecb92e753dd010fd233409dbf4c0f3f51df0ec1254
length_05_s2609272305,length,5,2609272305,PATH,35,0.19952623149688797,207822,85899,4,0,82188,3707,3659,4,48,831288,0.9999422582787193,2.8262035960215144,0.698681291018147,True,passed,446edcdc4c55eafbee406889704b714fe0fdf3ae1bc18bf8e690a278cec3ed62
length_05_s2609272305,length,5,2609272305,PATH,36,0.19054607179632474,207822,87559,4,0,83706,3849,3796,4,53,831288,0.9999362435160859,2.904950457974337,0.716828231990803,True,passed,53c4fe73455243cfb7f1c65da0422bb71eb2c5523f52fa9c51ac72ac00dfcc07
length_05_s2609272305,length,5,2609272305,PATH,37,0.18197008586099836,207822,88978,4,0,85013,3961,3893,4,68,831288,0.9999181992281857,2.9329859279678203,0.7341329000191763,True,passed,289a1eaba02a4bc3c71f70111ae38dd18aa534f07fbf232b0bdc17bf786240ce
length_05_s2609272305,length,5,2609272305,PATH,38,0.17378008287493754,207822,90243,4,0,86154,4085,4008,4,77,831288,0.9999073726554455,3.006098515004851,0.7486645640456118,True,passed,758b2f01573421b9fe0e26af18469917fd9e615484ab2fb0a489eaf2700b0552
length_05_s2609272305,length,5,2609272305,PATH,39,0.16595869074375605,207822,91538,4,0,87314,4220,4122,4,98,831288,0.9998821106523852,3.0256667460198514,0.7608358830329962,True,passed,57d08622491f2280b11f388a7c25928f5c21b9ca9d87a8e4c595584c29504b4b
length_05_s2609272305,length,5,2609272305,PATH,40,0.15848931924611134,207822,92693,4,0,88337,4352,4231,4,121,831288,0.9998544427442715,3.067497910000384,0.7736451409873553,True,passed,ff3d8ae88d51bb6b19942af607d944a71619c3407a4f650728eeca359c91bf08
length_05_s2609272305,length,5,2609272305,PATH,41,0.15135612484362082,207822,93893,4,0,89406,4483,4334,4,149,831288,0.9998207600735245,3.1146844449685887,0.7890157589572482,True,passed,0743a621adca90a05411d4307af7111509efad1df81832fe863b352646ba6198
length_05_s2609272305,length,5,2609272305,PATH,42,0.14454397707459277,207822,94601,4,0,90006,4591,4408,4,183,831288,0.9997798596876173,3.1444186639855616,0.798913992010057,True,passed,99f43f4a417594d1bfc3d65984155bc64e343b0a7c69887b4304e1f5146d4e75
length_05_s2609272305,length,5,2609272305,PATH,43,0.1380384264602885,207822,95620,4,0,90911,4705,4488,4,217,831288,0.9997389593017101,3.1625120490207337,0.8118571160011925,True,passed,c1e51b54ab341923a9261f2f68299945e4bbf2fe9f1147f60489e9da1df61db7
length_05_s2609272305,length,5,2609272305,PATH,44,0.1318256738556407,207822,96358,4,0,91541,4813,4533,4,280,831288,0.9996631732925292,3.2058394419727847,0.823655674001202,True,passed,8bddd05a0ede4f929cfc154785a38c09567ecff5e80e93f9d356bc67e1fa66b7
length_05_s2609272305,length,5,2609272305,PATH,45,0.12589254117941673,207822,96963,4,0,92035,4924,4579,4,345,831288,0.9995849813782949,3.219963703013491,0.8262824129778892,True,passed,a20d4491397159c6b23f00bcb1d85c651474017a412aba51512afd8f36627c9e
length_05_s2609272305,length,5,2609272305,PATH,46,0.12022644346174129,207822,97920,4,0,92853,5063,4643,4,420,831288,0.9994947599387938,3.250677507952787,0.8332410290022381,True,passed,aef5974714c275c4525de3da75a3694abaa184f22f7b058d8023d91821bbebec
length_05_s2609272305,length,5,2609272305,PATH,47,0.1148153621496883,207822,98819,4,0,93623,5192,4696,4,496,831288,0.999403335546766,3.301650110981427,0.834478908975143,True,passed,bb4e0ec81ea62d5ec21e7a0a29f99c3bc14602db1540c71a510b3a68cdfebcb4
length_05_s2609272305,length,5,2609272305,PATH,48,0.1096478196143185,207822,99283,4,0,93920,5359,4780,4,579,831288,0.9993034904870515,3.3307191579951905,0.8381621690350585,True,passed,70e7fe58390e0f879a4fb72034ae98cbb22265a11bed943778b24772cf9ff36a
length_05_s2609272305,length,5,2609272305,PATH,49,0.10471285480508996,207822,99904,4,0,94415,5485,4821,4,664,831288,0.9992012395222835,3.3379407770116813,0.8399748090305366,True,passed,6d97d659db8f726d251da349cdabd96a572ca06ea91d8b3fc96cdac629c84b8b
length_05_s2609272305,length,5,2609272305,PATH,50,0.1,207822,100412,4,0,94782,5626,4862,4,764,831288,0.9990809442696154,3.3615254479809664,0.8411104409606196,True,passed,0ef857be5ef05af1d583a0ae671f8d86fe220f7dc3c6be5f0134ddfa6e273234
length_05_s2609272305,length,5,2609272305,PATH,51,0.09549925860214359,207822,101169,4,0,95373,5792,4915,4,877,831288,0.9989450106341003,3.4015325600048527,0.850979641021695,True,passed,15b2e81a056566be91dc8f8a18172834c660afaf3ba2918998920d23805cd948
length_05_s2609272305,length,5,2609272305,PATH,52,0.09120108393559097,207822,102526,4,0,96558,5964,4962,4,1002,831288,0.9987946415682651,3.454714594001416,0.8516441149986349,True,passed,f6770a42cde5da5e229b2e8e6a0c4e07cd510d391400018f83452e1ecfe34764
length_05_s2609272305,length,5,2609272305,PATH,53,0.08709635899560805,207822,109373,4,0,102826,6543,4303,4,2240,831288,0.9973053863402335,3.689415910979733,0.8532566840294749,True,passed,94eb4f6d429824bf256762cdff0861676767a890a2883dd594554f25c82aa412
length_05_s2609272305,length,5,2609272305,PATH,54,0.08317637711026708,207822,105397,7,0,98945,6445,5214,4,1231,831288,0.9985191654396551,3.550149259972386,0.8549399779876694,True,passed,472bdfc7bc997e725af241f3fd13ffbd78ee72716f3395f665fa7be3d04f6f04
length_05_s2609272305,length,5,2609272305,PATH,55,0.07943282347242814,207822,108323,11,0,101680,6632,5300,4,1332,831288,0.9983976672344602,3.6280111499945633,0.858531492005568,True,passed,62593265eb27091fa04963e8dc99210132280e01367f2da896060d707a4b3e70
length_05_s2609272305,length,5,2609272305,PATH,56,0.07585775750291836,207822,112616,22,0,105719,6875,5449,4,1426,831288,0.9982845896969522,3.7721152000012808,0.863773675984703,True,passed,a7cfd061552dcdbeabb6781fdaed50134b22c492a020bfd5b0756bbc2c634b2d
length_05_s2609272305,length,5,2609272305,PATH,57,0.07244359600749903,207822,118034,67,0,110810,7157,5668,4,1489,831288,0.9982088036877713,3.947745247045532,0.8741123040090315,True,passed,76e4953e22ca3bac933f239e76c75c00e9c8c8e123461cc4d2f8a335ab380796
length_05_s2609272305,length,5,2609272305,PATH,58,0.06918309709189366,207822,125118,199,0,117434,7485,5937,4,1548,831288,0.998137829488697,4.149478347972035,0.8897313569905236,True,passed,f1bdda69e362c887d08ef215fb69c2fb9479296507c213c41e4ae2a8bc6e90c1
length_05_s2609272305,length,5,2609272305,PATH,59,0.06606934480075961,207822,133173,460,0,124846,7867,6283,4,1584,831288,0.9980945231977365,4.402584005030803,0.9093106879736297,True,passed,187daab08f2dc73ab1b9999dd7fb31af7d477e871b788619409e16d70a276c2d
length_05_s2609272305,length,5,2609272305,PATH,60,0.06309573444801933,207822,143305,948,0,134038,8319,6695,4,1624,831288,0.9980464050966693,4.701501259987708,0.9231304639833979,True,passed,3c477c95fbadaac942c9957c6fe2490ab451bb9ae011c89528c8e77b43abcb2e
length_05_s2609272305,length,5,2609272305,PATH,61,0.06025595860743578,207822,154100,1998,0,143238,8864,7217,4,1647,831288,0.9980187371885556,5.0004521230002865,0.9441900770179927,True,passed,44fd8464b1cded8f58287a76c52caf31734b4dd3133d50b118620d8f8cd7ad05
length_05_s2609272305,length,5,2609272305,PATH,62,0.057543993733715694,207822,164463,3330,0,151722,9411,7745,4,1666,831288,0.9979958810905486,5.281027427001391,0.9715279679512605,True,passed,7d36214d0dd8dc5575fc769c86bd55e44e22abf23168920545d217088565e7c2
length_05_s2609272305,length,5,2609272305,PATH,63,0.054954087385762455,207822,181016,6709,0,164019,10288,8604,4,1684,831288,0.9979742279450684,5.692807896994054,0.9944928929908201,True,passed,4f09e4cbc94fc20f3e11e55b3013f4cfb976910c6eac1151724bc1f9a89eac4f
length_05_s2609272305,length,5,2609272305,PATH,64,0.05248074602497726,207822,311427,22611,0,271579,17237,13810,5,3427,1039110,0.99670198535285,9.356745413970202,1.0116235399618745,True,passed,1e0f5a36a6867e6a43f8ee08a1f9d040e205765267f848e39632029529c49d3a
length_05_s2609272305,length,5,2609272305,PATH,65,0.05011872336272722,207822,228887,18346,0,197751,12790,10870,4,1920,831288,0.9976903311487716,6.849211920984089,1.0450449180207215,True,passed,8776e107099938fcffa12791e60040dec2dbebcf1f9ee1d2e552dc2f0fb72da8
length_05_s2609272305,length,5,2609272305,PATH,66,0.047863009232263824,207822,254303,27042,0,213002,14259,12272,4,1987,831288,0.9976097333294839,7.373093599977437,1.0685927289887331,True,passed,557bc5e0e81ecae1dd39271864f6328894d110038d8f3a381e17b8a3bb6d2957
length_05_s2609272305,length,5,2609272305,PATH,67,0.04570881896148749,207822,284170,39385,0,228759,16026,13966,4,2060,831288,0.9975219177950362,7.960377841023728,1.1178835569880903,True,passed,722a728874442e698bd277988b96dd920fffb0577a8e21a69d36f21de649f43d
length_05_s2609272305,length,5,2609272305,PATH,68,0.043651583224016584,207822,316493,53991,0,244452,18050,15884,4,2166,831288,0.9973944048272079,8.520941582042724,1.1819248900283128,True,passed,5fcd93220bef29bb0409ec2f8546f37c86f07b924c0f925edaf7be1cf6307b33
length_05_s2609272305,length,5,2609272305,PATH,69,0.04168693834703355,207822,586023,145159,0,406519,34345,29649,5,4696,1039110,0.995480747947763,14.399155228049494,1.2777205370366573,True,passed,e1ef7b8accf2eebd3c72af1ad911bfcf64ea177e6a685a6015bc897e8725af91
length_05_s2609272305,length,5,2609272305,PATH,70,0.039810717055349734,207822,393147,93434,0,276367,23346,20877,4,2469,831288,0.9970299102116235,9.814341547957156,1.3888303290004842,True,passed,a545a9f135744db6f4bccd7dca128e7240f364f644a15558cf6aba60923da31d
length_05_s2609272305,length,5,2609272305,PATH,71,0.038018939632056124,207822,735014,229305,0,459756,45953,40023,5,5930,1039110,0.994293193213423,16.660373323014937,1.5388791589648463,True,passed,e59e936dfa36f90e358d8bce0fd2ef7c898341e45f3e93b8a0095223959ca4ef
length_05_s2609272305,length,5,2609272305,PATH,72,0.03630780547701014,207822,782771,268723,0,462959,51089,44717,5,6372,1039110,0.9938678291999885,17.184690169990063,1.666565018997062,True,passed,53c741ea4995af3d2efbaa9bb7784c89c7ac1f67a86bf20b2b2cab3ff811a188
length_05_s2609272305,length,5,2609272305,PATH,73,0.034673685045253165,207822,591923,183062,0,370659,38202,33247,4,4955,831288,0.9940393702302932,13.562893478025217,1.817836354020983,True,passed,1c30f9f0c2019b04cdfb6a259ff5fd1f6321569ec5b1804e8d8c55bb041a34d7
length_05_s2609272305,length,5,2609272305,PATH,74,0.03311311214825911,207822,946507,360293,0,518365,67849,58033,5,9816,1039110,0.9905534543984756,19.833953293971717,1.985563080990687,True,passed,7e28e44dfdd34950d6ceddf62ebb74b2ec7bed5aec85a6dccb45f1b098cd8911
length_05_s2609272305,length,5,2609272305,PATH,75,0.03162277660168379,207822,614142,203116,0,367192,43834,37960,4,5874,831288,0.992933856858273,13.792736334027722,2.148935269971844,True,passed,c786a92a181904e6ba10fdec13ca46d2fed8f3fd3cf485210be006f4aa21dd08
length_05_s2609272305,length,5,2609272305,PATH,76,0.03019951720402016,207822,663042,229274,0,384395,49373,42030,4,7343,831288,0.9911667195965779,14.657249765994493,2.3509534320328385,True,passed,f48a6e407b41ce9da49455e3d3f8f4be334828a8cb7be803ea790e910e9fc323
length_05_s2609272305,length,5,2609272305,PATH,77,0.028840315031266057,207822,778253,293164,0,425555,59534,49728,4,9806,831288,0.9882038475233613,16.450361704977695,2.556379518005997,True,passed,5b8f8c1238b1357c557dbf17c9e362b9ff3ff7ad032f29b791ab639bd79fa44f
length_05_s2609272305,length,5,2609272305,PATH,78,0.02754228703338166,207822,1269359,578666,0,581503,109190,86826,5,22364,1039110,0.9784777357546361,24.24435666296631,2.8336622909992,True,passed,c63315470a2fdca4940e75eff6165f6f7f66908a5097fc1800008964c1b02b79
length_05_s2609272305,length,5,2609272305,PATH,79,0.026302679918953815,207822,1435161,701982,0,605406,127773,99644,5,28129,1039110,0.9729297187015812,26.2679322839831,3.1076846590149216,True,passed,214e0f71091446973a81937acc5f6d8e1d6265fb48516abcbf01e0c4730aed9a
length_05_s2609272305,length,5,2609272305,PATH,80,0.025118864315095794,207822,1365902,622492,0,632131,111279,91300,5,19979,1039110,0.9807729691755445,25.89064356900053,3.3870861689792946,True,passed,d568740b9583cb7ecc9cffc920456acb00bbab226e9addfb58357f892a9318d9
length_05_s2609272305,length,5,2609272305,PATH,81,0.023988329190194897,207822,1459563,692409,0,643973,123181,99762,5,23419,1039110,0.977462443822117,26.912343250995036,3.70433968299767,True,passed,aba474a06628f7e883eef23ff9e9b08031c745008d28089e76d3a2c7f730ddd6
length_05_s2609272305,length,5,2609272305,PATH,82,0.022908676527677734,207822,1771093,968685,0,628722,173686,125343,5,48343,1039110,0.9534765328021095,29.776404453034047,3.9893531720153987,True,passed,d96a8b8bc81df414d6191a42a36db7f7a5bd0b10fd47bdf77e9595e0cf136437
length_05_s2609272305,length,5,2609272305,PATH,83,0.02187761623949553,207822,1939900,1111473,0,633090,195337,137998,5,57339,1039110,0.9448191240580882,31.292987735010684,4.257410025980789,True,passed,1437b6f92ffe9e6905ff1b2d80cad2b000ed883b0e152e474411a7e7c31e116b
length_05_s2609272305,length,5,2609272305,PATH,84,0.020892961308540396,207822,1804296,975279,3,660873,168141,131085,5,37056,1039110,0.9643387129370327,30.278184911992867,4.5052287870203145,True,passed,8430bb8d1ffa0a82e80ed585ad71c1f571ef8a7777bd7891aca945e5a86911d7
length_05_s2609272305,length,5,2609272305,PATH,85,0.0199526231496888,207822,1955026,1110640,5,653863,190518,144432,5,46086,1039110,0.9556485838842856,31.530318654025905,4.740530690003652,True,passed,1e65515b088694780bffe51b42698d69eabb3833016a196ee30b51c61c797e11
length_05_s2609272305,length,5,2609272305,PATH,86,0.019054607179632473,207822,2131437,1265119,13,652125,214180,162321,5,51859,1039110,0.9500928679350598,32.985494086984545,5.001977546024136,True,passed,69b5876b2d7c8fbbdf8c03cce329dd45e53a8cbe927be17c75220e52d080f345
length_05_s2609272305,length,5,2609272305,PATH,87,0.018197008586099836,207822,3275495,2186727,38,720040,368690,252604,6,116086,1246932,0.9069027019917686,45.03390178200789,5.224668486975133,True,passed,f7f83bb65c15c9a1c5ea0095ae86f4c56559593b9158cbc719192fb9589587dc
length_05_s2609272305,length,5,2609272305,PATH,88,0.017378008287493755,207822,3495786,2396826,78,691840,407042,272946,6,134096,1246932,0.8924592519880795,46.36641400796361,5.482275372953154,True,passed,ebfdd99b3f048a3214a573658a8fded9cd37bcaf875192ab710b1a952e8d3f8c
length_05_s2609272305,length,5,2609272305,PATH,89,0.016595869074375606,207822,3805503,2688598,118,650000,466787,306886,6,159901,1246932,0.8717644586874024,49.089888154005166,5.658844168996438,True,passed,8ba04cd68d91055bb96a1689cf4e6e1d3cb305a388dd8442bcbb5375b2e0a528
length_05_s2609272305,length,5,2609272305,PATH,90,0.015848931924611134,207822,2831558,1911018,80,584597,335863,236141,5,99722,1039110,0.904031334507415,38.74636846600333,5.842296791961417,True,passed,4a70d890d6c24e16c758a2ef8af0d1df6870c4c97aed118ea4929358167aad8c
length_05_s2609272305,length,5,2609272305,PATH,91,0.01513561248436208,207822,3098351,2160681,105,553840,383725,258636,5,125089,1039110,0.8796190971119515,40.893701321969274,6.055654634023085,True,passed,24986c2a82dd66b2f417bec9625ea1860e5752ed0b630c98c8a5bce933fa277e
length_05_s2609272305,length,5,2609272305,PATH,92,0.014454397707459272,207822,4319314,3176727,240,559374,582973,329819,6,253154,1246932,0.7969785040403166,53.634545091947075,6.196836012008134,True,passed,f5c64dd19263d4792c134318e045451e7199a0d5006a55d063cf95934618beb1
length_05_s2609272305,length,5,2609272305,PATH,93,0.013803842646028845,207822,4586122,3427498,244,531561,626819,329701,6,297118,1246932,0.7617207674516333,55.65038418403128,6.357702690002043,True,passed,a321d046bbf5e203b71eeb549da473328a03e92061404f50b7ab10e1ee70513f
length_05_s2609272305,length,5,2609272305,PATH,94,0.013182567385564075,207822,4673272,3509495,246,522471,641060,308993,6,332067,1246932,0.7336927755483058,56.31210889999056,6.572733698005322,True,passed,2c02055d68f5624cf3b96e45f59b00ea2d406357d2d0e597dbc0c863ca458c7e
length_05_s2609272305,length,5,2609272305,PATH,95,0.012589254117941675,207822,4532908,3374093,242,537109,621464,269157,6,352307,1246932,0.7174609361216169,55.530553223972674,6.648056427948177,True,passed,77ede77edbff2c1053ca17729537e9072cecdb598bd98ecf1ecaddc36f09e592
length_05_s2609272305,length,5,2609272305,PATH,96,0.012022644346174132,207822,4816147,3642525,252,508718,664652,270620,6,394032,1246932,0.6839988066710936,57.473020594974514,6.8490192359895445,True,passed,5097d97739ff7230273988c938044e8e62ed9e89772b234eea008d3e50e22270
length_05_s2609272305,length,5,2609272305,PATH,97,0.01148153621496883,207822,5388450,4199290,304,430009,758847,302370,6,456477,1246932,0.6339198929853432,61.47330769599648,6.985805839998648,True,passed,dc170a5c6fc2c06f461c69f3dc250c84220dc02d1c2504f6f9fdfcb7d223053f
length_05_s2609272305,length,5,2609272305,PATH,98,0.01096478196143185,207822,4992587,3810075,256,490370,691886,259000,6,432886,1246932,0.6528391283566386,59.041080984985456,7.138447679986712,True,passed,35e129cbf2cce8967afbbb2efb8754fbebadeb07754627f706e1cdaadba10ddd
length_05_s2609272305,length,5,2609272305,PATH,99,0.010471285480508996,207822,5463690,4268083,308,423093,772206,302144,6,470062,1246932,0.6230251529353645,61.865191471995786,7.29702495096717,True,passed,2c1f0536acc56251a78f821c4c9365c5d7935756099bdd86729d62d9b6263a5c
length_05_s2609272305,length,5,2609272305,PATH,100,0.01,207822,5735048,4534612,352,372826,827258,334418,6,492840,1246932,0.6047579178335306,63.87357921298826,7.399418415967375,True,passed,917e070d8cb634e27599b6c92947d370a56d210a810473d703ec5a8a894292d8
length_06_s2609272301,length,6,2609272301,PATH,0,1.0,1183303,0,0,0,0,0,0,0,0,0,,0.014609442965593189,0.07541102799586952,True,passed,6894dcd2bd7a2da0ef5ccc9419f86d4764d64798755a2cc6e4403c7d4a94d85e
length_06_s2609272301,length,6,2609272301,PATH,1,0.954992586021436,1183303,19077,0,0,18241,836,819,4,17,4733212,0.9999964083586368,0.6943860040046275,0.09284368599765003,True,passed,db930b78742bdb2d8d022cbc38db3566f34ff339995355a7cddfcbfd64378186
length_06_s2609272301,length,6,2609272301,PATH,2,0.9120108393559098,1183303,14479,0,0,13898,581,572,4,9,4733212,0.9999980985428077,0.5402067770482972,0.10521478700684384,True,passed,0a4e5e7116a304adb3cb82b8887e67528e99c5634274109a92da2a61f7df4e57
length_06_s2609272301,length,6,2609272301,PATH,3,0.8709635899560807,1183303,17562,0,0,16819,743,734,4,9,4733212,0.9999980985428077,0.6421591069665737,0.12749113497557119,True,passed,e3b811b96b06548cbd92dcb5e84e3175eb1a1bd5d29d029767a32926b3110eeb
length_06_s2609272301,length,6,2609272301,PATH,4,0.831763771102671,1183303,22121,0,0,21147,974,964,4,10,4733212,0.9999978872697863,0.7942784419865347,0.15656143601518124,True,passed,8ba7ca347db7a146f96c542e3f3662e1648874bfe318ba7bb0944482ac2cc937
length_06_s2609272301,length,6,2609272301,PATH,5,0.7943282347242815,1183303,12974,0,0,12335,639,632,1,7,1183303,0.9999940843554018,0.4495201320387423,0.18574568501207978,True,passed,5b277c49e3fd20d3347d4ca9686668cd19bc0fb207eff9fa2355ada799c6374b
length_06_s2609272301,length,6,2609272301,PATH,6,0.7585775750291838,1183303,43113,0,0,41120,1993,1978,5,15,5916515,0.9999974647237436,1.5165769929881208,0.2228559299837798,True,passed,60b576b556b728fa3016cf17d4e932f0f32214d5cc88ba0d762a97d4f663b92c
length_06_s2609272301,length,6,2609272301,PATH,7,0.72443596007499,1183303,33136,0,0,31630,1506,1493,4,13,4733212,0.9999972534507222,1.1636324359569699,0.2497023710166104,True,passed,083e08c0eb69fc390ae15241e3070712fc52423d1d9d54f2db756ee6f9fdf012
length_06_s2609272301,length,6,2609272301,PATH,8,0.6918309709189365,1183303,36999,0,0,35304,1695,1682,4,13,4733212,0.9999972534507222,1.2745735520147718,0.27019683801336214,True,passed,8a29ae10749fe5918a70a4eb7ac60b6e650be9aafd5d8939034af50725cc5e8c
length_06_s2609272301,length,6,2609272301,PATH,9,0.660693448007596,1183303,41929,0,0,39949,1980,1964,4,16,4733212,0.9999966196316582,1.4429730190313421,0.30068273103097454,True,passed,8d233042bfa7931f7c5d15a52942ef37cff1091f88c8cb92e0c16c402711fdaa
length_06_s2609272301,length,6,2609272301,PATH,10,0.6309573444801932,1183303,49660,0,0,47155,2505,2480,3,25,3549909,0.9999929575659545,1.6648422759608366,0.33960147300967947,True,passed,c2732a7c5b77640a946a9c43c6d1d6631afef6992b843cabab3471fe779904d0
length_06_s2609272301,length,6,2609272301,PATH,11,0.6025595860743578,1183303,45701,0,0,43498,2203,2187,4,16,4733212,0.9999966196316582,1.5560810320312157,0.35071391297969967,True,passed,0cc9386233e376d5d053b1f09a1f6f3958a97ca54d54daba617d63bbc5ec0675
length_06_s2609272301,length,6,2609272301,PATH,12,0.5754399373371569,1183303,47631,0,0,45307,2324,2308,4,16,4733212,0.9999966196316582,1.6200259149773046,0.3638653720263392,True,passed,6461afd0cd0a5fd5b39152aea87584f175b095f5f394d743a79fe1ff704f52f4
length_06_s2609272301,length,6,2609272301,PATH,13,0.5495408738576245,1183303,50697,0,0,48200,2497,2479,4,18,4733212,0.9999961970856154,1.724933065008372,0.384264460997656,True,passed,9426b9177eb09b4ec6ae35a96f998390ad6b334bdf467a1af6034d1ba08c954b
length_06_s2609272301,length,6,2609272301,PATH,14,0.5248074602497725,1183303,54896,0,0,52151,2745,2727,4,18,4733212,0.9999961970856154,1.8535601560142823,0.41132188303163275,True,passed,b00bfe5fb5fcf89eea2f7513641ec0a0325dcd906b99b258537664cf102d5811
length_06_s2609272301,length,6,2609272301,PATH,15,0.5011872336272722,1183303,60446,0,0,57384,3062,3042,4,20,4733212,0.9999957745395727,2.056553402042482,0.4498637710348703,True,passed,c8bf8557fe3261014aa7cb5a25344a1151f5e52651f62124b2b0ea4177830b65
length_06_s2609272301,length,6,2609272301,PATH,16,0.4786300923226383,1183303,65811,0,0,62448,3363,3343,4,20,4733212,0.9999957745395727,2.1972977720433846,0.48717900802148506,True,passed,80bf16ae71b77b4204bc210ce559d488dca6d243f90ed9b8cd0f570b9bf61801
length_06_s2609272301,length,6,2609272301,PATH,17,0.457088189614875,1183303,72812,0,0,69019,3793,3770,4,23,4733212,0.9999951407205087,2.406338132044766,0.5242102220072411,True,passed,f4eab6731d42c75fb943224a14d546edfae3ab5f46c82e78716a4a35bcea7c3a
length_06_s2609272301,length,6,2609272301,PATH,18,0.436515832240166,1183303,81661,0,0,77317,4344,4315,4,29,4733212,0.9999938730823804,2.694273233995773,0.5819307020283304,True,passed,049731e266f695e200af684778b78924df0678bbf151dd8db6dddedcfcd2b541
length_06_s2609272301,length,6,2609272301,PATH,19,0.4168693834703354,1183303,104042,8,0,98237,5797,5744,4,53,4733212,0.9999888025298677,3.4142595129669644,0.6219163879868574,True,passed,89388b91be38f851979e556befd18858c2660aa72ef58d079a1e609ff291a1bb
length_06_s2609272301,length,6,2609272301,PATH,20,0.3981071705534972,1183303,81126,0,0,76831,4295,4271,4,24,4733212,0.9999949294474872,2.6857823549653403,0.6421422279672697,True,passed,3dbcc5221fd845638d18bc845b78b1113cbe6f3483b62d3c85406e5f9ebefc81
length_06_s2609272301,length,6,2609272301,PATH,21,0.3801893963205612,1183303,84164,0,0,79679,4485,4461,4,24,4733212,0.9999949294474872,2.7864939250284806,0.6573956669890322,True,passed,027edf6405d7ce57294571024822f36aa1b65a5de4c5b1357cd8099e350802f9
length_06_s2609272301,length,6,2609272301,PATH,22,0.36307805477010135,1183303,86940,0,0,82257,4683,4659,4,24,4733212,0.9999949294474872,2.8609812220092863,0.6776984799653292,True,passed,9786760f40046b20ae0bc92a137c6bf383b75137fae1aa3690a16bccdb512d40
length_06_s2609272301,length,6,2609272301,PATH,23,0.3467368504525316,1183303,90921,4,0,85984,4933,4907,4,26,4733212,0.9999945069014445,2.9885436709737405,0.6978090509655885,True,passed,7a47cef175aae0066a33f43b4ad62e3cbc5954775982ec3013a0e55e81c7ff95
length_06_s2609272301,length,6,2609272301,PATH,24,0.3311311214825911,1183303,115279,4,0,109046,6229,6199,5,30,5916515,0.9999949294474872,3.7922983990283683,0.7229185710311867,True,passed,c19329533d336294b3671030b7ebb5c13aaf1ae245dd30a32c7befccd54f5d39
length_06_s2609272301,length,6,2609272301,PATH,25,0.31622776601683794,1183303,97992,4,0,92634,5354,5327,4,27,4733212,0.9999942956284231,3.2029769960208796,0.7432017239625566,True,passed,8d92fce68a1a6a1079896f0434a650c85bcc4622f88bd3febcd0af7016730acb
length_06_s2609272301,length,6,2609272301,PATH,26,0.3019951720402016,1183303,101761,10,0,96166,5585,5557,4,28,4733212,0.9999940843554018,3.342996502004098,0.7661873489851132,True,passed,8161cf3a8909b551477a620bb3ec8478f48592588e31dec001e800eefd5b23ff
length_06_s2609272301,length,6,2609272301,PATH,27,0.28840315031266056,1183303,105464,10,0,99645,5809,5780,4,29,4733212,0.9999938730823804,3.4429135040263645,0.7916625500074588,True,passed,27169ab1d982523f7c64e1fc2866f74dabb04bd5af2371dcfc498c3d3b908389
length_06_s2609272301,length,6,2609272301,PATH,28,0.2754228703338166,1183303,110231,14,0,104104,6113,6081,4,32,4733212,0.9999932392633163,3.6019637680146843,0.8129894399899058,True,passed,4f32a3c4907f2b9c26c9b992a839ef6c5b833e0397584a1584e4591482311198
length_06_s2609272301,length,6,2609272301,PATH,29,0.2630267991895382,1183303,114492,20,0,108088,6384,6350,4,34,4733212,0.9999928167172736,3.7601952539989725,0.8373516229912639,True,passed,559dc268b7b8ca36a08947a833c98fc85513ba555adb315f54e1d9f3e534d2d2
length_06_s2609272301,length,6,2609272301,PATH,30,0.251188643150958,1183303,119997,21,0,113246,6730,6693,4,37,4733212,0.9999921828982095,3.874625033000484,0.8667763599660248,True,passed,c021fb3a0dfa44d2c916d89acf5338cd9eacfb562b8ac98976a6b560c4bf5ab2
length_06_s2609272301,length,6,2609272301,PATH,31,0.23988329190194904,1183303,125739,23,0,118597,7119,7081,4,38,4733212,0.9999919716251882,4.069865464000031,0.9092358539928682,True,passed,5f2d1c07de2d3c80370e1ad6ec601e08d1d59fc62748d699131f4938535a526a
length_06_s2609272301,length,6,2609272301,PATH,32,0.2290867652767773,1183303,131649,30,0,124064,7555,7516,4,39,4733212,0.9999917603521667,4.2808236830169335,0.947708573017735,True,passed,76c01269d049cf273af81e42bfc1a394122ad95ae4ca4900829b70282d4cc484
length_06_s2609272301,length,6,2609272301,PATH,33,0.21877616239495523,1183303,139274,39,0,131127,8108,8063,4,45,4733212,0.9999904927140386,4.474614845006727,0.9857330429949798,True,passed,380697ff4cae0b4d690d396e78fd1e30b1d5c9cddbd6941a650158ec1e5684de
length_06_s2609272301,length,6,2609272301,PATH,34,0.20892961308540392,1183303,147247,69,0,138519,8659,8609,4,50,4733212,0.9999894363489318,4.76967968797544,1.0405421489849687,True,passed,81cb4dd386cbaa1ca8b9d0dc0c2331cb99d03bcab5ed02637a9e9c452e81b86b
length_06_s2609272301,length,6,2609272301,PATH,35,0.19952623149688797,1183303,155397,82,0,146068,9247,9192,4,55,4733212,0.999988379983825,4.992581577971578,1.089163616008591,True,passed,c3f4112aee5ac04ad0cae15270bf8a6b662781826461c8c3db3e9c05f7924480
length_06_s2609272301,length,6,2609272301,PATH,36,0.19054607179632474,1183303,163542,98,0,153612,9832,9757,4,75,4733212,0.9999841545233976,5.27970442303922,1.1382028479711153,True,passed,145995fb209110930ac71a6b6bc24c82e63caa78e27fea0ecdd7dc344d470ec1
length_06_s2609272301,length,6,2609272301,PATH,37,0.18197008586099836,1183303,172409,125,0,161824,10460,10364,4,96,4733212,0.999979717789949,5.510102952015586,1.1837716180016287,True,passed,cfaab135c111799e40798e139148d74f67db222c357842dde60e39dec79f2c02
length_06_s2609272301,length,6,2609272301,PATH,38,0.17378008287493754,1183303,183351,170,0,171969,11212,11092,4,120,4733212,0.9999746472374362,5.934485609992407,1.2415978260105476,True,passed,d84caaa1ff94994da92ebc4c429a69b13c654dbdeed948303b9b4a7d4fc4b52e
length_06_s2609272301,length,6,2609272301,PATH,39,0.16595869074375605,1183303,192348,213,0,180264,11871,11725,4,146,4733212,0.9999691541388808,6.123037465033121,1.2925459620309994,True,passed,0d408ef31a5dfc0585997e5ef3e85e82b4d9ad3088474f36b4069454c8b95c7f
length_06_s2609272301,length,6,2609272301,PATH,40,0.15848931924611134,1183303,201761,254,0,188909,12598,12421,4,177,4733212,0.9999626046752185,6.429389020020608,1.371160038979724,True,passed,afff8e61f0715cd56df477bf3d59babf82213c4ce649b289b72cdbc4076981eb
length_06_s2609272301,length,6,2609272301,PATH,41,0.15135612484362082,1183303,213471,320,0,199636,13515,13295,4,220,4733212,0.9999535199352998,6.779648823023308,1.4100741950096563,True,passed,88ea50d900e57968f9e72561bfabb7bdec942e137ec81d3b282c84ef40511c3a
length_06_s2609272301,length,6,2609272301,PATH,42,0.14454397707459277,1183303,224712,349,0,209886,14477,14203,4,274,4733212,0.999942111192146,7.192129546019714,1.4784831640427,True,passed,f267bda8d4650c9aaf60a45d2bf7b8fb55839ca8c60746492feded2fc8bfebf7
length_06_s2609272301,length,6,2609272301,PATH,43,0.1380384264602885,1183303,237098,385,0,221137,15576,15253,4,323,4733212,0.9999317588140991,7.592988016025629,1.5508571380050853,True,passed,286d260b09b55ce68fdff01a80d1dfffafb1dc70593d0d9680d48721899a1129
length_06_s2609272301,length,6,2609272301,PATH,44,0.1318256738556407,1183303,271404,487,0,252522,18395,17988,4,407,4733212,0.9999140118803045,8.64715386601165,1.630285935010761,True,passed,e9d361842abf2140e2f8f6a302cf1aa59be56208bf81385054e4cb26d91579e3
length_06_s2609272301,length,6,2609272301,PATH,45,0.12589254117941673,1183303,284787,540,0,264587,19660,19199,4,461,4733212,0.9999026031371508,9.077987286960706,1.7072527050040662,True,passed,bcec5b895737505e3c0fafc8236c61050be3b67755ef5abe4ebb5d50d9b6484a
length_06_s2609272301,length,6,2609272301,PATH,46,0.12022644346174129,1183303,299751,635,0,278046,21070,20526,4,544,4733212,0.9998850674763775,9.520360639027786,1.7966105340165086,True,passed,f286ca0122622a3ab39d17191b957fdc253bae0b9209ec46423d35aa524c50ae
length_06_s2609272301,length,6,2609272301,PATH,47,0.1148153621496883,1183303,315698,691,0,292373,22634,21989,4,645,4733212,0.9998637289012198,10.028414378000889,1.9075106359669007,True,passed,b70342f71aafb515830ad44a353dd8a79b36aa6a2105854f5b82598779e10008
length_06_s2609272301,length,6,2609272301,PATH,48,0.1096478196143185,1183303,332216,784,0,307061,24371,23621,4,750,4733212,0.9998415452339764,10.547133905987721,2.027974188036751,True,passed,ad5834b2223efe453a3bd8aa7c6d8a3636283052e756224be0eddfbf9f13328f
length_06_s2609272301,length,6,2609272301,PATH,49,0.10471285480508996,1183303,349851,876,0,322549,26426,25563,4,863,4733212,0.9998176713825622,11.10868120205123,2.1617688520345837,True,passed,1390b85587b05f9b1b078b875261b93c53a4bf8c9a5c6f3bf42b8a8d2a0e6a68
length_06_s2609272301,length,6,2609272301,PATH,50,0.1,1183303,366826,950,0,337286,28590,27595,4,995,4733212,0.999789783343742,11.786285226000473,2.2958058799849823,True,passed,49240168f19ff03c032506f61ff2eeb8f0fc37b0b365056bdeb7b956a1814ca3
length_06_s2609272301,length,6,2609272301,PATH,51,0.09549925860214359,1183303,384711,1008,0,352774,30929,29805,4,1124,4733212,0.999762529123986,12.204782999004237,2.4418543630163185,True,passed,49b75bd18fd4166c987925907ffdaa9f2af5892fd4e4fe2b7d624d71df197e16
length_06_s2609272301,length,6,2609272301,PATH,52,0.09120108393559097,1183303,403216,1106,0,368545,33565,32296,4,1269,4733212,0.9997318945358881,13.06583924998995,2.6028947479790077,True,passed,dc15f65a6aebba80ca0968f4043191a20871f3db237b8956bf5e5b10654e45a4
length_06_s2609272301,length,6,2609272301,PATH,53,0.08709635899560805,1183303,421006,1262,0,383384,36360,34929,4,1431,4733212,0.999697668306427,13.544735078001395,2.75814677902963,True,passed,ba88082a406b5df5f15a8a9e6f21c8082c0ff48c56e09908e4421e09cffe5ca3
length_06_s2609272301,length,6,2609272301,PATH,54,0.08317637711026708,1183303,439437,1347,0,398748,39342,37721,4,1621,4733212,0.9996575264323677,13.988685259013437,2.941940961056389,True,passed,061f881ea0477c83326198f23559c226cd3e113cf1405c0f757530661d7e6ed1
length_06_s2609272301,length,6,2609272301,PATH,55,0.07943282347242814,1183303,456556,1433,0,412670,42453,40558,4,1895,4733212,0.9995996376245138,14.582590404024813,3.0884584639570676,True,passed,f72f3dc39121e5a91065acb3a9414cd32cf29cff450f87dd1e546347795ab944
length_06_s2609272301,length,6,2609272301,PATH,56,0.07585775750291836,1183303,476831,1506,0,429368,45957,43759,4,2198,4733212,0.9995356218990402,15.344775187957566,3.326992744987365,True,passed,35ae3b50acabc31320c6df07de1f5c6b304e6db96c88e79162ae2a08e91eaae4
length_06_s2609272301,length,6,2609272301,PATH,57,0.07244359600749903,1183303,498809,1599,0,447663,49547,46915,4,2632,4733212,0.9994439294077679,15.99573527497705,3.542685121006798,True,passed,7b3ad4e7139fcf6dbc099ff6566bb6f5bc894edc51b37a3b52328753a92b31b8
length_06_s2609272301,length,6,2609272301,PATH,58,0.06918309709189366,1183303,526029,1762,0,470506,53761,50676,4,3085,4733212,0.9993482227290896,16.987710769986734,3.730270119034685,True,passed,7776a0299de8e16f9b717f56794a49364e1a3b8f41c403a67b6a3bdc90182585
length_06_s2609272301,length,6,2609272301,PATH,59,0.06606934480075961,1183303,607088,2450,0,529003,75635,68415,4,7220,4733212,0.9984746087857463,19.9179997430183,3.9414742520311847,True,passed,44d63243cf189003a6cf875430d3a43cd248545770536719dc5ce9a1f3dcd4e5
length_06_s2609272301,length,6,2609272301,PATH,60,0.06309573444801933,1183303,622956,2675,0,543142,77139,70864,4,6275,4733212,0.9986742617909361,20.561367308953777,4.1557534339954145,True,passed,5c0b9b105b62be5c6639720d3b1f7b78dc7ed00b35982c8c5748666c2adcc3bb
length_06_s2609272301,length,6,2609272301,PATH,61,0.06025595860743578,1183303,667400,3730,0,578142,85528,75715,4,9813,4733212,0.9979267778413475,21.821431454038247,4.369347991014365,True,passed,5dd0fde16c97469ff5485afd9f02848efb6bdc8989e3e2dddf64230aa359b102
length_06_s2609272301,length,6,2609272301,PATH,62,0.057543993733715694,1183303,658148,3716,0,575808,78624,72315,4,6309,4733212,0.9986670785082097,21.361464651999995,4.547596420045011,True,passed,3ce5151f5d212fbb0cd6a512dc4bde0fc5b64754dc65c9e1a7326b636aafc41f
length_06_s2609272301,length,6,2609272301,PATH,63,0.054954087385762455,1183303,748093,7952,0,645841,94300,81407,4,12893,4733212,0.997276056935544,24.221842132043093,4.778786036011297,True,passed,3b6e0d150cab720d130b9709ddcd1751739897201f411cd0f8d0ca9a6260e16f
length_06_s2609272301,length,6,2609272301,PATH,64,0.05248074602497726,1183303,722087,8046,0,629597,84444,76867,4,7577,4733212,0.9983991843171192,23.191749644000083,4.98210015805671,True,passed,12dbca737700a68e30a098ff9216e4f4df7a90bb74ea289bc2c074d4df44b63e
length_06_s2609272301,length,6,2609272301,PATH,65,0.05011872336272722,1183303,1051585,24876,0,895945,130764,113486,5,17278,5916515,0.9970796997894875,33.582229065999854,5.150691627990454,True,passed,0da76a1041227ed1e6f390f145411fe0abfd0a32db5669db44708cdabbd86132
length_06_s2609272301,length,6,2609272301,PATH,66,0.047863009232263824,1183303,811305,22011,0,692816,96478,86589,4,9889,4733212,0.9979107210917237,25.724293738021515,5.354008693015203,True,passed,2668d273a9a19a50c433c8aa06ee23cb6ce30df8e35d991eda729459a5f51643
length_06_s2609272301,length,6,2609272301,PATH,67,0.04570881896148749,1183303,869038,35927,0,729378,103733,92427,4,11306,4733212,0.9976113472204499,27.432824402989354,5.474491211003624,True,passed,95ec0e47fd7d76142a1151962b1e0dcd013515dfa7d1bc20a3fb8224642c5d6d
length_06_s2609272301,length,6,2609272301,PATH,68,0.043651583224016584,1183303,943230,58888,0,771891,112451,99592,4,12859,4733212,0.9972832402182704,29.092173142998945,5.644989131018519,True,passed,6b2790ea4c737e5b622c1b39b89428e72062ce84ac345392c5271ec0b0995954
length_06_s2609272301,length,6,2609272301,PATH,69,0.04168693834703355,1183303,1032690,92410,0,817253,123027,108423,4,14604,4733212,0.9969145687959888,30.6838485620101,5.831348099978641,True,passed,ac3b043790607b6a70af13c18defdedeefe05419a2492fd2cea8429af72e2547
length_06_s2609272301,length,6,2609272301,PATH,70,0.039810717055349734,1183303,1134332,137738,0,861520,135074,118502,4,16572,4733212,0.996498783489943,32.78867801500019,5.9599877200089395,True,passed,189b071cc2322c561320951195aa2e99cb7b933f07b1915fe3d3a668511331c4
length_06_s2609272301,length,6,2609272301,PATH,71,0.038018939632056124,1183303,2008025,396160,0,1382566,229299,190533,5,38766,5916515,0.9934478320430186,52.75484781496925,6.0975158759974875,True,passed,d95f5797326c28a7673bca19191f01edbed9d3ad3087d064adc2a29dd1767b4e
length_06_s2609272301,length,6,2609272301,PATH,72,0.03630780547701014,1183303,1939387,362397,0,1349730,227260,196228,5,31032,5916515,0.9947550204808067,51.9838787720073,6.342550100001972,True,passed,28f1c449c9dfafcccedae1e739a4ccf2cbe000578771fd83212ba92d42c61756
length_06_s2609272301,length,6,2609272301,PATH,73,0.034673685045253165,1183303,2489979,695721,0,1500574,293684,246254,5,47430,5916515,0.9919834564773351,59.988434881030116,6.495547380996868,True,passed,dabf4cdddfbc1bfe5ccbd11b56aa9eca835d36ad95db8631cc28ed8d964c1078
length_06_s2609272301,length,6,2609272301,PATH,74,0.03311311214825911,1183303,1710289,439137,0,1054891,216261,189070,4,27191,4733212,0.9942552752760705,42.799720045004506,6.719672562961932,True,passed,3cfd4f07b5d3004f1efdf03765533fab5faa15840fb4e397159ba25fe22ec5e5
length_06_s2609272301,length,6,2609272301,PATH,75,0.03162277660168379,1183303,1864292,523419,0,1094125,246748,216063,4,30685,4733212,0.9935170873394219,45.63871306501096,6.9403001189930364,True,passed,39aa661bc465e56a8906523a60f248561ed98aa57e774c1c4b6d95fffe0eeed4
length_06_s2609272301,length,6,2609272301,PATH,76,0.03019951720402016,1183303,2020970,602179,0,1134920,283871,248699,4,35172,4733212,0.9925691052925582,49.66427253501024,7.350933283974882,True,passed,353a5ca33cb121c6878dce8337d9452a5c18d21a975562c82962aba68dec24f2
length_06_s2609272301,length,6,2609272301,PATH,77,0.028840315031266057,1183303,3721288,1362429,0,1798245,560614,478088,5,82526,5916515,0.9860515861110806,83.86911249998957,7.697181150957476,True,passed,0b70a8e6884f2c06cc62cec8081492de2063bb799bf46b89447c0e4208d0ea10
length_06_s2609272301,length,6,2609272301,PATH,78,0.02754228703338166,1183303,2435485,773713,0,1274199,387573,338305,4,49268,4733212,0.9895910007834003,58.55625815701205,8.108882062020712,True,passed,d9f00437dc239994c473ff4490d9127a25374063654026f1047247fbfc597e79
length_06_s2609272301,length,6,2609272301,PATH,79,0.026302679918953815,1183303,4235695,1613361,0,1850621,771713,654903,5,116810,5916515,0.9802569586995047,97.22377082199091,8.650831306003965,True,passed,0e844b556ed5180683ffc26e60d05c8813b3ba2fbf29257cc172cd77277e9edf
length_06_s2609272301,length,6,2609272301,PATH,80,0.025118864315095794,1183303,4351359,1666891,0,1807762,876706,736020,5,140686,5916515,0.9762214749730205,101.34317342098802,9.17434232198866,True,passed,59a633b778e63b793c0c827055065998b628a82386b25a7d1b4dfe70b7473c41
length_06_s2609272301,length,6,2609272301,PATH,81,0.023988329190194897,1183303,4591274,1785667,0,1813403,992204,817428,5,174776,5916515,0.9704596371343603,108.07195481599774,9.86668134003412,True,passed,3d70389e07f033e596a2d284dcfa266a1812f73f54082c328cab014e511ec8a9
length_06_s2609272301,length,6,2609272301,PATH,82,0.022908676527677734,1183303,5008036,2018930,4,1867056,1122046,900876,5,221170,5916515,0.9626181966918025,116.63825911696767,10.605898609966971,True,passed,ea8719e6395a8db86974430d59888168dd053b403c1469aa7a5dbc37ff92474f
length_06_s2609272301,length,6,2609272301,PATH,83,0.02187761623949553,1183303,5291782,2172330,12,1894050,1225390,948557,5,276833,5916515,0.9532101245412207,123.31652551202569,11.441495848994236,True,passed,4508e32652e85bac47526599ce7e43138404cb4c28061b5be2b686d4fef5e667
length_06_s2609272301,length,6,2609272301,PATH,84,0.020892961308540396,1183303,5844771,2512977,42,1961539,1370213,1015192,5,355021,5916515,0.9399949125456455,133.9164022830082,12.437794365978334,True,passed,2fc7e05d432a49b35c7528b5ad7b064e0acb9fc3515746f2d80043c534f03c1b
length_06_s2609272301,length,6,2609272301,PATH,85,0.0199526231496888,1183303,5950583,2570878,89,1966553,1413063,981413,5,431650,5916515,0.9270432002623166,135.88622933102306,13.428610566013958,True,passed,c5f0227683ee674855dfb8e64097ce06d91dcb6d047fdc302632a6f0cb29ff61
length_06_s2609272301,length,6,2609272301,PATH,86,0.019054607179632473,1183303,6676956,3043070,181,2062994,1570711,1038772,5,531939,5916515,0.9100925122305952,148.19354564597597,14.520468924019951,True,passed,ea9c27d83e7ce6b1f9daf231253ae5d21679d23a717ba183829f044c354169c2
length_06_s2609272301,length,6,2609272301,PATH,87,0.018197008586099836,1183303,8834361,4193579,353,2630934,2009495,1340667,6,668828,7099818,0.9057964584444277,190.4438291109982,15.655975808040239,True,passed,238f91ce8db1cd481a0b3febcb88d53d2f796bae28918731dfb0590ffc705e59
length_06_s2609272301,length,6,2609272301,PATH,88,0.017378008287493755,1183303,9455919,4656406,610,2667734,2131169,1346293,6,784876,7099818,0.8894512507222017,197.91609011596302,16.881727872998454,True,passed,c3363d4bf0c54d632996563bc0a91df21a2fe5e0a31becbc03186d8014ba43be
length_06_s2609272301,length,6,2609272301,PATH,89,0.016595869074375606,1183303,8623722,4481790,1095,2115825,2025012,1134979,5,890033,5916515,0.8495680311805176,176.45815955102444,18.223829683032818,True,passed,e9098f5770d5b2f14edb0b5bd7b59e68f06c935bc7de132a8b9b0a6f80298a79
length_06_s2609272301,length,6,2609272301,PATH,90,0.015848931924611134,1183303,11059006,5898920,1887,2496428,2661771,1621721,6,1040050,7099818,0.8535103294197119,223.63464427704457,19.559055658988655,True,passed,9e0fd48ac1c8bf1d18cb34143dcb4ce806d7d98b50b43ea383f776055960d782
length_06_s2609272301,length,6,2609272301,PATH,91,0.01513561248436208,1183303,11759039,6491798,2882,2329678,2934681,1768506,6,1166175,7099818,0.8357457895399573,234.71561995398952,20.859212599054445,True,passed,b99c7de207c20631526b626bc145973a0912b315508583e5d2dc0e798978ff28
length_06_s2609272301,length,6,2609272301,PATH,92,0.014454397707459272,1183303,10594489,6169923,4211,1801652,2618703,1369857,5,1248846,5916515,0.788922025888551,203.70479053101735,22.298425778979436,True,passed,39fdbe6916afcb6e6073790804dfeedf987cb65934b9e72f1d9a9d6b4a79749e
length_06_s2609272301,length,6,2609272301,PATH,93,0.013803842646028845,1183303,12921392,7496965,5407,2063699,3355321,1942691,6,1412630,7099818,0.8010329278863204,251.29620789398905,23.761006098997314,True,passed,b01ebf426c1b56c2251a150f180dd872551cbc5f008899b6e30e87c5a0b723ad
length_06_s2609272301,length,6,2609272301,PATH,94,0.013182567385564075,1183303,13367119,7845370,6235,1943201,3572313,2003054,6,1569259,7099818,0.7789719398440917,260.5813042529626,25.32558230595896,True,passed,0b729075ea6f7eaa4f4a5714b1286d279896dda5a73e4362fcb8f0df3e92623f
length_06_s2609272301,length,6,2609272301,PATH,95,0.012589254117941675,1183303,13607750,8020599,6612,1903429,3677110,1959796,6,1717314,7099818,0.7581185883919841,265.540164554026,26.6644277870073,True,passed,1a7b5fc72ad0be5b2b85740d46bc41c683daeb1a89c07e2e622f5dac67cb951a
length_06_s2609272301,length,6,2609272301,PATH,96,0.012022644346174132,1183303,13936541,8234742,6712,1849196,3845891,1945558,6,1900333,7099818,0.7323406036605445,277.63455593102844,28.10492733598221,True,passed,be246e57d7378519bafcf3fd365d3978fb0f8d7098a5b040fa12dd1b80af0396
length_06_s2609272301,length,6,2609272301,PATH,97,0.01148153621496883,1183303,14967090,8977807,7062,1785772,4196449,1963371,6,2233078,7099818,0.685473909331197,293.3622319200076,29.57266998104751,True,passed,0d0478764cd057903523e7ba08f35987c67619a0d1b5e4cb702a39d995e3b9e9
length_06_s2609272301,length,6,2609272301,PATH,98,0.01096478196143185,1183303,15473872,9368387,7322,1746960,4351203,1921548,6,2429655,7099818,0.6577862981839816,301.7596757140127,30.94432233198313,True,passed,2c406226106ea9f68a6e5b3ce904a07a32e37529b62926b78764e784270fff2d
length_06_s2609272301,length,6,2609272301,PATH,99,0.010471285480508996,1183303,15578765,9431705,7308,1721707,4418045,1908389,6,2509656,7099818,0.6465182628625128,304.81242141203256,32.10312210203847,True,passed,224a6b1b2539bbecc6179aad4f42d4a527330d56be0998c483c1b4f6ab253976
length_06_s2609272301,length,6,2609272301,PATH,100,0.01,1183303,15655883,9479839,7313,1698427,4470304,1895928,6,2574376,7099818,0.6374025362340274,306.62877169501735,33.16565897001419,True,passed,64c3adb590e6050c5c7c19893a8cc7046d56ba6e4c424d9bd296a5d4934c8a38
length_06_s2609272302,length,6,2609272302,PATH,0,1.0,1227374,0,0,0,0,0,0,0,0,0,,0.01651328697334975,0.14457638701424003,True,passed,03bd11b1719931bfd84cd79d9c79ccfd18ca482b3dccaaea1f968a9954783e0e
length_06_s2609272302,length,6,2609272302,PATH,1,0.954992586021436,1227374,28720,0,0,27071,1649,1636,4,13,4909496,0.9999973520703551,1.0590236390125938,0.13473344105295837,True,passed,b65d07c8789747e7ffc1e34238b69c78e5a141a8bd39ba6a420d43e192da4f8b
length_06_s2609272302,length,6,2609272302,PATH,2,0.9120108393559098,1227374,21692,0,0,20551,1141,1133,4,8,4909496,0.9999983705048339,0.8225670700194314,0.15422089694766328,True,passed,b4fd085c254019181ba4f520cb80f0f96433614a1abc69421caeed7476fdb666
length_06_s2609272302,length,6,2609272302,PATH,3,0.8709635899560807,1227374,28870,0,0,27277,1593,1585,4,8,4909496,0.9999983705048339,1.0561660280218348,0.2120034170220606,True,passed,7d3e7ac4ce0ad42fb6df579eea33c5c3821c0d2d27cca822529e0af75deec7ea
length_06_s2609272302,length,6,2609272302,PATH,4,0.831763771102671,1227374,40091,0,0,37739,2352,2343,4,9,4909496,0.9999981668179382,1.4592093880055472,0.2958356939489022,True,passed,ea1a32209fa978f8be5142f4ce6eeeb353ab468157217debb9aff415775cabf3
length_06_s2609272302,length,6,2609272302,PATH,5,0.7943282347242815,1227374,51776,0,0,48595,3181,3171,4,10,4909496,0.9999979631310424,1.8384049460291862,0.3782673589885235,True,passed,d9f8d657b29d1cedadc9f6d325a6f78b46d0ce5873ed6ce4bc53a26ea2d921c3
length_06_s2609272302,length,6,2609272302,PATH,6,0.7585775750291838,1227374,28599,0,0,26495,2104,2090,1,14,1227374,0.9999885935338373,0.996467876015231,0.45817627297947183,True,passed,c205d91d773490b1896a6a05eec237ba44fb17d98517e905a15abdc41dd013d9
length_06_s2609272302,length,6,2609272302,PATH,7,0.72443596007499,1227374,92330,0,0,85701,6629,6595,4,34,4909496,0.9999930746455441,3.20309487398481,0.5340530330431648,True,passed,ff74a230418c6a8fffdf8a7fadf605e92642f40c3a9deb5fdb1ad95b1691be3a
length_06_s2609272302,length,6,2609272302,PATH,8,0.6918309709189365,1227374,63093,0,0,58790,4303,4286,3,17,3682122,0.9999953830970294,2.2033090469776653,0.6101440380443819,True,passed,cefe4dc90544135b50ab27f7eab33b037fa1f87a72e1b83b41eedba0295706eb
length_06_s2609272302,length,6,2609272302,PATH,9,0.660693448007596,1227374,105473,0,0,97789,7684,7646,4,38,4909496,0.999992259897961,3.6346661089919508,0.6914398039807566,True,passed,b6786acfc32d81db7ef8c3de7e0539582073ef4ef8a423bd0c9a88f8031eaa64
length_06_s2609272302,length,6,2609272302,PATH,10,0.6309573444801932,1227374,70136,0,0,65267,4869,4853,3,16,3682122,0.9999956546795571,2.434590623015538,0.7191708470345475,True,passed,a71c955e74f39fa6950431e018db69be24f22191d5fa00143651f09a68fd554d
length_06_s2609272302,length,6,2609272302,PATH,11,0.6025595860743578,1227374,73656,0,0,68479,5177,5159,3,18,3682122,0.9999951115145017,2.59257089701714,0.7536043339641765,True,passed,1b09bc8146f40fad112e492ffe021ddd7a6a8744a6e90c7c7d7cdd2b31b8be2e
length_06_s2609272302,length,6,2609272302,PATH,12,0.5754399373371569,1227374,78663,0,0,73047,5616,5597,3,19,3682122,0.999994839931974,2.708169416000601,0.8088422230212018,True,passed,a0e7c9d04fd5f534f9be24e2acf6f46ae13e35b1bebc020b0ec3628fa5fb0d25
length_06_s2609272302,length,6,2609272302,PATH,13,0.5495408738576245,1227374,83432,0,0,77360,6072,6053,3,19,3682122,0.999994839931974,2.8706482060370035,0.8657157029956579,True,passed,ad72f6f13977d5eaba36bec185d5bfd61c707be6a5beeae2aea3baea6c8f7f84
length_06_s2609272302,length,6,2609272302,PATH,14,0.5248074602497725,1227374,89123,0,0,82483,6640,6621,3,19,3682122,0.999994839931974,3.08736519201193,0.9243580179754645,True,passed,f1b1b727982e9caedb6d69790e44c8b815d0f4cabd53774f13dc55db275c3c19
length_06_s2609272302,length,6,2609272302,PATH,15,0.5011872336272722,1227374,95155,0,0,87822,7333,7311,3,22,3682122,0.999994025184391,3.2670671160449274,0.994033632974606,True,passed,0ab96edb9415be286e7b37342b82c80f9d562caee9da3410b757a8a59e803047
length_06_s2609272302,length,6,2609272302,PATH,16,0.4786300923226383,1227374,101785,0,0,93634,8151,8128,3,23,3682122,0.9999937536018633,3.4787384750088677,1.0737796800094657,True,passed,f14ecd615728ad7def117c9cad348c8cb1201ab1bd26b960845a911d352e27c6
length_06_s2609272302,length,6,2609272302,PATH,17,0.457088189614875,1227374,140962,0,0,129411,11551,11522,4,29,4909496,0.9999940930800229,4.845332844008226,1.149975901003927,True,passed,ae0fd3b27c6211ae5ce34dbee4f211bae7a1cf4e8c64c4298afe36a1db04766b
length_06_s2609272302,length,6,2609272302,PATH,18,0.436515832240166,1227374,150681,0,0,137930,12751,12720,4,31,4909496,0.9999936857062314,5.187536902958527,1.2357295269612223,True,passed,7cdb47cfb27a01391488610abb19a4133892f06996e1ec2cb868af206b8bec2a
length_06_s2609272302,length,6,2609272302,PATH,19,0.4168693834703354,1227374,159828,0,0,145786,14042,14006,4,36,4909496,0.9999926672717525,5.481305352004711,1.3095125510008074,True,passed,921fe825015516aba5d9b44335e329689987b2d5b7d617236e994dd1bab317ef
length_06_s2609272302,length,6,2609272302,PATH,20,0.3981071705534972,1227374,180643,0,0,162974,17669,17599,4,70,4909496,0.9999857419172966,6.169595817045774,1.3864873169804923,True,passed,3d4002e453d21d1ae39b7a8b807a602d770a1bae9c4c27d29e817b5b1911dddd
length_06_s2609272302,length,6,2609272302,PATH,21,0.3801893963205612,1227374,164297,0,0,149866,14431,14410,4,21,4909496,0.999995722575189,5.622075791005045,1.409045628970489,True,passed,430e89bc1a2d650ada45721792df0b8963d0c5d07d1e33b9fe84a56219280fe0
length_06_s2609272302,length,6,2609272302,PATH,22,0.36307805477010135,1227374,168053,0,0,153017,15036,15013,4,23,4909496,0.9999953152013975,5.720444359001704,1.4433312119799666,True,passed,06c681826a30adddfff32257d821d0bd3b23c5f2ad16c6aa7393517883c390b7
length_06_s2609272302,length,6,2609272302,PATH,23,0.3467368504525316,1227374,171018,0,0,155389,15629,15606,4,23,4909496,0.9999953152013975,5.867798955005128,1.467750615964178,True,passed,d262b160d0e0fcd0757d5a5f1c7d4e5d59d065f3ad5e30831f51e35503d99cb5
length_06_s2609272302,length,6,2609272302,PATH,24,0.3311311214825911,1227374,174319,0,0,158082,16237,16214,4,23,4909496,0.9999953152013975,5.962955316994339,1.4975643340148963,True,passed,2165d93039e25fca43c453d299de9b227d39b0a5de52a137cb79f8d3636f86b8
length_06_s2609272302,length,6,2609272302,PATH,25,0.31622776601683794,1227374,177737,0,0,160854,16883,16857,4,26,4909496,0.9999947041407101,6.1004539099521935,1.531895159976557,True,passed,883e6b08698778b0f0cbdbab5e562069cb6da66498b494c486dbe9c137eda502
length_06_s2609272302,length,6,2609272302,PATH,26,0.3019951720402016,1227374,181593,0,0,163956,17637,17609,4,28,4909496,0.9999942967669186,6.198501169972587,1.5704494850360788,True,passed,1c160959e153b017197dc36a620c1806ecd5da16fef849f1d7600df98c08ebcc
length_06_s2609272302,length,6,2609272302,PATH,27,0.28840315031266056,1227374,185065,0,0,166670,18395,18364,4,31,4909496,0.9999936857062314,6.411962029989809,1.601983166008722,True,passed,1b02e7c1f63ced4f8c23fc2bb9a75d8c1b5e2a5ef36454fa75eb8954067604fc
length_06_s2609272302,length,6,2609272302,PATH,28,0.2754228703338166,1227374,188446,0,0,169321,19125,19093,4,32,4909496,0.9999934820193356,6.504807667981368,1.6379145460086875,True,passed,ee605eaaf38655f2e7ae3c1ba97b766118ed8d35562826098264495655210ce9
length_06_s2609272302,length,6,2609272302,PATH,29,0.2630267991895382,1227374,191815,0,0,171918,19897,19863,4,34,4909496,0.9999930746455441,6.582758270029444,1.6745506640290841,True,passed,b92b82850ef656a9ef7a2f9e265e92f420e4ea8cc1fc652b23522cac849b4945
length_06_s2609272302,length,6,2609272302,PATH,30,0.251188643150958,1227374,195129,0,0,174400,20729,20691,4,38,4909496,0.999992259897961,6.717179407947697,1.7104758060304448,True,passed,210ab3a97099a2a299b3bdb5d5b9af178b79586e54a54529cbe25a993d1f2f4b
length_06_s2609272302,length,6,2609272302,PATH,31,0.23988329190194904,1227374,198156,0,0,176640,21516,21473,4,43,4909496,0.9999912414634822,6.858730325999204,1.7536201819893904,True,passed,0ab1904f04f244fa8062938a3db3307058fa768068314df7e185c19f1074192e
length_06_s2609272302,length,6,2609272302,PATH,32,0.2290867652767773,1227374,200960,0,0,178641,22319,22273,4,46,4909496,0.9999906304027949,6.9839816960156895,1.7895813480135985,True,passed,222dc27c5e8a6846bf12cabebcad328d98babf45543ae29d69623b1bb6b7b95e
length_06_s2609272302,length,6,2609272302,PATH,33,0.21877616239495523,1227374,203465,0,0,180305,23160,23105,4,55,4909496,0.9999887972207331,7.02809243905358,1.8160077530192211,True,passed,19853e10be1fb59a5b5b7dbb81e0230acfdf82e7deccf8903b9c879b7e1fac66
length_06_s2609272302,length,6,2609272302,PATH,34,0.20892961308540392,1227374,205938,0,0,181913,24025,23957,4,68,4909496,0.9999861492910881,7.134455495979637,1.8433214030228555,True,passed,3181bf3d8d91e8c234ad693fd4ba60810619101e3c8e269460da3861b0e3f28c
length_06_s2609272302,length,6,2609272302,PATH,35,0.19952623149688797,1227374,208099,0,0,183154,24945,24866,4,79,4909496,0.9999839087352347,7.3026224239729345,1.8845285780262202,True,passed,0bcaa8f44b2e860fa61ca75415c8f895ead995c65fa841fda42556f67e5f6b79
length_06_s2609272302,length,6,2609272302,PATH,36,0.19054607179632474,1227374,210578,0,0,184642,25936,25839,4,97,4909496,0.999980242371111,7.377124165010173,1.899489781993907,True,passed,ef810de1153ff4292d30c83113382b88b7e3fdbc52a7069f0aa2350133ffb458
length_06_s2609272302,length,6,2609272302,PATH,37,0.18197008586099836,1227374,212692,0,0,185872,26820,26687,4,133,4909496,0.9999729096428636,7.477973832050338,1.916584855003748,True,passed,0c1687a29c63d0c8e6dd406fd35bff777b3ad7ed62611573ec64027a6e9cc6a0
length_06_s2609272302,length,6,2609272302,PATH,38,0.17378008287493754,1227374,214897,0,0,187228,27669,27488,4,181,4909496,0.999963132671867,7.5456013639923185,1.943241617991589,True,passed,b38143a796aee5c470a0fc178881322b5224c5c2b836e0d17f137b8689ba0557
length_06_s2609272302,length,6,2609272302,PATH,39,0.16595869074375605,1227374,165805,0,0,142273,23532,23279,3,253,3682122,0.999931289620496,5.97651497204788,1.972224431054201,True,passed,b56ca0be226d348636bc6b02f67ed2a5013a0693c9226183abf02d2b6206af99
length_06_s2609272302,length,6,2609272302,PATH,40,0.15848931924611134,1227374,223007,0,0,190293,32714,32041,4,673,4909496,0.9998629187191517,8.002117867989,2.0005022510304116,True,passed,ea4644bde2dd314e1d568ee5fbc19eef90224ecaf99dbf3078d0f4ee347719af
length_06_s2609272302,length,6,2609272302,PATH,41,0.15135612484362082,1227374,222656,0,0,191154,31502,31026,4,476,4909496,0.9999030450376168,7.951965996006038,2.0130630119820125,True,passed,fec3f9995d9cd18d41c60376c7eeb1756b5f2b297227fdc82bc99a76fcdd330e
length_06_s2609272302,length,6,2609272302,PATH,42,0.14454397707459277,1227374,224953,0,0,192506,32447,31822,4,625,4909496,0.9998726956901482,8.028737549961079,2.03611596202245,True,passed,5adbef64fca37a99efea4e984fbaa30c84afdb20af82072decc9c1c0251e398f
length_06_s2609272302,length,6,2609272302,PATH,43,0.1380384264602885,1227374,227319,0,0,193941,33378,32563,4,815,4909496,0.9998339951799533,8.165746373008005,2.064622695033904,True,passed,c4a5ea102605dc1da3b35ef58bfcd6f45c4f83cd7b67c00764094edf9ea64afc
length_06_s2609272302,length,6,2609272302,PATH,44,0.1318256738556407,1227374,229796,0,0,195459,34337,33286,4,1051,4909496,0.9997859250725533,8.239155772025697,2.0844759549945593,True,passed,4477ef8e25c7e6a6ba462c3c4c3cebbbbbc2aa0059d87d1867ff83fac3a928f7
length_06_s2609272302,length,6,2609272302,PATH,45,0.12589254117941673,1227374,233007,0,0,197673,35334,33994,4,1340,4909496,0.9997270595596778,8.380522619001567,2.1097390680224635,True,passed,6dcd8396fd966ae2b1ee5ffedfa832527697f2d290b77479697f57acdf1dde68
length_06_s2609272302,length,6,2609272302,PATH,46,0.12022644346174129,1227374,236481,0,0,200190,36291,34587,4,1704,4909496,0.9996529175296202,8.612492751039099,2.1397160490159877,True,passed,a948fd8a9189445c3b64a16eaf4fb41b70bcebf6e63766398bc246a5011b7b61
length_06_s2609272302,length,6,2609272302,PATH,47,0.1148153621496883,1227374,239879,0,0,202522,37357,35204,4,2153,4909496,0.9995614621134227,8.69238696998218,2.146346445020754,True,passed,1d22fd2686cb237316139d767603c3e6a3d6289b99a1f482f047e199c549145c
length_06_s2609272302,length,6,2609272302,PATH,48,0.1096478196143185,1227374,244652,0,0,206141,38511,35828,4,2683,4909496,0.9994535080586684,8.859280241944361,2.17042301496258,True,passed,589b57140fbb3263d9fdc394453789e8580fff0d43b697944aca64aafa92f3f5
length_06_s2609272302,length,6,2609272302,PATH,49,0.10471285480508996,1227374,249273,0,0,209606,39667,36392,4,3275,4909496,0.9993329254163767,9.089756624016445,2.2144912619842216,True,passed,273031b4d25a4448678064a047b9a0b45a001816d41228e4dfe800e51e94abcb
length_06_s2609272302,length,6,2609272302,PATH,50,0.1,1227374,310955,0,0,261076,49879,46024,5,3855,6136870,0.9993718296134675,11.267046796972863,2.225326692976523,True,passed,bbb909e3ccdbeeb15961d9be32971236924b96c2e95a944728663056074e50cf
length_06_s2609272302,length,6,2609272302,PATH,51,0.09549925860214359,1227374,258832,0,0,216624,42208,37654,4,4554,4909496,0.9990724098766961,9.416812231007498,2.2428874490433373,True,passed,6ff4a331663c2b1874dc5c3e93845e99c08ae5cee8754aa5b3739d2f65324627
length_06_s2609272302,length,6,2609272302,PATH,52,0.09120108393559097,1227374,324104,0,0,270934,53170,47892,5,5278,6136870,0.999139952451331,11.717787212051917,2.2941503989859484,True,passed,abbd34c330e0f9bc6533b73df2e13cfe8ab198ea771126143e3e2d33e2968755
length_06_s2609272302,length,6,2609272302,PATH,53,0.08709635899560805,1227374,285474,0,0,238697,46777,38595,4,8182,4909496,0.9983334338188685,10.4355245269835,2.3242942969664,True,passed,ed2b544e67bb58a052cc31191526ec701e87ec7abc0eb71d2afa35f95bc935e5
length_06_s2609272302,length,6,2609272302,PATH,54,0.08317637711026708,1227374,277696,0,0,231315,46381,39788,4,6593,4909496,0.9986570922962357,10.063155520008877,2.3672648709616624,True,passed,3b09a8d785211c31a480b6570b79817505db07d3fe841a8b7f13644b1ad10867
length_06_s2609272302,length,6,2609272302,PATH,55,0.07943282347242814,1227374,285381,2,0,237419,47960,40674,4,7286,4909496,0.9985159372774721,10.396907721995376,2.405621351033915,True,passed,5481fd58e450be1932d5bce4f554d52640803ca3e14c6778ac3034efe7e690eb
length_06_s2609272302,length,6,2609272302,PATH,56,0.07585775750291836,1227374,295309,2,0,245419,49888,41924,4,7964,4909496,0.9983778375621448,10.721495908976067,2.443479797046166,True,passed,5bc8d109b6519e794d9355cbdff2ab09c756ed399cbfd6d5964363ee09f2ce96
length_06_s2609272302,length,6,2609272302,PATH,57,0.07244359600749903,1227374,306721,16,0,254639,52066,43488,4,8578,4909496,0.9982527738081465,11.090460501960479,2.5190678409999236,True,passed,744f70e1edddc6aca7538701a2afd5c5b23fc57aa71217d65e18b38ff6d762e8
length_06_s2609272302,length,6,2609272302,PATH,58,0.06918309709189366,1227374,320218,67,0,265776,54375,45276,4,9099,4909496,0.998146652935454,11.604045743995812,2.5958965700119734,True,passed,d862b2fa1e0dfa81f437441d0365a4b1685b75217437e2aa567db329276095f6
length_06_s2609272302,length,6,2609272302,PATH,59,0.06606934480075961,1227374,371934,414,0,306207,65313,47142,4,18171,4909496,0.9962988054170937,13.476874287996907,2.651660231000278,True,passed,5df228757295227439ac5da7fa1acc3cb83185e1e8534cd3f9db2b3524864a2e
length_06_s2609272302,length,6,2609272302,PATH,60,0.06309573444801933,1227374,346552,520,0,287354,58678,49141,4,9537,4909496,0.9980574380751099,12.42395419802051,2.744615773030091,True,passed,1cee503c1b03dc5b2c36098e9a0cc12e9183e328e00d65913913d747389ec6e1
length_06_s2609272302,length,6,2609272302,PATH,61,0.06025595860743578,1227374,365652,1175,0,302793,61684,51846,4,9838,4909496,0.9979961283194854,13.0780989130144,2.8175474270246923,True,passed,c066af60a274cd6d722cda26a9f556a2aa6d9426fc4c8ed3bc63fe88e3ba44a7
length_06_s2609272302,length,6,2609272302,PATH,62,0.057543993733715694,1227374,459224,4838,0,375809,78577,58899,4,19678,4909496,0.9959918492651791,16.150723542028572,2.9373650059569627,True,passed,ec36ca0295842a8b343f370aee227e558cd30e76db904bdc9911efdcacc69ee2
length_06_s2609272302,length,6,2609272302,PATH,63,0.054954087385762455,1227374,420536,4139,0,346733,69664,59281,4,10383,4909496,0.9978851189612946,14.752216230030172,3.0099737829877995,True,passed,c3b634dfb06ebf89ce78e4f27254c1f9af2038862ab4acd16e0d566b3eb63ace
length_06_s2609272302,length,6,2609272302,PATH,64,0.05248074602497726,1227374,452588,7053,0,371303,74232,63613,4,10619,4909496,0.9978370488538946,15.782974281988572,3.1104192640050314,True,passed,15cbc7e821c20c5e4153058c52cee42eb44926fb2c4a4785d6db3f8e8c48bb0a
length_06_s2609272302,length,6,2609272302,PATH,65,0.05011872336272722,1227374,492377,11505,0,401384,79488,68601,4,10887,4909496,0.9977824607658301,16.845692177012097,3.19896205997793,True,passed,044135a1ed68e5347debf3f13579a9c5adf5a90b173c839b702c1d2bd14ab067
length_06_s2609272302,length,6,2609272302,PATH,66,0.047863009232263824,1227374,709726,36936,0,563423,109367,87759,4,21608,4909496,0.9955987335563569,23.2839516090462,3.3191153170191683,True,passed,e4c27c98b1903556ae5d2caff6221ca1ab54517917080271dbffe0a6c793fa8e
length_06_s2609272302,length,6,2609272302,PATH,67,0.04570881896148749,1227374,926782,56809,0,728435,141538,117183,5,24355,6136870,0.9960313645229572,29.944378204992972,3.4526981780072674,True,passed,b786ae5e581a3eed26921327967e1fe3486913e86072a89066a82d3cd0193d50
length_06_s2609272302,length,6,2609272302,PATH,68,0.043651583224016584,1227374,672605,42443,0,527367,102795,89856,4,12939,4909496,0.9973644952557248,21.65330751397414,3.572620386024937,True,passed,d86f1ee6ff3f4dd3a36aef8c4e7070e9db29458764a02bbd6104c3418ce0ec5a
length_06_s2609272302,length,6,2609272302,PATH,69,0.04168693834703355,1227374,1182420,124931,0,886611,170878,144775,5,26103,6136870,0.9957465287679224,36.086000112001784,3.742222245025914,True,passed,fe7c84a458776b120d946b0ffd10ffa4519aa1b40c6daa54835929b6cd42c329
length_06_s2609272302,length,6,2609272302,PATH,70,0.039810717055349734,1227374,873494,91078,0,652275,130141,113043,4,17098,4909496,0.9965173614562473,26.769945745996665,3.9182617369806394,True,passed,bcc3d5c3a750ba398b3a3b959958b1acd59abc36b803a889ad3d01c12927ece1
length_06_s2609272302,length,6,2609272302,PATH,71,0.038018939632056124,1227374,1563266,246137,0,1094727,222402,188997,5,33405,6136870,0.9945566713976343,44.6557603450492,4.100755002989899,True,passed,06af6e4ade162a2622e4ac40878ca24c7344700a794c136f8374d1a61b14c8c7
length_06_s2609272302,length,6,2609272302,PATH,72,0.03630780547701014,1227374,1786656,328436,0,1202909,255311,216774,5,38537,6136870,0.9937204144783904,49.53073045104975,4.333763356960844,True,passed,ca81f3f1e1cdd0668e14ff06ffa357d2886e29984945a761b14c2932c15ac5f2
length_06_s2609272302,length,6,2609272302,PATH,73,0.034673685045253165,1227374,1235696,214705,0,836192,184799,161081,4,23718,4909496,0.9951689542062974,35.19128005800303,4.572136453003623,True,passed,f8b809bae29fd9942129088e0cd075a69a395373667a4a5abb5e10b7254f48b6
length_06_s2609272302,length,6,2609272302,PATH,74,0.03311311214825911,1227374,2214820,514363,0,1367172,333285,284826,5,48459,6136870,0.9921036293745834,59.15771367796697,4.82543067401275,True,passed,d7878007335a2a41260ee7506b15236f5cf07cd9a3ba9e838bbd6ff7d45ccb3f
length_06_s2609272302,length,6,2609272302,PATH,75,0.03162277660168379,1227374,1599734,343178,0,1009498,247058,213366,4,33692,4909496,0.9931373811079589,43.94223697198322,5.189223564986605,True,passed,4c049d6c1868dc6a2c66a994395141f702de68e12fcdbed1e01f888511ea6fbf
length_06_s2609272302,length,6,2609272302,PATH,76,0.03019951720402016,1227374,2665998,706755,0,1525811,433432,371312,5,62120,6136870,0.9898775760281707,69.86367242096458,5.5213433129829355,True,passed,5449bf8152605045486ff07bd43f65f5ca3596c64e1fd3c2ff4e010e17a03550
length_06_s2609272302,length,6,2609272302,PATH,77,0.028840315031266057,1227374,1751189,420369,0,1028941,301879,262157,4,39722,4909496,0.9919091491265091,47.14468838099856,6.0097655249992386,True,passed,34246df06c9063e29083aac1de99be6022f86d5e127154847ba8d48fcf9026f2
length_06_s2609272302,length,6,2609272302,PATH,78,0.02754228703338166,1227374,3256847,946943,0,1711284,598620,501165,5,97455,6136870,0.9841197548587473,83.66075692197774,6.510057728039101,True,passed,70d3adc52fea2584c72320fb50b9a190fc316ac1a4a2418c6764acf4dde1d143
length_06_s2609272302,length,6,2609272302,PATH,79,0.026302679918953815,1227374,2162040,556458,1,1201680,403901,343920,4,59981,4909496,0.9877826563052501,58.061827089986764,7.1139784079859965,True,passed,19357876327ecdd34bfd79c9502150f89301192bf3b3acd9d5241024a4273898
length_06_s2609272302,length,6,2609272302,PATH,80,0.025118864315095794,1227374,3834113,1180995,2,1859004,794112,651928,5,142184,6136870,0.976831185930287,98.87424607004505,7.807204297045246,True,passed,227ee679e554151b2f84118f76a9f6b7b726ec4d466ea524f54ae6c4104657bf
length_06_s2609272302,length,6,2609272302,PATH,81,0.023988329190194897,1227374,3919809,1211126,6,1840829,867848,703285,5,164563,6136870,0.973184538698066,102.7830779789947,8.492248553957324,True,passed,8dd545040a690112d1d08e7cfbd527ca443a61f305f66ee24e2e227d4a8aef00
length_06_s2609272302,length,6,2609272302,PATH,82,0.022908676527677734,1227374,4210144,1336969,18,1892611,980546,779313,5,201233,6136870,0.9672091799239677,110.54028284095693,9.285464319982566,True,passed,4a3b600c6e8e570eb0b082f7f3f8620eb47fdc1042b2c96022f30bf5128b7de6
length_06_s2609272302,length,6,2609272302,PATH,83,0.02187761623949553,1227374,4599659,1518092,50,1966362,1115155,866870,5,248285,6136870,0.9595420792684218,121.21373684098944,10.182422348996624,True,passed,a605f0fe996b32b74a45dd56120162a236ec22306070291f86c4c45b2ca8bb08
length_06_s2609272302,length,6,2609272302,PATH,84,0.020892961308540396,1227374,4730439,1584600,92,1954532,1191215,893473,5,297742,6136870,0.9514830850254282,123.6989651080221,11.271150051965378,True,passed,f411bc958ed82eba88a99b388b4f338e855f7859a86038fec9020b66a4323f25
length_06_s2609272302,length,6,2609272302,PATH,85,0.0199526231496888,1227374,6379340,2245393,161,2592780,1541006,1154500,6,386506,7364244,0.9475158617775293,162.75973153999075,12.419280797010288,True,passed,60de796a8aa24ffaabda7c819be8dc72caa801baedf552abd57ba7c2dc025197
length_06_s2609272302,length,6,2609272302,PATH,86,0.019054607179632473,1227374,5726646,2130414,316,2126062,1469854,1019745,5,450109,6136870,0.9266549560280729,144.88083025097148,13.635552025982179,True,passed,e96136644ed1ea90f438aa0c8b03f5591219fc640f18ae227d3f8d9ea8c8a4f5
length_06_s2609272302,length,6,2609272302,PATH,87,0.018197008586099836,1227374,7612028,2977570,599,2714442,1919417,1346611,6,572806,7364244,0.9222179493237866,188.22053764894372,14.847007905016653,True,passed,da23b94ed118b8a1b98255437f6d4518e3aef12f48476350ed3fb880a926b106
length_06_s2609272302,length,6,2609272302,PATH,88,0.017378008287493755,1227374,6115722,2363744,526,2275330,1476122,1096189,5,379933,6136870,0.9380901013057145,149.2601420810097,16.180250811041333,True,passed,52ec52971e12a21f58f93de608ac89a36c63ed44af4e6e0c4a77d7cf8192d2af
length_06_s2609272302,length,6,2609272302,PATH,89,0.016595869074375606,1227374,9010908,3982434,1852,2750204,2276418,1476910,6,799508,7364244,0.8914337982283043,209.32024284399813,17.484865464037284,True,passed,46b626e1516927851161429aaf68207c442329352c9a6e0e8fa80b68fb28dbb0
length_06_s2609272302,length,6,2609272302,PATH,90,0.015848931924611134,1227374,9874924,4620073,2828,2648316,2603707,1664318,6,939389,7364244,0.8724391804508378,225.73806065996177,18.7963124300004,True,passed,d5e9ff0a55c3fea9509c66375fac6fe04eae5c31d1516fc2e5e51568569c0ae3
length_06_s2609272302,length,6,2609272302,PATH,91,0.01513561248436208,1227374,10457009,5162559,4387,2602033,2688030,1661846,6,1026184,7364244,0.8606531777056816,230.39594565803418,20.23503450502176,True,passed,3969a887a6baf943053fb97f12ffac34951a2fc44860c9f00c4d35bc9e057482
length_06_s2609272302,length,6,2609272302,PATH,92,0.014454397707459272,1227374,11284684,5858085,6488,2462877,2957234,1792760,6,1164474,7364244,0.8418746038289877,240.77826291299425,21.612801901996136,True,passed,9e0a923ee3011203623260378e3a9ae42611ec6d624dc926ed19cb308cc89ce7
length_06_s2609272302,length,6,2609272302,PATH,93,0.013803842646028845,1227374,12411323,6730801,8896,2211638,3459988,2059451,6,1400537,7364244,0.8098193107126814,263.26184026000556,23.04549600800965,True,passed,db94b5fa2c02138cb2e048fc7388d07b5c7590fe8a74fab425978c9d07295ef5
length_06_s2609272302,length,6,2609272302,PATH,94,0.013182567385564075,1227374,12919603,7182116,10785,2083571,3643131,2108011,6,1535120,7364244,0.7915441150510494,271.69810773601057,24.62806592398556,True,passed,9db3bf890687a73b4490aec8bcd3fe78371382af5da8e6862721c723b32bc934
length_06_s2609272302,length,6,2609272302,PATH,95,0.012589254117941675,1227374,13147816,7389097,11949,2026319,3720451,2083384,6,1637067,7364244,0.777700603076161,276.1263295490062,25.774966800003313,True,passed,06fc26408f70039327e49d46d64719429cdc491d5cc9ddbc471e2e83ee8c7543
length_06_s2609272302,length,6,2609272302,PATH,96,0.012022644346174132,1227374,13596421,7700270,12566,1977768,3905817,2086699,6,1819118,7364244,0.7529796677024825,282.1516305599944,27.19518485397566,True,passed,45d481ff881b084900c77125c8ed5e66262bc52be180f779b1f1012159859f20
length_06_s2609272302,length,6,2609272302,PATH,97,0.01148153621496883,1227374,13737395,7787104,12696,1968419,3969176,2015414,6,1953762,7364244,0.734696188773756,287.57691881700885,28.41503959801048,True,passed,82544970f3406c0538bafd9023ccda29316eb05b18c8989929060b3cad523dd7
length_06_s2609272302,length,6,2609272302,PATH,98,0.01096478196143185,1227374,14923476,8671871,13777,1916018,4321810,2031568,6,2290242,7364244,0.6890051443162394,306.2777740599704,29.397243126994,True,passed,404a7ce239e506f5aa70306e75f8bf53ec33b7181835bc685979250a812b8a46
length_06_s2609272302,length,6,2609272302,PATH,99,0.010471285480508996,1227374,14710719,8480281,13418,1926892,4290128,1944922,6,2345206,7364244,0.6815415132904341,304.50095929199597,30.56995628401637,True,passed,ec48949de0ca1d4a925bf9b7519d659ffb92a78041264052d588eef916ad5958
length_06_s2609272302,length,6,2609272302,PATH,100,0.01,1227374,15040450,8729875,13753,1901077,4395745,1864555,6,2531190,7364244,0.6562865108760655,310.22838130098535,31.975395016022958,True,passed,32e2fac479c73ca1ba9f1bab06dd25f53c90003ec29717a683f2438bb70067fe
length_06_s2609272303,length,6,2609272303,PATH,0,1.0,1135274,0,0,0,0,0,0,0,0,0,,0.014375843980815262,0.09670227201422676,True,passed,d62b416f5c2d8c02707db7603b14b36367e6b04bef3099f799a4ce016242de02
length_06_s2609272303,length,6,2609272303,PATH,1,0.954992586021436,1135274,22417,0,0,21210,1207,1185,4,22,4541096,0.9999951553545664,0.8003029350074939,0.11934767896309495,True,passed,e0502a366ecac35cdc4a2ed7b7957f8b885f94282bfcb09fed0f7353ba575c77
length_06_s2609272303,length,6,2609272303,PATH,2,0.9120108393559098,1135274,18821,0,0,17850,971,960,4,11,4541096,0.9999975776772831,0.6848013210110366,0.14780086401151493,True,passed,b24bacea2fbac61b44a67eba5a727313f853c494900289eb74cdd37e06d03ff0
length_06_s2609272303,length,6,2609272303,PATH,3,0.8709635899560807,1135274,23202,0,0,21964,1238,1226,4,12,4541096,0.9999973574661272,0.8255570109467953,0.1749599830363877,True,passed,88c51892dd46225afaed3b73718894f7aef88214784b547f1b7f88694dd2d380
length_06_s2609272303,length,6,2609272303,PATH,4,0.831763771102671,1135274,28309,0,0,26763,1546,1530,4,16,4541096,0.9999964766215028,0.991263592033647,0.20717465801863,True,passed,8c9775d8693b2c9f1e29dea5a158a3ed1aeba4aa4740b7ba4c0b7ef5126eddc1
length_06_s2609272303,length,6,2609272303,PATH,5,0.7943282347242815,1135274,35105,0,0,33146,1959,1937,4,22,4541096,0.9999951553545664,1.2169749659951776,0.2514310770202428,True,passed,625b5d5b18164203cdaddbed297a7edc3e3f523b46259a90c9e5a7d4f104e262
length_06_s2609272303,length,6,2609272303,PATH,6,0.7585775750291838,1135274,51426,0,0,48397,3029,2969,4,60,4541096,0.9999867873306356,1.740637014969252,0.29020485799992457,True,passed,d03d76e03e9e17983eb84822edc708bf15c02925074a812023f248a1d79c6fa9
length_06_s2609272303,length,6,2609272303,PATH,7,0.72443596007499,1135274,33285,0,0,31375,1910,1886,3,24,3405822,0.9999929532430056,1.1403594110161066,0.3168332200148143,True,passed,b7763db45e3a73a02bcd7711bc4dbfeb599c66b923ef0cc3c3ac33f205bd7f53
length_06_s2609272303,length,6,2609272303,PATH,8,0.6918309709189365,1135274,37345,0,0,35191,2154,2127,3,27,3405822,0.9999920723983814,1.2649408400175162,0.3508069440140389,True,passed,1de302ffec53865d8d56dc80ef0f3885f69193dd95e61ac8977777e4dffea1b9
length_06_s2609272303,length,6,2609272303,PATH,9,0.660693448007596,1135274,61603,5,0,57954,3644,3590,4,54,4541096,0.999988108597572,2.060015796974767,0.38249949796590954,True,passed,c2a43f58a079291bd49e57dbba6d16efcfc148814e6a59540615620706dfb960
length_06_s2609272303,length,6,2609272303,PATH,10,0.6309573444801932,1135274,50384,0,0,47510,2874,2855,4,19,4541096,0.9999958159880346,1.7087792289676145,0.4045817279838957,True,passed,fbda7d6aa6a9f4cb1dd12541d7e939c5258c2f10928c4fe948b1167e95edb583
length_06_s2609272303,length,6,2609272303,PATH,11,0.6025595860743578,1135274,54098,2,0,50976,3120,3100,4,20,4541096,0.9999955957768786,1.8463950690347701,0.4322319359635003,True,passed,e55d2ac8996d828c878909ae696f8e4192d07b8516d9e2edc856f67dfa30eea0
length_06_s2609272303,length,6,2609272303,PATH,12,0.5754399373371569,1135274,57454,4,0,54118,3332,3311,4,21,4541096,0.9999953755657225,1.9253683399874717,0.45475647901184857,True,passed,14a02afd24cc8cfb5184535026a381a62564c50ae06c69472ba7bc51bf69eab9
length_06_s2609272303,length,6,2609272303,PATH,13,0.5495408738576245,1135274,75165,5,0,70762,4398,4371,5,27,5676370,0.9999952434390288,2.529254170949571,0.4891695480328053,True,passed,96893031e168134b4437d196b3494868b290e4068fe49e5a3dcf3292159b5a84
length_06_s2609272303,length,6,2609272303,PATH,14,0.5248074602497725,1135274,66588,6,0,62556,4026,4002,4,24,4541096,0.9999947149322542,2.2331655439920723,0.5247381899971515,True,passed,b6cf1c12c87aacfd5b1e5c67b880f00bc84a9e15840b607165e2f1e8126bd5ca
length_06_s2609272303,length,6,2609272303,PATH,15,0.5011872336272722,1135274,55841,10,0,52380,3451,3427,3,24,3405822,0.9999929532430056,1.858007661998272,0.5571112890029326,True,passed,067632361bc3cd94ae5a1c9f679627d0017910c470d8bf790bf9322bd808ef6c
length_06_s2609272303,length,6,2609272303,PATH,16,0.4786300923226383,1135274,77357,17,0,72518,4822,4790,4,32,4541096,0.9999929532430056,2.5461367669631727,0.5887970669427887,True,passed,f898e1680e445cda903ae4ed77750a9ee4fff64af65e8feb6ca80214c6e11f11
length_06_s2609272303,length,6,2609272303,PATH,17,0.457088189614875,1135274,83502,22,0,78179,5301,5264,4,37,4541096,0.9999918521872253,2.7493450269685127,0.6274101239978336,True,passed,232ae652549449f461251575c90b3f3337ed5d1177c6f12d4be7ce40ae4a6df0
length_06_s2609272303,length,6,2609272303,PATH,18,0.436515832240166,1135274,90242,32,0,84393,5817,5771,4,46,4541096,0.9999898702868206,2.963618183042854,0.6790025199879892,True,passed,a0ef6e2412791684df7948fa469ff5c5c4690da0fb97fbd2e87a29f80c910cba
length_06_s2609272303,length,6,2609272303,PATH,19,0.4168693834703354,1135274,98483,46,0,91949,6488,6431,4,57,4541096,0.9999874479641038,3.2202106910408475,0.739117989956867,True,passed,08811b8ef66a4368386ee684e55ad29429bb649355a8ddc1072276122d06d969
length_06_s2609272303,length,6,2609272303,PATH,20,0.3981071705534972,1135274,114242,64,0,106382,7796,7697,4,99,4541096,0.9999781990955487,3.7314821050385945,0.7635374160017818,True,passed,7e355135080df434d4776e300fbaf0bac4751c2d2e07b319926b1ffb3cdc0361
length_06_s2609272303,length,6,2609272303,PATH,21,0.3801893963205612,1135274,98856,36,0,92282,6538,6511,4,27,4541096,0.9999940542987861,3.264851487998385,0.7872619850095361,True,passed,379829d770f19c29747d21b2692ad6385d52ad2536c6a39c639fe870d75e1f60
length_06_s2609272303,length,6,2609272303,PATH,22,0.36307805477010135,1135274,102062,39,0,95220,6803,6775,4,28,4541096,0.99999383408763,3.359244139981456,0.8033815210219473,True,passed,710a9fd82eb343f1461d17f9f5accf6820834492341b07c3224d5c9f29fc7ab8
length_06_s2609272303,length,6,2609272303,PATH,23,0.3467368504525316,1135274,129276,56,0,120545,8675,8643,5,32,5676370,0.9999943625944046,4.209528454986867,0.8283592630177736,True,passed,e5469402fd5c40a9250ed6a847dac9291e4c5c40b8098d510a3e7e0970e9ba2a
length_06_s2609272303,length,6,2609272303,PATH,24,0.3311311214825911,1135274,109574,57,0,102083,7434,7400,4,34,4541096,0.9999925128206935,3.5718044110108167,0.856512093974743,True,passed,0e8aa01c2d3407529682373180f86e31adca6283e256c2a0b41dececd70a86da
length_06_s2609272303,length,6,2609272303,PATH,25,0.31622776601683794,1135274,114208,59,0,106356,7793,7752,4,41,4541096,0.999990971342601,3.7186060250387527,0.8924082290031947,True,passed,0bfb9abf7881b7663a07652b94cd558bb040269dbebc7f1b71c08c1ec06f8370
length_06_s2609272303,length,6,2609272303,PATH,26,0.3019951720402016,1135274,118274,67,0,110084,8123,8075,4,48,4541096,0.9999894298645085,3.878465778019745,0.9131691560032777,True,passed,d1107e4f46f0db26f2a6d8e2aa97c4cb5f0dbb5c2f9bf76d9b274a88cae58045
length_06_s2609272303,length,6,2609272303,PATH,27,0.28840315031266056,1135274,122450,76,0,113904,8470,8419,4,51,4541096,0.9999887692310403,4.017617328965571,0.9365296809701249,True,passed,785b2e9fb2c99d3fdd855bbd6d049c737b557402b33951e822e0a0207e524fb4
length_06_s2609272303,length,6,2609272303,PATH,28,0.2754228703338166,1135274,127052,90,0,118089,8873,8818,4,55,4541096,0.999987888386416,4.148969852016307,0.9751932439976372,True,passed,ee9bca96a5437b319c59494f6ecccdef878f4c8a4596f8f217ca795fe8403e01
length_06_s2609272303,length,6,2609272303,PATH,29,0.2630267991895382,1135274,160675,123,0,149277,11275,11207,5,68,5676370,0.9999880205131096,5.192314665007871,1.0029671079828404,True,passed,c4cfc22dd6543490fa35b7651de644ae5153860f339dc5f1a62920d35be6bd6c
length_06_s2609272303,length,6,2609272303,PATH,30,0.251188643150958,1135274,136731,123,0,126859,9749,9675,4,74,4541096,0.9999837043744506,4.447667055996135,1.0303229859564453,True,passed,36a7a7937312ccc636281ab8566fb98ff870530365acd6a8b977ad0a7985e9ae
length_06_s2609272303,length,6,2609272303,PATH,31,0.23988329190194904,1135274,141938,153,0,131554,10231,10143,4,88,4541096,0.9999806214182655,4.585709420032799,1.0641754700336605,True,passed,f878c360f0d4dc363ce326ca96d3213dc4f32b60ad3a4c4a0f1073631810f694
length_06_s2609272303,length,6,2609272303,PATH,32,0.2290867652767773,1135274,147518,162,0,136620,10736,10626,4,110,4541096,0.9999757767728319,4.798966577043757,1.1010870729805902,True,passed,03ce75fb2c7eb5158fd454c0a7b6ae9c99b9da5cad32bc2385e66234a7b02cd6
length_06_s2609272303,length,6,2609272303,PATH,33,0.21877616239495523,1135274,153289,173,0,141870,11246,11110,4,136,4541096,0.999970051282774,4.950008508982137,1.1315680289990269,True,passed,590c8fddc9d87ecc51d57cd72815de0aa9b571ae445c29ca99184f4504aa1237
length_06_s2609272303,length,6,2609272303,PATH,34,0.20892961308540392,1135274,159334,191,0,147352,11791,11633,4,158,4541096,0.9999652066373405,5.1876366779906675,1.1747344360337593,True,passed,97cd2554b9fa0b67d12c0cffbd30def4609649ca293d8c307b92a6cd8bf86bb9
length_06_s2609272303,length,6,2609272303,PATH,35,0.19952623149688797,1135274,166314,203,0,153722,12389,12205,4,184,4541096,0.9999594811472825,5.362393471004907,1.21296303300187,True,passed,d88e08e3229a2e984bf80762e1e74badd9be557220378af476cf13fd86883643
length_06_s2609272303,length,6,2609272303,PATH,36,0.19054607179632474,1135274,173159,214,0,159901,13044,12807,4,237,4541096,0.9999478099560106,5.5963667330215685,1.257647025049664,True,passed,224dae0a86b4f7924c4eeb72602e398aab00189a071e8717def69a0fe618c7d7
length_06_s2609272303,length,6,2609272303,PATH,37,0.18197008586099836,1135274,180563,230,0,166618,13715,13418,4,297,4541096,0.9999345972866462,5.832988205016591,1.3020304999663495,True,passed,bf97d7fa1fc939a61f8b27ee55c82dbe31d60b6670ceb61e8513f9d24920a2d8
length_06_s2609272303,length,6,2609272303,PATH,38,0.17378008287493754,1135274,188709,244,0,173984,14481,14136,4,345,4541096,0.9999240271511547,6.057847323012538,1.3619228649768047,True,passed,f98e58d57eda68b7020c8e761d38086c38c8cb6d83e1e3277a2122613b39bf34
length_06_s2609272303,length,6,2609272303,PATH,39,0.16595869074375605,1135274,197182,264,0,181584,15334,14907,4,427,4541096,0.9999059698363567,6.378347085032146,1.4091121820383705,True,passed,2d02f064db7b51b4daf759da29f91407bb2635ff97f92ab024f8c3815d177daa
length_06_s2609272303,length,6,2609272303,PATH,40,0.15848931924611134,1135274,248429,333,0,228730,19366,18867,5,499,5676370,0.9999120917064955,7.976044279988855,1.4625306749949232,True,passed,40a62b541c8dd0f2d6a4308316ed7c3bfccef43f7937cdca47f94090cf967dab
length_06_s2609272303,length,6,2609272303,PATH,41,0.15135612484362082,1135274,214946,310,0,197509,17127,16529,4,598,4541096,0.9998683137286681,6.879737638984807,1.521689385001082,True,passed,d455d8f814154f22bcd2bb708cb3494c6a0764cd13733e87499a384c141c2149
length_06_s2609272303,length,6,2609272303,PATH,42,0.14454397707459277,1135274,257680,437,0,235500,21743,20375,4,1368,4541096,0.9996987511384917,8.289915242989082,1.5785727910115384,True,passed,1821ace558118f525db4e5a21e8095c972cd482b2f8600300aea61dcda7c02df
length_06_s2609272303,length,6,2609272303,PATH,43,0.1380384264602885,1135274,240060,390,0,219911,19759,18936,4,823,4541096,0.9998187662185516,7.686247060017195,1.6403915439732373,True,passed,5afad0ba10f48eb2c14c107dc5adff6fbfbbea060931467367aea315191c537c
length_06_s2609272303,length,6,2609272303,PATH,44,0.1318256738556407,1135274,250311,422,0,229002,20887,19927,4,960,4541096,0.9997885972901696,8.043905781989451,1.7051864450331777,True,passed,d156f60ef37261799b1c656447cfca5a8ff192e14338591c60348327c714f6b7
length_06_s2609272303,length,6,2609272303,PATH,45,0.12589254117941673,1135274,265710,462,0,242665,22583,21447,4,1136,4541096,0.9997498401267007,8.553690450033173,1.7788673649774864,True,passed,f9c349aef5e656d289fc32e78bbfdf34e1818291f0cd01bdb544b6eaccdebd8d
length_06_s2609272303,length,6,2609272303,PATH,46,0.12022644346174129,1135274,274652,482,0,250558,23612,22350,4,1262,4541096,0.9997220935210355,8.77812139102025,1.8373854160308838,True,passed,996dccad86f046ea3ba1f501e759d7240908102c916721bbf2c8ec7129a9a02f
length_06_s2609272303,length,6,2609272303,PATH,47,0.1148153621496883,1135274,283513,505,0,258296,24712,23304,4,1408,4541096,0.9996899426922488,9.10620130598545,1.9148716410272755,True,passed,d3b44e790086ccbbc5b4953fc34a0c7b32f9b110d76ad2ba81f2d4e26ef86824
length_06_s2609272303,length,6,2609272303,PATH,48,0.1096478196143185,1135274,333782,668,0,301646,31468,28427,4,3041,4541096,0.999330337874381,10.719013589958195,2.0028388949576765,True,passed,393a28bd019818a187ae8622656bcad305155b51cc4f72b11a566b1314fe78ab
length_06_s2609272303,length,6,2609272303,PATH,49,0.10471285480508996,1135274,300675,557,0,273130,26988,25295,4,1693,4541096,0.9996271825127678,9.63081752997823,2.082717787998263,True,passed,6d34730e58a1af12eea2f2e42db8181d03bcfe2fbc6d26f781b3ff962aa11f30
length_06_s2609272303,length,6,2609272303,PATH,50,0.1,1135274,397340,757,0,360375,36208,34148,5,2060,5676370,0.9996370920147911,12.749945649993606,2.175019998976495,True,passed,198f398a2e3cb8be2d7702d1d8b6b8a70ee74bd46e63fb6a1bba747d84e38137
length_06_s2609272303,length,6,2609272303,PATH,51,0.09549925860214359,1135274,381234,818,0,341823,38593,34631,4,3962,4541096,0.9991275233996374,12.30637615302112,2.2625471339561045,True,passed,979e1c49cab0d5beed740ca3d7696b1828bf69da7979cd8987a34168e008f867
length_06_s2609272303,length,6,2609272303,PATH,52,0.09120108393559097,1135274,396191,861,0,354175,41155,36923,4,4232,4541096,0.9990680663874977,12.802371210011188,2.362417172989808,True,passed,7fb890cbee4a34a176fe2f2b6c1ea8f302effa41651bafc7daeebc293720e86f
length_06_s2609272303,length,6,2609272303,PATH,53,0.08709635899560805,1135274,370513,753,0,333163,36597,34160,4,2437,4541096,0.9994633454126493,11.942099332984071,2.466100905032363,True,passed,0c05f791ebd8fbb836d7aa79862ee9175521634815f224c7ef8bfebfc7f9fd1b
length_06_s2609272303,length,6,2609272303,PATH,54,0.08317637711026708,1135274,469329,939,0,421956,46434,43667,5,2767,5676370,0.999512540584916,15.117590025998652,2.5679260339820758,True,passed,5b1563f02bea5cd49fb89f24faa5449805469d04470e13853ff87024ea532b43
length_06_s2609272303,length,6,2609272303,PATH,55,0.07943282347242814,1135274,409748,853,0,366168,42727,39770,4,2957,4541096,0.9993488356114911,13.186248355021235,2.698985619994346,True,passed,dc80b677404ba97a907068da68965d33b9fbb246eb7ac5d0ebb93fae657d8aba
length_06_s2609272303,length,6,2609272303,PATH,56,0.07585775750291836,1135274,461115,1036,0,406371,53708,48186,4,5522,4541096,0.998783993996163,15.042529998987447,2.7984162800130434,True,passed,23e09b4916b75bb72abdd60c3b3aaaef2fdce74a7151708682ac5e01a00fb546
length_06_s2609272303,length,6,2609272303,PATH,57,0.07244359600749903,1135274,431311,899,0,383674,46738,43644,4,3094,4541096,0.9993186666831091,13.996889129979536,2.9163035419769585,True,passed,232e33eac7479952f0c7c204936fffb55377006a56b36b7cf53f9ea6f941afd6
length_06_s2609272303,length,6,2609272303,PATH,58,0.06918309709189366,1135274,446764,944,0,396196,49624,46337,4,3287,4541096,0.9992761659299869,14.476542214048095,3.007000876008533,True,passed,30aea8fc5160f1f656e4c0068b00c7e1f9ab811cded0bbc1270f9012aa4f8a9c
length_06_s2609272303,length,6,2609272303,PATH,59,0.06606934480075961,1135274,464295,1000,0,410472,52823,49306,4,3517,4541096,0.99922551736409,15.200718775973655,3.147763283981476,True,passed,d476d64d270af96f641d40ddf1917359bada03e4dd3791b6d2c890fe8775d616
length_06_s2609272303,length,6,2609272303,PATH,60,0.06309573444801933,1135274,483488,1078,0,426136,56274,52458,4,3816,4541096,0.9991596742284241,15.668967323028482,3.2782003870233893,True,passed,7fa05a499eec12e61931d37593cb21b863aaa198ac9a849dc617b5e9f32573d2
length_06_s2609272303,length,6,2609272303,PATH,61,0.06025595860743578,1135274,503804,1297,0,442674,59833,55662,4,4171,4541096,0.9990814992680181,16.372422064014245,3.4333099190262146,True,passed,ac5624155f372967bc383611794f857da0a63047e74c7b2fc83c51ba6af6afb6
length_06_s2609272303,length,6,2609272303,PATH,62,0.057543993733715694,1135274,526385,1731,0,461093,63561,58942,4,4619,4541096,0.9989828446700972,17.092404478986282,3.5960520659573376,True,passed,e1437a8e5c9cb1cecb780ffa2a42bec720dc40838f1b17f1d47d60545f9033fd
length_06_s2609272303,length,6,2609272303,PATH,63,0.054954087385762455,1135274,564215,2598,0,490977,70640,65018,4,5622,4541096,0.9987619728805557,18.33745493198512,3.7495834350120276,True,passed,2b9997e8322d223e1f94c1644775243e895fbc9276bcdc9edcbea33038fffe1c
length_06_s2609272303,length,6,2609272303,PATH,64,0.05248074602497726,1135274,599531,4304,0,519248,75979,69542,4,6437,4541096,0.998582500788356,19.399861222016625,3.894048082001973,True,passed,74f78e3182b6fc48b474b5c2bb465b42a8c73aacfbdc72befa22e1f6f0e029d3
length_06_s2609272303,length,6,2609272303,PATH,65,0.05011872336272722,1135274,631642,7450,0,544383,79809,72779,4,7030,4541096,0.9984519155728044,20.32035115599865,4.098396721004974,True,passed,b91e2311ef0b401aeccd776f7ead99f8b9e176cb9ea0f8fc5237daf6fc3e4b01
length_06_s2609272303,length,6,2609272303,PATH,66,0.047863009232263824,1135274,674633,12928,0,576629,85076,77179,4,7897,4541096,0.9982609925004888,21.55884284497006,4.25238347396953,True,passed,a0bd5f7e0e168f1b4213c0799b3a5fb7eb16f813aa6a1c480d3aa6345247ce76
length_06_s2609272303,length,6,2609272303,PATH,67,0.04570881896148749,1135274,1015135,42643,0,843838,128654,112071,5,16583,5676370,0.9970785907190687,31.666917040012777,4.440964927023742,True,passed,40783d7f73fb2ed16e720cb9b3323af372a7ed2bd8a66b6b4389e275357615f5
length_06_s2609272303,length,6,2609272303,PATH,68,0.043651583224016584,1135274,779477,35762,0,646912,96803,87077,4,9726,4541096,0.9978582262960307,24.17099941999186,4.599227067024913,True,passed,39276f1df9e76e02c7d1976df62c17b2dc569467e004356757d954d03fa415c0
length_06_s2609272303,length,6,2609272303,PATH,69,0.04168693834703355,1135274,1273077,113953,0,1000534,158590,136147,5,22443,5676370,0.9960462408193969,37.488621450029314,4.791648785001598,True,passed,2d8f7f42415d548f47eaba2d3418bc032e906b5ef3e952e54f505b23b901104c
length_06_s2609272303,length,6,2609272303,PATH,70,0.039810717055349734,1135274,1407637,172942,0,1064699,169996,145848,5,24148,5676370,0.9957458728025129,39.9910857710056,5.012274277978577,True,passed,adbada36bafc14bd79bc243437f66c00a3998d643a3d1d5f7c3501a2494ffc7e
length_06_s2609272303,length,6,2609272303,PATH,71,0.038018939632056124,1135274,1046394,126620,0,790535,129239,115091,4,14148,4541096,0.9968844525638745,29.90311350900447,5.185147464973852,True,passed,fd9415d137749e1cf311c2b2bbfe026064844c9e418054d58346aaa3b83ab14a
length_06_s2609272303,length,6,2609272303,PATH,72,0.03630780547701014,1135274,1812219,348438,0,1246220,217561,186513,5,31048,5676370,0.994530307220988,47.75629696698161,5.392241883033421,True,passed,b613b8539a5c3e7dd683fca5bd68fe2d660b2042d3380897125e8c4c6a4aa6fc
length_06_s2609272303,length,6,2609272303,PATH,73,0.034673685045253165,1135274,2000029,457312,0,1300405,242312,208296,5,34016,5676370,0.9940074378520075,50.65172697295202,5.576413014961872,True,passed,ff44ad01aeec6535607e979147973a8da89e81b16fbec274b36a7bb74acee43c
length_06_s2609272303,length,6,2609272303,PATH,74,0.03311311214825911,1135274,1458715,305612,0,968849,184254,163182,4,21072,4541096,0.9953597105192227,37.99247943400405,5.744153267994989,True,passed,95412eebdc481a357f94284371f8f7821c8d6ef25095bf27b89e0357621ec080
length_06_s2609272303,length,6,2609272303,PATH,75,0.03162277660168379,1135274,1612727,380075,0,1022985,209667,185814,4,23853,4541096,0.9947473032941827,40.98929709504591,5.975689187005628,True,passed,b0165bfb768ca2151250b40af023560fe2eeac423f1513633f9c934be54fc045
length_06_s2609272303,length,6,2609272303,PATH,76,0.03019951720402016,1135274,2468337,702022,0,1440064,326251,287143,5,39108,5676370,0.9931103856866272,59.866258537978865,6.251821987971198,True,passed,ae0674c94d2aaeb2ddb3387d2947fe899005d30a56d67c17d2ea6fc3c68577aa
length_06_s2609272303,length,6,2609272303,PATH,77,0.028840315031266057,1135274,1908052,518194,0,1114926,274932,243525,4,31407,4541096,0.9930838282212048,47.31687882303959,6.561033651989419,True,passed,edb72291b829f2bb3d728d103e1815e2d1445424c05a9f2358766f9c214972e5
length_06_s2609272303,length,6,2609272303,PATH,78,0.02754228703338166,1135274,2067487,584967,1,1164661,317858,280877,4,36981,4541096,0.991856371237252,50.94353572500404,6.92040184000507,True,passed,01b050d9904943e643dcf44f03e8f2049298cc7293357588779f83ae547ca75c
length_06_s2609272303,length,6,2609272303,PATH,79,0.026302679918953815,1135274,2226927,650435,2,1209258,367232,323228,4,44004,4541096,0.990309828288149,55.2666572900489,7.34437753300881,True,passed,c9b3846aa9e135e3b7597755ecb895a3b2f52ca16f550b364220ff3db5aa3e72
length_06_s2609272303,length,6,2609272303,PATH,80,0.025118864315095794,1135274,3788297,1318876,12,1748319,721090,616246,5,104844,5676370,0.9815297452421178,89.8244108199724,7.911916411016136,True,passed,a3acd804226aead8e3dec6e0ad4105825709180a6bfaca8af60eae6a343ee2a3
length_06_s2609272303,length,6,2609272303,PATH,81,0.023988329190194897,1135274,3886632,1357575,22,1709959,819076,692291,5,126785,5676370,0.9776644228617937,94.13659280299908,8.420715403975919,True,passed,8505e9a346016fa5d10467af433bf178e24d451bdb1193888fd1b75e20fec152
length_06_s2609272303,length,6,2609272303,PATH,82,0.022908676527677734,1135274,2575283,789170,14,1252651,533448,454764,4,78684,4541096,0.9826729053955257,65.23566326498985,9.089337678975426,True,passed,c4e77cdf0cdad8e5d8400076e297b3b4a350d13d45aa9a8f381e8121a78ebf24
length_06_s2609272303,length,6,2609272303,PATH,83,0.02187761623949553,1135274,2747470,865351,23,1285224,596872,497997,4,98875,4541096,0.9782266219432489,69.44640963699203,9.757269262976479,True,passed,f1b95d64e6c8b64ec61f9b488a25fb5534a13f4f57766cb1fc3650753ef765cb
length_06_s2609272303,length,6,2609272303,PATH,84,0.020892961308540396,1135274,3132344,1064799,36,1382109,685400,558291,4,127109,4541096,0.9720091801626743,77.30789326300146,10.632155867991969,True,passed,36c244cb4bf217fa6f8f6f00b2a6051cf6d91386ebc7e0217628c88bf777c97e
length_06_s2609272303,length,6,2609272303,PATH,85,0.0199526231496888,1135274,5009195,1922040,108,1796610,1290437,973957,5,316480,5676370,0.9442460586607286,122.75092601001961,11.447260874032509,True,passed,a66e01ca07ce02318a0bd97dfbe90d8aec91025b82af2c203b3399070f532e0e
length_06_s2609272303,length,6,2609272303,PATH,86,0.019054607179632473,1135274,7030616,2875078,170,2415552,1739816,1320056,6,419760,6811644,0.9383761100844378,165.74697457801085,12.362289387034252,True,passed,12ed4f20a5ca5607a00f34bca7153e85cebf678ffaa075f8e28b28d73728e676
length_06_s2609272303,length,6,2609272303,PATH,87,0.018197008586099836,1135274,4042335,1564495,135,1571619,906086,658419,4,247667,4541096,0.9454609636087852,95.6032377370284,13.387036796018947,True,passed,09a63b08d099081ae766be434c89bdee2241c4f4fe40cf14455e8fd0c8326295
length_06_s2609272303,length,6,2609272303,PATH,88,0.017378008287493755,1135274,7799280,3377238,532,2503627,1917883,1301326,6,616557,6811644,0.9094848468299283,177.97740338300355,14.58773198799463,True,passed,28d20618682da4314b15a5665eef27bab84c3b1ca13269dfbbefb66d0a3d3e5d
length_06_s2609272303,length,6,2609272303,PATH,89,0.016595869074375606,1135274,8571804,3894536,963,2481890,2194415,1444245,6,750170,6811644,0.8898694646989772,193.2297315809992,15.764117209007964,True,passed,41c03d9010f86ae734e3047c376d39056126165c21e1bf926e8f118407b75d05
length_06_s2609272303,length,6,2609272303,PATH,90,0.015848931924611134,1135274,9286409,4412492,1617,2420490,2451810,1574210,6,877600,6811644,0.8711617929533605,207.06507271603914,16.956285016029142,True,passed,69e4df6274df0f9cfccb77a00699c444762ad3a573627d868c18874ceb4930b1
length_06_s2609272303,length,6,2609272303,PATH,91,0.01513561248436208,1135274,9796079,4853601,2526,2394743,2545209,1558489,6,986720,6811644,0.8551421653862122,212.64472981198924,18.294315415027086,True,passed,0476f588104d76f4254034f16e19443b90d4959f7ff0dac1f6a2bd43a9d876d8
length_06_s2609272303,length,6,2609272303,PATH,92,0.014454397707459272,1135274,10702870,5526847,3870,2124143,3048010,1867246,6,1180764,6811644,0.826655063006816,232.07238868798595,19.68238857499091,True,passed,167eef932e1dedaae67051b05bac4970797b0ad2c5fa66f9b95704aa8114585b
length_06_s2609272303,length,6,2609272303,PATH,93,0.013803842646028845,1135274,9488478,5185820,5159,1668008,2629491,1383186,5,1246305,5676370,0.7804397881040172,196.06544849299826,21.176561402971856,True,passed,1b9a4d2261d875f2d6396e533f9dd5363ee0248953b0db4dbb2340a4dc52eec6
length_06_s2609272303,length,6,2609272303,PATH,94,0.013182567385564075,1135274,11444135,6184493,6174,1971759,3281709,1884245,6,1397464,6811644,0.7948418913260881,242.11049726203782,22.48899550299393,True,passed,6b979c44625e31c88ccd731a82603a0691c8d925613c20f5df079f283158da3e
length_06_s2609272303,length,6,2609272303,PATH,95,0.012589254117941675,1135274,11970701,6535362,6907,1820652,3607780,2042780,6,1565000,6811644,0.7702463604968198,255.01256565202493,23.896089010988362,True,passed,8a0451deb838887d604eaff8f8adf7bff54260e6a1cd11a22943fdc52a701afa
length_06_s2609272303,length,6,2609272303,PATH,96,0.012022644346174132,1135274,11855697,6483521,7234,1912687,3452255,1809791,6,1642464,6811644,0.7588740691674433,250.28913418902084,25.24758597201435,True,passed,6aad48d9c8646f90947b41011830c29d3eaed8af7203ac07c840ccfec0bb04c1
length_06_s2609272303,length,6,2609272303,PATH,97,0.01148153621496883,1135274,12698411,7017763,7583,1749573,3923492,1976909,6,1946583,6811644,0.7142271381181988,272.1026125890203,26.627768210950308,True,passed,eaf9c47637de3e4d2d9b3ed6e90cfdeac494d350846a0b3e56e5e1316569aa98
length_06_s2609272303,length,6,2609272303,PATH,98,0.01096478196143185,1135274,12855963,7117920,7652,1741935,3988456,1904930,6,2083526,6811644,0.694122887220765,278.9502334019635,28.10539622500073,True,passed,a55d4294859ae71ed8e4415841b4cbf177ccecd39c6b25e647c3c0feee6199c9
length_06_s2609272303,length,6,2609272303,PATH,99,0.010471285480508996,1135274,12881173,7121187,7617,1737146,4015223,1836834,6,2178389,6811644,0.6801962932883749,278.160857142997,29.592528378998395,True,passed,fca31a8abb1ed2919fa6fa448cc9bc3437a5e10fff91a2705ac8a09a6b8e9a0f
length_06_s2609272303,length,6,2609272303,PATH,100,0.01,1135274,14028756,8011072,9002,1605811,4402871,1872139,6,2530732,6811644,0.6284697203788101,296.00127842999063,30.999591354979202,True,passed,ea1a3ccc88eb54e244e25a44421e193403884c9ae13875edbaea8699cdbf10c7
length_06_s2609272304,length,6,2609272304,PATH,0,1.0,1069354,0,0,0,0,0,0,0,0,0,,0.014466687047388405,0.1489142089849338,True,passed,0436cfb3a520e587c6dd1a7c58775483c629abd5e51975f2192defc0fa3ccee1
length_06_s2609272304,length,6,2609272304,PATH,1,0.954992586021436,1069354,31438,0,0,30075,1363,1331,4,32,4277416,0.9999925188478278,1.083679959003348,0.15774625295307487,True,passed,b9396e4a54f8d028e779e9c8ed41ff6ef5015abc5b48e2647409ebfbed36ff86
length_06_s2609272304,length,6,2609272304,PATH,2,0.9120108393559098,1069354,25466,0,0,24378,1088,1073,4,15,4277416,0.9999964932099192,0.8932582559646107,0.18380252399947494,True,passed,ca0ec23455d990cf66426ea83da3dc5544f33e98a4fc3e4a543dbb30e8fe7543
length_06_s2609272304,length,6,2609272304,PATH,3,0.8709635899560807,1069354,36600,0,0,34975,1625,1608,5,17,5346770,0.9999968205103268,1.2766944409813732,0.2284524099668488,True,passed,f370f0abf8babdf7b008df9daff35535007822813514480d904277e1fe6eec56
length_06_s2609272304,length,6,2609272304,PATH,4,0.831763771102671,1069354,15764,0,0,14998,766,750,1,16,1069354,0.9999850376956555,0.536086198000703,0.2511855339980684,True,passed,67f9110faad96945fa00139df69a2be26c3cade5eb263b2d680dd92848e3c9d4
length_06_s2609272304,length,6,2609272304,PATH,5,0.7943282347242815,1069354,46410,0,0,44178,2232,2200,4,32,4277416,0.9999925188478278,1.5735409940243699,0.2615407079574652,True,passed,c240e38164792f86b98762851350080428d3a44d18814bd2ce31fd1c38ac2fed
length_06_s2609272304,length,6,2609272304,PATH,6,0.7585775750291838,1069354,29684,0,0,28286,1398,1385,3,13,3208062,0.99999594770924,1.0194282999727875,0.2847310859942809,True,passed,fc8eb8d233112afcaed07e0b366bed6915039d6e173a1c0135092338c8704d0f
length_06_s2609272304,length,6,2609272304,PATH,7,0.72443596007499,1069354,32521,0,0,30962,1559,1546,3,13,3208062,0.99999594770924,1.1067449959809892,0.3121196909924038,True,passed,4a83af4b838cecddb985d756ddb7140c0f2a40898e0bb9134ed5a9ecd25a52af
length_06_s2609272304,length,6,2609272304,PATH,8,0.6918309709189365,1069354,36353,0,0,34588,1765,1749,3,16,3208062,0.9999950125652185,1.244558455015067,0.3494150179903954,True,passed,8d8723f598edcdf52b45445907a4672ecf013be5f9b3a90c9f5ead6200544d5b
length_06_s2609272304,length,6,2609272304,PATH,9,0.660693448007596,1069354,40188,0,0,38189,1999,1981,3,18,3208062,0.9999943891358708,1.3545010550296865,0.3749566830229014,True,passed,bd2efe97592b35128fb1e9ac36cbad2b9ed41c510c64a5004b3a5184bbeb5a4d
length_06_s2609272304,length,6,2609272304,PATH,10,0.6309573444801932,1069354,44286,0,0,42039,2247,2227,3,20,3208062,0.9999937657065231,1.4922475169878453,0.4003461409593001,True,passed,4f2604ce0b1e5e6522a78f7616bd347b4e69602bdcc5a8f8cb9e2ed345a8fd6d
length_06_s2609272304,length,6,2609272304,PATH,11,0.6025595860743578,1069354,73291,0,0,69455,3836,3793,4,43,4277416,0.9999899472017686,2.444566238031257,0.4316189879900776,True,passed,2f45fc511d4a125c4b5749cf28a888bd3365160572b99424175e71eb00a25b46
length_06_s2609272304,length,6,2609272304,PATH,12,0.5754399373371569,1069354,57993,0,0,55029,2964,2947,4,17,4277416,0.9999960256379085,1.9484949429752305,0.44888222694862634,True,passed,7d5f949166f7393b42d124b82839f36084ceb43a02371ca7c6c0b36d63e4b1c1
length_06_s2609272304,length,6,2609272304,PATH,13,0.5495408738576245,1069354,61733,0,0,58534,3199,3181,4,18,4277416,0.9999957918519031,2.069374234008137,0.4753320449963212,True,passed,f4dcdf1ca2251ad8df6ddc252c0560a2caa321660a7074322972b03adccf040d
length_06_s2609272304,length,6,2609272304,PATH,14,0.5248074602497725,1069354,65468,0,0,62032,3436,3418,4,18,4277416,0.9999957918519031,2.1884931300301105,0.4998778209555894,True,passed,f6c199f6d23e90a7b32e8411d129b420095ea2577eaeb58b747540fd6c7da881
length_06_s2609272304,length,6,2609272304,PATH,15,0.5011872336272722,1069354,69761,0,0,66059,3702,3684,4,18,4277416,0.9999957918519031,2.317812565015629,0.5362069089896977,True,passed,a5955d918517eadd40da36f713bc6ce1793d1ea51ef196b925fc6e3aee45f39a
length_06_s2609272304,length,6,2609272304,PATH,16,0.4786300923226383,1069354,74504,0,0,70495,4009,3990,4,19,4277416,0.9999955580658977,2.4841281789704226,0.5751759840059094,True,passed,ef65c7af0d60b1a67a2d8162d7c1f403402c69ca07bad98e6f97dcc310550123
length_06_s2609272304,length,6,2609272304,PATH,17,0.457088189614875,1069354,81189,0,0,76747,4442,4420,4,22,4277416,0.9999948567078816,2.7082520949770696,0.6236152409692295,True,passed,6637d004b19a770ca98ca377cf3fee39a8d9d2a98d157852813c497b7c638ce5
length_06_s2609272304,length,6,2609272304,PATH,18,0.436515832240166,1069354,101387,0,0,95541,5846,5802,4,44,4277416,0.9999897134157631,3.3331532509764656,0.66690429096343,True,passed,24a47a3c0f05c25e88fc6b30bd865a82aa4f3d02d1f410ecee3483f71d3ed083
length_06_s2609272304,length,6,2609272304,PATH,19,0.4168693834703354,1069354,87038,0,0,82235,4803,4783,4,20,4277416,0.9999953242798924,2.861834086012095,0.6876297989510931,True,passed,aa25648dbbf606cf258e36f2d0031f5e9b4f0b5c4c5269bae2c98c40cd3547a6
length_06_s2609272304,length,6,2609272304,PATH,20,0.3981071705534972,1069354,89727,0,0,84742,4985,4964,4,21,4277416,0.999995090493887,2.9758198429481126,0.706590841000434,True,passed,f87c6306a3a30114ab8c1149edc4fcef05e6f99b34f161de9a363d6dfb69b379
length_06_s2609272304,length,6,2609272304,PATH,21,0.3801893963205612,1069354,93030,0,0,87806,5224,5203,4,21,4277416,0.999995090493887,3.089359503996093,0.7297993440297432,True,passed,fa37531232b34869ab1515e0f2b674d2f31b906f55fc16c431507c00f210b1b2
length_06_s2609272304,length,6,2609272304,PATH,22,0.36307805477010135,1069354,96364,0,0,90890,5474,5453,4,21,4277416,0.999995090493887,3.1793840489699505,0.7606003840337507,True,passed,4c6724004c875a4f66549e065ddd195d73f225babf0dc3441bca460f8c28c560
length_06_s2609272304,length,6,2609272304,PATH,23,0.3467368504525316,1069354,99684,0,0,93974,5710,5688,4,22,4277416,0.9999948567078816,3.297574861033354,0.7763536669663154,True,passed,e1042e0137cd445f151b02039914e1e112cc9bba29398ed78be2baa9898ac7ac
length_06_s2609272304,length,6,2609272304,PATH,24,0.3311311214825911,1069354,103188,0,0,97236,5952,5930,4,22,4277416,0.9999948567078816,3.385416090954095,0.8027763430145569,True,passed,2edc7acbce1e90b2a87d7b3e1f3ea3191d351cbdd56cf353f67ee62eda073bc3
length_06_s2609272304,length,6,2609272304,PATH,25,0.31622776601683794,1069354,106499,0,0,100296,6203,6179,4,24,4277416,0.9999943891358708,3.50432055600686,0.8208291360060684,True,passed,c7261a16ac85b17c67b5449f1f0b7c86cefddf7eee1e029edbc9f6b0d484cc02
length_06_s2609272304,length,6,2609272304,PATH,26,0.3019951720402016,1069354,110242,0,0,103738,6504,6479,4,25,4277416,0.9999941553498655,3.634996864013374,0.8407566589885391,True,passed,9c006db54f536080fbfbfa125950a4fc72df5ff2eeb6795d91fadd5181fef3b6
length_06_s2609272304,length,6,2609272304,PATH,27,0.28840315031266056,1069354,114389,0,0,107596,6793,6767,4,26,4277416,0.99999392156386,3.7258802549913526,0.8682798069785349,True,passed,9e486533aac174215e5efa710c400fbe72e4e4395b2f765d5b4a3bf1c7db4c85
length_06_s2609272304,length,6,2609272304,PATH,28,0.2754228703338166,1069354,118552,0,0,111454,7098,7071,4,27,4277416,0.9999936877778547,3.870435106975492,0.8881236409652047,True,passed,773cf0ff36f96734e84c0a3008db645f07dab185c1ca34f08766cb67d927e35b
length_06_s2609272304,length,6,2609272304,PATH,29,0.2630267991895382,1069354,122539,0,0,115085,7454,7423,4,31,4277416,0.9999927526338331,4.028912554960698,0.9183925780234858,True,passed,d9414dd8583ef99de1e85f681f1df53c65a9a68c4609ed32e9159727d7ad44de
length_06_s2609272304,length,6,2609272304,PATH,30,0.251188643150958,1069354,127422,0,0,119566,7856,7819,4,37,4277416,0.9999913499178008,4.157044205989223,0.9425026399549097,True,passed,2c067c142552f07ead7066ef8a88abc5e0e8a41638f76c850e1bc9da4a357f77
length_06_s2609272304,length,6,2609272304,PATH,31,0.23988329190194904,1069354,133654,0,0,125322,8332,8293,4,39,4277416,0.99999088234579,4.371647220978048,0.9825465350295417,True,passed,0a2b4acb065867d2d9e8bc32bae2f1559d840c810588f367a2ee118cfb7acf7c
length_06_s2609272304,length,6,2609272304,PATH,32,0.2290867652767773,1069354,140419,0,0,131551,8868,8825,4,43,4277416,0.9999899472017686,4.594624808989465,1.0275289689889178,True,passed,0859fe7866c0f20d5494df555b80a15622d71681da85bcfe9e988e0aa4261e1c
length_06_s2609272304,length,6,2609272304,PATH,33,0.21877616239495523,1069354,146767,0,0,137413,9354,9303,4,51,4277416,0.9999880769137255,4.763952124980278,1.063211543019861,True,passed,9ce373a28e59a88a93809788728c4c23abb12adeb61fc174824b72a728331147
length_06_s2609272304,length,6,2609272304,PATH,34,0.20892961308540392,1069354,154458,3,0,144525,9930,9873,4,57,4277416,0.9999866741976932,5.03731364000123,1.106847478018608,True,passed,0ec76ffef35000e60f70f3253b0c5a7a2ebfab834247d1c0a83737f3113c02fa
length_06_s2609272304,length,6,2609272304,PATH,35,0.19952623149688797,1069354,162053,9,0,151509,10535,10467,4,68,4277416,0.999984102551634,5.251594636996742,1.155986619007308,True,passed,8317629c83375ef4210f0dff8404e89717a220ddd323af3b7cc16fbe7207a026
length_06_s2609272304,length,6,2609272304,PATH,36,0.19054607179632474,1069354,169146,11,0,158004,11131,11047,4,84,4277416,0.9999803619755478,5.480494985997211,1.212031866016332,True,passed,f1a286de4eca6e1c690ee1b2545b23f08c7096db42c72d5972c9cc771201e081
length_06_s2609272304,length,6,2609272304,PATH,37,0.18197008586099836,1069354,176667,11,0,164905,11751,11650,4,101,4277416,0.9999763876134563,5.745909374032635,1.2589571620337665,True,passed,8d7597bc45939f9609adc3f75a659c3853dd88910dab6a139c27374e98923fc7
length_06_s2609272304,length,6,2609272304,PATH,38,0.17378008287493754,1069354,184274,17,0,171849,12408,12278,4,130,4277416,0.9999696078193002,5.975159279012587,1.306290688982699,True,passed,da6c02c5282e206f115dfefa78a5bb3156439d22c66f71b99caf9054252b01cb
length_06_s2609272304,length,6,2609272304,PATH,39,0.16595869074375605,1069354,192141,25,0,178980,13136,12969,4,167,4277416,0.9999609577371011,6.2055661380290985,1.3411808040109463,True,passed,3c3a85ea8766309047714d3786a4b7ec21e893ec71ff118a6c64ba3b5e98623a
length_06_s2609272304,length,6,2609272304,PATH,40,0.15848931924611134,1069354,200706,32,0,186769,13905,13688,4,217,4277416,0.999949268436832,6.479339338024147,1.4114360749954358,True,passed,97b8ab9b158bd48bab18298662437dda3d6306c880360d57d008444af6f16ef9
length_06_s2609272304,length,6,2609272304,PATH,41,0.15135612484362082,1069354,210372,42,0,195469,14861,14580,4,281,4277416,0.9999343061324875,6.787904850032646,1.4696332460152917,True,passed,702142e9131d318c7b26dc2ac8734ee81c7b580b92cbc6bab5f43749675ac9c2
length_06_s2609272304,length,6,2609272304,PATH,42,0.14454397707459277,1069354,221119,52,0,205189,15878,15524,4,354,4277416,0.9999172397540945,7.1195861650048755,1.5356790820369497,True,passed,dc34fdcceaf7e5b844fb7a2b7809592d870042c3839a23ba64aab517ce9c6717
length_06_s2609272304,length,6,2609272304,PATH,43,0.1380384264602885,1069354,232966,54,0,215917,16995,16547,4,448,4277416,0.9998952638695886,7.56009395304136,1.6054881339659914,True,passed,1b6867464ee7c9f850efb81f9d1c32718e1a1afff6e13991d9025547362e97c8
length_06_s2609272304,length,6,2609272304,PATH,44,0.1318256738556407,1069354,245361,65,0,227114,18182,17651,4,531,4277416,0.9998758596311418,7.897867809981108,1.6876063039526343,True,passed,6c0ea82d65cfec50f75e4cbd75411a1c4b250421b79c617c9fe7cee2464f9f75
length_06_s2609272304,length,6,2609272304,PATH,45,0.12589254117941673,1069354,258228,71,0,238772,19385,18733,4,652,4277416,0.9998475715244904,8.327566228981595,1.7687587320106104,True,passed,82cdb4efe0aa115ae37c00253ba6c477dfc6820e7305f2d9238f8ece05846202
length_06_s2609272304,length,6,2609272304,PATH,46,0.12022644346174129,1069354,270153,89,0,249342,20722,19939,4,783,4277416,0.9998169455577853,8.690377777966205,1.846467861032579,True,passed,292ec801a7ff6bb720ae704cc638a808ade5538ef84c31ab48fba80559e8ae7a
length_06_s2609272304,length,6,2609272304,PATH,47,0.1148153621496883,1069354,281683,102,0,259487,22094,21179,4,915,4277416,0.9997860858050749,9.06647633900866,1.93520902300952,True,passed,141c059ef1f9ebaea1847bf0e68c482b84b09875ec3df7cad0a10050b56feb4d
length_06_s2609272304,length,6,2609272304,PATH,48,0.1096478196143185,1069354,293894,133,0,270062,23699,22630,4,1069,4277416,0.9997500827602459,9.49183799000457,2.02643500699196,True,passed,37eb8ad81f9ad55e7caa7451ce95b5794317e2fe21062e8501de855c0b91f81b
length_06_s2609272304,length,6,2609272304,PATH,49,0.10471285480508996,1069354,306192,156,0,280651,25385,24156,4,1229,4277416,0.9997126769993847,9.86142078298144,2.126061132992618,True,passed,a6b14e8cfa19d49a6ca18028c6cd24326e645cd217c55dd397526475eced8861
length_06_s2609272304,length,6,2609272304,PATH,50,0.1,1069354,318878,182,0,291550,27146,25786,4,1360,4277416,0.9996820510326796,10.283396951970644,2.2067783569800667,True,passed,84f955e164d64d622bae244fd4ddecc8286086fb49015fc56661687cfea27099
length_06_s2609272304,length,6,2609272304,PATH,51,0.09549925860214359,1069354,331713,199,0,302471,29043,27524,4,1519,4277416,0.9996448790578237,10.779899552988354,2.2954157979693264,True,passed,106959884697d357d076a6ef1695f30461f0e30790bf89676d33b8c7625a9b7d
length_06_s2609272304,length,6,2609272304,PATH,52,0.09120108393559097,1069354,406068,399,0,364596,41073,37723,4,3350,4277416,0.999216816881968,13.244875749980565,2.395392782986164,True,passed,be7168037753ee2a833b2f0698a06b64765e20b87f96ddfa4896102d0c969af4
length_06_s2609272304,length,6,2609272304,PATH,53,0.08709635899560805,1069354,386134,307,0,349505,36322,34408,4,1914,4277416,0.9995525335856975,12.642850667994935,2.5047461059875786,True,passed,6e10288d1be31c9baa6270341c16afee16cf3d94a32b149666ad05ec19317968
length_06_s2609272304,length,6,2609272304,PATH,54,0.08317637711026708,1069354,403185,342,0,363877,38966,36880,4,2086,4277416,0.9995123223927717,13.098788290983066,2.6423782280180603,True,passed,e29d823972e67dcd800913eefaef23009519a78234c52a383b0c0bbb3964d64c
length_06_s2609272304,length,6,2609272304,PATH,55,0.07943282347242814,1069354,421678,432,0,379414,41832,39536,4,2296,4277416,0.9994632273316414,13.676468198013026,2.790942746971268,True,passed,fcda3f3aefb53a7b21220bf76d00249d6312a01d384a2871c3ac4827e2c44720
length_06_s2609272304,length,6,2609272304,PATH,56,0.07585775750291836,1069354,439949,518,0,394596,44835,42323,4,2512,4277416,0.9994127295544787,14.276423198985867,2.9392203799798153,True,passed,8d30c4923b9095cfe437a1a122af54d056c8da053ddd60a356c099a664e91132
length_06_s2609272304,length,6,2609272304,PATH,57,0.07244359600749903,1069354,458443,669,0,409645,48129,45359,4,2770,4277416,0.9993524127650899,14.91855082300026,3.1057965949876234,True,passed,89a0b5d13aac940596f269a38f4005b6287239ba283aaed8b0cf3834d2841095
length_06_s2609272304,length,6,2609272304,PATH,58,0.06918309709189366,1069354,479156,925,0,426572,51659,48601,4,3058,4277416,0.9992850823955397,15.590291389962658,3.253467821981758,True,passed,26b82d3fa8b651aed8b2a9f5f52535be08ee3502eae09f13ed001bc2ace234b4
length_06_s2609272304,length,6,2609272304,PATH,59,0.06606934480075961,1069354,502618,1372,0,445758,55488,52081,4,3407,4277416,0.9992034910796612,16.402536267007235,3.4098795580212027,True,passed,6f870eed5c8cf33810183265e9f77921dd25128d5087421e2cb98cabd31ea0db
length_06_s2609272304,length,6,2609272304,PATH,60,0.06309573444801933,1069354,594467,3908,0,516440,74119,66732,4,7387,4277416,0.998273022778238,19.565238461946137,3.583133949956391,True,passed,21da6822ad5d0eb801cdd7d8a0c174166a63145201ce36f6f3525984b067960e
length_06_s2609272304,length,6,2609272304,PATH,61,0.06025595860743578,1069354,638263,6919,0,551618,79726,71342,4,8384,4277416,0.9980399381308716,20.699455869966187,3.690614614984952,True,passed,e7c6b7d1cebfc86d061b3dc38da08244b5487f3a35d08882425e523cdee4d51f
length_06_s2609272304,length,6,2609272304,PATH,62,0.057543993733715694,1069354,581604,6302,0,509397,65905,61059,4,4846,4277416,0.9988670730179154,18.826257623033598,3.818975852977019,True,passed,feeacc9459524ee6c2d5aa2a913fab2b39f45142a61f51e516dae616ccf466e4
length_06_s2609272304,length,6,2609272304,PATH,63,0.054954087385762455,1069354,622181,10815,0,540380,70986,65372,4,5614,4277416,0.9986875253657815,19.843861088040285,3.970606910996139,True,passed,e86c1d98b59a18abc158cb3f3379b387a52b23b2932a6b17b93a31b3dc7b2694
length_06_s2609272304,length,6,2609272304,PATH,64,0.05248074602497726,1069354,670061,18591,0,574816,76654,70131,4,6523,4277416,0.9984750138868888,21.133844550990034,4.102489304030314,True,passed,0fccc63b80f5588655be6499b3eb2896c335f151cd240cdbaee61d3a86f04385
length_06_s2609272304,length,6,2609272304,PATH,65,0.05011872336272722,1069354,733906,32510,0,617912,83484,75810,4,7674,4277416,0.9982059261946933,22.71381134999683,4.299680580967106,True,passed,ea1e790605c1e128b9a4025b5146345725e8fb012dff00024ffabd864cea4a3f
length_06_s2609272304,length,6,2609272304,PATH,66,0.047863009232263824,1069354,1223410,106685,0,976819,139906,122160,5,17746,5346770,0.996680986838783,36.212346962012816,4.461802953039296,True,passed,e9e8abca64f287ed1e4c3d253f76a23bc1842d20a46fa8fd3bd0792bc3285069
length_06_s2609272304,length,6,2609272304,PATH,67,0.04570881896148749,1069354,907298,83252,0,721387,102659,92237,4,10422,4277416,0.9975634822519016,27.24474532797467,4.666935931018088,True,passed,1785338785a8aa944fa4020ba9a1d8b71c99a6d5049b15ecb8396d786b4b0b2a
length_06_s2609272304,length,6,2609272304,PATH,68,0.043651583224016584,1069354,1592067,247719,0,1167364,176984,152774,5,24210,5346770,0.9954720326477481,43.606264831032604,4.8668071769643575,True,passed,3d55bb10ab9641461da0c51dd28b57a0d74813c4ca5167c22fd25f2280865a29
length_06_s2609272304,length,6,2609272304,PATH,69,0.04168693834703355,1069354,1181532,181201,0,866529,133802,119016,4,14786,4277416,0.9965432401244115,32.690904070972465,5.106885357003193,True,passed,fce3117e89af077effeacdf80519b3cb6a7f7a8efe4460e42bc805b761efd019
length_06_s2609272304,length,6,2609272304,PATH,70,0.039810717055349734,1069354,2131253,497286,0,1401888,232079,199179,5,32900,5346770,0.9938467523383276,53.44036219996633,5.274098316964228,True,passed,ffae78c0eb9f45834a252b2e0391c23b9f6d93c9c2a70e6017bdcf70d9eb6ae1
length_06_s2609272304,length,6,2609272304,PATH,71,0.038018939632056124,1069354,1413907,318496,0,935316,160095,141920,4,18175,4277416,0.9957509393521696,36.001615457003936,5.51492220495129,True,passed,61fb597530255a9e156d798fed0edd65bbfdd9124dbda99aa6477a13cda3e096
length_06_s2609272304,length,6,2609272304,PATH,72,0.03630780547701014,1069354,2733410,829594,0,1598104,305712,261786,5,43926,5346770,0.991784572742048,63.27221243799431,5.719340205017943,True,passed,33a5450211ccdd46a6f948f4557bfbba70e1b4dca77aecd6cf2998a7244a3731
length_06_s2609272304,length,6,2609272304,PATH,73,0.034673685045253165,1069354,1783571,491918,0,1078163,213490,188279,4,25211,4277416,0.994106021018297,43.41341491200728,6.009163565991912,True,passed,d4980c84624f20daeedc50b5508064b5691fc20e80d56c5b8f424856868cc682
length_06_s2609272304,length,6,2609272304,PATH,74,0.03311311214825911,1069354,1952535,577041,0,1131253,244241,214781,4,29460,4277416,0.993112664281426,46.434676808014046,6.334232429973781,True,passed,8b1e234faccac21f78de82cd7c6aa7dce2c8dc304704e2c757a50e6e2b0fae4d
length_06_s2609272304,length,6,2609272304,PATH,75,0.03162277660168379,1069354,3406682,1247121,0,1700666,458895,391024,5,67871,5346770,0.9873061680229372,74.89941023301799,6.671064616995864,True,passed,a1e87becf63e3269e74f77990f8252ee4f3095304f8fa8bfcfbc922dc5298e95
length_06_s2609272304,length,6,2609272304,PATH,76,0.03019951720402016,1069354,3837563,1449753,0,1842072,545738,463423,5,82315,5346770,0.9846047239735392,83.85346424096497,7.121215789986309,True,passed,bd23c6e113e7b3897eb8e8e24d17b40a9c95722ebe99836f5833f0c0ba552690
length_06_s2609272304,length,6,2609272304,PATH,77,0.028840315031266057,1069354,2433799,800055,0,1268331,365413,315851,4,49562,4277416,0.9884130980012231,57.06178223801544,7.609741536027286,True,passed,3f5de58e6f329e3f6fe9246d1cad1aaf0a06c157d039c13bfb7b981d456a7556
length_06_s2609272304,length,6,2609272304,PATH,78,0.02754228703338166,1069354,4288535,1675978,2,1888169,724386,603647,5,120739,5346770,0.9774183291968797,95.08606485102791,8.148721704958007,True,passed,eed63776dfacdf193f0c3185980f156104b3d07d5d35996f952b7b4bb0e304eb
length_06_s2609272304,length,6,2609272304,PATH,79,0.026302679918953815,1069354,4176991,1588698,2,1927158,661133,565001,5,96132,5346770,0.9820205469844411,93.52670615102397,8.767666983010713,True,passed,0a71c6ab03f7c782deaf54f9324a78642ef1004c52a529caa30093b4fd312d8d
length_06_s2609272304,length,6,2609272304,PATH,80,0.025118864315095794,1069354,4741419,1908975,10,1893668,938766,752264,5,186502,5346770,0.9651187539392942,107.89033754798584,9.464437662041746,True,passed,923aa4c91548334bfb6881046c950d2cd4a86aefed5d2a21a0ebf854491d8055
length_06_s2609272304,length,6,2609272304,PATH,81,0.023988329190194897,1069354,5226507,2194997,22,1953544,1077944,841681,5,236263,5346770,0.9558120136082158,116.71306329005165,10.26665210799547,True,passed,d09a5a994f37df2060c23db5f5195d4f0c41ca519f0702087ef2102fc18130a5
length_06_s2609272304,length,6,2609272304,PATH,82,0.022908676527677734,1069354,6914672,3018323,60,2525223,1371066,1061695,6,309371,6416124,0.9517822598191681,149.98882686399156,11.059582393965684,True,passed,84f98924a2f67b7031caf89a15dc5a9b95c0e94fc4963fcd6b4538091f27a31e
length_06_s2609272304,length,6,2609272304,PATH,83,0.02187761623949553,1069354,7037805,3076097,57,2680003,1281648,1038548,6,243100,6416124,0.9621110813943122,150.09278257802362,11.940129524038639,True,passed,aed4c19c2ca7888036027144d74f8bf42ec84d1ff95abc02b8c49c731f7d96f8
length_06_s2609272304,length,6,2609272304,PATH,84,0.020892961308540396,1069354,6490703,3049909,249,2005045,1435500,970114,5,465386,5346770,0.9129594128791775,138.71270001202356,12.956902608973905,True,passed,02b79ed0c442ca889ea11c82b50d725e5ca74dd66917c40564f9c52676cc5c1b
length_06_s2609272304,length,6,2609272304,PATH,85,0.0199526231496888,1069354,8730860,4294962,422,2599119,1836357,1250601,6,585756,6416124,0.9087056297540385,178.42235927900765,13.982580760028213,True,passed,f7591061b9bff45083878d9c8a55c45e1803c543bad014b4995ef908ff4a6b24
length_06_s2609272304,length,6,2609272304,PATH,86,0.019054607179632473,1069354,9341789,4804347,784,2584093,1952565,1255392,6,697173,6416124,0.8913404728462231,186.7783523890539,15.05732528003864,True,passed,6561d010e29476826759aa599293c423a45b25974cbbdecbbf191a55a4f41035
length_06_s2609272304,length,6,2609272304,PATH,87,0.018197008586099836,1069354,10198866,5505844,1352,2531445,2160225,1335537,6,824688,6416124,0.8714663245286407,195.81220316700637,16.17719674500404,True,passed,6a273d8bbd6029286a87cee99dc25b1b48b02d87a7d49649dd11ced34d1edc8d
length_06_s2609272304,length,6,2609272304,PATH,88,0.017378008287493755,1069354,11156960,6298510,2198,2446165,2410087,1449973,6,960114,6416124,0.8503591888186699,208.76757203502348,17.325826670974493,True,passed,86d7bf77ca30b3a5ee203d79c037dd5b657f148a9b749e1b9bd9f3d08645424b
length_06_s2609272304,length,6,2609272304,PATH,89,0.016595869074375606,1069354,12055121,7080745,3492,2283864,2687020,1575108,6,1111912,6416124,0.8267003567886156,219.71244851098163,18.539091855986044,True,passed,afe4834eb32e9c4daf5f0da91b0113a833d1328a530516c9b9c79cdbc4733309
length_06_s2609272304,length,6,2609272304,PATH,90,0.015848931924611134,1069354,12631606,7637552,4931,2247352,2741771,1518421,6,1223350,6416124,0.809331926876725,222.0504823520314,19.769786681048572,True,passed,05fce5c923d79ac4eaec4629974dbefd7e27aa2ca55aaa245eb77601864fcb64
length_06_s2609272304,length,6,2609272304,PATH,91,0.01513561248436208,1069354,13365569,8231754,6030,2075416,3052369,1662518,6,1389851,6416124,0.7833815244219096,235.39760330197169,21.152568179008085,True,passed,b04f2038f78f6bc5ba439fa238c0b01130b431f77a28f52c8eb9be36d0cbde74
length_06_s2609272304,length,6,2609272304,PATH,92,0.014454397707459272,1069354,13617909,8453564,6689,2101270,3056386,1546326,6,1510060,6416124,0.7646460698078777,236.5932323289453,22.512716335011646,True,passed,e53114c5e7a92beb937506fbbd2752d6beca9672f2047780a1c9330d98f3f450
length_06_s2609272304,length,6,2609272304,PATH,93,0.013803842646028845,1069354,14491971,9094098,7034,1890143,3500696,1722807,6,1777889,6416124,0.722902955117451,258.8466339359875,23.96172804897651,True,passed,c02c7489fb4d6bff9f0690a452448aa9df6473b4518ee215e444a938cf0d2860
length_06_s2609272304,length,6,2609272304,PATH,94,0.013182567385564075,1069354,14239072,8879191,6922,2021207,3331752,1511479,6,1820273,6416124,0.7162970977493577,250.91413897497114,25.35380120499758,True,passed,8286ba8f06ffb6609e4987339cbffbf6dee83fc3a74fed037f9636725dd592ac
length_06_s2609272304,length,6,2609272304,PATH,95,0.012589254117941675,1069354,15259543,9680685,7304,1851565,3719989,1622087,6,2097902,6416124,0.6730265811570973,274.03127959597623,26.60217594500864,True,passed,143efaf6c5e1a82e257d6a9fbba32c7fc46512ec113283e1b0e9fddc8f399b2b
length_06_s2609272304,length,6,2609272304,PATH,96,0.012022644346174132,1069354,15529919,9875811,7383,1844902,3801823,1606778,6,2195045,6416124,0.6578861318765037,276.9528926560306,27.93141709099291,True,passed,ab7ca52bacec57dd3d141ce09b5046c06943accd82397335556df545a49c2ed7
length_06_s2609272304,length,6,2609272304,PATH,97,0.01148153621496883,1069354,15659799,9964063,7400,1840992,3847344,1608884,6,2238460,6416124,0.6511195855940439,277.27607402799185,29.32547934196191,True,passed,87627b03825cea9c96134e0d4b2ee928b2a612efde60f588251105de75326208
length_06_s2609272304,length,6,2609272304,PATH,98,0.01096478196143185,1069354,16241950,10456560,7762,1772692,4004936,1652154,6,2352782,6416124,0.6333016631224708,286.1423668350326,30.443545377987903,True,passed,84e38f77141b49ef0ea505f916f960d53ffbe7933f661e49686c2ec732ba4b87
length_06_s2609272304,length,6,2609272304,PATH,99,0.010471285480508996,1069354,15520807,9794622,7199,1873063,3845923,1613346,6,2232577,6416124,0.6520364943071549,277.74002248898614,31.651257457968313,True,passed,005dac50f24cc003f9af2f156b880254ef5452450924a2da0dc8990331365156
length_06_s2609272304,length,6,2609272304,PATH,100,0.01,1069354,18088657,12154851,10106,1449019,4474681,1773764,6,2700917,6416124,0.5790422691332026,303.84236729500117,32.70864717895165,True,passed,3175ac4cad600a5696fbba355d286bf2e41e9b6d3aa87516581f8fbf875891e7
length_06_s2609272305,length,6,2609272305,PATH,0,1.0,1160355,0,0,0,0,0,0,0,0,0,,0.01654155895812437,0.21239930897718295,True,passed,a0f356912c0abf81e051a7f790782e47aa941043ad9ccdc44e3a127160491973
length_06_s2609272305,length,6,2609272305,PATH,1,0.954992586021436,1160355,64262,0,0,62255,2007,1985,4,22,4641420,0.9999952600712713,2.5246865620138124,0.2589982520439662,True,passed,983f9bf3ef23e3ebb30509aa321f8ea2e88febc90a5a56b98cce8aad393a744b
length_06_s2609272305,length,6,2609272305,PATH,2,0.9120108393559098,1160355,47939,0,0,46484,1455,1446,4,9,4641420,0.9999980609382474,1.926255016005598,0.32949883898254484,True,passed,e196c53c85e43ac568976ccba04f37661cd7bda6dd9b05d61387bee0bc11aa0f
length_06_s2609272305,length,6,2609272305,PATH,3,0.8709635899560807,1160355,63971,0,0,61993,1978,1968,4,10,4641420,0.9999978454869415,2.5400499120005406,0.43689313100185245,True,passed,4fb2aee9032146cbc9554ca2972b37cc9a2810589a25e0adb3b9e875edbb23cd
length_06_s2609272305,length,6,2609272305,PATH,4,0.831763771102671,1160355,86193,0,0,83465,2728,2717,4,11,4641420,0.9999976300356357,3.3821750200004317,0.5999915580032393,True,passed,4c5a9c090275e4ed366fbb28f5d064261ba2cf13b41702e3ea904a898343045a
length_06_s2609272305,length,6,2609272305,PATH,5,0.7943282347242815,1160355,55145,0,0,53299,1846,1833,1,13,1160355,0.9999887965320958,2.079214318015147,0.7502503389841877,True,passed,cdbd7d461194fc3ccac3f8b931c8f71b0cc37b86322be3ae43947b1368c7f73e
length_06_s2609272305,length,6,2609272305,PATH,6,0.7585775750291838,1160355,165301,0,0,159888,5413,5373,4,40,4641420,0.9999913819477659,6.252396919997409,0.8562561009894125,True,passed,f3a1edfb1a6ced916085ad1092be1bae9584a14ce0fad4a0b02b1f6408e30dbd
length_06_s2609272305,length,6,2609272305,PATH,7,0.72443596007499,1160355,111058,0,0,107496,3562,3549,3,13,3481065,0.9999962655106986,4.2524954590480775,1.0185859340126626,True,passed,bb39e3bec0c0187f423e35fc414936abd22cf1cfa39c2a4663c3168c2228ed3a
length_06_s2609272305,length,6,2609272305,PATH,8,0.6918309709189365,1160355,132478,0,0,128238,4240,4223,3,17,3481065,0.9999951164370674,5.022559356992133,1.2201277870335616,True,passed,68d69321ca9d427d52abadaabd6205a26bee34e009263087934ebba6fdb29343
length_06_s2609272305,length,6,2609272305,PATH,9,0.660693448007596,1160355,154432,0,0,149382,5050,5031,3,19,3481065,0.9999945419002518,5.80421470903093,1.4317597160115838,True,passed,0d9c0b4518281eca37e7dbd7d34170b8d6d1dff1958d27510ebb6efbb46d2cbd
length_06_s2609272305,length,6,2609272305,PATH,10,0.6309573444801932,1160355,220532,0,0,213212,7320,7288,4,32,4641420,0.9999931055582127,8.275130587047897,1.6559839489636943,True,passed,574f47c19069b78efbcef42a6d4268d4be670239958f149a0bb7954ca267081e
length_06_s2609272305,length,6,2609272305,PATH,11,0.6025595860743578,1160355,263284,0,0,254350,8934,8888,4,46,4641420,0.9999900892399309,9.832716284960043,2.010434562980663,True,passed,81667440c6eb233e568a4d9902ef58e974175ee2adcd720df90e1ea3ffa6e7ff
length_06_s2609272305,length,6,2609272305,PATH,12,0.5754399373371569,1160355,330488,0,0,318771,11717,11621,4,96,4641420,0.9999793166746384,12.33237132197246,2.178138999035582,True,passed,1c588c7ae78740d607878de0d39847a275c9b1884ff9e59e87b7059f90f85975
length_06_s2609272305,length,6,2609272305,PATH,13,0.5495408738576245,1160355,284579,0,0,274907,9672,9643,4,29,4641420,0.9999937519121304,10.631326503003947,2.3442688960349187,True,passed,cb6fe925be1f130e806e7ac994bdcf1ef76382df305a1abf0a198748211aca25
length_06_s2609272305,length,6,2609272305,PATH,14,0.5248074602497725,1160355,375573,0,0,362746,12827,12793,5,34,5801775,0.9999941397244809,14.043395169021096,2.547870034992229,True,passed,4aadc0f3d6410f1743d33590560f0e58b3f01d47131133d9a5f9723062310a55
length_06_s2609272305,length,6,2609272305,PATH,15,0.5011872336272722,1160355,336391,0,0,324631,11760,11724,4,36,4641420,0.9999922437529893,12.466061701998115,2.7172828079783358,True,passed,be9ba35cad404ead0dd1c39177288c4b687737e97fa4112cdb405126c0f03969
length_06_s2609272305,length,6,2609272305,PATH,16,0.4786300923226383,1160355,360810,0,0,347971,12839,12792,4,47,4641420,0.999989873788625,13.398693580005784,2.9283140070037916,True,passed,43311e5d821d362dce71eaf124dbc06b95a6008cb859d7752d8855d52acbb251
length_06_s2609272305,length,6,2609272305,PATH,17,0.457088189614875,1160355,429593,0,0,413308,16285,16185,4,100,4641420,0.999978454869415,15.898463769990485,3.1057167930412106,True,passed,e72b54dc3d42e5240c5292f18b5e5db9f5acb159c082561df7338efbf048eb14
length_06_s2609272305,length,6,2609272305,PATH,18,0.436515832240166,1160355,368467,0,0,355391,13076,13055,4,21,4641420,0.9999954755225772,13.619967318023555,3.184826417011209,True,passed,c54b31fcd9df333d2af42c09bf7f02d311be81011c6a86ba83baa1b28fa14fdf
length_06_s2609272305,length,6,2609272305,PATH,19,0.4168693834703354,1160355,379273,0,0,365678,13595,13573,4,22,4641420,0.9999952600712713,14.084228102990892,3.261536101985257,True,passed,081a2d7a4b4749cde7b4717aa13ed478f80301437ac43f5de607e993f248f37b
length_06_s2609272305,length,6,2609272305,PATH,20,0.3981071705534972,1160355,390472,0,0,376324,14148,14124,4,24,4641420,0.9999948291686596,14.498450579005294,3.3595335610443726,True,passed,90bf14a230b28897cb67c703fe365cce3ffc3d876d063a4bb8c65e36b6b30866
length_06_s2609272305,length,6,2609272305,PATH,21,0.3801893963205612,1160355,400224,0,0,385571,14653,14629,4,24,4641420,0.9999948291686596,14.755766040005255,3.3952648960403167,True,passed,8e12422db8c33c0070a476b7a5692ca03640f38c0f4b9b06a5ee7c397c3681d9
length_06_s2609272305,length,6,2609272305,PATH,22,0.36307805477010135,1160355,318247,0,0,306304,11943,11920,3,23,3481065,0.9999933928266206,11.788080495025497,3.447125350998249,True,passed,30bb5d18b91780e0e32ba3a3db8ca36578f9df9c7306f6d233a99639cfe320c7
length_06_s2609272305,length,6,2609272305,PATH,23,0.3467368504525316,1160355,327541,0,0,315094,12447,12423,3,24,3481065,0.9999931055582127,12.118556969042402,3.5685987930046394,True,passed,d9890cd8622baa66e3220dd3bb8915963014039d0af317b3e2f615f617076ba9
length_06_s2609272305,length,6,2609272305,PATH,24,0.3311311214825911,1160355,336080,0,0,323132,12948,12922,3,26,3481065,0.9999925310213972,12.469857911986765,3.6621138640330173,True,passed,c0f20a0d04b130e0f0b7f06737c513b9eb7ee0dcf6290112e010a74a45e34481
length_06_s2609272305,length,6,2609272305,PATH,25,0.31622776601683794,1160355,444457,0,0,427345,17112,17077,4,35,4641420,0.9999924592042952,16.472977561992593,3.7610616220044903,True,passed,529056edc5dae8fda424132b720f23eee9defbb37255b214717f8e61bd4562af
length_06_s2609272305,length,6,2609272305,PATH,26,0.3019951720402016,1160355,456985,0,0,439126,17859,17821,4,38,4641420,0.9999918128503776,16.85204877698561,3.8904862880008295,True,passed,cb87d44f103ef1e2e319ac3d6ffe091565f0386719174ce8eea13ac561278544
length_06_s2609272305,length,6,2609272305,PATH,27,0.28840315031266056,1160355,467080,0,0,448487,18593,18553,4,40,4641420,0.9999913819477659,17.317100015003234,3.978740600985475,True,passed,aea59dae6c0ca9cce8c7792db829ddad13d584cc7f9ce52548191c85be7d6015
length_06_s2609272305,length,6,2609272305,PATH,28,0.2754228703338166,1160355,477644,0,0,458312,19332,19285,4,47,4641420,0.999989873788625,17.68366749503184,4.108323107997421,True,passed,fe1fcf84184e88e1f453a080919b34d816888ec31fded80d41b6ff1bbc86c24d
length_06_s2609272305,length,6,2609272305,PATH,29,0.2630267991895382,1160355,488222,0,0,468103,20119,20059,4,60,4641420,0.999987072921649,18.016214967996348,4.239390861010179,True,passed,818268502ab732eb2b8ba1390a78222876ac5dc84e6fc595953ea99aab3a87c9
length_06_s2609272305,length,6,2609272305,PATH,30,0.251188643150958,1160355,498385,0,0,477438,20947,20875,4,72,4641420,0.9999844875059788,18.52330445800908,4.351469414017629,True,passed,3066cd897f590d394cafd73aa14b6977d416746bb2d835fc424f3e965bd6fb68
length_06_s2609272305,length,6,2609272305,PATH,31,0.23988329190194904,1160355,508007,0,0,486190,21817,21731,4,86,4641420,0.9999814711876969,18.73864810797386,4.448394152976107,True,passed,a9ebab56f813d22e735d06b496f4306ebcd8db2a1385a46777e2f489eaab0a45
length_06_s2609272305,length,6,2609272305,PATH,32,0.2290867652767773,1160355,517020,0,0,494376,22644,22542,4,102,4641420,0.9999780239668032,19.108754066051915,4.569504874001723,True,passed,ed95ed9d4267f80dd0e28dfef040a8cb9200afaea50baf2f474183a2f92736f2
length_06_s2609272305,length,6,2609272305,PATH,33,0.21877616239495523,1160355,527154,0,0,503578,23576,23452,4,124,4641420,0.9999732840380745,19.563016981002875,4.695130654959939,True,passed,ce2e8e004be0b8446abc103f21e08c84d352ec95e3eed7b947b047ad18edefb9
length_06_s2609272305,length,6,2609272305,PATH,34,0.20892961308540392,1160355,534506,0,0,510047,24459,24303,4,156,4641420,0.9999663895962874,19.785402831970714,4.785257518000435,True,passed,374ccbe8d11810c029760d34ca3f6e46edc47ebc1fbaea62637ffc077e5efc8e
length_06_s2609272305,length,6,2609272305,PATH,35,0.19952623149688797,1160355,544335,0,0,518919,25416,25217,4,199,4641420,0.9999571251901358,20.2078122519888,4.909580653999001,True,passed,0bf9252555d2308ee78ae7049201149051b938e7e611c0b157f5a89903687aed
length_06_s2609272305,length,6,2609272305,PATH,36,0.19054607179632474,1160355,552959,0,0,526612,26347,26069,4,278,4641420,0.9999401045369736,20.5567817799747,5.009492927987594,True,passed,be986f8a7de6597571cb27dd41cdc396d1470a163ac9a4e46162e056de67fc83
length_06_s2609272305,length,6,2609272305,PATH,37,0.18197008586099836,1160355,560344,0,0,533109,27235,26854,4,381,4641420,0.999917913052471,20.808723246038426,5.0823787249973975,True,passed,6b3927319311b9f794c759e61783f58a594ccded478022cbd93e909b381d174f
length_06_s2609272305,length,6,2609272305,PATH,38,0.17378008287493754,1160355,578002,0,0,546375,31627,30643,4,984,4641420,0.9997879959150432,21.703669670037925,5.168606719002128,True,passed,9c82b096460bdf992db8684c9c644c6ad1d9a9759c2bcc388605f75305dd4d5e
length_06_s2609272305,length,6,2609272305,PATH,39,0.16595869074375605,1160355,573733,0,0,544538,29195,28535,4,660,4641420,0.9998578021381388,21.38650725298794,5.22825309401378,True,passed,7e2094397b609529c3a700133737145515da55693bcba8e0d1f0c8c811018bfe
length_06_s2609272305,length,6,2609272305,PATH,40,0.15848931924611134,1160355,578428,0,0,548349,30079,29250,4,829,4641420,0.99982139086745,21.60089251102181,5.271769537997898,True,passed,1040b522bf23f0171091744450e18edcafaafae8084a72c2b34c1c40497b6eb5
length_06_s2609272305,length,6,2609272305,PATH,41,0.15135612484362082,1160355,583663,0,0,552593,31070,30031,4,1039,4641420,0.9997761460932215,21.847706911037676,5.336711743962951,True,passed,8de3cdff86c986377c011ff0bb9d299d55c4c7be0c86d7307dbd0cc03f9175e1
length_06_s2609272305,length,6,2609272305,PATH,42,0.14454397707459277,1160355,602496,0,0,567911,34585,32021,4,2564,4641420,0.9994475828517997,22.70813616499072,5.399165040988009,True,passed,540d6ab1c72b1242e35bf57b3318568e0d6a4f8031da49feb1bba810dcceafca
length_06_s2609272305,length,6,2609272305,PATH,43,0.1380384264602885,1160355,598491,0,0,564628,33863,32223,4,1640,4641420,0.9996466598584054,22.5480102020083,5.430847623036243,True,passed,fd5648b020db2decee0e40de6578d5fb0bf34c5cf285f3a61ed26354178be489
length_06_s2609272305,length,6,2609272305,PATH,44,0.1318256738556407,1160355,605624,0,0,570889,34735,32763,4,1972,4641420,0.9995751300248631,22.916539147030562,5.450884281017352,True,passed,fe5964e35cad91fcd1c07f45954d8666b41fbdce975968cf5dec10c4c053bd55
length_06_s2609272305,length,6,2609272305,PATH,45,0.12589254117941673,1160355,635208,0,0,597924,37284,32707,4,4577,4641420,0.9990138793731229,23.95361511700321,5.540549462020863,True,passed,f7e75b9adebbeb84e586ba3fe73d4ed1b4b7767724e13d53a5f6268d5162084a
length_06_s2609272305,length,6,2609272305,PATH,46,0.12022644346174129,1160355,621820,0,0,585964,35856,33159,4,2697,4641420,0.9994189278281216,23.47596478095511,5.589048890047707,True,passed,1702d93ab43132b18b9ffe7075d49526055521114dffba470e6c851d1a0850c5
length_06_s2609272305,length,6,2609272305,PATH,47,0.1148153621496883,1160355,632456,0,0,595556,36900,33737,4,3163,4641420,0.9993185275195953,23.791971539030783,5.709172790055163,True,passed,14ad4e967ee44f1f94bdebe652d77b8c6b0ca935662c18e35594a02c00194ee7
length_06_s2609272305,length,6,2609272305,PATH,48,0.1096478196143185,1160355,646488,0,0,608288,38200,34513,4,3687,4641420,0.9992056310353297,24.564081944001373,5.738964863005094,True,passed,1e49fe379d6e6023bb53bbcd18453a2373a5a02b536c191590a2c3cec6e58ae1
length_06_s2609272305,length,6,2609272305,PATH,49,0.10471285480508996,1160355,663374,0,0,623798,39576,35350,4,4226,4641420,0.9990895027814763,25.12581761495676,5.805662011029199,True,passed,39dcc92cc2b4659a336620b42281331bc437f6a80673885ad68d0835bf503bd4
length_06_s2609272305,length,6,2609272305,PATH,50,0.1,1160355,680561,0,0,639578,40983,36172,4,4811,4641420,0.9989634637675538,25.735247714968864,5.873140952026006,True,passed,713518766c2f99b955356694bef8618b3b9c1fb52121a18bf0241ea38300bf51
length_06_s2609272305,length,6,2609272305,PATH,51,0.09549925860214359,1160355,700908,0,0,658446,42462,37099,4,5363,4641420,0.9988445346467245,26.48376700998051,5.904865360003896,True,passed,8074665d85f552266cddd093f693939a06dff0aa05b503d634f54e5f4fdcf204
length_06_s2609272305,length,6,2609272305,PATH,52,0.09120108393559097,1160355,717278,2,0,673726,43550,37651,4,5899,4641420,0.9987290527467887,27.161442688026,5.992546699009836,True,passed,ea6cb75538ab0a6163a35b22694be54f51635e5648e196b052e2cebcabd58302
length_06_s2609272305,length,6,2609272305,PATH,53,0.08709635899560805,1160355,739273,15,0,694090,45168,38690,4,6478,4641420,0.9986043064407013,27.85540860396577,6.069784169027116,True,passed,6bb31269fab5c6318f7c67f329b61c7c7fa8e0868169decef018412794e9e154
length_06_s2609272305,length,6,2609272305,PATH,54,0.08317637711026708,1160355,762819,41,0,715850,46928,39918,4,7010,4641420,0.9984896863459889,28.7743892299477,6.18628877698211,True,passed,6e2ee6a4beb0876085710d96c4e492c91a763ef4717562640b3f16aeaefa71ca
length_06_s2609272305,length,6,2609272305,PATH,55,0.07943282347242814,1160355,787241,81,0,738323,48837,41354,4,7483,4641420,0.9983877778783217,29.835697496018838,6.312780943990219,True,passed,9a8b6630d8463ae110f195a6aea16716966d0e8087e99fbabb4205057488d437
length_06_s2609272305,length,6,2609272305,PATH,56,0.07585775750291836,1160355,952131,473,0,892770,58888,43001,4,15887,4641420,0.9965771251039552,35.76406351203332,6.409723894030321,True,passed,c5d8aeaf4ade15109c5f47f0ff0bcb3c9df2ec7927487f5aa020859f199c5342
length_06_s2609272305,length,6,2609272305,PATH,57,0.07244359600749903,1160355,989753,1150,0,926029,62574,45937,4,16637,4641420,0.9964155366245675,37.104792213998735,6.550949454016518,True,passed,244560f63352b8d553683c78a1090fce35f8bdb27982633ce6663e5784c4e00e
length_06_s2609272305,length,6,2609272305,PATH,58,0.06918309709189366,1160355,1034639,2232,0,965656,66751,49377,4,17374,4641420,0.9962567490121558,38.86554560199147,6.777350126008969,True,passed,1494532643e5f0eb3549204bfd65ceea3b103730b647a8cd586352b4bf38be54
length_06_s2609272305,length,6,2609272305,PATH,59,0.06606934480075961,1160355,1086120,4205,0,1010748,71167,53200,4,17967,4641420,0.9961289863877865,40.77759017300559,6.992720932990778,True,passed,b37ed4d6dc80a3a113d9138f8c31747b6a698c25638c5cde7df82354d68526e0
length_06_s2609272305,length,6,2609272305,PATH,60,0.06309573444801933,1160355,995548,4112,0,928515,62921,53243,4,9678,4641420,0.9979148622619801,37.343275133986026,7.262742035032716,True,passed,6a622233f453eb8278e44edecffcd315bd7e299ba3a962e5c58e8fde9b354468
length_06_s2609272305,length,6,2609272305,PATH,61,0.06025595860743578,1160355,1204242,14382,0,1109487,80373,61425,4,18948,4641420,0.9959176286567473,44.732928391953465,7.5914237050455995,True,passed,7e089f4a75fcd391ef7544288d032af38d3e34e8fe6474d94f8b91d2327a7899
length_06_s2609272305,length,6,2609272305,PATH,62,0.057543993733715694,1160355,1282423,23911,0,1173019,85493,66154,4,19339,4641420,0.9958333871961598,47.06232208397705,7.954870668996591,True,passed,40deaf49628ef2d5139cc1cf086029128417383c73f14044672a2491dea2b7bb
length_06_s2609272305,length,6,2609272305,PATH,63,0.054954087385762455,1160355,1185832,20763,0,1091050,74019,63533,4,10486,4641420,0.9977407776068531,43.615744557988364,8.278730096004438,True,passed,9103f0a56a40693703362659c96be6e28d18192f226dbcc6aba24c666be2fe03
length_06_s2609272305,length,6,2609272305,PATH,64,0.05248074602497726,1160355,1285791,35116,0,1170666,80009,69119,4,10890,4641420,0.9976537352792896,46.591599121980835,8.697843451984227,True,passed,76ec19d4d43017f7dd2f11ff47af6612612b74ce4fced1751a987695299cde03
length_06_s2609272305,length,6,2609272305,PATH,65,0.05011872336272722,1160355,1451470,59609,0,1298389,93472,78388,4,15084,4641420,0.9967501325025531,51.99371471995255,9.079959939990658,True,passed,b2faffa2ba2d548ffed1fef535a51f4fe218c7e6272bc1f52ce2f6137f115904
length_06_s2609272305,length,6,2609272305,PATH,66,0.047863009232263824,1160355,2201084,172644,0,1884528,143912,118754,5,25158,5801775,0.9956637408379332,75.5877920689527,9.502913816017099,True,passed,6da9fb4eda3d81abab03a05aff11f7d5570e4b1707735fc0c8788d364ee792b2
length_06_s2609272305,length,6,2609272305,PATH,67,0.04570881896148749,1160355,1613279,127394,0,1385656,100229,88511,4,11718,4641420,0.9974753415980454,55.11037428997224,10.111527236993425,True,passed,032d3818d1e7239907fe635340e65ddac825e66f3d6e9e7683379f1f972a3b93
length_06_s2609272305,length,6,2609272305,PATH,68,0.043651583224016584,1160355,2708133,383199,0,2149740,175194,148090,5,27104,5801775,0.9953283262449854,86.92947801400442,10.650866833049804,True,passed,b9dfb991f95c32ff5da5a048b98915ab5f10bf2c526245fc2fd910e70cd3737d
length_06_s2609272305,length,6,2609272305,PATH,69,0.04168693834703355,1160355,1987666,274393,0,1587330,125943,111525,4,14418,4641420,0.9968936230722495,64.18660573795205,11.211935580009595,True,passed,eab8bb7e2dfad860f883ffe9b1ea8a53afe5ad46cc944347baefb63ec094c2b2
length_06_s2609272305,length,6,2609272305,PATH,70,0.039810717055349734,1160355,2172872,379163,0,1655246,138463,123139,4,15324,4641420,0.996698424189149,67.17154669598676,11.727418666006997,True,passed,2828575bee93b43ae521013b8ea5fff7175994988a7bd880f88eb5584e5a408b
length_06_s2609272305,length,6,2609272305,PATH,71,0.038018939632056124,1160355,3788141,1019070,0,2519535,249536,214051,5,35485,5801775,0.9938837683295199,104.91043690696824,12.25667319598142,True,passed,66b6edc1dae0995dc1d57d7dbc1cc3773b1c9c4df0d0e979555914549359caec
length_06_s2609272305,length,6,2609272305,PATH,72,0.03630780547701014,1160355,2702881,671249,0,1850918,180714,159027,4,21687,4641420,0.9953275075300232,76.87734822399216,12.732005544006824,True,passed,cfd6d76025c56e7ee29c8db62d06786c6f01545333e0197a860ae1e9cbf7d216
length_06_s2609272305,length,6,2609272305,PATH,73,0.034673685045253165,1160355,4688277,1652347,0,2708171,327759,279805,5,47954,5801775,0.9917345984634013,116.96335521899164,13.318132634973153,True,passed,31c0fe1923398cd088c1ac9b67efa628415613d8be1303dde8fa65d1fccee4bf
length_06_s2609272305,length,6,2609272305,PATH,74,0.03311311214825911,1160355,3526486,1164206,0,2112167,250113,216306,4,33807,4641420,0.9927162377031167,90.98804596898844,13.923831547028385,True,passed,53f8de30f5d934caf324a65dce0d461fe431ddbcb8dbc4baca2f6bafeb203ae4
length_06_s2609272305,length,6,2609272305,PATH,75,0.03162277660168379,1160355,5770075,2433858,0,2894055,442162,373665,5,68497,5801775,0.988193785522534,131.87818963103928,14.691225608985405,True,passed,dec9143ce763446387fc350478577765684aad21cd076e00997d74ce7f42203f
length_06_s2609272305,length,6,2609272305,PATH,76,0.03019951720402016,1160355,4297046,1695835,0,2269223,331988,284585,4,47403,4641420,0.9897869617487751,102.1932505100267,15.452473288984038,True,passed,dfb9839a2c06ee7b5f165781a5cb6a8008e59bb27907ab609d5892dc0beb8726
length_06_s2609272305,length,6,2609272305,PATH,77,0.028840315031266057,1160355,6866655,3233542,0,3036089,597024,496992,5,100032,5801775,0.9827583799785411,148.0579650630243,16.29791345197009,True,passed,9a291ff0927aeb57ac20357d2c8a3a8ecac9bb1cc15e845d7fbf44ab06321079
length_06_s2609272305,length,6,2609272305,PATH,78,0.02754228703338166,1160355,4773874,2028746,0,2326124,419004,355219,4,63785,4641420,0.9862574384563345,110.77943396801129,17.293163336988073,True,passed,d356a122b0ace314a8176f6a97c4e60d4d13034a029d6b7faecf391a0a522ea8
length_06_s2609272305,length,6,2609272305,PATH,79,0.026302679918953815,1160355,7986387,4055911,0,3126250,804226,656680,5,147546,5801775,0.9745688173016016,166.38705504103564,18.405982761003543,True,passed,8b6e791bfd73ac616f5cd8730fe827a1f0b6c2e094204b4c3f97690797eed004
length_06_s2609272305,length,6,2609272305,PATH,80,0.025118864315095794,1160355,7730718,3793155,0,3188791,748772,630163,5,118609,5801775,0.9795564288515153,165.72756983700674,19.49269937799545,True,passed,fccd5126d2ff487e11caf9b766eefe7c92cbd841b03537b909b07f4d0a68dd7a
length_06_s2609272305,length,6,2609272305,PATH,81,0.023988329190194897,1160355,5374006,2399479,0,2403126,571401,467361,4,104040,4641420,0.977584446139328,123.80019360000733,20.817851084982976,True,passed,bc78b6d9ec1451535e71537fa3dcc85ca78a79c22249e9884c117b4a664a4d14
length_06_s2609272305,length,6,2609272305,PATH,82,0.022908676527677734,1160355,9183000,4920267,10,3132888,1129835,873400,5,256435,5801775,0.9558005955074094,189.31937439198373,22.047128982958384,True,passed,060dcb88c3189831267233ae77f603cf654fd18403ad56d4a30b9fbe9ddf4784
length_06_s2609272305,length,6,2609272305,PATH,83,0.02187761623949553,1160355,9937734,5510974,26,3152674,1274060,957268,5,316792,5801775,0.945397399933641,200.6894445430371,23.528244693996385,True,passed,67daac476348b927c3e7154839bc89c43de05e42603744c40c034d86d6e1dc95
length_06_s2609272305,length,6,2609272305,PATH,84,0.020892961308540396,1160355,10185780,5690441,63,3146912,1348364,970954,5,377410,5801775,0.9349492181272111,205.16940556198824,25.151099056995008,True,passed,c4a9a319dcda4c4f80813f9c15c16b1d0a9e1ddd63e644ea9897e5a2d15537c7
length_06_s2609272305,length,6,2609272305,PATH,85,0.0199526231496888,1160355,11049564,6393065,138,3175421,1480940,1025214,5,455726,5801775,0.9214505905520294,215.81710953998845,26.814610639004968,True,passed,d9750939e6928bb104bb02cb7969bccfc8ed0c5e3d7e265b9f770e910923d9ee
length_06_s2609272305,length,6,2609272305,PATH,86,0.019054607179632473,1160355,15144037,9253249,262,3835716,2054810,1451160,6,603650,6962130,0.9132952128156182,280.0128770750016,28.412120795983355,True,passed,5699a2bcd00d8c0569992807eb84b74ef0749d7d0389dda611b30edbef5a25f0
length_06_s2609272305,length,6,2609272305,PATH,87,0.018197008586099836,1160355,15625208,9682575,454,3885807,2056372,1374163,6,682209,6962130,0.902011453391419,281.88608562300215,30.168907989980653,True,passed,b587da64e852df61800417a31d8eb9ab2ba1302d3a8ad60341b5f781c6ce3aa4
length_06_s2609272305,length,6,2609272305,PATH,88,0.017378008287493755,1160355,13934246,8940271,790,3090843,1902342,1125216,5,777126,5801775,0.8660537507917836,244.32312717096647,31.774120507005136,True,passed,73ac49fd2e368fe1a170bbaf9c0879e8bd2da4f4291eca8d0154aeaecfc8ff4c
length_06_s2609272305,length,6,2609272305,PATH,89,0.016595869074375606,1160355,15103274,10025799,1420,3001224,2074831,1166619,5,908212,5801775,0.8434596308888228,254.60516323003685,33.56262818601681,True,passed,2df138aef622b5fb9773d1e79be72765cae8a7ce4fc79b5c7f7c6ad7867b93e5
length_06_s2609272305,length,6,2609272305,PATH,90,0.015848931924611134,1160355,16312347,11162416,2372,2864788,2282771,1246313,5,1036458,5801775,0.8213550163527541,263.9000570960343,35.2336359199835,True,passed,75c33b7b3c3c70b3aadc14218770e3fec5656cecb390926a5ef1f01b5e35def2
length_06_s2609272305,length,6,2609272305,PATH,91,0.01513561248436208,1160355,20597222,14289844,3457,3317714,2986207,1781783,6,1204424,6962130,0.8270035176016535,329.9932313800091,36.817758977995254,True,passed,39a469443dafcb88067ff202264bf67a1f8c413912a9a3f69ea17bb71fced14e
length_06_s2609272305,length,6,2609272305,PATH,92,0.014454397707459272,1160355,21746535,15371372,4740,3065028,3305395,1941294,6,1364101,6962130,0.8040684388254744,343.97046939696884,38.54323814000236,True,passed,a29be6cc4c1d7dbece09a75bb0eaed3c0581c54416209bc32aaff2253fc0cb2c
length_06_s2609272305,length,6,2609272305,PATH,93,0.013803842646028845,1160355,22340866,15931566,5859,3022615,3380826,1927263,6,1453563,6962130,0.7912186356761508,347.46741850697435,40.165649136004504,True,passed,5a64d30a002963b56567854a8313cc0c3043a54f25ff0272f08e7c54b39b4b9f
length_06_s2609272305,length,6,2609272305,PATH,94,0.013182567385564075,1160355,23787787,17267794,6511,2684931,3828551,2080985,6,1747566,6962130,0.7489897488268676,368.30370485200547,41.59725948603591,True,passed,b39529d53f7b3849fefdcfc4123ec71fbfd7aabf001f9423437192d1edfa5dba
length_06_s2609272305,length,6,2609272305,PATH,95,0.012589254117941675,1160355,23812744,17284291,6735,2693001,3828717,1996521,6,1832196,6962130,0.73683398615079,368.9804840570432,43.02797486196505,True,passed,03374ed42f4f962f3875fde4270faa4300aabf81d85e89aa73d308417d00a7fd
length_06_s2609272305,length,6,2609272305,PATH,96,0.012022644346174132,1160355,24313170,17740915,6807,2626067,3939381,1941409,6,1997972,6962130,0.7130228823650233,374.5044396519661,44.0541656879941,True,passed,6facedb4bc0194104fd9662e25180f0259036b31a0f22dea22def67b350b0233
length_06_s2609272305,length,6,2609272305,PATH,97,0.01148153621496883,1160355,24843820,18232250,6904,2554515,4050151,1884649,6,2165502,6962130,0.6889598441856156,380.5033268359839,45.2726666360395,True,passed,40da698821c6b3cf08e8ad713802b5ceb1c8a9c27b70bd6a7d1c5b23d333b60c
length_06_s2609272305,length,6,2609272305,PATH,98,0.01096478196143185,1160355,26233657,19558938,7408,2362149,4305162,1867312,6,2437850,6962130,0.6498413560217922,393.2224605290103,46.40801298600854,True,passed,d57f00334d49841da4c4dee4cbd8e023d3a10246e6a196e5607d397a6d66c65c
length_06_s2609272305,length,6,2609272305,PATH,99,0.010471285480508996,1160355,25884190,19210588,7154,2403862,4262586,1813090,6,2449496,6962130,0.6481685920831699,391.4073679490248,47.39774241001578,True,passed,8ded7b93967b65204d33f77d173785918c85ec1d1db6728b032dec6ba256b6d2
length_06_s2609272305,length,6,2609272305,PATH,100,0.01,1160355,25353606,18693389,6918,2468912,4184387,1776956,6,2407431,6962130,0.6542105648702337,386.88794285198674,49.050910104997456,True,passed,6eca6b38b3895b59a182151a0755dee843ceda216da60956cd9791494eb2ba37
shared_30_s2609283001,shared,30,2609283001,PATH,0,1.0,793938,0,0,0,0,0,0,0,0,0,,0.015810301003511995,0.05344088398851454,True,passed,218a197780af48825c160a1b2c3f93693c61c1ba7c1357e04c43843c77db4840
shared_30_s2609283001,shared,30,2609283001,PATH,1,0.954992586021436,793938,268805,43460,0,183607,41738,7292,5,34446,3969690,0.991322748123909,7.988251406990457,0.06185991200618446,True,passed,df9df81b36ef199556da8beb0de84171444551f70987bf13c0e47104b843814d
shared_30_s2609283001,shared,30,2609283001,PATH,2,0.9120108393559098,793938,107535,11306,0,80474,15755,4287,4,11468,3175752,0.9963888867896485,3.377299828978721,0.07968176802387461,True,passed,7f32ffcf733408dbad916e78e4e56096742944cef21f6f096b2b30568821bdf5
shared_30_s2609283001,shared,30,2609283001,PATH,3,0.8709635899560807,793938,101567,11360,0,74981,15226,4008,1,11218,793938,0.9858704332076308,3.1176310379523784,0.12141777202486992,True,passed,6e090ab2413562df3e5eb827eda622c5320d1d4b2290bd5237569f3ca83eef26
shared_30_s2609283001,shared,30,2609283001,PATH,4,0.831763771102671,793938,156228,13761,0,119284,23183,8929,4,14254,3175752,0.9955116142570327,4.956673723005224,0.16492240998195484,True,passed,095e4b02d1a58f5b8164b478d14dfcaa925017acf8ad8b3d32aab192b58922e7
shared_30_s2609283001,shared,30,2609283001,PATH,5,0.7943282347242815,793938,109672,7579,0,86025,16068,7688,4,8380,3175752,0.9973612549090735,3.580223827972077,0.21016387298004702,True,passed,233daf63c38631ce7d61d7f58d2596dbecc9fa92f3db078a095d3c2eede5f3b4
shared_30_s2609283001,shared,30,2609283001,PATH,6,0.7585775750291838,793938,165558,12352,0,128531,24675,11215,4,13460,3175752,0.9957616337799677,5.360543287009932,0.2639486560365185,True,passed,b51095ef2e08fde574c8b1014a5b16bb8396fb29153f411ba7f12dc131b5ae98
shared_30_s2609283001,shared,30,2609283001,PATH,7,0.72443596007499,793938,91445,4840,0,73070,13535,8379,4,5156,3175752,0.9983764475311674,3.031862960953731,0.3280135719687678,True,passed,4cb6886d643b00a41d1e3dc05fa8752a51166432338f5bf99cc624775fbc555a
shared_30_s2609283001,shared,30,2609283001,PATH,8,0.6918309709189365,793938,156897,10560,0,122289,24048,13533,4,10515,3175752,0.9966889731943804,5.166124389041215,0.4114245710079558,True,passed,606bd9fdd07bfb85451c261c972d9d2539bb8c9bd6e80863eb4a931d064a2809
shared_30_s2609283001,shared,30,2609283001,PATH,9,0.660693448007596,793938,131600,7531,0,103638,20431,13901,4,6530,3175752,0.9979437940997912,4.417739913973492,0.5034842640161514,True,passed,dde45319f93b819e7dfe04cc3ce53d644e98de9be893991f8d76ee4b16f6f83e
shared_30_s2609283001,shared,30,2609283001,PATH,10,0.6309573444801932,793938,147352,9131,0,115086,23135,15832,4,7303,3175752,0.9977003871838859,4.90014624397736,0.5714710259926505,True,passed,9d578702dd1e25faadab2d0aff449c9337233d539cdf03ae537825b05a57b648
shared_30_s2609283001,shared,30,2609283001,PATH,11,0.6025595860743578,793938,138860,10112,0,106494,22254,15104,3,7150,2381814,0.996998086332518,4.622590814018622,0.6707698309910484,True,passed,8c2204e3580aca4dd56602a8012fb263f87538c60856bf311cb2501222471e64
shared_30_s2609283001,shared,30,2609283001,PATH,12,0.5754399373371569,793938,170805,12464,0,130704,27637,19530,4,8107,3175752,0.9974472188004605,5.634872006019577,0.7544052110170014,True,passed,218743493d2482a09f39795b05bc8cf03d1c6ea3174d9193e76fa3652858bd8e
shared_30_s2609283001,shared,30,2609283001,PATH,13,0.5495408738576245,793938,169110,12354,0,128918,27838,21285,4,6553,3175752,0.9979365517206633,5.658381232002284,0.8435885040089488,True,passed,fd0163c9f4b9cd1c8f5c36aea82541c8124fcadb904b192839fa8771a6437296
shared_30_s2609283001,shared,30,2609283001,PATH,14,0.5248074602497725,793938,198256,16960,0,148191,33105,23605,4,9500,3175752,0.9970085825341526,6.493189316999633,0.9432795759639703,True,passed,0a6d192567c215876f3d497488a28b5290940205dc6926eea1c61e8d3c492b12
shared_30_s2609283001,shared,30,2609283001,PATH,15,0.5011872336272722,793938,187282,18796,0,136627,31859,21049,3,10810,2381814,0.9954614424132195,6.044080741005018,1.0324886090238579,True,passed,695067a7c9729a5e78874be41405467c2a36e5aea0f25738495973f53e195159
shared_30_s2609283001,shared,30,2609283001,PATH,16,0.4786300923226383,793938,182114,15467,0,135570,31077,24755,4,6322,3175752,0.9980092903979908,5.8737209680257365,1.1371216720435768,True,passed,6911c02b1c354755c0e10a2b7f1b571677faa6b6eb135f58aae6635f2c51ad01
shared_30_s2609283001,shared,30,2609283001,PATH,17,0.457088189614875,793938,257380,28815,0,183736,44829,30342,4,14487,3175752,0.9954382458076071,8.198164879984688,1.2485163459787145,True,passed,5963c32eef32eab0da7dd41f3c60a175803bfc3f8e68af8f9bac0218d4392f12
shared_30_s2609283001,shared,30,2609283001,PATH,18,0.436515832240166,793938,271244,32164,0,191443,47637,32308,4,15329,3175752,0.9951731117543183,8.589492313039955,1.3362236420507543,True,passed,0f6da80496b6fc1da7f86557922616eec938ed85419a7bc3e9d694e3783863ad
shared_30_s2609283001,shared,30,2609283001,PATH,19,0.4168693834703354,793938,242841,32020,0,167377,43444,27062,3,16382,2381814,0.9931220489929105,7.6682406649924815,1.4018612640211359,True,passed,46df28f7bbfe26e6bcc9458c5c49e7a9077b446b67b5b0ebb44931316ae10347
shared_30_s2609283001,shared,30,2609283001,PATH,20,0.3981071705534972,793938,295693,38481,0,203986,53226,35268,4,17958,3175752,0.9943452763314012,9.333953446010128,1.4405591519898735,True,passed,7ca629996454ed1dedcbd31e8ae13e93a996d22d04b62a572d3bc493a28cdbd7
shared_30_s2609283001,shared,30,2609283001,PATH,21,0.3801893963205612,793938,301060,40040,0,206611,54409,36211,4,18198,3175752,0.9942697036796324,9.458498395979404,1.490138276014477,True,passed,7ebbd335fc9252240eee217836a8aaa59ef0322946b73649d2af03da5a4358f3
shared_30_s2609283001,shared,30,2609283001,PATH,22,0.36307805477010135,793938,243888,28479,0,171541,43868,33963,4,9905,3175752,0.9968810536842927,7.689617361000273,1.5190274830092676,True,passed,59a66a4bed3c318b18ea3f9fa669e9e13707891f97b47f41dad861379de98af7
shared_30_s2609283001,shared,30,2609283001,PATH,23,0.3467368504525316,793938,306314,41330,0,209331,55653,37668,4,17985,3175752,0.9943367744080772,9.728957165032625,1.5467955089989118,True,passed,cd7c97b21154a58c5006eb01c7b4d0113dc10804b3dff048a4f74c2b220eee28
shared_30_s2609283001,shared,30,2609283001,PATH,24,0.3311311214825911,793938,332458,50155,0,221017,61286,38684,4,22602,3175752,0.9928829455196754,10.35015386302257,1.5778978209709749,True,passed,ab398e387fa50689a054eaf5489dc22427b1b142f774e11c509ac85d4cec3991
shared_30_s2609283001,shared,30,2609283001,PATH,25,0.31622776601683794,793938,342749,54000,0,225228,63521,39424,4,24097,3175752,0.9924121908763657,10.609467999020126,1.6008788219769485,True,passed,18b3c2e56a73667304427872b97bff0ff1b715aeda13b54f7914d2c8ed466d3b
shared_30_s2609283001,shared,30,2609283001,PATH,26,0.3019951720402016,793938,351932,57400,0,228840,65692,40107,4,25585,3175752,0.9919436404353993,10.910440144012682,1.6101643620058894,True,passed,d57c16eabf650c4535b1583d8129b990bfbc01c2575a1fc6d111f7a27adc5cc7
shared_30_s2609283001,shared,30,2609283001,PATH,27,0.28840315031266056,793938,309340,44473,0,207985,56882,39784,4,17098,3175752,0.9946160783335727,9.688752582995221,1.6538290129974484,True,passed,395feab931882e4f2f8a6fd40f18d139bd220dff7c90a33bf6375d57abae5ea9
shared_30_s2609283001,shared,30,2609283001,PATH,28,0.2754228703338166,793938,372249,65544,0,236462,70243,41756,4,28487,3175752,0.991029841121095,11.393234617018607,1.674335968971718,True,passed,3718ea542ac9787e2e450d794951ccb9229a7b78390f8503be93c43f3800b82f
shared_30_s2609283001,shared,30,2609283001,PATH,29,0.2630267991895382,793938,332949,65071,0,204240,63638,33841,3,29797,2381814,0.9874897871958096,10.045528148009907,1.6924892839742824,True,passed,4aa3d8f90f38eb927f962442ad639db156556ef2b590ef446372a4016584da56
shared_30_s2609283001,shared,30,2609283001,PATH,30,0.251188643150958,793938,381491,69043,0,240705,71743,43619,4,28124,3175752,0.9911441447568954,11.720605270005763,1.7112739240401424,True,passed,e9511c1926cd2eae6e20fb026d43357e9629af2d34a71b2c83ab5df333b9a4fb
shared_30_s2609283001,shared,30,2609283001,PATH,31,0.23988329190194904,793938,356555,74698,0,214019,67838,35589,3,32249,2381814,0.9864603197394927,10.598254393960815,1.7399645400000736,True,passed,449333f149d6f5bba5eb5e6d6bb5e5f2d8da685ae78f36e7e4ff4a9181bb09cf
shared_30_s2609283001,shared,30,2609283001,PATH,32,0.2290867652767773,793938,474291,90721,0,294530,89040,55216,5,33824,3969690,0.9914794354219095,14.108867536007892,1.7515954240225255,True,passed,af68c8cce3e678c31d25a472ecd0b2ea7437a32a328903ed46d877d5d30b8e66
shared_30_s2609283001,shared,30,2609283001,PATH,33,0.21877616239495523,793938,498330,99456,0,305897,92977,57098,5,35879,3969690,0.9909617627572934,14.681090689031407,1.7633480239892378,True,passed,efea4536199a17286db0333c6fcc8ed430375ee570ee018cd9bbe64bdbb2555c
shared_30_s2609283001,shared,30,2609283001,PATH,34,0.20892961308540392,793938,428467,87194,0,261983,79290,48709,4,30581,3175752,0.9903704697344126,12.779060658998787,1.7783665910246782,True,passed,a7620df9f60cfa1055d1d1311bd595ba5a698b4c508d9ee26639ee6308f960f8
shared_30_s2609283001,shared,30,2609283001,PATH,35,0.19952623149688797,793938,416801,82818,0,257177,76806,49613,4,27193,3175752,0.9914373036685484,12.376834477006923,1.8071360629983246,True,passed,ab2d82511228b0da4fe868ad0b15a44b2c49a424416f94238058685a1d7948af
shared_30_s2609283001,shared,30,2609283001,PATH,36,0.19054607179632474,793938,560764,120929,0,337088,102747,66095,5,36652,3969690,0.9907670372245692,16.366369066992775,1.8466122139943764,True,passed,df51f016893ff7b84bdd87ec97145d6463e289221d6d44b9932062b2ea9bebfa
shared_30_s2609283001,shared,30,2609283001,PATH,37,0.18197008586099836,793938,632521,147043,0,370554,114924,72812,5,42112,3969690,0.9893916149623774,18.070205691969022,1.8871295800199732,True,passed,2c6a2a7b06f55af932325f885ae05a1d8469a667849f2e07b15ccd2092f0381c
shared_30_s2609283001,shared,30,2609283001,PATH,38,0.17378008287493754,793938,433050,96428,2,258319,78301,54534,4,23767,3175752,0.9925161032725477,12.26291863102233,1.9152426570071839,True,passed,2c469e439ec2a795b8a82cb3bedffd78d00faf7f2819801d637237ff9b233390
shared_30_s2609283001,shared,30,2609283001,PATH,39,0.16595869074375605,793938,410339,105122,2,231899,73316,47267,3,26049,2381814,0.9890633777448616,11.145514948992059,1.9446027460508049,True,passed,1b166170e6d7e27d412b4ce1e30df77ac9cde42eab59649deb348fe20216731b
shared_30_s2609283001,shared,30,2609283001,PATH,40,0.15848931924611134,793938,532967,138243,2,300080,94642,63852,4,30790,3175752,0.9903046585501639,14.266504763974808,1.9259197910432704,True,passed,66cf306dcdc73cdf8d8d0a8ef012f3d79982cd33039cf298cfe74088fb7d744c
shared_30_s2609283001,shared,30,2609283001,PATH,41,0.15135612484362082,793938,886313,284828,4,446728,154753,90455,4,64298,3175752,0.9797534568190464,21.86391423700843,1.9558005380094983,True,passed,552bc87fc0f7153d58918c3c057c777127c2697ba497d0adcdd39f463e7ee99b
shared_30_s2609283001,shared,30,2609283001,PATH,42,0.14454397707459277,793938,988642,337694,10,476861,174077,101765,4,72312,3175752,0.9772299600220672,23.82088231202215,1.985044225002639,True,passed,034cad83bcb5fe194ba422b7e142b1e134b9cd2babbede82821b47ffe8a8f971
shared_30_s2609283001,shared,30,2609283001,PATH,43,0.1380384264602885,793938,1176880,416260,16,550285,210319,127829,5,82490,3969690,0.9792200398519784,28.12439125002129,2.013263620028738,True,passed,6fc2594bb88d2d0eccb7113acf0c55d05351295fcb09cebc91be0cfae9dfdc83
shared_30_s2609283001,shared,30,2609283001,PATH,44,0.1318256738556407,793938,741861,250731,8,356166,134956,90426,4,44530,3175752,0.9859781242364013,18.16232659504749,2.1843973739887588,True,passed,78cec00319e3797ab8c41c7bd3ae5190984299bc2b7729334a5a82642e7ee0d1
shared_30_s2609283001,shared,30,2609283001,PATH,45,0.12589254117941673,793938,1349889,510664,23,588190,251012,162544,5,88468,3969690,0.9777141288110659,31.985172796994448,2.3921587360091507,True,passed,0e35d1b197a48b5621f497e0a2a6130f117a4e0f01bdece6c2cb4823c643882d
shared_30_s2609283001,shared,30,2609283001,PATH,46,0.12022644346174129,793938,1616060,667891,28,635486,312655,196580,5,116075,3969690,0.9707596814864636,36.42829068598803,2.6206167930504307,True,passed,ad26b14b9711a41b0d29a51c29cff9da53021db84b3d2bb3a053358d3ebeb1bb
shared_30_s2609283001,shared,30,2609283001,PATH,47,0.1148153621496883,793938,1627471,669485,28,640679,317279,207656,5,109623,3969690,0.9723849973171709,37.17519594996702,2.7728856000467204,True,passed,4dc2624ac6ede01c75aacf07ace147ae177b1f915d2962d3e0b201970a40c9bb
shared_30_s2609283001,shared,30,2609283001,PATH,48,0.1096478196143185,793938,1465690,566507,27,617766,281390,197365,5,84025,3969690,0.9788333597837614,33.9535365109914,2.8644111159956083,True,passed,d1b93d887cfaccc98ce1847e7b3107f4622a572b845decce51c2b5398488fa08
shared_30_s2609283001,shared,30,2609283001,PATH,49,0.10471285480508996,793938,1418784,534628,28,612375,271753,196931,5,74822,3969690,0.9811516768311883,33.2349153009709,2.984088375000283,True,passed,501c185b30f5865bdf5df67624b1764a27e42dde6de7767a91c13ce89d809c77
shared_30_s2609283001,shared,30,2609283001,PATH,50,0.1,793938,1538158,603205,28,635225,299700,216035,5,83665,3969690,0.978924046965884,35.46282101201359,3.1482558220159262,True,passed,6df13213b48bd58444396e3a224d0276a0d4e73b8c66ea70e08e6b7b872c7914
shared_30_s2609283001,shared,30,2609283001,PATH,51,0.09549925860214359,793938,1663055,676101,32,656541,330381,236433,5,93948,3969690,0.9763336683720895,37.78745986201102,3.2265344629995525,True,passed,80a515e15044ddb944d4136701b133de535632f72d20c2574dbcf655316224ba
shared_30_s2609283001,shared,30,2609283001,PATH,52,0.09120108393559097,793938,1810198,763103,32,679685,367378,260049,5,107329,3969690,0.9729628761943628,40.54190920601832,3.3318773040082306,True,passed,5f905673250d5c5757e711321566ea13bcf87558fb2bcaf9701b004dca0f120e
shared_30_s2609283001,shared,30,2609283001,PATH,53,0.08709635899560805,793938,1158765,465492,17,454001,239255,177806,4,61449,3175752,0.9806505671727516,26.64501483499771,3.491562587034423,True,passed,3b1a6edc4ec938c4b1b67b23755d1b8a9633a19eefb64a0c78c3df1c9008b467
shared_30_s2609283001,shared,30,2609283001,PATH,54,0.08317637711026708,793938,2106212,937661,40,719608,448903,308337,5,140566,3969690,0.9645901821048999,46.56967046495993,3.668863789003808,True,passed,9e8067ecc9ae1beac844a80171eb39086bd348d6b088d07cd2fc75a536f28d1a
shared_30_s2609283001,shared,30,2609283001,PATH,55,0.07943282347242814,793938,2021267,878992,41,713153,429081,307031,5,122050,3969690,0.9692545261720689,45.72158326400677,3.8036946280044504,True,passed,2ae37f8b57b79c5e798d3938f702511c50939a01c3cc8176ab66c26405144cbc
shared_30_s2609283001,shared,30,2609283001,PATH,56,0.07585775750291836,793938,2418019,1118970,50,759387,539612,356024,5,183588,3969690,0.9537525600235787,52.74396975297714,3.9851444310043007,True,passed,7faf8cd5f086f1899013d18ba667263fbf28a203996dcaf59f805527fba0303e
shared_30_s2609283001,shared,30,2609283001,PATH,57,0.07244359600749903,793938,2607260,1230104,60,778546,598550,385053,5,213497,3969690,0.9462182185510707,56.74854797299486,4.143695175996982,True,passed,776f1a34aa90e0794184781ae5048bf7bccc37edfd097c824387ec5705bec85a
shared_30_s2609283001,shared,30,2609283001,PATH,58,0.06918309709189366,793938,2791351,1339425,71,793420,658435,416519,5,241916,3969690,0.9390592212490144,62.436717205971945,4.336792923044413,True,passed,6791c05f9d4aa42f3be8a2cfc291e11b30dd82c5488b7a11a142ae03e59201c1
shared_30_s2609283001,shared,30,2609283001,PATH,59,0.06606934480075961,793938,2960256,1443728,85,801342,715101,436321,5,278780,3969690,0.929772853799667,64.13737246702658,4.485785997996572,True,passed,a5afb4ad8e495bc134084eeff463f1f998ff6af2d8b54915b38d52297ac7f72e
shared_30_s2609283001,shared,30,2609283001,PATH,60,0.06309573444801933,793938,3034473,1486069,98,809109,739197,451590,5,287607,3969690,0.9275492544757903,65.73303969396511,4.640244185982738,True,passed,488897785ff6a47ee171c88c432e6a75a7803acd81006dc1880b4ca11a1091b8
shared_30_s2609283001,shared,30,2609283001,PATH,61,0.06025595860743578,793938,3069348,1504634,104,814202,750408,462362,5,288046,3969690,0.9274386664953687,66.43287409999175,4.729758014029358,True,passed,0c5c2ae34954d67d1bf9a5296eb93ef3e197f7d625478636b224959416ef322f
shared_30_s2609283001,shared,30,2609283001,PATH,62,0.057543993733715694,793938,3258511,1627540,123,818382,812466,483527,5,328939,3969690,0.9171373583327666,70.14891495398479,4.894644204992801,True,passed,1aeddeb371ff7e8f0658dc8058bfb54910d015e930eeb78fa6d544aed8c36438
shared_30_s2609283001,shared,30,2609283001,PATH,63,0.054954087385762455,793938,3411611,1729129,133,820385,861964,500800,5,361164,3969690,0.9090195959886036,73.11211566301063,4.956696920969989,True,passed,a4ea0ff8b9cccf14fb51a938e65c931bb9aeb8b774e48859e7afa79be128c884
shared_30_s2609283001,shared,30,2609283001,PATH,64,0.05248074602497726,793938,3620125,1873288,155,815509,931173,519385,5,411788,3969690,0.8962669629114616,77.10787363501731,5.151434368977789,True,passed,da067da0ddfbd6ce7c70aa69a774e9617b0229602254b11ae5b5a3842f9483da
shared_30_s2609283001,shared,30,2609283001,PATH,65,0.05011872336272722,793938,3782632,1987703,164,810415,984350,535328,5,449022,3969690,0.8868873891915994,80.97811637900304,5.217781937972177,True,passed,5509b4937e85b0479fede9c1a00ca45777414cd5962bb6a2095d18866e1d8b37
shared_30_s2609283001,shared,30,2609283001,PATH,66,0.047863009232263824,793938,3939999,2104279,183,799847,1035690,547159,5,488531,3969690,0.8769347228624905,82.72221725003328,5.359150297997985,True,passed,c81487e58ccaa30a0bed053ecdb232dbda67d0f794a778eb71f3ca9392cbfe69
shared_30_s2609283001,shared,30,2609283001,PATH,67,0.04570881896148749,793938,4080912,2203927,196,796751,1080038,560389,5,519649,3969690,0.8690958236033544,85.54470911697717,5.474192009016406,True,passed,f012988e388a94cb955078a975801f09304117355e82b3495cf1be0f0c8941fb
shared_30_s2609283001,shared,30,2609283001,PATH,68,0.043651583224016584,793938,4195395,2292200,206,785036,1117953,569448,5,548505,3969690,0.8618267421385549,87.10226754599717,5.707695944001898,True,passed,dd6b078799f1ab48ea3f857e1a7db2de545229336cacb962b89f2f2639955d15
shared_30_s2609283001,shared,30,2609283001,PATH,69,0.04168693834703355,793938,4396456,2443041,229,772315,1180871,582593,5,598278,3969690,0.849288483483597,90.37750987097388,5.864660083025228,True,passed,74071614a0c596a55a5fadee5b8c4655580a2cf5414c4ff0798a5437d8e30bce
shared_30_s2609283001,shared,30,2609283001,PATH,70,0.039810717055349734,793938,4685057,2676405,261,735233,1273158,584828,5,688330,3969690,0.8266035886933236,94.94653476995882,6.13774649403058,True,passed,d96bb9580d3af4586ab2d491111c99d8b7b613a7d8f7879060122e005f882f6b
shared_30_s2609283001,shared,30,2609283001,PATH,71,0.038018939632056124,793938,4802491,2766375,272,726274,1309570,595965,5,713605,3969690,0.820236592781804,96.85284787602723,6.331070910964627,True,passed,6b8a137994ae53341b32e820fb3dca12932a9e9f5ee39b4eae34c80938c6cbeb
shared_30_s2609283001,shared,30,2609283001,PATH,72,0.03630780547701014,793938,4914775,2849665,283,721644,1343183,608314,5,734869,3969690,0.8148800032244331,98.67684512701817,6.5672895520110615,True,passed,1c8b54eb6b1d20bb660e3ad4e92e338b4061619810b65a81e4f0b0b4ebc547bb
shared_30_s2609283001,shared,30,2609283001,PATH,73,0.034673685045253165,793938,5238506,3126595,310,667966,1443635,591699,5,851936,3969690,0.7853897911423814,103.70163542596856,6.777745347993914,True,passed,18155a1795f233536f6d3c020c638be12d052b4d9f6bf721f2e2b755a41787a3
shared_30_s2609283001,shared,30,2609283001,PATH,74,0.03311311214825911,793938,5519617,3372829,352,618354,1528082,566267,5,961815,3969690,0.7577102997967096,106.76224469498266,7.093186892976519,True,passed,5a4569dc1c6faa881795b707d0750ffe576a16d859ffa88ffbeb237605d7db9d
shared_30_s2609283001,shared,30,2609283001,PATH,75,0.03162277660168379,793938,5775197,3597622,390,574261,1602924,529540,5,1073384,3969690,0.7296050825127403,110.36167872702936,7.297512722027022,True,passed,606a0065176772783e12f79e24b46d630e1e9cfb019a86a5108616fa320ec7b1
shared_30_s2609283001,shared,30,2609283001,PATH,76,0.03019951720402016,793938,5966849,3767752,397,541383,1657317,494099,5,1163218,3969690,0.706975103849419,113.11395116400672,7.661095358023886,True,passed,9fae6da994f01b2b06078cb28dae27408f7f299284017ec1de968826bd7f77a0
shared_30_s2609283001,shared,30,2609283001,PATH,77,0.028840315031266057,793938,5952318,3723825,395,577729,1650369,540124,5,1110245,3969690,0.7203194707899105,113.07529791101115,7.820011768024415,True,passed,d09906eb32f71a51a78a8d8d1190f168606de6729bc1a794f806fd44f0dfe861
shared_30_s2609283001,shared,30,2609283001,PATH,78,0.02754228703338166,793938,6103764,3858525,407,551599,1693233,510053,5,1183180,3969690,0.7019464996007245,115.28954131703358,8.22293999302201,True,passed,2eb2b3ba4a17138f90b939bc6265e950e64ede07c80e839c67b3d17d87212883
shared_30_s2609283001,shared,30,2609283001,PATH,79,0.026302679918953815,793938,6202210,3931940,420,550253,1719597,510280,5,1209317,3969690,0.6953623582697893,116.44284312304808,8.408036570006516,True,passed,ad88ff00ae804eabc77bddc31fffca4ce6d6d73171cafad29f1eb7d1e04ba4cc
shared_30_s2609283001,shared,30,2609283001,PATH,80,0.025118864315095794,793938,6369029,4068150,437,535877,1764565,487589,5,1276976,3969690,0.6783184581163768,118.82996643905062,8.81951470405329,True,passed,322a5b56e9aef7af38dcbe6427049eddbd1326cb1fddd80ad75b6cf25f19ebea
shared_30_s2609283001,shared,30,2609283001,PATH,81,0.023988329190194897,793938,6490089,4163807,452,529359,1796471,470648,5,1325823,3969690,0.6660134670465452,120.87037123902701,9.006112505972851,True,passed,a64ceaa7f154d37308e82cc564395194e4f24720f6009f16debcb38d50a992cb
shared_30_s2609283001,shared,30,2609283001,PATH,82,0.022908676527677734,793938,6596758,4253722,461,517304,1825271,440133,5,1385138,3969690,0.6510714942476616,122.0163021289627,9.330516386020463,True,passed,f0ae0bc2ce2f3b081641614e4e77bd3c180cdce6f8b2e0d0244341d9edffaf27
shared_30_s2609283001,shared,30,2609283001,PATH,83,0.02187761623949553,793938,6704320,4341747,479,507301,1854793,396299,5,1458494,3969690,0.6325924694371601,123.64976006699726,9.576291628996842,True,passed,8fca31d7a508634f41070dbf9268eeeecb84030b9bce4b8ff6ebd3cc6c44420b
shared_30_s2609283001,shared,30,2609283001,PATH,84,0.020892961308540396,793938,6718604,4331402,474,530536,1856192,448099,5,1408093,3969690,0.645288926843154,124.18559891101904,9.834495308052283,True,passed,2f354986691c3335cf5fffd2474d28157aa13df733c66c75bd846dde844333b1
shared_30_s2609283001,shared,30,2609283001,PATH,85,0.0199526231496888,793938,6760633,4369998,481,522808,1867346,414894,5,1452452,3969690,0.6341145026437833,124.86220544099342,9.925533963018097,True,passed,dd121201868a7c24a59f90f92f730a828b42715468144d12ec75ee183906ba92
shared_30_s2609283001,shared,30,2609283001,PATH,86,0.019054607179632473,793938,6799214,4376857,475,546302,1875580,467995,5,1407585,3969690,0.6454168965334824,126.01132624398451,10.072195884014945,True,passed,433fdccec351fdc6eef6a02cf2c671c171e04f49d54f155bcb3a693d1bf7351c
shared_30_s2609283001,shared,30,2609283001,PATH,87,0.018197008586099836,793938,6820554,4397948,482,541258,1880866,448994,5,1431872,3969690,0.6392987865551214,126.73395133198937,10.151394023967441,True,passed,556e0e62f02fae331f524bdb1684cfc92dac950c02cc98a5a077584e5b271053
shared_30_s2609283001,shared,30,2609283001,PATH,88,0.017378008287493755,793938,6928306,4474714,491,544814,1908287,408900,5,1499387,3969690,0.622291161274558,128.8085939839948,10.381684502994176,True,passed,d6e0980dfd82d40fc124f61e38a2ee9c66943c32780f662414e5454636b13915
shared_30_s2609283001,shared,30,2609283001,PATH,89,0.016595869074375606,793938,6977054,4503742,495,552452,1920365,411280,5,1509085,3969690,0.6198481493517126,129.07393799501006,10.550515123992227,True,passed,db68d5473c9488daea684687e982befb90923594ab6bde90b4875c45907e81be
shared_30_s2609283001,shared,30,2609283001,PATH,90,0.015848931924611134,793938,7024142,4532413,496,559849,1931384,388886,5,1542498,3969690,0.6114311193065454,131.25452245096676,10.73975186003372,True,passed,08889de856e41b87a6c3966f2780093d5850e2813a52b7d77022ebf7ac8ed1e8
shared_30_s2609283001,shared,30,2609283001,PATH,91,0.01513561248436208,793938,7064522,4537900,495,583074,1943053,512823,5,1430230,3969690,0.6397124208691358,130.9258705819957,10.866539405018557,True,passed,da16e0a1e20916b63db26ea8e52559ac33c824ba3447192f2822193d1e5750e3
shared_30_s2609283001,shared,30,2609283001,PATH,92,0.014454397707459272,793938,7098434,4561485,500,584356,1952093,507774,5,1444319,3969690,0.6361632772332348,131.62645049899584,10.997141459956765,True,passed,11b469db234556227ea40f982f57357cd22b81a0c5ca218b018bed701a3221a7
shared_30_s2609283001,shared,30,2609283001,PATH,93,0.013803842646028845,793938,7143454,4596468,502,583547,1962937,465666,5,1497271,3969690,0.622824200378367,132.37403709301725,11.0594143110211,True,passed,aa33dac8b9d12ec9f8e86bdaad4b627617e9068b49790df8ea1a2566d5e165b0
shared_30_s2609283001,shared,30,2609283001,PATH,94,0.013182567385564075,793938,7146092,4600445,500,583299,1961848,393952,5,1567896,3969690,0.6050331386078006,132.31724836403737,11.283631993981544,True,passed,de0e1b1db0815e81af7c9fb6e9c4eac0090ef3fedba85f60936475ebc64f7010
shared_30_s2609283001,shared,30,2609283001,PATH,95,0.012589254117941675,793938,7242737,4657079,508,597880,1987270,392553,5,1594717,3969690,0.5982766916308326,134.1207017049892,11.259787346003577,True,passed,db74ddc323a1fc29ae6be89259e6cf3dce6029845a49a4eb6023273f0ff1d5ff
shared_30_s2609283001,shared,30,2609283001,PATH,96,0.012022644346174132,793938,7249131,4659838,509,600671,1988113,395084,5,1593029,3969690,0.5987019137514515,134.22561096900608,11.416691636026371,True,passed,4a057dba2dc23f4d2c9489f181629e99382c46086eb5fa25c2586c1f8002aad0
shared_30_s2609283001,shared,30,2609283001,PATH,97,0.01148153621496883,793938,7262635,4666499,511,604916,1990709,393237,5,1597472,3969690,0.597582682778756,136.41340264002793,11.828777008980978,True,passed,2422b3d7ab73406275f9b6498413691b7a8bce154d1a4eb3eb803c9309d5d150
shared_30_s2609283001,shared,30,2609283001,PATH,98,0.01096478196143185,793938,7385709,4739299,515,620645,2025250,421855,5,1603395,3969690,0.5960906267240011,144.32972265896387,12.20378006802639,True,passed,69ed253661586583989dd167eae1e96e6e2125f5c1dd4465a4ab76537b3bd0e7
shared_30_s2609283001,shared,30,2609283001,PATH,99,0.010471285480508996,793938,7396107,4744871,516,623301,2027419,423911,5,1603508,3969690,0.5960621610251682,143.89684860099806,12.25319400097942,True,passed,7c0ebfcdf5b2682f41a8c29a5105652a3d8419c18fedcf831e7b53e23b9173f9
shared_30_s2609283001,shared,30,2609283001,PATH,100,0.01,793938,8349940,5216614,553,873208,2259565,640389,6,1619176,4763628,0.6600960444434368,165.63317765598185,12.26391588599654,True,passed,ab5cf8fd4f10e86dae76df3497a383fc3161b95a1f1eed2da4046303f7d72510
shared_30_s2609283002,shared,30,2609283002,PATH,0,1.0,772434,0,0,0,0,0,0,0,0,0,,0.01578762399731204,0.046948745963163674,True,passed,f38d3978217e173b2f7539acb1a96fd16f87adad2275fad5d0198feda7f5bc66
shared_30_s2609283002,shared,30,2609283002,PATH,1,0.954992586021436,772434,274489,54111,0,177793,42585,6649,4,35936,3089736,0.9883692328406052,8.853880764043424,0.056802248989697546,True,passed,812afa05d527c4450177f1d0d28371a924c6a318a917836f14a482664ca37e15
shared_30_s2609283002,shared,30,2609283002,PATH,2,0.9120108393559098,772434,118896,23318,0,77121,18457,3153,1,15304,772434,0.9801873040285642,3.893656170985196,0.08554795698728412,True,passed,4af459923577e79cb70951375acc60aa48a9fd265a37c0c086c8128685c23325
shared_30_s2609283002,shared,30,2609283002,PATH,3,0.8709635899560807,772434,135637,24011,0,91462,20164,4139,5,16025,3862170,0.9958507781894634,4.504012969962787,0.1343238539993763,True,passed,06ac684cde01b8bcfe4c505e37db659fd16684c24b63845a0f57dbd12ed7c0fc
shared_30_s2609283002,shared,30,2609283002,PATH,4,0.831763771102671,772434,137576,23656,0,93731,20189,4503,5,15686,3862170,0.9959385526789344,4.593530657002702,0.20424923195969313,True,passed,05f6d675c00567a1d2e7c789bd63ab7286f573aea65aedab0ec4a0aa8c1edb1f
shared_30_s2609283002,shared,30,2609283002,PATH,5,0.7943282347242815,772434,219672,36331,0,153048,30293,8820,5,21473,3862170,0.99444017223478,7.257230768038426,0.2698494950309396,True,passed,e94c847e8bef7a07ba2764519af100943f1cc36d71a43b9698d5fd5b0857de9b
shared_30_s2609283002,shared,30,2609283002,PATH,6,0.7585775750291838,772434,254983,44450,0,173237,37296,9771,6,27525,4634604,0.9940609812618295,8.191314559953753,0.3384660070296377,True,passed,581f01fee34f4118c320f48fa0fe43a7ca1b6bb1c51c4bb012dc1cd3d2520084
shared_30_s2609283002,shared,30,2609283002,PATH,7,0.72443596007499,772434,221674,39280,0,151956,30438,9995,4,20443,3089736,0.993383577108206,6.859749032999389,0.39943546598078683,True,passed,9804f6fc932c619f4fc3335914caaf0aa7cd808af75619fd4f7b2ece8dfdbe8b
shared_30_s2609283002,shared,30,2609283002,PATH,8,0.6918309709189365,772434,171860,24075,0,128255,19530,9366,4,10164,3089736,0.9967103985583234,5.397847020998597,0.48074071103474125,True,passed,f675a6cfcea615c8d1700dbd9dc39bea8fa1f92806404bd3847393de40f7ffdd
shared_30_s2609283002,shared,30,2609283002,PATH,9,0.660693448007596,772434,209669,33292,0,151277,25100,12039,4,13061,3089736,0.9957727779978613,6.681798341975082,0.5711577289621346,True,passed,11137fa37a88e1392e96336c0ea5d1f81d62940782e024a5c8cfa94ae73f4e03
shared_30_s2609283002,shared,30,2609283002,PATH,10,0.6309573444801932,772434,225023,37798,0,158772,28453,13066,4,15387,3089736,0.9950199628706142,6.952423768991139,0.6568011759663932,True,passed,96bc32d3890f336721d3296e97b96dde5d8f8d4b17e2d4f4fff260f87c485edf
shared_30_s2609283002,shared,30,2609283002,PATH,11,0.6025595860743578,772434,224958,36745,0,161018,27195,14539,4,12656,3089736,0.9959038571580225,6.955811331048608,0.7480182760045864,True,passed,00c9036083894afbb007dfe3735ee769cf86cc79133211cafff7992c0ec69373
shared_30_s2609283002,shared,30,2609283002,PATH,12,0.5754399373371569,772434,198157,27578,0,148923,21656,14247,4,7409,3089736,0.9976020604996673,6.192176741024014,0.8534583399887197,True,passed,053ccf3ad984cba7e07591c6068c04cda2052ac63d2f9c85581c64eb460801a7
shared_30_s2609283002,shared,30,2609283002,PATH,13,0.5495408738576245,772434,247308,41997,0,173840,31471,17752,4,13719,3089736,0.9955598148191301,7.869592010974884,1.0395218919729814,True,passed,21e46e1425c743993fd543ab8bd04ec8e49d2f24a98902651c1c9578d1495020
shared_30_s2609283002,shared,30,2609283002,PATH,14,0.5248074602497725,772434,258584,44507,0,180468,33609,19555,4,14054,3089736,0.9954513913162808,8.459941068023909,1.1828760170028545,True,passed,7013b9e98f6c092507a6a751c690ed71701342797d8947a16733182a55ec0529
shared_30_s2609283002,shared,30,2609283002,PATH,15,0.5011872336272722,772434,249198,39432,0,179946,29820,20471,4,9349,3089736,0.9969741751398825,8.210985080979299,1.3270247159525752,True,passed,f70a9a0a937b0c60f7ebf2cc425949656251494d462bf9ec38e46d732caeca45
shared_30_s2609283002,shared,30,2609283002,PATH,16,0.4786300923226383,772434,287093,51896,0,194761,40436,22938,4,17498,3089736,0.9943367329765391,8.930905674991664,1.4879238299909048,True,passed,ed874328bcd7c39a9ff47b7aced92ec1ab109279a1ce91681c3026cdc126ae11
shared_30_s2609283002,shared,30,2609283002,PATH,17,0.457088189614875,772434,253126,39658,0,181467,32001,21792,4,10209,3089736,0.9966958342071944,8.173617155000102,1.6857314350199886,True,passed,19a1ab39cdd6950b6f8ba2d9b36665769023dd41ef385e3e4e9525c2be0bf1c3
shared_30_s2609283002,shared,30,2609283002,PATH,18,0.436515832240166,772434,316421,58209,0,213098,45114,28197,4,16917,3089736,0.9945247749322272,10.284381958015729,1.9421893749968149,True,passed,d7688359d6d4fb5fe3d393bdd681d788706b4c4ce81a359bfd9d49c4c6d8b118
shared_30_s2609283002,shared,30,2609283002,PATH,19,0.4168693834703354,772434,340125,64918,0,219766,55441,28583,4,26858,3089736,0.9913073479417012,11.243947985989507,2.156738786958158,True,passed,a074370bc10dea96c50ebeb6cfc52b4e0b77da41a901c8f859c932344d0bd5d3
shared_30_s2609283002,shared,30,2609283002,PATH,20,0.3981071705534972,772434,355319,68970,0,226752,59597,29735,4,29862,3089736,0.9903350965907767,11.564124049036764,2.355961065972224,True,passed,860d5972a55ee29c8b224bdd7d3b3b4abfe2ff59da74b9e786d0ad03c591dab7
shared_30_s2609283002,shared,30,2609283002,PATH,21,0.3801893963205612,772434,345207,64745,0,231196,49266,33646,4,15620,3089736,0.9949445518969906,10.97043535800185,2.5300925130140968,True,passed,bf84c4308f2db1330bc2a3e85af131e2e31ee468e4b3313daa745220efa0c82f
shared_30_s2609283002,shared,30,2609283002,PATH,22,0.36307805477010135,772434,386460,78776,0,240499,67185,33057,4,34128,3089736,0.9889543961037448,12.148264240007848,2.565112203999888,True,passed,3f675efe5e7824f7350f5b3175d0f5e6a08dae74467b703b74bd2cf701d14a3f
shared_30_s2609283002,shared,30,2609283002,PATH,23,0.3467368504525316,772434,396311,82077,0,244609,69625,34339,4,35286,3089736,0.9885796068013578,12.964265290996991,2.818187540047802,True,passed,cf25a8fee6d378143339e68668d7e0fe0d7ebe5bccc862010ad681a70597cf60
shared_30_s2609283002,shared,30,2609283002,PATH,24,0.3311311214825911,772434,406310,85451,0,248908,71951,36144,4,35807,3089736,0.9884109839805084,13.317460154008586,2.9430871270014904,True,passed,a1e6905fc8bfb5c14ea7062f688783a7b8ffba8d9403a63e9c97c4bb399760b3
shared_30_s2609283002,shared,30,2609283002,PATH,25,0.31622776601683794,772434,421118,90801,0,255943,74374,36993,4,37381,3089736,0.9879015553432396,13.702624795027077,3.018292016990017,True,passed,d24f84d0f4a12eac1c1613f3df795b7f6f5621a14a7d9a361b285c7ad9811988
shared_30_s2609283002,shared,30,2609283002,PATH,26,0.3019951720402016,772434,429631,93995,0,259502,76134,38751,4,37383,3089736,0.9879009080387451,13.908173311967403,3.043280092999339,True,passed,f1b3a05e909f170820cb3df7be7b287537952d1bb8298f67418cbb4bf01ab950
shared_30_s2609283002,shared,30,2609283002,PATH,27,0.28840315031266056,772434,449439,101873,0,268176,79390,40517,4,38873,3089736,0.9874186661902505,14.405795137980022,3.1098326289793476,True,passed,a8ead4ffb8164bd4c3dad8b449cb9f33ef10f53a7c68073a359f83858a1ab2c9
shared_30_s2609283002,shared,30,2609283002,PATH,28,0.2754228703338166,772434,468543,109518,0,276288,82737,42737,4,40000,3089736,0.9870539101075302,14.498132111039013,2.953331081022043,True,passed,40ad6a4e398f8279681cda1655868eea1c860a1727ba7ade77bbd58ca8611ef6
shared_30_s2609283002,shared,30,2609283002,PATH,29,0.2630267991895382,772434,491365,118329,0,285872,87164,45849,4,41315,3089736,0.9866283074023153,14.7520944349817,2.9830205510370433,True,passed,8777dd45b8634993e7189dfb1cf0c8467d28017c5a94eaa1a097b6239c5a6a10
shared_30_s2609283002,shared,30,2609283002,PATH,30,0.251188643150958,772434,500673,122307,0,288500,89866,50864,4,39002,3089736,0.9873769150503473,15.083945842983667,3.0351593020022847,True,passed,0b910e028d4b726369c2205dce7e5f9edeeeb5d9ccdabcaf7585cd799fa8cd01
shared_30_s2609283002,shared,30,2609283002,PATH,31,0.23988329190194904,772434,545608,141323,0,304644,99641,54794,4,44847,3089736,0.9854851676648102,16.77387082198402,3.2100216950057074,True,passed,2878e59d8e23d3e70b58776ee2b4469d5b9f9328c262f8b8f81a0f2588a0465d
shared_30_s2609283002,shared,30,2609283002,PATH,32,0.2290867652767773,772434,493341,123051,0,283832,86458,62249,4,24209,3089736,0.9921647027448299,15.082588844001293,3.243053095997311,True,passed,388c866b256c3013c18694805843fa165d5fb198dffdfcaca842e65df937ed29
shared_30_s2609283002,shared,30,2609283002,PATH,33,0.21877616239495523,772434,610122,170798,0,322610,116714,67263,4,49451,3089736,0.983995072718187,18.913091531954706,3.3037696779938415,True,passed,fafd8497a0218f674e53d83b6f33877f35912c8d6c3089d92c6c3c50b7bce183
shared_30_s2609283002,shared,30,2609283002,PATH,34,0.20892961308540392,772434,542352,144674,1,297543,100134,70456,4,29678,3089736,0.9903946486042821,16.519336900964845,3.381210372026544,True,passed,153e4f64d50a9bc02edbcee2db0358b7265cf7cf9fe8131068e2292be5335058
shared_30_s2609283002,shared,30,2609283002,PATH,35,0.19952623149688797,772434,602974,169714,2,314339,118919,78007,4,40912,3089736,0.986758739257982,18.381782990996726,3.4642290089977905,True,passed,739d513055b18ff24e59f80e349012b71e71ecf83a6d78930922062b94c2b442
shared_30_s2609283002,shared,30,2609283002,PATH,36,0.19054607179632474,772434,887498,276610,4,426032,184852,108989,5,75863,3862170,0.9803574156497513,26.380211198003963,3.5928666630061343,True,passed,1c84cdd4fbfa05d0102922f6f6411eeb607a177faff6d6f1a3a2e8f2fe793114
shared_30_s2609283002,shared,30,2609283002,PATH,37,0.18197008586099836,772434,1074457,336209,16,512691,225541,138958,6,86583,4634604,0.9813181449806715,32.12361162796151,3.717918556998484,True,passed,5ed7ff28a729c56317ad767f112296ca451e1a36e3c22b9c39c97115106577aa
shared_30_s2609283002,shared,30,2609283002,PATH,38,0.17378008287493754,772434,954941,308647,15,440588,205691,125359,5,80332,3862170,0.9792002941351624,28.903999966045376,3.8059318239684217,True,passed,85761cc21a3461a24ef513a6971687b26baee1de309f1683513c6ca17ae9fb6f
shared_30_s2609283002,shared,30,2609283002,PATH,39,0.16595869074375605,772434,1051445,355203,18,457053,239171,136917,5,102254,3862170,0.9735242104827079,31.163464522047434,3.8999003230128437,True,passed,29513280c5b2659f90e690abd53b3197f13bfc9bf73a372464fc15781345c2e8
shared_30_s2609283002,shared,30,2609283002,PATH,40,0.15848931924611134,772434,730314,230849,9,341159,158297,103596,4,54701,3089736,0.9822958984198003,21.77937528298935,3.958352854999248,True,passed,046ba82f95ed7430f1cc23e95bc29e127228d5c5d91c8186ab1b5d36b5834038
shared_30_s2609283002,shared,30,2609283002,PATH,41,0.15135612484362082,772434,906160,315865,13,378786,211496,120009,4,91487,3089736,0.9703900268501905,26.679215673008002,4.028341461962555,True,passed,86d7c33dc275aa26d92d24589c2081ce97ff5236f2fad54ff8afc80389546969
shared_30_s2609283002,shared,30,2609283002,PATH,42,0.14454397707459277,772434,806646,266783,18,356510,183335,111913,4,71422,3089736,0.9768841091925006,23.95767331402749,4.14447817200562,True,passed,27ad27b1ec9644df37109d0e2ecfb75d6184e4fac3662b91d054b56c10888640
shared_30_s2609283002,shared,30,2609283002,PATH,43,0.1380384264602885,772434,1230144,443102,31,490472,296539,162032,5,134507,3862170,0.9651732057366713,36.725161613023374,4.1940281590214,True,passed,97770413dccfb2958da25756a983785d91df8ab21e18fb89dffba931a1dd5c3f
shared_30_s2609283002,shared,30,2609283002,PATH,44,0.1318256738556407,772434,1300126,479754,43,503325,317004,165164,5,151840,3862170,0.9606853142145477,38.795615903974976,4.347924364963546,True,passed,1de56e5fccf9e947a0a645ff4b17e0c7abc8faa98c98c525b2aef3d27e3cbc52
shared_30_s2609283002,shared,30,2609283002,PATH,45,0.12589254117941673,772434,947766,340670,28,388671,218397,115197,4,103200,3089736,0.966599088077428,27.17853713000659,4.430782386974897,True,passed,b210d26dd74275cae9350a4a0d9ca11e3fe55742f4e89bb17a25d056f7f2a7c3
shared_30_s2609283002,shared,30,2609283002,PATH,46,0.12022644346174129,772434,1589745,642466,76,563111,384092,154690,5,229402,3862170,0.940602821729753,43.465362183051184,4.266009483020753,True,passed,bb07383330db9d41560c77b2121f8e90991b173128624433d3ab9bafd9e3a546
shared_30_s2609283002,shared,30,2609283002,PATH,47,0.1148153621496883,772434,1699551,705741,76,594047,399687,150479,5,249208,3862170,0.9354746166015478,46.25851672596764,4.539159553009085,True,passed,061f10ecc2962ebc278c6e081af55b7e82e38cdcc35ba2cb9c1908dc63e68942
shared_30_s2609283002,shared,30,2609283002,PATH,48,0.1096478196143185,772434,1134607,445722,38,437338,251509,117028,4,134481,3089736,0.9564749221292693,31.322001071996056,4.676987367041875,True,passed,ca7b63012dfc06f004078460c1972bfd2ed43add57f2ede93375b28a9f7abe30
shared_30_s2609283002,shared,30,2609283002,PATH,49,0.10471285480508996,772434,1943521,839883,76,659044,444518,159183,5,285335,3862170,0.9261205488106428,51.618778933014255,4.787387753021903,True,passed,d1fbf31d47c213777aac6b1175b7407091b9a0d7206d171a339d2b96809a6674
shared_30_s2609283002,shared,30,2609283002,PATH,50,0.1,772434,1485577,587919,38,569554,328066,171013,5,157053,3862170,0.9593355548823589,40.74490132799838,4.868500793003477,True,passed,1863801b9180a27a1a9f333ec18fdfa7d77259ca048645fa527179d65d26e6d0
shared_30_s2609283002,shared,30,2609283002,PATH,51,0.09549925860214359,772434,1354019,557707,38,493836,302438,141989,4,160449,3089736,0.9480703205710779,36.45729022001615,4.949231356964447,True,passed,98eb937cc3633ea6a4cf38e8064c13b1200ce7fd4ccaba9dd5eb6f248ebec63a
shared_30_s2609283002,shared,30,2609283002,PATH,52,0.09120108393559097,772434,2432487,1087658,76,777477,567276,220226,5,347050,3862170,0.9101411900563673,63.878036245994736,5.062446985044517,True,passed,313f6d2731b4d44da796594ac207ff63c18722ee349a137ba2ef2d2f357bb907
shared_30_s2609283002,shared,30,2609283002,PATH,53,0.08709635899560805,772434,2188047,956084,71,715086,516806,232998,5,283808,3862170,0.9265159223959587,58.18355459097074,5.1017154839937575,True,passed,43e77c3df19769bcd76d9826dcc6a148643bb3a3d366bbc9106f4edd73d5c2aa
shared_30_s2609283002,shared,30,2609283002,PATH,54,0.08317637711026708,772434,2838175,1309797,76,839022,689280,271808,5,417472,3862170,0.8919073992082172,73.53693102102261,4.823368298995774,True,passed,e1cc47912d450d9c39c2611591095885aa3e1c1aaabc54463ad028e6670a4fd0
shared_30_s2609283002,shared,30,2609283002,PATH,55,0.07943282347242814,772434,1820096,819345,39,561838,438874,200900,4,237974,3089736,0.922979180098235,46.66103923600167,5.1925846070516855,True,passed,12357247acd587009205ffc8097c6cd02858c789baad0f8d13e83d9e2437c37f
shared_30_s2609283002,shared,30,2609283002,PATH,56,0.07585775750291836,772434,3668157,1801379,82,940165,926531,372144,6,554387,4634604,0.8803809343797226,93.17860385304084,5.212536638020538,True,passed,5660e306869bda674e3ed9f1f69af0abe87720c94453411657a3f9ba5cb5f63d
shared_30_s2609283002,shared,30,2609283002,PATH,57,0.07244359600749903,772434,2378912,1156245,44,628694,593929,268583,5,325346,3862170,0.9157608287568906,60.27958361495985,5.326615253987256,True,passed,e68ca8683527fedb666e96b3727ad8e07fa0a12cfd1bcd3f9ab93666417b4b54
shared_30_s2609283002,shared,30,2609283002,PATH,58,0.06918309709189366,772434,4315462,2425612,103,732424,1157323,393738,5,763585,3862170,0.8022911989891693,102.68534246401396,5.3105677900020964,True,passed,fa9992036bd957a79d42f61ce6752898ff5ef07dff9c7b63b1be5d09fc2a804a
shared_30_s2609283002,shared,30,2609283002,PATH,59,0.06606934480075961,772434,4733075,2809837,126,630784,1292328,399467,5,892861,3862170,0.7688188246503909,106.72174242604524,5.204387701000087,True,passed,5f17db5567b7e1456c5c438dc7002418efa603e1432f0a45f6787a6eb9898dcf
shared_30_s2609283002,shared,30,2609283002,PATH,60,0.06309573444801933,772434,4755518,2712984,118,762596,1279820,445763,6,834057,4634604,0.8200370517092722,110.31055930798175,5.583094275032636,True,passed,9ee4401e18e6bccda34ede16a1dc03b2140ab8af32306fd86e0a6ce695d4a862
shared_30_s2609283002,shared,30,2609283002,PATH,61,0.06025595860743578,772434,4653434,2725445,128,661248,1266613,418538,5,848075,3862170,0.7804148962888738,109.86168415303109,5.641877732006833,True,passed,03dcb28b65a55ffa7dc5a788af1b8650e7285aa9e7620491a6414154f7cbd799
shared_30_s2609283002,shared,30,2609283002,PATH,62,0.057543993733715694,772434,5351015,3386503,196,479832,1484484,379199,5,1105285,3862170,0.7138176206640308,112.95133804396028,5.462811326025985,True,passed,2fe679bcd514c294a8376dd6edbab499a557f5b055f0f435c4c652a362ad4bb4
shared_30_s2609283002,shared,30,2609283002,PATH,63,0.054954087385762455,772434,3131800,1930470,122,352925,848283,222670,4,625613,3089736,0.7975189466025576,69.28264054300962,5.938573868013918,True,passed,d873501b39ccd81fc63d0d1df4e38f9f8bf0b48b7745e6d1685e8a1658a90f53
shared_30_s2609283002,shared,30,2609283002,PATH,64,0.05248074602497726,772434,5850105,3861763,266,347595,1640481,263120,5,1377361,3862170,0.6433712135923587,123.38562801101943,6.009350251988508,True,passed,b67f594aa35cb7f5db8caf4f29cf3b98a113d5fadfd5d59aaf093e42fd1bf644
shared_30_s2609283002,shared,30,2609283002,PATH,65,0.05011872336272722,772434,5910755,3918822,271,331691,1659971,220267,5,1439704,3862170,0.6272292519490339,124.19423002400436,6.099813790002372,True,passed,3d81bce476c68c046d62ff28a44ab74616ef23712fde6e06bcb9dfd1f1be8822
shared_30_s2609283002,shared,30,2609283002,PATH,66,0.047863009232263824,772434,5970937,3959201,276,335807,1675653,162346,5,1513307,3862170,0.6081718308619248,123.11135691602249,6.168779446976259,True,passed,759bc3d2f635fb62a6350c7b328ba6c467e512786f833b35f023d881f729bffd
shared_30_s2609283002,shared,30,2609283002,PATH,67,0.04570881896148749,772434,5996506,3970218,276,345609,1680403,135206,5,1545197,3862170,0.5999148147285076,124.96017003600718,6.359199949016329,True,passed,ccaa9e8817b892a0b54f3b58e31616f0718aa395598958fb1738f20639578e3e
shared_30_s2609283002,shared,30,2609283002,PATH,68,0.043651583224016584,772434,6013255,3977173,276,352723,1683083,136006,5,1547077,3862170,0.5994280417485507,127.06880318903131,6.508663224987686,True,passed,b4e0db03dbd23a171f46757c3e6e95fd22764fdd536299bf9eb5b2aeb0c75a37
shared_30_s2609283002,shared,30,2609283002,PATH,69,0.04168693834703355,772434,6039308,3988153,276,363311,1687568,140244,5,1547324,3862170,0.5993640880644819,127.58962959505152,6.645670402969699,True,passed,230dfbe2d7e998127451d3fdc2522fd2e7fe93347fe70a9dc5daf05a562e1ffd
shared_30_s2609283002,shared,30,2609283002,PATH,70,0.039810717055349734,772434,6073415,4002377,277,376745,1694016,161743,5,1532273,3862170,0.6032611200439131,133.50187040294986,6.816050121968146,True,passed,392c4b3005c6f3495a9b53c1830b34968aecf82488137adc42b55f01b460a834
shared_30_s2609283002,shared,30,2609283002,PATH,71,0.038018939632056124,772434,6105483,4015810,277,389198,1700198,152360,5,1547838,3862170,0.5992310022603873,129.1894075490418,7.043745523958933,True,passed,d113931b9a6d08130d4d04436fbd5bf59657f7cbead0bdc537e74862c8832e5e
shared_30_s2609283002,shared,30,2609283002,PATH,72,0.03630780547701014,772434,6362552,4097282,278,516693,1748299,200132,6,1548167,4634604,0.6659548474907457,135.1792512050015,7.2072659629629925,True,passed,0e1005a3056e4640b7b6ed5c5c2fe80e28ae5bb24e6ed657edec258c940d5b0c
shared_30_s2609283002,shared,30,2609283002,PATH,73,0.034673685045253165,772434,6393014,4109601,278,530342,1752793,204524,6,1548269,4634604,0.6659328391379284,135.07159687002422,7.33520435297396,True,passed,5137d74a65dc636ad2bcba947a10bf0fc325ec738f64f8f23c6ff459ce8ac07a
shared_30_s2609283002,shared,30,2609283002,PATH,74,0.03311311214825911,772434,6190426,4051597,278,424297,1714254,165474,5,1548780,3862170,0.5989870979268132,130.70221224497072,7.560266839980613,True,passed,1e6c5ebe0821732d10126d6ff1dbbf991d674994204042e4b56b60a0de3845e7
shared_30_s2609283002,shared,30,2609283002,PATH,75,0.03162277660168379,772434,6216786,4062579,278,435548,1718381,169695,5,1548686,3862170,0.599011436575811,131.87959450104972,7.673523809004109,True,passed,3479cccf00b4b6ebdc460bc5ff8f5041180318b1091ae1855e0e576f107a74c4
shared_30_s2609283002,shared,30,2609283002,PATH,76,0.03019951720402016,772434,6257148,4081026,278,449889,1725955,176587,5,1549368,3862170,0.5988348519096778,132.53768490900984,7.849997001991142,True,passed,b965c43d09bf2efc087d4a0e9b4c5cca86c9de8ce01d2261f27cccb9c1c8eca4
shared_30_s2609283002,shared,30,2609283002,PATH,77,0.028840315031266057,772434,6251548,4076555,278,451448,1723267,175078,5,1548189,3862170,0.5991401207093421,129.954998583009,8.041436280997004,True,passed,4106ccff3d23277584bf5ebd93c245a4721de18c6ba15c80ea4abda8d5a2a32e
shared_30_s2609283002,shared,30,2609283002,PATH,78,0.02754228703338166,772434,6606757,4204072,278,611877,1790530,239215,6,1551315,4634604,0.6652756093077208,140.5892330610077,8.08157709700754,True,passed,4878feb49e5a9c460e2787178430a9b476651b35d84518555499413ad075a08a
shared_30_s2609283002,shared,30,2609283002,PATH,79,0.026302679918953815,772434,6326890,4111567,278,478369,1736676,187112,5,1549564,3862170,0.5987841032372992,134.23773235501722,8.290724129998125,True,passed,798d7912e3baf84560f4be351d2bf534cf25eb8cbc7ed59294f2919c87605aec
shared_30_s2609283002,shared,30,2609283002,PATH,80,0.025118864315095794,772434,6412012,4155302,278,501362,1755070,202138,5,1552932,3862170,0.5979120546221425,136.43580831895815,8.341673751012422,True,passed,abcc3c37734f08859d3c444ec0f24d6554e6abaf2c64e38379006174226d704b
shared_30_s2609283002,shared,30,2609283002,PATH,81,0.023988329190194897,772434,6447676,4172636,278,513351,1761411,207964,5,1553447,3862170,0.59777870989625,137.3040507370024,8.56386392598506,True,passed,86b31d7a4ae822ccbd0af8bedb7ff2abb5301e9179e7022276f07fa766647916
shared_30_s2609283002,shared,30,2609283002,PATH,82,0.022908676527677734,772434,6458805,4177550,278,518619,1762358,209243,5,1553115,3862170,0.597864671933136,135.9519513619598,8.78386656701332,True,passed,3081354b79b5434213aeba1521389c5f744a235c9e9fee010a48a8b6c5d516e3
shared_30_s2609283002,shared,30,2609283002,PATH,83,0.02187761623949553,772434,6838372,4318876,280,685735,1833481,276902,6,1556579,4634604,0.6641398056878214,149.37644569796976,8.925781923986506,True,passed,9fafbc58ecdeaef18dcf6a7d5d9182c860c8c378b1ebe25cba6ae54690f99ff9
shared_30_s2609283002,shared,30,2609283002,PATH,84,0.020892961308540396,772434,6841965,4318757,278,691002,1831928,276798,6,1555130,4634604,0.6644524537587246,147.62873970600776,8.452917599992361,True,passed,c0b3e82bb17cd11f24b4594d0f9cc0a5a07687e7ff9cb340db56434bc611eac1
shared_30_s2609283002,shared,30,2609283002,PATH,85,0.0199526231496888,772434,6586233,4243918,279,554208,1787828,232062,5,1555766,3862170,0.5971782702470373,138.55353243701393,9.425677880004514,True,passed,72b1048bc941301ac607c08887a280bc9c4018794d716d26a63b31e0de7196ad
shared_30_s2609283002,shared,30,2609283002,PATH,86,0.019054607179632473,772434,7665109,4691636,284,971300,2001889,429566,7,1572323,5407038,0.7092080728857464,175.65811129804933,9.628791320021264,True,passed,a9be90ac92e122c181e12bf113376156f274bcd670ba57c4b36e4cfa4fe1ce26
shared_30_s2609283002,shared,30,2609283002,PATH,87,0.018197008586099836,772434,7504051,4675256,288,839234,1989273,406570,6,1582703,4634604,0.6585030781486401,166.6086542730336,9.789296208997257,True,passed,74d18abd06bb70b820ef43c9f0ac57abc5b83f402a966e1e45f5847ae22ab32f
shared_30_s2609283002,shared,30,2609283002,PATH,88,0.017378008287493755,772434,7664326,4764704,302,866881,2032439,440204,6,1592235,4634604,0.6564463760010564,174.0887900349917,10.01474578899797,True,passed,9b74286a8ac9be5e103eca8b76ed85138e90ab803ab58fffce19587c3dfbb0b7
shared_30_s2609283002,shared,30,2609283002,PATH,89,0.016595869074375606,772434,7759787,4818621,302,882038,2058826,462053,6,1596773,4634604,0.6554672200688559,173.83625323302113,10.142943042970728,True,passed,0845b28f74d2b2a349ae67117a478dfc43c1cb71d273a300d647f5c86b1a7731
shared_30_s2609283002,shared,30,2609283002,PATH,90,0.015848931924611134,772434,7869914,4880249,306,899658,2089701,487866,6,1601835,4634604,0.6543750016182612,178.61199358699378,10.504044757981319,True,passed,669c94435fbee97c2cf491623ffe734f6ecc171aadae1202ebbbc4025875689f
shared_30_s2609283002,shared,30,2609283002,PATH,91,0.01513561248436208,772434,7668637,4762644,288,883191,2022514,444556,6,1577958,4634604,0.6595268980909696,174.1876731819939,10.87924939597724,True,passed,5db10ece28d5891454027be41d50e85e53888d06b822479a37b76afa7ff6a97d
shared_30_s2609283002,shared,30,2609283002,PATH,92,0.014454397707459272,772434,8820703,5366084,312,1118504,2335803,679202,7,1656601,5407038,0.6936213505434954,201.82692294404842,10.345725777966436,True,passed,fb4a79bf8bad858c88158eaa9c812cc1f37736fbb6352557418dd09cd32dca34
shared_30_s2609283002,shared,30,2609283002,PATH,93,0.013803842646028845,772434,8417046,5108586,304,1114732,2193424,595320,7,1598104,5407038,0.7044400279783497,191.84074108296772,10.55525730602676,True,passed,99fa63279c34aa719daf3b2ce896741702f934fe3f18f021e237167174903116
shared_30_s2609283002,shared,30,2609283002,PATH,94,0.013182567385564075,772434,8446538,5230519,310,952930,2262779,619444,6,1643335,4634604,0.6454206227759696,192.17355038697133,11.584947794035543,True,passed,8890d7a145727b237545846d511900e09430872ff013c2c60184af54d0d3881d
shared_30_s2609283002,shared,30,2609283002,PATH,95,0.012589254117941675,772434,8744514,5308680,308,1141131,2294395,670099,7,1624296,5407038,0.6995959710288702,194.39278615399962,11.719037986011244,True,passed,549081d59cc0f88397a5a94b5957413ade9ce4c71a7e8142a63db4cd9b87e03c
shared_30_s2609283002,shared,30,2609283002,PATH,96,0.012022644346174132,772434,8578775,5310898,310,970554,2297013,651917,6,1645096,4634604,0.6450406550376256,195.9078835590044,12.080202927987557,True,passed,a3c2d4fb50d2a116afc39e028cc41b2bd217a1364e3310b4605785f453ba7299
shared_30_s2609283002,shared,30,2609283002,PATH,97,0.01148153621496883,772434,8673795,5370201,312,980017,2323265,673699,6,1649566,4634604,0.6440761713406367,195.649189821037,11.041560076992027,True,passed,3dc4b5c3228ee6d9db9e93644051e2b9b992264dc1f68fe80a23b34613a4b2f8
shared_30_s2609283002,shared,30,2609283002,PATH,98,0.01096478196143185,772434,8777256,5438792,312,981193,2356959,697173,6,1659786,4634604,0.6418710206956193,177.4304245489766,11.132737676030956,True,passed,8fc3c2500ea30f26067506cfdc3da7c98965560d1c77ad7ae97259bc85c8ed5c
shared_30_s2609283002,shared,30,2609283002,PATH,99,0.010471285480508996,772434,10201741,6349728,338,1089316,2762359,911919,7,1850440,5407038,0.6577719631339747,209.7845749099506,11.760506884020288,True,passed,b0aadf6829f0c6a7c29bdd70dacf52ea6ce3e0f5bdaef0c3e2438ba258d2a046
shared_30_s2609283002,shared,30,2609283002,PATH,100,0.01,772434,9187452,5722060,320,974215,2490857,777961,6,1712896,4634604,0.6304115734591348,189.19809414504562,11.681360745977145,True,passed,bd6a6463bcea09c6f92bb042461a6ba2db55a5f6d662f07b2641ddb3757614fd
shared_30_s2609283003,shared,30,2609283003,PATH,0,1.0,763379,0,0,0,0,0,0,0,0,0,,0.0160260220291093,0.09062214201549068,True,passed,8551cabc06887181f3d63e08c8f807a2a9b1af57b5f1f5bdbdc88d383a38d1e8
shared_30_s2609283003,shared,30,2609283003,PATH,1,0.954992586021436,763379,161349,19299,0,123226,18824,4948,5,13876,3816895,0.9963645843021618,5.055696008959785,0.09386017097858712,True,passed,d0d36ee2dffd2d5b60320af408b80733185c448f5326bd2592d4cd3218322ff7
shared_30_s2609283003,shared,30,2609283003,PATH,2,0.9120108393559098,763379,58064,4468,0,47574,6022,2398,3,3624,2290137,0.9984175619187847,1.8452305929968134,0.11976117303129286,True,passed,aaf44a3c063a34685ae414987ada741baf8bbf158cc58eb994abb3556ea1ec62
shared_30_s2609283003,shared,30,2609283003,PATH,3,0.8709635899560807,763379,98199,6924,0,81321,9954,4429,5,5525,3816895,0.9985524883445838,3.1669745960389264,0.13951079902471974,True,passed,27a6d1e83a0c5251d8708da7d2af20adcaa20350ba705e74f128bb189c288f96
shared_30_s2609283003,shared,30,2609283003,PATH,4,0.831763771102671,763379,53292,3625,0,44399,5268,2523,3,2745,2290137,0.9988013817513974,1.7055670290137641,0.17211485601728782,True,passed,f282122d02816e2ca659d54c9bee43ec255280a73f061a8461d9ebc9f2c4875d
shared_30_s2609283003,shared,30,2609283003,PATH,5,0.7943282347242815,763379,69816,4210,0,58996,6610,3716,4,2894,3053516,0.9990522401061596,2.266654942999594,0.21795030700741336,True,passed,2aad669bf56d59131172aa474a124dbd8a65b0c01e1e3a981fd893df41dd36f5
shared_30_s2609283003,shared,30,2609283003,PATH,6,0.7585775750291838,763379,68755,4417,0,57762,6576,3705,4,2871,3053516,0.9990597724066289,2.19430376496166,0.2686216959846206,True,passed,c682d5ff06fc11b5a239ad4d066bfd071d0422bc3b8388b9e15348fb1013ed1c
shared_30_s2609283003,shared,30,2609283003,PATH,7,0.72443596007499,763379,80063,5471,0,66731,7861,4676,4,3185,3053516,0.998956940130656,2.567393798031844,0.33057727199047804,True,passed,9ad9c68a2e3bd77d431165b5204516454b18d112b55186a8ed4aee9d35328fb7
shared_30_s2609283003,shared,30,2609283003,PATH,8,0.6918309709189365,763379,68995,5419,0,56458,7118,4094,3,3024,2290137,0.9986795549785886,2.1753921119961888,0.3906906189513393,True,passed,7abac38339a4c7f1620c0f9a6ddaf963b4bc084340df875c8757f554f7f70b79
shared_30_s2609283003,shared,30,2609283003,PATH,9,0.660693448007596,763379,101117,8258,0,82339,10520,6822,4,3698,3053516,0.9987889370810568,3.1849470699671656,0.4781458819634281,True,passed,cdccaae2ad6d6c1eaecb8921f225f7d77524f1fdc711080efe97d029bf617b1d
shared_30_s2609283003,shared,30,2609283003,PATH,10,0.6309573444801932,763379,113298,12062,0,88089,13147,6663,3,6484,2290137,0.9971687283337197,3.5594334180350415,0.5256388619891368,True,passed,9618389c4de12cf34301f3405f42cb788f72ff7dbd68e17c7fe14d22d7c16737
shared_30_s2609283003,shared,30,2609283003,PATH,11,0.6025595860743578,763379,112264,12122,0,87040,13102,7035,3,6067,2290137,0.9973508135102834,3.546924062015023,0.5919451100053266,True,passed,24ee6bb02965cb77d5d83d8fe2833fbb1c5c70da2b3180f6be8705bd62b7a9fc
shared_30_s2609283003,shared,30,2609283003,PATH,12,0.5754399373371569,763379,114022,12693,0,87922,13407,7446,3,5961,2290137,0.9973970989508488,3.6088618929497898,0.642853694036603,True,passed,07dd2d402af244a9915f63f87147919f7aa2df0df604eecabeeb71ad706c7865
shared_30_s2609283003,shared,30,2609283003,PATH,13,0.5495408738576245,763379,123666,12805,0,96978,13883,9817,4,4066,3053516,0.998668420273547,3.923980766965542,0.6925400709733367,True,passed,427f589e3dae71ad3f798b9030e82f2250dec189b4beda41904b37b09ea34ab7
shared_30_s2609283003,shared,30,2609283003,PATH,14,0.5248074602497725,763379,145672,16730,0,111784,17158,10906,4,6252,3053516,0.9979525242376329,4.528542829037178,0.7433908840175718,True,passed,4cfceed8d038e50d31f93fb4b87c23510f3d891581626237079ea3cb86824c35
shared_30_s2609283003,shared,30,2609283003,PATH,15,0.5011872336272722,763379,142722,16477,0,109546,16699,11742,4,4957,3053516,0.9983766255031904,4.4766476529766805,0.7978558060131036,True,passed,73d6b8d19f3b230a9510f6138454a9d9112829d6192b68635607b6adcb9edd67
shared_30_s2609283003,shared,30,2609283003,PATH,16,0.4786300923226383,763379,108734,13077,0,82790,12867,9215,3,3652,2290137,0.998405335575994,3.339277809020132,0.8525587019976228,True,passed,6d00a15c933f36d723aaea045f905dab6d0bfe0cff52d0bf911b45e22eed6ca1
shared_30_s2609283003,shared,30,2609283003,PATH,17,0.457088189614875,763379,147062,20885,0,107369,18808,10956,3,7852,2290137,0.996571384157367,4.539547055028379,0.9085748039651662,True,passed,76c861567e1c52a0322f76444a9e146094310b43378b2bb2189fb6c16ca13cb7
shared_30_s2609283003,shared,30,2609283003,PATH,18,0.436515832240166,763379,135188,18509,0,99839,16840,11542,3,5298,2290137,0.9976866012819321,4.19129140698351,0.9647971599479206,True,passed,9ee71c04cc9827a80ba5e37c2af2570dfdcee3de8f3ff630798f93053358d09c
shared_30_s2609283003,shared,30,2609283003,PATH,19,0.4168693834703354,763379,159864,24710,0,114094,21060,12637,3,8423,2290137,0.9963220540954537,4.911846352973953,1.008921788947191,True,passed,00f22a122cc1a3ff8b48576cd325582623cec0948fc6e4b6173929d17f9b083f
shared_30_s2609283003,shared,30,2609283003,PATH,20,0.3981071705534972,763379,160791,25097,0,114505,21189,13368,3,7821,2290137,0.9965849204654569,4.917707718035672,1.0889674810459837,True,passed,7bdb5a12549edd44223a84dc99465a6f9dc9fc69fbafe05b66364a35ae1fc511
shared_30_s2609283003,shared,30,2609283003,PATH,21,0.3801893963205612,763379,184280,31498,0,127340,25442,13791,3,11651,2290137,0.994912531433709,5.572047934983857,1.137234036985319,True,passed,4151f2613988ca0a121586b78ff1613a6a3aeaf66fa6427fb648e57213041045
shared_30_s2609283003,shared,30,2609283003,PATH,22,0.36307805477010135,763379,216260,34464,0,153179,28617,19477,4,9140,3053516,0.9970067292917411,6.559779375966173,1.2227546910289675,True,passed,c70af1f7daf3951703a783c09c73babbc285b3fa6fbe3621a785c8cd74b91004
shared_30_s2609283003,shared,30,2609283003,PATH,23,0.3467368504525316,763379,162983,26351,0,115021,21611,14893,3,6718,2290137,0.9970665510403963,4.786141507036518,1.2843766690348275,True,passed,c4ff5ebca7677595fd7712b03c31565321842b574382c2f4399587f1b3d0b802
shared_30_s2609283003,shared,30,2609283003,PATH,24,0.3311311214825911,763379,211780,40080,0,141259,30441,16381,3,14060,2290137,0.9938606292985965,6.285719125997275,1.3471432949882,True,passed,c630e3cf9c7f5f7865c8a1e33ba2d43fd9e9761c32933cdf6ae17b787213a32e
shared_30_s2609283003,shared,30,2609283003,PATH,25,0.31622776601683794,763379,215004,41175,0,142814,31015,17192,3,13823,2290137,0.9939641165572191,6.386106149002444,1.3964953929535113,True,passed,4ca1ad163daf2380b24e164112450fd93400cd77394baa773e5e26fc0f14420d
shared_30_s2609283003,shared,30,2609283003,PATH,26,0.3019951720402016,763379,179352,30999,0,123987,24366,17425,3,6941,2290137,0.9969691769531692,5.202415473002475,1.4334420309751295,True,passed,acf781f474b53ba52a90300d873d15fc8c9a0f48bdde9436e17a024eac5813b9
shared_30_s2609283003,shared,30,2609283003,PATH,27,0.28840315031266056,763379,190064,33911,0,129968,26185,18745,3,7440,2290137,0.9967512860584323,5.500129094987642,1.5075893870089203,True,passed,78b986b49efed43d74293d51dad7271e725dbe0e941fcb539c478ec7068e3604
shared_30_s2609283003,shared,30,2609283003,PATH,28,0.2754228703338166,763379,235758,47597,0,153444,34717,21489,3,13228,2290137,0.9942239263415246,6.996076299983542,1.5809631110168993,True,passed,c1591872a9ef77b28aed3404e5631a58d50291c12f6987f4f22c7eabc373fa81
shared_30_s2609283003,shared,30,2609283003,PATH,29,0.2630267991895382,763379,212984,41559,0,141011,30414,21901,3,8513,2290137,0.9962827551364831,6.06701326998882,1.648952501011081,True,passed,5aa8c6f28b0249c5cb72f26d4962d6bca7d7f6f120823195d1ad55715cfae56f
shared_30_s2609283003,shared,30,2609283003,PATH,30,0.251188643150958,763379,225743,45656,0,147231,32856,23772,3,9084,2290137,0.9960334250745698,6.387971401039977,1.7337939910357818,True,passed,db13178cb12779fda3c1bdcd2f32fe7696ff2d928a29b6f8ca9a08eb26aa01f5
shared_30_s2609283003,shared,30,2609283003,PATH,31,0.23988329190194904,763379,297357,68237,0,183013,46107,28162,3,17945,2290137,0.9921642242363666,8.50787631404819,1.8117232249933295,True,passed,867d2956d94079565053d604673fe7400d023bbef2e7ca8d9f26cb44129b7714
shared_30_s2609283003,shared,30,2609283003,PATH,32,0.2290867652767773,763379,324537,77931,0,195776,50830,30448,3,20382,2290137,0.9911000957584634,9.037155095022172,1.8831662790034898,True,passed,ddc875b5672d0fe26fe485c99c1525fef985f72d14fb068c2630d5f228e329a3
shared_30_s2609283003,shared,30,2609283003,PATH,33,0.21877616239495523,763379,393321,91633,0,240400,61288,42807,4,18481,3053516,0.9939476328272064,11.056202080042567,1.9606035049655475,True,passed,057ab56c15784057a456fc3e851e0657d8f114684883041dce8edc86feedfbef
shared_30_s2609283003,shared,30,2609283003,PATH,34,0.20892961308540392,763379,347309,86207,0,205234,55868,36891,3,18977,2290137,0.9917135961735041,9.7615873820032,2.069315722968895,True,passed,dcb3bac66f0cab4fe244c198ada0e6adb0425b931434d654563ce92276003901
shared_30_s2609283003,shared,30,2609283003,PATH,35,0.19952623149688797,763379,311840,74587,1,187748,49504,36819,3,12685,2290137,0.994461030060647,8.551675789,2.1461102799512446,True,passed,df8452fa6db8467ca53e3867c98f496f2fa476df183aa33ff4b147657b5b9b79
shared_30_s2609283003,shared,30,2609283003,PATH,36,0.19054607179632474,763379,594542,148398,2,349266,96876,68831,5,28045,3816895,0.9926524046378011,16.238779760024045,2.2346356289926916,True,passed,c4f63c2134078ceb7af5b114046efef70ab7adae1d179cf3a8656043c7d58df4
shared_30_s2609283003,shared,30,2609283003,PATH,37,0.18197008586099836,763379,439687,106935,2,261367,71383,55650,4,15733,3053516,0.9948475789876327,12.02755951602012,2.327030817978084,True,passed,24490ce81674d896759636ab8cf169265811a409579b5f7e951da62d8f687492
shared_30_s2609283003,shared,30,2609283003,PATH,38,0.17378008287493754,763379,627523,170830,4,350034,106655,71120,4,35535,3053516,0.9883625957748379,16.82171925198054,2.4633428970118985,True,passed,9a42561eadee1b31865db941928223ef428b6e08986ed0fd2f02efeaf0d25d06
shared_30_s2609283003,shared,30,2609283003,PATH,39,0.16595869074375605,763379,658826,183781,6,361077,113962,78534,4,35428,3053516,0.9883976373465867,17.857160623942036,2.596237846999429,True,passed,9b11694a78e212d3e7b708230cb29f30f54ce72f144bd8f7c2284c8958caf9e8
shared_30_s2609283003,shared,30,2609283003,PATH,40,0.15848931924611134,763379,858220,248487,8,459022,150703,103441,5,47262,3816895,0.9876176840075507,22.708201689994894,2.7219214939977974,True,passed,44968d226cef382284cb66d0a0ad1cab8a248d9ecd0089541454f14ee0c20ac6
shared_30_s2609283003,shared,30,2609283003,PATH,41,0.15135612484362082,763379,522591,155249,4,274001,93337,65639,3,27698,2290137,0.9879055270492552,13.623686768987682,2.8743181079626083,True,passed,2824a3145a91921f7fabe55f94c3a3fc7920009ef4a4149e5cce33060778586b
shared_30_s2609283003,shared,30,2609283003,PATH,42,0.14454397707459277,763379,678942,203481,7,352670,122784,89964,4,32820,3053516,0.9892517347215473,17.64636596600758,3.0163511899881996,True,passed,ffcd66010dbb98961c9d14f9be585401843dc5905aeead7eb871926497350b31
shared_30_s2609283003,shared,30,2609283003,PATH,43,0.1380384264602885,763379,1040765,357720,11,484263,198771,125782,4,72989,3053516,0.9760967356974714,26.710015556018334,3.218353075964842,True,passed,01d92f5073f3e167a52f4db2f88fca042cf80f5d5220e25acc09f28fe9be4cbe
shared_30_s2609283003,shared,30,2609283003,PATH,44,0.1318256738556407,763379,1175159,423317,12,523594,228236,138847,4,89389,3053516,0.9707258779714926,29.026789310970344,3.417732309026178,True,passed,c7087ef7def24ff3ae6940e8b40e7ac1d71481dfb9f959f2239f2ce9a13af80e
shared_30_s2609283003,shared,30,2609283003,PATH,45,0.12589254117941673,763379,754168,263758,7,345673,144730,96352,3,48378,2290137,0.9788754995880159,18.739582521026023,3.5921237519942224,True,passed,dc298ca53725ce9c66585d3ae6d98760cedabab3d8b5cfc643cf1708cafc6000
shared_30_s2609283003,shared,30,2609283003,PATH,46,0.12022644346174129,763379,1396868,537554,15,579301,279998,168944,4,111054,3053516,0.9636307784206797,33.84844740800327,3.789207822002936,True,passed,943ba702e0b18240511fe1d49530e48df6ce764510f60c599655d4fd34e8c765
shared_30_s2609283003,shared,30,2609283003,PATH,47,0.1148153621496883,763379,1447315,562804,16,591873,292622,179652,4,112970,3053516,0.9630033050424495,34.84929827495944,3.886909434979316,True,passed,069a93e4782256a6ba3308c91f9bf33ceecac9e2f2f622ae29421f44b4248e26
shared_30_s2609283003,shared,30,2609283003,PATH,48,0.1096478196143185,763379,1056926,382048,12,467411,207455,145580,4,61875,3053516,0.9797364742807964,25.970160458993632,4.056658143992536,True,passed,8a1fe009f7800017c84a9d4a6bea4846ac0d8e00156b2a7a708a6f21e2be3c1a
shared_30_s2609283003,shared,30,2609283003,PATH,49,0.10471285480508996,763379,1710405,706268,16,641857,362264,219630,4,142634,3053516,0.9532886023849229,40.738106975040864,4.162161671963986,True,passed,71fa57ae0b2d117e2c6526bf854fa2b001efd5a4ace8ce104a892cc4b7fac312
shared_30_s2609283003,shared,30,2609283003,PATH,50,0.1,763379,1998260,824527,18,744690,429025,268310,5,160715,3816895,0.9578937853936249,47.5795463869581,4.2496001300169155,True,passed,45e89f7de61995fd2ff59449194cc2b382c58a6377eeef86267264d73027f507
shared_30_s2609283003,shared,30,2609283003,PATH,51,0.09549925860214359,763379,1986961,865374,18,675183,446386,265788,4,180598,3053516,0.9408557217319313,46.72387020802125,4.395693270023912,True,passed,085c1f73ba6258edf6346befcb6011bb9f8df0207dfa5debcae705a6775f68a4
shared_30_s2609283003,shared,30,2609283003,PATH,52,0.09120108393559097,763379,1932089,832499,20,666891,432679,267556,4,165123,3053516,0.945923649982512,46.37237375200493,4.618813551962376,True,passed,65505371f6703c34e754d2c5e1c3f04f36dac5cc6a66b8806c71c47a599bbe2f
shared_30_s2609283003,shared,30,2609283003,PATH,53,0.08709635899560805,763379,2349977,1085401,31,690499,574046,321630,4,252416,3053516,0.9173359497706906,54.48376610298874,4.744426243996713,True,passed,ac52bf656acb8c609f00d2703b1f08a76307b77c63b4d3a5e22aea882fa551a3
shared_30_s2609283003,shared,30,2609283003,PATH,54,0.08317637711026708,763379,2687020,1235365,37,782818,668800,375848,5,292952,3816895,0.9232486091443438,62.845325183006935,4.879908239992801,True,passed,aecba744b9b5d5d103c26fff25731f73594d8fe723ff6df1c3bf0145803e58d9
shared_30_s2609283003,shared,30,2609283003,PATH,55,0.07943282347242814,763379,2767676,1284044,44,786102,697486,394295,5,303191,3816895,0.9205660622050122,66.4280999279581,5.009924990008585,True,passed,d06a8dc1da489f6fc52653e93695de32072d74caf608b1a347eb0e1837da693d
shared_30_s2609283003,shared,30,2609283003,PATH,56,0.07585775750291836,763379,2752823,1270165,52,793347,689259,394991,5,294268,3816895,0.9229038262776419,64.77410725405207,5.137911224970594,True,passed,0dbe8f832e10f64810690b44bbee215bc35a043c2f9c73edbcc2fc8048ec8faf
shared_30_s2609283003,shared,30,2609283003,PATH,57,0.07244359600749903,763379,3006750,1489737,81,678896,838036,381155,4,456881,3053516,0.8503754360546989,69.00409556098748,5.300455562013667,True,passed,116dc2954f4994fa8961fc4812effe0f411a19d7853bd99c8b09af75f06c1550
shared_30_s2609283003,shared,30,2609283003,PATH,58,0.06918309709189366,763379,3042135,1509787,83,682019,850246,388959,4,461287,3053516,0.8489325092778293,70.97515724302502,5.416831906011794,True,passed,5f53c74916de5bf96a297b38db9f72437d2e9177b1bedc879c8ec6d86b76baaa
shared_30_s2609283003,shared,30,2609283003,PATH,59,0.06606934480075961,763379,3266527,1581861,87,793398,891181,432693,5,458488,3816895,0.8798793259966543,75.2959335980122,5.596731168043334,True,passed,a6518272e9f6e07a32887d8a1795b4fb7172b87b9448c126dc54f45351bd8fac
shared_30_s2609283003,shared,30,2609283003,PATH,60,0.06309573444801933,763379,3150497,1506889,82,804788,838738,449860,5,388878,3816895,0.8981166628896,72.13014903996373,5.608124494028743,True,passed,5e7132931439d0ee7dd020e2c53cb1cdc8a758a21943a598155e4c5204c5df19
shared_30_s2609283003,shared,30,2609283003,PATH,61,0.06025595860743578,763379,3286257,1586488,85,808681,891003,454458,5,436545,3816895,0.8856282397079301,75.07423862803262,5.670525855966844,True,passed,1a758bd6d0d103f625cc2365a180dfaeaf47fea39ed133dc7925fbd858a16d7a
shared_30_s2609283003,shared,30,2609283003,PATH,62,0.057543993733715694,763379,3321225,1605385,86,815312,900442,463992,5,436450,3816895,0.8856531290486115,76.42096238100203,5.86074680800084,True,passed,975879bdf610d7bb0346976ed02d1a1c4ea011e1cfe5dc683ff4c839dc30f1e1
shared_30_s2609283003,shared,30,2609283003,PATH,63,0.054954087385762455,763379,3448733,1682989,87,818830,946827,466757,5,480070,3816895,0.8742249917799677,78.79303814697778,5.948760864965152,True,passed,ca53de0f917baa95b93ed980f372cd9a25b4cc098f85510617e5c481bb8bbfba
shared_30_s2609283003,shared,30,2609283003,PATH,64,0.05248074602497726,763379,3382982,1715023,92,703227,964640,425807,4,538833,3053516,0.8235368670083929,76.62641368800541,6.096320762997493,True,passed,aa2eb8cdd38dc227027df1e5a8b85a86a1a06e5dfc58d8c86e4f6117e3a1c571
shared_30_s2609283003,shared,30,2609283003,PATH,65,0.05011872336272722,763379,3460969,1689084,82,836195,935608,483334,5,452274,3816895,0.8815073508702754,80.67235702800099,6.155996072979178,True,passed,27bed1df433575cf1282d71751391420b3bcd106f2992e5f6cdcbbeb7fe38718
shared_30_s2609283003,shared,30,2609283003,PATH,66,0.047863009232263824,763379,3672615,1918131,98,691074,1063312,424557,4,638755,3053516,0.7908132788562431,82.04256673000054,6.2926683140103705,True,passed,b78e5469d8e9daa4f208f4cf9f42ea6bd989ad65a2f5207988fae1ff78cea197
shared_30_s2609283003,shared,30,2609283003,PATH,67,0.04570881896148749,763379,4113488,2147761,108,795516,1170103,466151,5,703952,3816895,0.8155694615649631,91.37765736604342,6.417848742974456,True,passed,e9962a295458deef21b7101c5ad88d4454970400ee60eab03bbb008f87c18e9e
shared_30_s2609283003,shared,30,2609283003,PATH,68,0.043651583224016584,763379,4083795,2246937,140,633370,1203348,424383,4,778965,3053516,0.7448957202123716,88.882351029024,6.557772458996624,True,passed,f9236bf3f5e36d1f703c9d839419dd0294aaa3421ae083f4e05824b16e0f49a5
shared_30_s2609283003,shared,30,2609283003,PATH,69,0.04168693834703355,763379,4498206,2464035,155,735222,1298794,472245,5,826549,3816895,0.783449898412191,97.5539185369853,6.718486371973995,True,passed,95c7cf3cd593860c2795e74c555b31ceebd2583918845b066d93115ac4c60716
shared_30_s2609283003,shared,30,2609283003,PATH,70,0.039810717055349734,763379,4424360,2539745,175,566660,1317780,428597,4,889183,3053516,0.7088002813805463,93.97390292899217,6.8665997959906235,True,passed,74e03c031aa3a6ea85f28d94b760f460569664df63a82790c2d755e8e0204e74
shared_30_s2609283003,shared,30,2609283003,PATH,71,0.038018939632056124,763379,4673407,2595992,172,725790,1351453,498232,5,853221,3816895,0.7764620195211029,100.19349750003312,7.093980189005379,True,passed,e50af8f811317a69eba8085a8633c41ca126e9ec699ee652e05a6040bdd29417
shared_30_s2609283003,shared,30,2609283003,PATH,72,0.03630780547701014,763379,4859075,2754699,195,692559,1411622,500106,5,911516,3816895,0.7611891340998377,102.85794883000199,7.333074466034304,True,passed,c15b10a0cce4ea9ac08e721386b35c74f88df9f25a41c891455d80e8bde64f16
shared_30_s2609283003,shared,30,2609283003,PATH,73,0.034673685045253165,763379,5043989,2915636,218,654976,1473159,495238,5,977921,3816895,0.7437914849635633,105.42084435996367,7.457297468034085,True,passed,46e621b2a9c0e62719a5913ac46029b8366c2ae5bc022260b09581f13420ba5e
shared_30_s2609283003,shared,30,2609283003,PATH,74,0.03311311214825911,763379,5263993,3113125,238,601805,1548825,472871,5,1075954,3816895,0.7181075193318129,108.6219138490269,7.616760256991256,True,passed,3d07a6d9eca80767331b486cc12b937747589e80b23ff0bcb85a710825846e7c
shared_30_s2609283003,shared,30,2609283003,PATH,75,0.03162277660168379,763379,5243988,3074920,231,632726,1536111,503642,5,1032469,3816895,0.729500287537383,108.54321097501088,7.887895211984869,True,passed,44cb88f0e5a2066846c6330f6543575c511d7951ba1d157252e882127801354e
shared_30_s2609283003,shared,30,2609283003,PATH,76,0.03019951720402016,763379,5325054,3135039,237,629469,1560309,510091,5,1050218,3816895,0.7248501727189247,110.06913004099624,8.114244494005106,True,passed,e28f395cf94f969e2a0f1b9587a09523a4b3a300a821b892ad30963cc0a7d569
shared_30_s2609283003,shared,30,2609283003,PATH,77,0.028840315031266057,763379,5105552,3120145,251,441438,1543718,435026,4,1108692,3053516,0.6369129881749432,103.91141047299607,8.350191637000535,True,passed,94051407ef75eb4dd1fdbc94d481313de39ec46f05a16d89b6c7f4880dbc2143
shared_30_s2609283003,shared,30,2609283003,PATH,78,0.02754228703338166,763379,5242358,3234925,276,417835,1589322,409420,4,1179902,3053516,0.6135923309391534,106.00328982999781,8.562060968019068,True,passed,7a05ab5bc7db0c3a71b783d95b17efd411813700e175100554a82158fc1bb8bf
shared_30_s2609283003,shared,30,2609283003,PATH,79,0.026302679918953815,763379,5318830,3298212,283,405870,1614465,389783,4,1224682,3053516,0.5989272694166332,107.35585723700933,8.78694070596248,True,passed,73e5994d330adc488d7b924a38c5feb019910773f656ad13d557a12cd101571d
shared_30_s2609283003,shared,30,2609283003,PATH,80,0.025118864315095794,763379,5728558,3472115,292,563903,1692248,433451,5,1258797,3816895,0.6702039222980983,116.94259895000141,8.917088438000064,True,passed,89c34025d1eddd42bb9e833d2987355a86df5aee4b74bd2ff044139615a0bb40
shared_30_s2609283003,shared,30,2609283003,PATH,81,0.023988329190194897,763379,5450669,3411261,312,379878,1659218,304974,4,1354244,3053516,0.5564968383987507,109.56788492301712,9.200961437018123,True,passed,9918f0223c1199e25f711347ff3ca35cb752d8e9a8d82c78c915bcc9c2b34b49
shared_30_s2609283003,shared,30,2609283003,PATH,82,0.022908676527677734,763379,5496564,3447111,323,374717,1674413,228456,4,1445957,3053516,0.5264616265315132,111.09674753400031,9.39424653101014,True,passed,eeeebefc7e7cf4092577586ad7707c09ed7f20bc209d0cf4dfa0e6282243f405
shared_30_s2609283003,shared,30,2609283003,PATH,83,0.02187761623949553,763379,5539953,3470321,325,384549,1684758,189149,4,1495609,3053516,0.5102010272747874,111.82438208599342,9.615515215031337,True,passed,54133845bd16fa70b31bfb27f3977cbc351c4f77fb81ea9d6dd962c888342d9b
shared_30_s2609283003,shared,30,2609283003,PATH,84,0.020892961308540396,763379,5966619,3634247,325,572457,1759590,233910,5,1525680,3816895,0.6002824285184685,121.65106452902546,9.76397678104695,True,passed,f6422d98a5a9188569975c9ac3456b12f56a12b9323572f574390502dbcdc4b1
shared_30_s2609283003,shared,30,2609283003,PATH,85,0.0199526231496888,763379,5992081,3646347,324,581087,1764323,235754,5,1528569,3816895,0.5995255305686953,122.28035371995065,10.063889758952428,True,passed,ffcf375f4badc0355b8228bfef48c5dcfbd40af6bedecab3bafee3bbcf69dd3d
shared_30_s2609283003,shared,30,2609283003,PATH,86,0.019054607179632473,763379,6058933,3679951,326,599365,1779291,250100,5,1529191,3816895,0.5993625708854973,123.35252583195688,10.45834538899362,True,passed,09c6c5ca9d2d6dbfba913e0c57198bfe30e6108dd4ed5d052e6bbd6dcc125ab6
shared_30_s2609283003,shared,30,2609283003,PATH,87,0.018197008586099836,763379,6107714,3704034,325,613118,1790237,260913,5,1529324,3816895,0.5993277258085433,124.65123640600359,10.640212489990517,True,passed,f8c63b0e38fdc0b963637bb3b4b26d435ac3562e53b58f09e2a2dbbdcf4fdc31
shared_30_s2609283003,shared,30,2609283003,PATH,88,0.017378008287493755,763379,6162256,3732195,325,626720,1803016,273146,5,1529870,3816895,0.5991846775978904,125.78500431199791,10.937105487973895,True,passed,b1e3efcc2eb82e33febf790171511bd64b7135a41b2c87e9fa765967bcefa8b2
shared_30_s2609283003,shared,30,2609283003,PATH,89,0.016595869074375606,763379,6198234,3750412,325,636430,1811067,281227,5,1529840,3816895,0.5991925373896845,126.44749794504605,11.215706773975398,True,passed,062537b780678cca6a519269b04ac87a998d838b4ea15135c9f82cc358add2b1
shared_30_s2609283003,shared,30,2609283003,PATH,90,0.015848931924611134,763379,5764716,3584425,325,443853,1736113,205956,4,1530157,3053516,0.4988868569871584,116.88327871501679,11.466380988014862,True,passed,20756ad2ed9213e8286911253bc46bf0917e2f06cbd8ea214494cb2067547261
shared_30_s2609283003,shared,30,2609283003,PATH,91,0.01513561248436208,763379,6295388,3800220,325,661723,1833120,302247,5,1530873,3816895,0.5989218985589071,128.4048427339876,11.68166606000159,True,passed,19d59da61cbac522a4c928143fe679f18af577807a483fe7158a4406b95d21c3
shared_30_s2609283003,shared,30,2609283003,PATH,92,0.014454397707459272,763379,6300944,3802338,325,665411,1832870,302568,5,1530302,3816895,0.5990714965960552,128.08654373895843,11.755205737019423,True,passed,8501de5ea96aab980a3718c66ba31f938dd0608a71d85b08b594e9ac59cc8461
shared_30_s2609283003,shared,30,2609283003,PATH,93,0.013803842646028845,763379,6375771,3840613,325,683882,1850951,319486,5,1531465,3816895,0.5987667986675034,129.60145334299887,12.015707299986389,True,passed,7d8516b70b1f7bd18d55ae2d91a848f954141de9c6559757339271d566d48d80
shared_30_s2609283003,shared,30,2609283003,PATH,94,0.013182567385564075,763379,6411039,3858612,326,693445,1858656,327050,5,1531606,3816895,0.5987298576460709,131.70091930503258,12.256720846984535,True,passed,bba273b886137ee27abd0cd8a75ceea67af9a90b4adc5864a4241b30c20c1179
shared_30_s2609283003,shared,30,2609283003,PATH,95,0.012589254117941675,763379,6408254,3856459,326,695369,1856100,325223,5,1530877,3816895,0.5989208505866679,130.20632320200093,12.493669765011873,True,passed,48399e4c855c4e62f65d120842d8def4771f2f2b0e67bd01f3bb578820e90824
shared_30_s2609283003,shared,30,2609283003,PATH,96,0.012022644346174132,763379,6467617,3887638,329,709313,1870337,338637,5,1531700,3816895,0.5987052302984495,131.89130321203265,12.644624094013125,True,passed,f83a535ac8b4b064e0a9aff003aa1e66aa98478b52179135fb9701dd349b808c
shared_30_s2609283003,shared,30,2609283003,PATH,97,0.01148153621496883,763379,6508212,3908707,329,720052,1879124,347447,5,1531677,3816895,0.5987112561388248,132.89776446996257,12.918467207986396,True,passed,5ce989f42fa86187babcb2494dec461e0fd84102b6d5a59d2194a0bcaa61d9d2
shared_30_s2609283003,shared,30,2609283003,PATH,98,0.01096478196143185,763379,6570179,3941861,329,731112,1896877,363835,5,1533042,3816895,0.5983536356121926,133.9359610050451,13.054521927959286,True,passed,cbbf6eaeeb0e4c598a8ad56c4dd13d10056478a160bd68e7985a117f5a8f4fc4
shared_30_s2609283003,shared,30,2609283003,PATH,99,0.010471285480508996,763379,6036819,3725646,329,506995,1803849,270845,4,1533004,3053516,0.4979544891855815,122.12800427799812,13.383706156979315,True,passed,44e8e908bc742975fe4f00ed5e459f17ceeb6b621b2766fa1891f3b19fca8f8f
shared_30_s2609283003,shared,30,2609283003,PATH,100,0.01,763379,6668014,3992804,332,751040,1923838,389625,5,1534213,3816895,0.5980468417391623,135.70994547201553,13.47248325200053,True,passed,df3d78d6ebda21394f8f37c4c8acd85ea707405e6b2e29e7dc34d8be3f8a49fe
shared_30_s2609283004,shared,30,2609283004,PATH,0,1.0,794013,0,0,0,0,0,0,0,0,0,,0.014904826995916665,0.18207746697589755,True,passed,f976f715463e968bf98f5de3a69b1384c83c8bb3574b2d28cbd85c37c9f34262
shared_30_s2609283004,shared,30,2609283004,PATH,1,0.954992586021436,794013,1017895,371312,3,419030,227550,26015,6,201535,4764078,0.9576969562631007,26.618269444035832,0.2985455910093151,True,passed,b5c991179a3bdb79b4c2ad54d0f907d83d6f44f0b388ef3deb47dca8ed30b2da
shared_30_s2609283004,shared,30,2609283004,PATH,2,0.9120108393559098,794013,300609,67083,0,178295,55231,11070,4,44161,3176052,0.9860956306760721,8.990667408972513,0.386895433999598,True,passed,b735d3ed599569f327d444e36d01819c0cbbda090ee9b77931e55e7ef891db8c
shared_30_s2609283004,shared,30,2609283004,PATH,3,0.8709635899560807,794013,261889,54064,0,161341,46484,10394,4,36090,3176052,0.9886368359208224,7.709807936975267,0.45236885402118787,True,passed,6406c9d5d3a8854ed660a6f234d956a4cede911e4952c385bcb1d67f18a82ab5
shared_30_s2609283004,shared,30,2609283004,PATH,4,0.831763771102671,794013,172252,34650,0,109741,27861,7869,3,19992,2382039,0.991607190310486,5.08643463102635,0.4757794240140356,True,passed,e593a79238c850ce28c8f48b321e51e4ea63e098094579cee4812491eccaa7eb
shared_30_s2609283004,shared,30,2609283004,PATH,5,0.7943282347242815,794013,144200,27368,0,94459,22373,7539,3,14834,2382039,0.9937725620781188,4.261345906008501,0.49550839798757806,True,passed,b5320755503456c9e5ffc05467315ad46ab63c8791bee30a930136bc12818917
shared_30_s2609283004,shared,30,2609283004,PATH,6,0.7585775750291838,794013,131927,25177,0,84499,22251,6864,2,15387,1588026,0.9903106120428758,4.006431355024688,0.5409615410026163,True,passed,285e5cba8227dd81fe9e173a271c826e63fa15c971227161bc35d7aa280a0bc1
shared_30_s2609283004,shared,30,2609283004,PATH,7,0.72443596007499,794013,129011,24734,0,84185,20092,7527,3,12565,2382039,0.9947251073555051,3.767675086040981,0.5252841000328772,True,passed,527abb092a3cda66609b2c7abd7909599f875d0d9c77c1c58aa40b6fe70fe8fb
shared_30_s2609283004,shared,30,2609283004,PATH,8,0.6918309709189365,794013,134108,27487,0,84962,21659,8503,3,13156,2382039,0.9944770005864724,3.8914396399632096,0.5483487559831701,True,passed,7540a5333643d71990da3616a5ceff58df8553d197462689d47b759c837ac114
shared_30_s2609283004,shared,30,2609283004,PATH,9,0.660693448007596,794013,158887,32214,0,100732,25941,11574,4,14367,3176052,0.9954764594534347,4.671606992022134,0.5755569970351644,True,passed,cb36e902a88e25089637bb3b774c7197509d5349d48860bc73c8e3ab249d8c85
shared_30_s2609283004,shared,30,2609283004,PATH,10,0.6309573444801932,794013,291929,68789,0,170415,52725,20247,5,32478,3970065,0.9918192775181263,8.400946333014872,0.6352271850337274,True,passed,4b3cc87a23af8e9d8295f34ba5bb5b2281e2d7b87edd82b99ab3c974cb45edc0
shared_30_s2609283004,shared,30,2609283004,PATH,11,0.6025595860743578,794013,183579,40885,0,107962,34732,13366,3,21366,2382039,0.9910303735581155,5.795248938957229,0.749241826008074,True,passed,e75c409846d824d2abdb24787f4d69c215f46308fa2ffa955ecf471f414140ae
shared_30_s2609283004,shared,30,2609283004,PATH,12,0.5754399373371569,794013,186546,44205,0,106220,36121,15767,3,20354,2382039,0.9914552196668485,5.739647882001009,0.859133385005407,True,passed,e10d25a7eb60f2deeedbec82fd4c14ed1ad81bde149d8dc0add712d3ba615753
shared_30_s2609283004,shared,30,2609283004,PATH,13,0.5495408738576245,794013,221251,55115,0,119372,46764,19736,3,27028,2382039,0.9886534183529321,6.877522623981349,0.9800928520271555,True,passed,89e2d07bdc1be8a6b21541a00953d982ded240fac1176b2016af22422b860791
shared_30_s2609283004,shared,30,2609283004,PATH,14,0.5248074602497725,794013,250272,66751,1,124891,58629,23647,3,34982,2382039,0.985314262276982,7.9631804000237025,1.0051747470279224,True,passed,b7459afe7b569dbb53bf6e70dde50ecd25db78e4ad6a26b65fa791852095cbc6
shared_30_s2609283004,shared,30,2609283004,PATH,15,0.5011872336272722,794013,284290,84794,2,127280,72214,27949,3,44265,2382039,0.9814171808270141,8.323841235018335,1.0543009439716116,True,passed,563a5b0f9d091665c8b6bc522cd1141b6b10f5368c2586a79aac9ce9f363fe42
shared_30_s2609283004,shared,30,2609283004,PATH,16,0.4786300923226383,794013,561265,209373,4,191812,160076,51598,4,108478,3176052,0.9658450176508445,16.113520751008764,1.122769744019024,True,passed,927a6b6d15adb69d7366781ca5e9b2c54605a850b4b1981b71da4a8a95b697ca
shared_30_s2609283004,shared,30,2609283004,PATH,17,0.457088189614875,794013,399344,151988,3,136644,110709,40409,3,70300,2382039,0.9704874689289302,10.950821422971785,1.1936879390268587,True,passed,4e8349de9a9a85a6154e80763fe7120f5c128cf783582140ad8c0ccc6d473075
shared_30_s2609283004,shared,30,2609283004,PATH,18,0.436515832240166,794013,573788,253514,15,140854,179405,57279,3,122126,2382039,0.9487304783842749,15.653386087040417,1.2657139470102265,True,passed,f0ed4a383d361e5caadc4505255b6764d1b900536369a685ae11b4cf62abab27
shared_30_s2609283004,shared,30,2609283004,PATH,19,0.4168693834703354,794013,751903,328710,26,190709,232458,53749,5,178709,3970065,0.9549858755461182,20.6415016289684,1.682651220005937,True,passed,506b3369012cfac6d8a84c0207b828675182aa6d09bcf2f032302b48dd315512
shared_30_s2609283004,shared,30,2609283004,PATH,20,0.3981071705534972,794013,913774,398873,28,239349,275524,69165,5,206359,3970065,0.9480212540600721,24.669139728008304,2.17652115697274,True,passed,0be540ec10777d61877811dac517a9c4ec6115e0558bf31ef364735db97e179e
shared_30_s2609283004,shared,30,2609283004,PATH,21,0.3801893963205612,794013,788083,357101,28,186452,244502,51010,4,193492,3176052,0.9390778236628368,20.551062725950032,2.8174804279697128,True,passed,04af6a95817ff3437d9ee1a74eee6f89a1c78630a911d6b0cdd7da5ad77c171e
shared_30_s2609283004,shared,30,2609283004,PATH,22,0.36307805477010135,794013,691802,333298,27,133041,225436,66573,3,158863,2382039,0.9333079769054998,18.962917261989787,3.451574889011681,True,passed,b18b5b17e1eef10709fbfe2b06f9f83bbf5742cc185261cff8f3ac65e80d84ae
shared_30_s2609283004,shared,30,2609283004,PATH,23,0.3467368504525316,794013,697946,336343,27,133495,228081,61903,3,166178,2382039,0.9302370784021589,19.821117490995675,3.4706946869846433,True,passed,cf10bb4827b4c461b0b158008bd397958a8b9a17620bbb5cf35e1e0f0fc40c98
shared_30_s2609283004,shared,30,2609283004,PATH,24,0.3311311214825911,794013,706410,340224,27,133901,232258,55882,3,176376,2382039,0.9259558722590184,19.33285257098032,3.691947693005204,True,passed,bf91c98e009087d7852179ebbb3c8689e62e313f59353f41ed8f294fef006aeb
shared_30_s2609283004,shared,30,2609283004,PATH,25,0.31622776601683794,794013,714847,344214,28,136297,234308,58530,3,175778,2382039,0.9262069176869061,19.334798661002424,3.9806468540336937,True,passed,7f90de3288eb38f1eb5f616f38f1645d4dbaab07fac73dce5c26caf4ebc398bb
shared_30_s2609283004,shared,30,2609283004,PATH,26,0.3019951720402016,794013,721114,347124,28,138129,235833,58593,3,177240,2382039,0.9255931577946457,20.49254128296161,4.250213913968764,True,passed,7669e3fcee033ec6fadb350de504db7e8c2b37f9df14650fb2b1fa5588ac739e
shared_30_s2609283004,shared,30,2609283004,PATH,27,0.28840315031266056,794013,855758,394396,30,189687,271645,89356,4,182289,3176052,0.9426051588576005,24.08985299797496,4.3352470230311155,True,passed,9c3db38000ab1f4f16038e091b6aa6bd6f7817178bf67b263c35112b8f4f8632
shared_30_s2609283004,shared,30,2609283004,PATH,28,0.2754228703338166,794013,729482,348061,28,143539,237854,50148,3,187706,2382039,0.9211994429982044,20.7647885659826,4.352332804992329,True,passed,753484756342b6e2496af3d6ef814e184a88694c6c559ae1ef351d0d0db6be67
shared_30_s2609283004,shared,30,2609283004,PATH,29,0.2630267991895382,794013,875986,398901,30,200597,276458,84440,4,192018,3176052,0.9395419218577026,24.836885263968725,4.219727632007562,True,passed,927db2c0c5d12f60a414484f6a3b343978fd0181eb9729f8904d3dcdaff55ebf
shared_30_s2609283004,shared,30,2609283004,PATH,30,0.251188643150958,794013,735569,349307,28,147007,239227,76134,3,163093,2382039,0.9315321873403416,20.515222557005472,4.43182026600698,True,passed,d8060a90d317e3767a754fe8a35be667719492c7ce5eedad339404094d5a1a6f
shared_30_s2609283004,shared,30,2609283004,PATH,31,0.23988329190194904,794013,900805,401754,30,217241,281780,84803,4,196977,3176052,0.937980549436848,26.135442416998558,4.488454290956724,True,passed,667ed9d6dfe28fe05e31dddebbb66a5e2b1fff1c26620612bc11ae3fd160c43a
shared_30_s2609283004,shared,30,2609283004,PATH,32,0.2290867652767773,794013,603689,253537,17,169145,180990,81402,3,99588,2382039,0.9581921202801466,17.463949295983184,4.504777552036103,True,passed,e70daebe57b5760199a083f7ab71727da5cff42ff47e43a6968abe95707786fe
shared_30_s2609283004,shared,30,2609283004,PATH,33,0.21877616239495523,794013,615658,255309,17,177296,183036,82474,3,100562,2382039,0.9577832268909116,17.810947860998567,4.328296568011865,True,passed,255ddde5f3e6f6c2358ceffcaac0973c43ada4eb3f39314945ee08ebb390becc
shared_30_s2609283004,shared,30,2609283004,PATH,34,0.20892961308540392,794013,991447,418728,30,276079,296610,93137,4,203473,3176052,0.9359352428738572,27.50499366200529,4.3182347700349055,True,passed,faac776ba13158d3b3b800c0f3360ca0cb6dba3c8c3e964fe61624d0737a4431
shared_30_s2609283004,shared,30,2609283004,PATH,35,0.19952623149688797,794013,1049502,434061,30,309908,305503,98468,4,207035,3176052,0.9348137247123158,29.82424191699829,4.596943873038981,True,passed,d3915822fd7ad0c093ba62b71547b4abbb279f3111d6c5f821451f83121a2530
shared_30_s2609283004,shared,30,2609283004,PATH,36,0.19054607179632474,794013,1069445,442740,30,317101,309574,102693,4,206881,3176052,0.9348622125834212,31.74738030898152,4.657112372980919,True,passed,b89164647d913ad77819021657c93750ea1fd59fd7e6cd3e27da03e97b0221a2
shared_30_s2609283004,shared,30,2609283004,PATH,37,0.18197008586099836,794013,1175814,483234,30,364194,328356,112185,4,216171,3176052,0.9319371975018041,33.73558768304065,4.6746831919881515,True,passed,5f6f4de94a3cb70577a2ae8de22c6660fbf639c3d722d457c7da3bb6d5c4f05b
shared_30_s2609283004,shared,30,2609283004,PATH,38,0.17378008287493754,794013,780140,315344,17,251771,213008,100878,3,112130,2382039,0.952926883229032,22.156908756995108,4.733771807979792,True,passed,bcc2d429cae554d737be63ce03a8e35acab78955b062ef0c38d58ab742ab09e3
shared_30_s2609283004,shared,30,2609283004,PATH,39,0.16595869074375605,794013,1376703,574716,30,431161,370796,134943,4,235853,3176052,0.9257401956894913,38.87189671699889,4.754136451985687,True,passed,40a10c12db894b85db31da1e4a94245ebfcd0eb84b46d39c0e3403124a8ddb09
shared_30_s2609283004,shared,30,2609283004,PATH,40,0.15848931924611134,794013,1480388,618403,30,464451,397504,146917,4,250587,3176052,0.9211011028786682,41.805898982973304,4.790354265947826,True,passed,5c2a9742b0bb42d4156cae6fecba904ada2633ac0ccd24ba7e68c8bec61afe38
shared_30_s2609283004,shared,30,2609283004,PATH,41,0.15135612484362082,794013,1568862,654696,30,491510,422626,157165,4,265461,3176052,0.9164179301850222,44.27250051696319,4.729217229003552,True,passed,a4a85521d70bc31a77abd9724ac422a96c988bd72e94b6673892af7fc2000918
shared_30_s2609283004,shared,30,2609283004,PATH,42,0.14454397707459277,794013,1624345,676723,30,508034,439558,165197,4,274361,3176052,0.913615709062698,45.94918899401091,4.8162053800188005,True,passed,f1fb8a3904bf68476b6c3252aa23efcb073dbb939d29675c7ba2243829a126ec
shared_30_s2609283004,shared,30,2609283004,PATH,43,0.1380384264602885,794013,1007592,410171,17,322525,274879,129153,3,145726,2382039,0.9388229999592785,28.606030265975278,4.83135775802657,True,passed,dd9e70516cd26542925318d0c9211e3024600dc7be05accc2fe7d00f3685ac1c
shared_30_s2609283004,shared,30,2609283004,PATH,44,0.1318256738556407,794013,1873347,776288,34,574433,522592,196559,4,326033,3176052,0.897346454025312,53.44152584095718,4.826711773988791,True,passed,0767e55cd4a5a3313767e0127b068538d2065b81f9ad975f06ee91985e17a6ea
shared_30_s2609283004,shared,30,2609283004,PATH,45,0.12589254117941673,794013,1994466,826215,36,600686,567529,209902,4,357627,3176052,0.8873988838973669,57.190031176025514,4.659504140960053,True,passed,43c24e4b4d4583879c3d4f1ca5c264f655abfcbdb2de3b4a9373914945c7401e
shared_30_s2609283004,shared,30,2609283004,PATH,46,0.12022644346174129,794013,2147509,893902,42,627805,625760,225651,4,400109,3176052,0.8740231583110101,60.919668934016954,4.9123953230446205,True,passed,f4f70bf2202741ca3321b7aeb00c9607dfccf7390373cf6fd2cd610899fd2be7
shared_30_s2609283004,shared,30,2609283004,PATH,47,0.1148153621496883,794013,2353769,994437,48,655033,704251,245228,4,459023,3176052,0.8554737139064474,67.99006587802432,4.950607092992868,True,passed,3f0d0f232e066956c60d1b9218db007c42945651a17907811e78f4de7c308c98
shared_30_s2609283004,shared,30,2609283004,PATH,48,0.1096478196143185,794013,2398985,1051860,69,606594,740462,216701,3,523761,2382039,0.7801207285019263,68.7633166660089,5.05642043001717,True,passed,d6e5a91c4f0b8509fed1e55166452f4187cecf57ab83794e3b154b07270f5f4b
shared_30_s2609283004,shared,30,2609283004,PATH,49,0.10471285480508996,794013,1577472,696335,55,393609,487473,180320,3,307153,2382039,0.8710545881070797,44.90081056399504,5.036114975984674,True,passed,c6544e259913c63be0a6bc30e5e71a0301c9161056e8a86c8c81c402e0c136b0
shared_30_s2609283004,shared,30,2609283004,PATH,50,0.1,794013,3140963,1485777,132,652659,1002395,286277,4,716118,3176052,0.7745257319464542,87.88069003802957,5.135568173951469,True,passed,bb335bd3fa1b0282ead7ba64cda5adcac9e03f26b3963e0ceb036e364e894fcc
shared_30_s2609283004,shared,30,2609283004,PATH,51,0.09549925860214359,794013,3432836,1706008,152,618212,1108464,286362,4,822102,3176052,0.7411560012241614,92.94604833697667,5.082874430983793,True,passed,1872d4d7409e66fee3d8251fec47763797ce668b49bbb3fa3e9603c8d7e149c5
shared_30_s2609283004,shared,30,2609283004,PATH,52,0.09120108393559097,794013,3728666,1955357,175,556865,1216269,283059,4,933210,3176052,0.7061729467905438,97.94747127400478,5.401430976984557,True,passed,f1c06831cae3fa0f456086ec5788075cc6c91daf457a380070a93f9ea7748e65
shared_30_s2609283004,shared,30,2609283004,PATH,53,0.08709635899560805,794013,4038474,2236071,224,467937,1334242,273923,4,1060319,3176052,0.6661518766065543,104.28735026798677,5.475628326006699,True,passed,970c8782e79df0879c4e4620b80c140ece9313ce20e43830e899dbbb8e40279f
shared_30_s2609283004,shared,30,2609283004,PATH,54,0.08317637711026708,794013,4012885,2218148,219,467054,1327464,278614,4,1048850,3176052,0.6697629635786819,107.66039420798188,5.585528546012938,True,passed,59eec10498e71f80af8dad8999bbe26cec6ce3c3efa2bc79880aeda8cd4a418b
shared_30_s2609283004,shared,30,2609283004,PATH,55,0.07943282347242814,794013,4628797,2802222,314,251253,1575008,213473,4,1361535,3176052,0.5713121195748685,112.4509504189482,5.396087794040795,True,passed,f4cb599977f6ea37ee4f36a2e1b0f43be8a475caf410bb0604520c596ae4efb5
shared_30_s2609283004,shared,30,2609283004,PATH,56,0.07585775750291836,794013,2593512,1552319,194,160926,880073,129715,3,750358,2382039,0.6849934027108708,64.057379913982,5.834271789994091,True,passed,2211c4c7d27e5cddf9d5b76ff7b287cd9495ac26d4b3d3435587e3ffcb0dce9c
shared_30_s2609283004,shared,30,2609283004,PATH,57,0.07244359600749903,794013,4865884,3023368,423,152956,1689137,100595,4,1588542,3176052,0.4998375341461664,118.93119317101082,5.757699479989242,True,passed,b8ee6151033ab2b415bd1e9a25169a27976f738674fcdf8d17f134f49645fd9b
shared_30_s2609283004,shared,30,2609283004,PATH,58,0.06918309709189366,794013,4822126,2969303,381,193018,1659424,171722,4,1487702,3176052,0.5315876440310171,115.89779277401976,5.791601129982155,True,passed,33c7e3c78169ec1ea60f95a93b40924b4bd0f46b5ed286bd14de6655c0dc5eb8
shared_30_s2609283004,shared,30,2609283004,PATH,59,0.06606934480075961,794013,4874883,3019335,402,169079,1686067,145838,4,1540229,3176052,0.5150491868521044,117.21292156202253,6.241190487053245,True,passed,c9dae35fb5cd045585c7ec5f5bf4e33f9f6087941b32dece80fa361e5c664a8d
shared_30_s2609283004,shared,30,2609283004,PATH,60,0.06309573444801933,794013,4699402,2968424,421,85777,1644780,56288,3,1588492,2382039,0.3331377026152804,114.15735977998702,6.401177431980614,True,passed,31f6437ccc79e171a95fbad8549f565ac6cee401c1f296a65dc97eb807545376
shared_30_s2609283004,shared,30,2609283004,PATH,61,0.06025595860743578,794013,4910304,3038895,422,171597,1699390,110072,4,1589318,3176052,0.4995932056528042,120.1617586890352,6.533761573024094,True,passed,f3907ee30ae6e035dbf8e3b59320e0f68d5c7a653fb3109204410b71461d210f
shared_30_s2609283004,shared,30,2609283004,PATH,62,0.057543993733715694,794013,4923110,3044014,422,176007,1702667,112981,4,1589686,3176052,0.49947733853224063,118.3410002689925,6.617712622042745,True,passed,ee5091ddac030b51ff4094c30f64e9cccf2525c254ab5697fd266c749d1976e6
shared_30_s2609283004,shared,30,2609283004,PATH,63,0.054954087385762455,794013,4936646,3050165,422,179790,1706269,116110,4,1590159,3176052,0.49932841149955987,120.08634711703053,6.79065380099928,True,passed,2abbca1fb716965dd42507c8d6f140478c47edf20db9a6632c36ec779e40ccb0
shared_30_s2609283004,shared,30,2609283004,PATH,64,0.05248074602497726,794013,4943458,3052548,422,182668,1707820,118020,4,1589800,3176052,0.4994414449133704,121.5811119810096,6.885163074999582,True,passed,27a18d42ce39d9928bbaacf29ab9cb3127d74f91b84f7fca78e8adcd25406dde
shared_30_s2609283004,shared,30,2609283004,PATH,65,0.05011872336272722,794013,4946101,3053505,422,184053,1708121,118460,4,1589661,3176052,0.49948520993988765,121.54975410801126,6.952535301970784,True,passed,39eea32bf80ebcc5a182a55f8536149a6a3eff5670282d26e7aa9970cdc87e6b
shared_30_s2609283004,shared,30,2609283004,PATH,66,0.047863009232263824,794013,4954179,3056882,422,186719,1710156,120096,4,1590060,3176052,0.4993595822738419,121.70704051596113,7.095559676003177,True,passed,45f54e46695ee840386d93ab6acf605d878b2304f9d020d4f9f7a75f2acf8846
shared_30_s2609283004,shared,30,2609283004,PATH,67,0.04570881896148749,794013,4980459,3068320,422,194253,1717464,126320,4,1591144,3176052,0.4990182780382689,122.166367170983,7.230376683990471,True,passed,d372f57d6aca67413899540173e1cfd6e032f7eeb2e134725dde71fe380e6513
shared_30_s2609283004,shared,30,2609283004,PATH,68,0.043651583224016584,794013,4980861,3067759,422,195728,1716952,126200,4,1590752,3176052,0.49914170171017347,122.12189816404134,7.003437195031438,True,passed,af16ee351a71037d7010c26448bcd80c7be962d3b3737c0f9377bd792a829134
shared_30_s2609283004,shared,30,2609283004,PATH,69,0.04168693834703355,794013,4990184,3071369,422,199617,1718776,127651,4,1591125,3176052,0.49902426030808056,121.06245000899071,6.93395558494376,True,passed,72ebb28417b436d75b21538b8b99f75fa81402637e4c392c44761d6d5b877e88
shared_30_s2609283004,shared,30,2609283004,PATH,70,0.039810717055349734,794013,4985375,3068447,422,200249,1716257,125946,4,1590311,3176052,0.49928055334106625,121.10247693001293,7.365935780049767,True,passed,fa833641c066879c08ca8064ae180644988f82f6e4f770f38ef9c9104ee77050
shared_30_s2609283004,shared,30,2609283004,PATH,71,0.038018939632056124,794013,5003983,3076153,422,206922,1720486,129624,4,1590862,3176052,0.4991070675165268,122.66404164797859,7.520081105991267,True,passed,ef7680c06d9a56a111dce0a8f89037354dd37420e5d6d56903ef517584b38bdb
shared_30_s2609283004,shared,30,2609283004,PATH,72,0.03630780547701014,794013,5024996,3085111,422,213876,1725587,133716,4,1591871,3176052,0.49878937750389474,123.40174457099056,7.57903688197257,True,passed,9c470eb56fa172b1b5dabdf5d5c51dd085a6fa7dad515c67176495fff27d0d98
shared_30_s2609283004,shared,30,2609283004,PATH,73,0.034673685045253165,794013,5037718,3090086,422,218991,1728219,136187,4,1592032,3176052,0.4987386856386482,123.45089349499904,7.738979774003383,True,passed,089cfdad9f0fedde3a0983921e8460a115a38a3c6fb5922d171b2b07718e245c
shared_30_s2609283004,shared,30,2609283004,PATH,74,0.03311311214825911,794013,2796258,1641905,212,220113,934028,135811,3,798217,2382039,0.6649017921201122,67.7480544069549,7.7365558259771205,True,passed,ad5d32accacbc60504c466498082faa0140bbbbf4b921d519c3d675356863434
shared_30_s2609283004,shared,30,2609283004,PATH,75,0.03162277660168379,794013,5050847,3094325,422,225892,1730208,138304,4,1591904,3176052,0.4987789872458007,124.48733495996566,7.644280940003227,True,passed,270677c88d33712e74dab67d8c6068ab751580a73ea2549bf14a76341c24c696
shared_30_s2609283004,shared,30,2609283004,PATH,76,0.03019951720402016,794013,5069665,3101685,424,232295,1735261,142252,4,1593009,3176052,0.4984310710278044,123.36920743994415,8.138791709032375,True,passed,c769d8125a6bd2c58d5560704d75b24e56bfd8a3cabaf53cdcc3c8d44e3dc740
shared_30_s2609283004,shared,30,2609283004,PATH,77,0.028840315031266057,794013,5084162,3107663,424,237449,1738626,145356,4,1593270,3176052,0.49834889353196987,124.93421043700073,8.17184071597876,True,passed,247170e6fd75aa0036b1faf170770677bfb2ed41ea92dac7871aafd8d1efe65e
shared_30_s2609283004,shared,30,2609283004,PATH,78,0.02754228703338166,794013,5086532,3108104,424,239436,1738568,145708,4,1592860,3176052,0.49847798461738035,125.51652396697318,8.348573891969863,True,passed,366afd9f6ed23b27480d13091ca709b69f3786dea92eafde5774b04980aeadf2
shared_30_s2609283004,shared,30,2609283004,PATH,79,0.026302679918953815,794013,5116492,3120685,425,248757,1746625,152098,4,1594527,3176052,0.4979531191554798,124.14043071499327,8.54693930898793,True,passed,32e2b3d1d034aa7c608ffdab783d2b56717c1d1b44061231013649803137e998
shared_30_s2609283004,shared,30,2609283004,PATH,80,0.025118864315095794,794013,5367568,3203705,425,358589,1804849,212059,5,1592790,3970065,0.5988000196470336,135.16801529499935,8.528029734035954,True,passed,0829f16d8c3e122f3cf5035066e31939f6559411de012c73d24fd0424161d517
shared_30_s2609283004,shared,30,2609283004,PATH,81,0.023988329190194897,794013,5159306,3138105,428,263796,1756977,161200,4,1595777,3176052,0.4975595487731309,128.2167770160013,8.632399011985399,True,passed,363b7e03d94ef329086d46a6f1965fb4e7a679f8d5ac766cee8b5d6d5f222960
shared_30_s2609283004,shared,30,2609283004,PATH,82,0.022908676527677734,794013,5148273,3132793,426,262190,1752864,158452,4,1594412,3176052,0.49798932763065595,126.33741466404172,8.843882246001158,True,passed,5467d3315214febbaaba84a3850d25616735fb3ad3c9c9ec46170aaddfdf4900
shared_30_s2609283004,shared,30,2609283004,PATH,83,0.02187761623949553,794013,5143497,3129993,426,262569,1750509,156730,4,1593779,3176052,0.49818863167227745,125.39041256898781,8.939548672002275,True,passed,f2d314bf2a31e500b7bda3b4213abf0a41dcfcff76f126dc8ac9f214f17e1aa1
shared_30_s2609283004,shared,30,2609283004,PATH,84,0.020892961308540396,794013,5169370,3140893,426,271306,1756745,161769,4,1594976,3176052,0.49781174867414013,133.87139294599183,9.193939521035645,True,passed,ae0efd4bbc2027a641240b8e9fdff0b782a4540012a3b2a07e7a2e5012c36372
shared_30_s2609283004,shared,30,2609283004,PATH,85,0.0199526231496888,794013,5499365,3257254,430,406420,1835261,238568,5,1596693,3970065,0.5978169123175565,142.73797605501022,9.291840643971227,True,passed,fbe65670cbeed5dad8abc9e559ae291c3a3f7248168b11276c2a39b0ef65f3c8
shared_30_s2609283004,shared,30,2609283004,PATH,86,0.019054607179632473,794013,5253785,3178420,429,296261,1778675,179261,4,1599414,3176052,0.4964144163886486,131.6984447099967,9.593189342995174,True,passed,eddadaf82005f700424c21a25fa396d123b6e60e8c474f728d78025113910174
shared_30_s2609283004,shared,30,2609283004,PATH,87,0.018197008586099836,794013,5540930,3274287,431,422539,1843673,246589,5,1597084,3970065,0.5977184252650776,144.26536982500693,9.757194075966254,True,passed,b717368b0a2f6d1a7d0abb97fb1542a953fec1eb734247843a80035e546cc0e2
shared_30_s2609283004,shared,30,2609283004,PATH,88,0.017378008287493755,794013,5568749,3285281,431,433305,1849732,252826,5,1596906,3970065,0.5977632608030348,142.85840427398216,9.916138099972159,True,passed,442cb69a67b4377d0c748c7f300788a2db5591d853c6e3cf00bfa1f3dd2ce181
shared_30_s2609283004,shared,30,2609283004,PATH,89,0.016595869074375606,794013,5301680,3197721,429,315393,1788137,189046,4,1599091,3176052,0.49651611497544745,137.3512204880244,10.059491295018233,True,passed,f27e659343792cab3ef783389d15bb859e611b30de5ec7491c463e92d027bc8e
shared_30_s2609283004,shared,30,2609283004,PATH,90,0.015848931924611134,794013,5658840,3324082,432,463365,1870961,270712,5,1600249,3970065,0.5969212090985916,147.7877287879819,10.162144343019463,True,passed,52405203db5ee0f23acca3976b4f686c72cdcc03532112a1be7733a573dd007c
shared_30_s2609283004,shared,30,2609283004,PATH,91,0.01513561248436208,794013,5706039,3344715,435,478131,1882758,280014,5,1602744,3970065,0.5962927559120569,149.1600899939658,10.48641262500314,True,passed,953796c9a565e131f182c2ee68356ad1f99ba4834081f9788fecb3b52f006e19
shared_30_s2609283004,shared,30,2609283004,PATH,92,0.014454397707459272,794013,5333908,3208820,432,331443,1793213,195681,4,1597532,3176052,0.49700697595631305,133.52386471099453,10.695279440027662,True,passed,128328de6b470ce83cc6f5d7cbc039b2a5dad64ee3a67c699c5932d334057794
shared_30_s2609283004,shared,30,2609283004,PATH,93,0.013803842646028845,794013,5420307,3249514,436,352918,1817439,213681,4,1603758,3176052,0.4950466805959096,140.0687497649924,10.130500493978616,True,passed,f19a9366f0b22316c9ed0109d4d0157c9ea11067d33f19c77ed1b3c33765361e
shared_30_s2609283004,shared,30,2609283004,PATH,94,0.013182567385564075,794013,5790805,3379165,440,510108,1901092,299007,5,1602085,3970065,0.5964587481565163,150.8049973520101,11.106704304984305,True,passed,6e81ac537743cd14af3d41d80c2c4a962cb26602c5200c0438886fb41a4c3ea1
shared_30_s2609283004,shared,30,2609283004,PATH,95,0.012589254117941675,794013,5863789,3414612,441,527220,1921516,314239,5,1607277,3970065,0.5951509610044168,148.62220115197124,11.364540974027477,True,passed,0bb996c1f85708f86026786516c544aba38ee888d5246c05a2c7c2e11746ae39
shared_30_s2609283004,shared,30,2609283004,PATH,96,0.012022644346174132,794013,5511874,3291621,437,377831,1841985,235532,4,1606453,3176052,0.4941981428515654,138.74027935398044,11.615298630960751,True,passed,16c0912c3ea61d09d280af6e8c911c35d31ac806f672b5bd2dd9204e70327019
shared_30_s2609283004,shared,30,2609283004,PATH,97,0.01148153621496883,794013,5935570,3445991,441,548857,1940281,332223,5,1608058,3970065,0.5949542387845035,155.1265982799814,11.87714961299207,True,passed,303ce1df595f4699f092337b3018164db542109ae37ce960e6731cb2ab070292
shared_30_s2609283004,shared,30,2609283004,PATH,98,0.01096478196143185,794013,6010243,3481931,448,565048,1962816,350534,5,1612282,3970065,0.5938902763556768,155.27588825899875,12.11917545995675,True,passed,7b0ab1c306f3bcbe3ef266219d987c6c365166e1e691216fbf85769490a8b585
shared_30_s2609283004,shared,30,2609283004,PATH,99,0.010471285480508996,794013,6021082,3486030,452,569582,1965018,354347,5,1610671,3970065,0.5942960631626938,139.8577181440196,11.08985173603287,True,passed,796a89bd96ebeae8d036d5e04ab270ad746f211046c1a6bc6bf88997574784c0
shared_30_s2609283004,shared,30,2609283004,PATH,100,0.01,794013,6063068,3504346,452,581190,1977080,366423,5,1610657,3970065,0.5942995895533196,140.68459985899972,11.287879801006056,True,passed,aa2d39f32ea19160c44ce374e4852c118e6262483dbd8c88fbfb7a6649891147
shared_30_s2609283005,shared,30,2609283005,PATH,0,1.0,708377,0,0,0,0,0,0,0,0,0,,0.01720669597852975,0.13993139303056523,True,passed,2eb47b532642e98141c46d2a11526a22376950a8af071013078befc4c26ad505
shared_30_s2609283005,shared,30,2609283005,PATH,1,0.954992586021436,708377,753770,271606,0,393695,88469,14072,5,74397,3541885,0.9789950831266402,17.379606911970768,0.18461281299823895,True,passed,ea7008bfac45873b576efe66757974f0046cdfcf2aa4e2486d6fd3e3d0f95a1c
shared_30_s2609283005,shared,30,2609283005,PATH,2,0.9120108393559098,708377,231221,53730,0,154850,22641,5507,5,17134,3541885,0.9951624629258149,6.079194616002496,0.25849921302869916,True,passed,e9b0948d7a2c800094ea9512dd636117e4b5dd68692d7edf43caa23c937f2522
shared_30_s2609283005,shared,30,2609283005,PATH,3,0.8709635899560807,708377,208997,48393,0,140582,20022,5509,4,14513,2833508,0.9948780804571578,5.498649133020081,0.3576242859708145,True,passed,a4b37d0a93b4d7432568e364bf9298242d3f8c474618f9af9ab3cabc43862a3a
shared_30_s2609283005,shared,30,2609283005,PATH,4,0.831763771102671,708377,250802,57287,0,169708,23807,6722,4,17085,2833508,0.9939703717088499,6.592876342008822,0.4709724129643291,True,passed,055c2999dad688f4ebd48efc4dc4e9c036f94512decebac106045a301dd11e5d
shared_30_s2609283005,shared,30,2609283005,PATH,5,0.7943282347242815,708377,168118,39813,0,112586,15719,4088,2,11631,1416754,0.9917903884513473,4.407667051011231,0.5896566970041022,True,passed,3ac9b096e4132a8b5de96323c656c11b262dc98fa1647a4a26465f51d8921ade
shared_30_s2609283005,shared,30,2609283005,PATH,6,0.7585775750291838,708377,271372,59897,0,186619,24856,7272,4,17584,2833508,0.9937942649182568,7.210585341032129,0.6771526130032726,True,passed,6486554e88562a432f66a925a754ce3020b3323192578734ac446ce7ef69d557
shared_30_s2609283005,shared,30,2609283005,PATH,7,0.72443596007499,708377,146387,30759,0,102435,13193,4755,2,8438,1416754,0.9940441318676354,3.9780790680088103,0.8402925709960982,True,passed,83050db2e8538081bb0cddf901765e92f1af80bad31b146469127b8682be706e
shared_30_s2609283005,shared,30,2609283005,PATH,8,0.6918309709189365,708377,193081,38514,0,137584,16983,7053,3,9930,2125131,0.9953273468788513,5.318534036981873,0.9461516960291192,True,passed,ef10cc0c9dc942c27d8f6b98ba88f107d4baeaa4caa8acf6fe43c1779d1b35c9
shared_30_s2609283005,shared,30,2609283005,PATH,9,0.660693448007596,708377,248620,56686,0,168538,23396,8835,3,14561,2125131,0.9931481870999952,6.593997135991231,1.0534711939981207,True,passed,7703000d1319a4c3b504cc6a8bf1055d4a3589900b227e649b873b9de48b60a4
shared_30_s2609283005,shared,30,2609283005,PATH,10,0.6309573444801932,708377,186089,38095,0,131943,16051,9185,3,6866,2125131,0.9967691403494655,4.924930943991058,1.1498360419645905,True,passed,4baacf75b1c6d151f87be22dadbea68a3993f881037fd819d79c44bf0e435863
shared_30_s2609283005,shared,30,2609283005,PATH,11,0.6025595860743578,708377,255477,60073,0,171156,24248,11287,3,12961,2125131,0.9939010818627181,6.761020140023902,1.2291095239925198,True,passed,fc0ac00504ddc7874c4ddaa701c1ebd39c37cd99fbbe355748a24005a6d4345a
shared_30_s2609283005,shared,30,2609283005,PATH,12,0.5754399373371569,708377,278771,71514,0,179936,27321,12423,3,14898,2125131,0.9929896086405967,7.171453146031126,1.282315196993295,True,passed,e989ef77f758c5e5688cc2845074a5f88723e69b6b45e5367c5a04adf1ade38b
shared_30_s2609283005,shared,30,2609283005,PATH,13,0.5495408738576245,708377,234463,54646,0,157457,22360,12449,3,9911,2125131,0.9953362875041586,6.173380162043031,1.3267102719983086,True,passed,dfd885373922f0b46bfdff28fc3b65a4fade5f8eccb8c0e904101404b62f8173
shared_30_s2609283005,shared,30,2609283005,PATH,14,0.5248074602497725,708377,267143,66877,0,173637,26629,13772,3,12857,2125131,0.993950020022295,6.970185629965272,1.3736644550226629,True,passed,cb74ce7dbd0fea6802b5af51fd0c5f07157ace5c032f40705192356208f9aacc
shared_30_s2609283005,shared,30,2609283005,PATH,15,0.5011872336272722,708377,247871,71712,0,149045,27114,11789,2,15325,1416754,0.9891830197761926,6.368610649951734,1.4587665379513055,True,passed,0b5bef504da325c615bcb6cbde270420eefe04c76bb0884dd91635e38e1ef562
shared_30_s2609283005,shared,30,2609283005,PATH,16,0.4786300923226383,708377,265366,80115,0,154610,30641,13381,2,17260,1416754,0.9878172216206906,6.830071824020706,1.5773565120180137,True,passed,43f080a0c4debc3766d25df01be91962284a4eb1600a492b122a3235f07b414c
shared_30_s2609283005,shared,30,2609283005,PATH,17,0.457088189614875,708377,339025,98905,0,200857,39263,19837,3,19426,2125131,0.990858916462091,8.748767834971659,1.7065516900038347,True,passed,4ada5d5b81668b996d71044c4493d24958e2c9a3acc95e84f37bb433cd5aec71
shared_30_s2609283005,shared,30,2609283005,PATH,18,0.436515832240166,708377,367534,115029,0,207536,44969,22192,3,22777,2125131,0.9892820724934134,9.3722304640105,1.8992185819661245,True,passed,5d20a6bdad2b4fbcefca4c70f616cb6a3e8aeac2d0f7c41c8511a4e0bd8d3760
shared_30_s2609283005,shared,30,2609283005,PATH,19,0.4168693834703354,708377,385529,124643,0,211915,48971,22918,3,26053,2125131,0.9877405204667383,9.616708693967666,1.985277166008018,True,passed,d7f12de4aa6a640d3fe449aeaab118796b1453bf1df52de2fdb1cb58f45b981d
shared_30_s2609283005,shared,30,2609283005,PATH,20,0.3981071705534972,708377,373459,118157,0,209090,46212,24447,3,21765,2125131,0.9897582784308355,9.36019918799866,2.0668585549574345,True,passed,ee27590abd71c6ad97d1112c84930be969e3023472d0f2401cfa78bd407d02b2
shared_30_s2609283005,shared,30,2609283005,PATH,21,0.3801893963205612,708377,384735,123429,0,212594,48712,26443,3,22269,2125131,0.9895211165805778,9.796319390006829,2.1408609739737585,True,passed,6a14ab79e7375e70691801267748b0f82e71b755962d25b01004a04cff58c4f5
shared_30_s2609283005,shared,30,2609283005,PATH,22,0.36307805477010135,708377,380978,119399,0,213287,48292,28424,3,19868,2125131,0.9906509292838889,9.662626289005857,2.21402788098203,True,passed,48ba71cb78bca3238b66cd4c6cc1e115b0b9a9d74b1ef0c722acb9be53cabd5e
shared_30_s2609283005,shared,30,2609283005,PATH,23,0.3467368504525316,708377,361536,111095,0,205738,44703,28338,3,16365,2125131,0.9922992982550252,9.022966146003455,2.2916148739750497,True,passed,b28fc848c312de82bdd947ab62890c373f31e403c30309372b278b6468acd404
shared_30_s2609283005,shared,30,2609283005,PATH,24,0.3311311214825911,708377,438973,151303,0,224643,63027,33893,3,29134,2125131,0.98629072748927,11.04392786603421,2.367239930026699,True,passed,d0599f2610ca509e237228bd32d974f2d9e47fbd84653741ab197b0fc890a6bf
shared_30_s2609283005,shared,30,2609283005,PATH,25,0.31622776601683794,708377,446643,155723,0,226140,64780,36087,3,28693,2125131,0.9864982441082456,11.073968585988041,2.4246940939920023,True,passed,23f97fda9c84497b7dd7e376969328362629172c1544c00ce978cb58bdf8976f
shared_30_s2609283005,shared,30,2609283005,PATH,26,0.3019951720402016,708377,511268,192799,0,239370,79099,39909,3,39190,2125131,0.9815587839055568,12.474478463002015,2.487285007024184,True,passed,e59484b7365bd345073b8ab73dbd4ce44b7910a6dfef9d7f24cd67557a667c1f
shared_30_s2609283005,shared,30,2609283005,PATH,27,0.28840315031266056,708377,547936,211026,0,249763,87147,41955,3,45192,2125131,0.9787344874268927,13.107800785975996,2.6107412550481968,True,passed,b5e6a31b7f44473f48bb9f66e43452f73972f661af3b88aa25178db40e2d6d8c
shared_30_s2609283005,shared,30,2609283005,PATH,28,0.2754228703338166,708377,476951,167164,0,238748,71039,42172,3,28867,2125131,0.9864163668027994,11.610129002016038,2.7213845379883423,True,passed,f459bb1c702900b1e9c0fe1b3c69ab1d983bf867bbe227eb222fa9bc8ce02921
shared_30_s2609283005,shared,30,2609283005,PATH,29,0.2630267991895382,708377,600008,230851,0,270239,98918,48687,3,50231,2125131,0.9763633394835425,14.665619062026963,2.825574112997856,True,passed,863050524f5d769f496f456c750133566b82611c500fd0b17c84da4057657207
shared_30_s2609283005,shared,30,2609283005,PATH,30,0.251188643150958,708377,758053,281719,0,354745,121589,63573,4,58016,2833508,0.9795250269277518,18.20303449901985,2.9061723650083877,True,passed,f086b7aaef0899a48023a55415072a92e0ae7ad057b4d750bed7c33b585e853f
shared_30_s2609283005,shared,30,2609283005,PATH,31,0.23988329190194904,708377,498701,174638,0,248344,75719,46506,3,29213,2125131,0.9862535533103607,11.98601936205523,2.954614838992711,True,passed,86f6a521ccf330ba4bf2f2291abcffa99b4140fb86b5374beaff8144ef9ff4a9
shared_30_s2609283005,shared,30,2609283005,PATH,32,0.2290867652767773,708377,825478,310115,0,382396,132967,68068,4,64899,2833508,0.9770958825597105,19.709157242032234,3.008246704994235,True,passed,e33fb3a8d85bd4eae50061162975a8f1504a1ceb99f63a3b264450bdc4288b20
shared_30_s2609283005,shared,30,2609283005,PATH,33,0.21877616239495523,708377,893723,339605,0,411609,142509,71689,4,70820,2833508,0.9750062466737345,21.085910055960994,3.0173897959757596,True,passed,b04108cedeef2e123ed8d048aff92c6f0ce6c5060a2a76a4157d9709d1c96628
shared_30_s2609283005,shared,30,2609283005,PATH,34,0.20892961308540392,708377,923500,351930,0,424736,146834,76253,4,70581,2833508,0.9750905944151208,22.078581230016425,3.093162652978208,True,passed,46c011c204078a658654f60f9543f71d4fcc7e1b3a4b304ffcefc3ba5f1f0e0e
shared_30_s2609283005,shared,30,2609283005,PATH,35,0.19952623149688797,708377,1045392,412257,0,466772,166363,82323,4,84040,2833508,0.9703406519409862,24.248390752007253,3.1162732780212536,True,passed,aabd6ce9258c94a8750b79881e91d5f70ca432b262936ad238c06d824fca48fe
shared_30_s2609283005,shared,30,2609283005,PATH,36,0.19054607179632474,708377,1075000,427552,0,477014,170434,88506,4,81928,2833508,0.9710860177560818,25.154736589000095,3.172819657018408,True,passed,eae4612d6b5eb23f4cc3deac8676beeb1a673f9461d43a96273386ea0b198c76
shared_30_s2609283005,shared,30,2609283005,PATH,37,0.18197008586099836,708377,1272603,538483,0,531861,202259,102439,4,99820,2833508,0.9647715834929705,28.36746276402846,3.193859869032167,True,passed,d471e6b3d3656301ca87851076dfd4ff2d6d9549cd2892a3f5dd6fd0b622fdb2
shared_30_s2609283005,shared,30,2609283005,PATH,38,0.17378008287493754,708377,1342373,578851,0,548421,215101,109897,4,105204,2833508,0.9628714653355487,29.625349044974428,3.2732258020550944,True,passed,662f4b43f3a3ecd102c2d1ed79467c417d0d10937cd0d8a2f16cd46eea1f030c
shared_30_s2609283005,shared,30,2609283005,PATH,39,0.16595869074375605,708377,1470649,653620,0,577382,239647,122176,4,117471,2833508,0.9585422028100856,32.09912072098814,3.300511180947069,True,passed,84089db141aed70e576a3799bf855b5d0ae46709ebd54771777143ed2587d45f
shared_30_s2609283005,shared,30,2609283005,PATH,40,0.15848931924611134,708377,928553,402562,0,376880,149111,83343,3,65768,2125131,0.9690522607782768,20.310831476992462,3.342387559998315,True,passed,8fbd88a1905cde944d1385131b3455046b077192d7c989ed055f5e4370bd0868
shared_30_s2609283005,shared,30,2609283005,PATH,41,0.15135612484362082,708377,1631715,791256,0,558362,282097,132779,3,149318,2125131,0.9297370373873423,34.12277905095834,3.404041530971881,True,passed,5e06aa2476218deb743d5c26753336616a4580a2b4e9daef4db172a075d16546
shared_30_s2609283005,shared,30,2609283005,PATH,42,0.14454397707459277,708377,1853578,884585,0,649487,319506,162139,4,157367,2833508,0.9444621296287147,39.920312185015064,3.484078425972257,True,passed,5cc8ae37cac54a4b79d2b099ef67c3b3c76fed60ce7f13fcd442ab5bff555bb7
shared_30_s2609283005,shared,30,2609283005,PATH,43,0.1380384264602885,708377,2152823,1082257,4,677551,393011,193424,4,199587,2833508,0.9295618717152025,44.48447765503079,3.573699793952983,True,passed,aecdb30ec62476e5e33cdf6b00fdbc8964744b3a4864ce9652d5dd71ed48d6be
shared_30_s2609283005,shared,30,2609283005,PATH,44,0.1318256738556407,708377,2248864,1145635,6,683226,419997,208614,4,211383,2833508,0.9253988342365718,46.348823172971606,3.691380829026457,True,passed,4fd1e6a332db287430da36e8dcffb77bb8bfc0d95c020d75cadf92a578aa7ad6
shared_30_s2609283005,shared,30,2609283005,PATH,45,0.12589254117941673,708377,2295772,1175332,13,686350,434077,219515,4,214562,2833508,0.924276903400308,47.208346981031355,3.7916105199838057,True,passed,1461829262eba351e72a9429f3827e98cc1e777d2742baec04edd03b873cb588
shared_30_s2609283005,shared,30,2609283005,PATH,46,0.12022644346174129,708377,2447257,1282956,24,682108,482169,242090,4,240079,2833508,0.9152714585594959,50.127634421980474,3.95719620998716,True,passed,8ab48052290d3830801050d3dbded458a2b5b6264a570e2cfc197211a1827e71
shared_30_s2609283005,shared,30,2609283005,PATH,47,0.1148153621496883,708377,2520566,1335846,31,679281,505408,255322,4,250086,2833508,0.9117397939232923,51.38625710096676,4.041436019004323,True,passed,5a0aaf0a34017c8641f37f894deda63fa338fb8e3790d34e13d1f8aee0317612
shared_30_s2609283005,shared,30,2609283005,PATH,48,0.1096478196143185,708377,2633481,1418668,38,672182,542593,270970,4,271623,2833508,0.904138968374185,53.98806775303092,4.136105053010397,True,passed,9f0b43f68c84af6a3addba27dfcb4a0ac7abe867669a9264b2de150fc5935185
shared_30_s2609283005,shared,30,2609283005,PATH,49,0.10471285480508996,708377,1661263,868521,26,448884,343832,179838,3,163994,2125131,0.9228311101762667,33.77709266304737,4.22021770599531,True,passed,a2b2460b107b6d546eae3233acb619ba161475b46cff0ea64138a72dc0c248c8
shared_30_s2609283005,shared,30,2609283005,PATH,50,0.1,708377,3061892,1725496,76,654087,682233,292459,4,389774,2833508,0.8624411859786526,60.40855285502039,4.381487922044471,True,passed,c69b6d70cc7fc5b336ec488cad9d34733a85656bb31990dce35bf87012bbabe9
shared_30_s2609283005,shared,30,2609283005,PATH,51,0.09549925860214359,708377,2113490,1066146,29,635790,411525,229130,4,182395,2833508,0.9356292623842953,43.49008933501318,4.475883776030969,True,passed,edfe0ec7694b6d0e81b02c30f3e7b2aea22f9f5f8cd0edf897e95e8b10f34c6d
shared_30_s2609283005,shared,30,2609283005,PATH,52,0.09120108393559097,708377,2916770,1610956,72,672745,632997,301620,4,331377,2833508,0.883050621349931,58.139602779003326,4.587481334048789,True,passed,91c662f1bbd0f4d1adf51cf34c94c1b9c8b4e482fa7857e77af9021623b42866
shared_30_s2609283005,shared,30,2609283005,PATH,53,0.08709635899560805,708377,3056980,1707805,76,672951,676148,307964,4,368184,2833508,0.8700607162570213,60.94281290197978,4.713721395004541,True,passed,9542f922cacf032e97115878a99194b685d98dd88f8908ba24dfef2bb149a829
shared_30_s2609283005,shared,30,2609283005,PATH,54,0.08317637711026708,708377,3212818,1814784,82,672373,725579,313565,4,412014,2833508,0.8545922580772668,63.847315634950064,4.8046425939537585,True,passed,432adec1ea3f75c932f1570204edd8df3745ba8f0ebe4863ad5ae39c96e58038
shared_30_s2609283005,shared,30,2609283005,PATH,55,0.07943282347242814,708377,3386980,1933985,86,674233,778676,316287,4,462389,2833508,0.8368139422934397,66.90175149700372,4.923995029996149,True,passed,d70d6925ff94ba5434e05cf7d026b9f1ef460421af3bccde06853e010ba2aa5b
shared_30_s2609283005,shared,30,2609283005,PATH,56,0.07585775750291836,708377,3480899,1998393,88,674964,807454,320876,4,486578,2833508,0.8282771744424227,68.2568997819908,5.137477408046834,True,passed,bb2bd0ba0687fc522cacadffdcf9c08128572ebf491a4bc5726ad842bc49dbdf
shared_30_s2609283005,shared,30,2609283005,PATH,57,0.07244359600749903,708377,3557600,2049499,88,677730,830283,328502,4,501781,2833508,0.8229117404997621,69.67200552200666,5.195605362008791,True,passed,3dc31ba408175c033ab6672259af6318672dd46058e0226b40bcff40f63eb71b
shared_30_s2609283005,shared,30,2609283005,PATH,58,0.06918309709189366,708377,3711434,2163326,90,670603,877415,327731,4,549684,2833508,0.8060058415222403,72.46447340899613,5.382623804965988,True,passed,4d398ce8b213928ef62d690bff37acd917cf3b90bc9e69ca0e9ba1b67a3e7ff9
shared_30_s2609283005,shared,30,2609283005,PATH,59,0.06606934480075961,708377,2926632,1592432,52,699925,634223,322144,4,312079,2833508,0.8898612603175993,58.85830663604429,5.446358161978424,True,passed,54a308468db287694f71f6319d00240c70691a25fe79d3bad775ad8b41bf2897
shared_30_s2609283005,shared,30,2609283005,PATH,60,0.06309573444801933,708377,3753446,2186394,90,678135,888827,347609,4,541218,2833508,0.8089936573321833,73.47686449001776,5.530725616030395,True,passed,7aec5db2701d23214249ab5fa5773efee9d6b6b536d6a15f7012294ad529f534
shared_30_s2609283005,shared,30,2609283005,PATH,61,0.06025595860743578,708377,3713662,2153180,90,683992,876400,358500,4,517900,2833508,0.8172230323683576,72.89021312899422,5.638387426035479,True,passed,237bbed3b7df86ef07ef0a9bbc05ce9ff1867f57b4274777014e4d1b9352d7f1
shared_30_s2609283005,shared,30,2609283005,PATH,62,0.057543993733715694,708377,3879908,2280169,90,673808,925841,356184,4,569657,2833508,0.7989569819460541,75.58068485703552,5.7313999040052295,True,passed,d5647b9f3112e479f06a8fd76e6ab47f597017ea84d9be65c15e9d5c3fd755ac
shared_30_s2609283005,shared,30,2609283005,PATH,63,0.054954087385762455,708377,3305723,1867933,63,692805,744922,347021,4,397901,2833508,0.8595730098520985,64.67137211799854,5.81660662201466,True,passed,91611ac3c80e9131fba960af11cce10768805de012dd2f9f7a3d1ede191335b2
shared_30_s2609283005,shared,30,2609283005,PATH,64,0.05248074602497726,708377,4286840,2611849,98,632753,1042140,347862,4,694278,2833508,0.7549758109029514,81.385671096039,5.903304125007708,True,passed,e8ff8b5a85b9126a71b30b27e4f381b0459ecf25ab7f43cae4889cc83c204412
shared_30_s2609283005,shared,30,2609283005,PATH,65,0.05011872336272722,708377,4608136,2896874,116,577578,1133568,336711,4,796857,2833508,0.7187736897160693,85.60819106700365,5.980825166974682,True,passed,f5dc18088a06141bc33e4a3107c4392b6dd4c48f300f9cabeae3f51712b780e6
shared_30_s2609283005,shared,30,2609283005,PATH,66,0.047863009232263824,708377,4833561,3100936,129,535019,1197477,333270,4,864207,2833508,0.6950045667772952,88.36742137605324,6.149788003996946,True,passed,69ee9b4ceacb66c9f15ba5883f0e84b760f1380416a3dda1018514efcdcd586a
shared_30_s2609283005,shared,30,2609283005,PATH,67,0.04570881896148749,708377,5087279,3339984,152,477494,1269649,320491,4,949158,2833508,0.6650237091266373,90.86074716702569,6.186547542980406,True,passed,a56b46ef089075ebb8ddf38ccef0ca3161c2b7d07729bfc43ef1908ea0c16a21
shared_30_s2609283005,shared,30,2609283005,PATH,68,0.043651583224016584,708377,5325219,3568498,172,418642,1337907,300492,4,1037415,2833508,0.6338760998733726,94.4511438329937,6.270928138983436,True,passed,ade94fc460b6fe7a492a3636b9610f734f6510b02f1420d8d498d6135361c8ad
shared_30_s2609283005,shared,30,2609283005,PATH,69,0.04168693834703355,708377,5590402,3823839,188,352152,1414223,261423,4,1152800,2833508,0.5931544925936331,96.41927828302141,6.418515689962078,True,passed,e2fc8bd3d5cde805e9415ef8ce8ce98ddd5ef6324de538caa531e38af38fb409
shared_30_s2609283005,shared,30,2609283005,PATH,70,0.039810717055349734,708377,5764751,3990426,195,309756,1464374,219246,4,1245128,2833508,0.5605701483814409,98.4044611530262,6.54383202601457,True,passed,17ff9304616c93ebefd0bbfad8fb4c3001dc6aba66a12bdd71c85f57cbf92869
shared_30_s2609283005,shared,30,2609283005,PATH,71,0.038018939632056124,708377,5876160,4094470,209,286311,1495170,170461,4,1324709,2833508,0.5324844680163247,99.73309186502593,6.685839983983897,True,passed,ca6b8c12ff3c4c38c2dbe79a75218531946fc55f8d13c9d673f6c1f7c18a6b63
shared_30_s2609283005,shared,30,2609283005,PATH,72,0.03630780547701014,708377,5930020,4139000,212,282187,1508621,132674,4,1375947,2833508,0.514401582773015,100.57086455501849,6.795471494027879,True,passed,6423312417dadfd8346bac1c3ca2a1beb591d7f6674f961dd2defbf4f09d0e7e
shared_30_s2609283005,shared,30,2609283005,PATH,73,0.034673685045253165,708377,5957681,4156970,212,286807,1513692,101375,4,1412317,2833508,0.5015659034666569,101.30203958996572,6.948298848990817,True,passed,fd9238427178e321341065ed8960a84d55cc5573170b6d726c3ba91fa16e4cc5
shared_30_s2609283005,shared,30,2609283005,PATH,74,0.03311311214825911,708377,5988000,4172643,212,296140,1519005,100849,4,1418156,2833508,0.49950520697312306,101.51438375702128,7.100393065018579,True,passed,784ab5cee8af2d0dc0baa53aca72e2def970463278c4ccdb83abba9fc9d0e8cd
shared_30_s2609283005,shared,30,2609283005,PATH,75,0.03162277660168379,708377,5998844,4178589,212,299487,1520556,102671,4,1417885,2833508,0.4996008481359502,101.75037233502371,7.369422570045572,True,passed,71e3eb6ac8d3768c5560b2a6aad0e0b52baf0c9b012793e99bb8cb8ceda4de8c
shared_30_s2609283005,shared,30,2609283005,PATH,76,0.03019951720402016,708377,6016845,4188235,212,304612,1523786,105885,4,1417901,2833508,0.49959520142522984,103.28260078304447,7.531907740980387,True,passed,7f38e56481eddb0b30a7288c9914e61bc6b310829b82236b611a1086cf6ebe8a
shared_30_s2609283005,shared,30,2609283005,PATH,77,0.028840315031266057,708377,6045258,4202776,212,313693,1528577,110459,4,1418118,2833508,0.4995186179110841,102.39916989498306,7.702378736983519,True,passed,a698f6bb22f2bdece8eb04853e89210ff1aa2c8450f00fbe7e4ca26e7a500d90
shared_30_s2609283005,shared,30,2609283005,PATH,78,0.02754228703338166,708377,6069205,4215230,212,321461,1532302,114053,4,1418249,2833508,0.49947238546706063,103.84111764200497,7.904611257021315,True,passed,723c645e0c73eb4b65470ac179c93e683e2ccbc09325c6b1314afbfc34941076
shared_30_s2609283005,shared,30,2609283005,PATH,79,0.026302679918953815,708377,6107236,4235507,212,332749,1538768,120164,4,1418604,2833508,0.4993470990729513,103.93821149301948,8.142995820962824,True,passed,74f8fdd95132ef56864e3dcf2506e28aa0a1cf080565b8c4638a179e74cb4194
shared_30_s2609283005,shared,30,2609283005,PATH,80,0.025118864315095794,708377,6133359,4249723,212,340341,1543083,124413,4,1418670,2833508,0.49932380639122953,104.17461771401577,8.242068747989833,True,passed,b2a5f1734cceeb415f1d8095fa3f466face9395bced3befdfdb013a785480ad0
shared_30_s2609283005,shared,30,2609283005,PATH,81,0.023988329190194897,708377,6156397,4262319,212,346963,1546903,128270,4,1418633,2833508,0.49933686440977054,104.50939062202815,8.57841063500382,True,passed,09e637a894d3bb7996716899368ec3dc1df44103c1b8331441c25118a71c2e51
shared_30_s2609283005,shared,30,2609283005,PATH,82,0.022908676527677734,708377,6185625,4278141,212,355014,1552258,133482,4,1418776,2833508,0.4992863969327067,105.66879432002315,8.75196937500732,True,passed,92c1acee89e01c2cf6856d7bc0499a5b9a14426b0f8c842a0e50bbb78ee832a1
shared_30_s2609283005,shared,30,2609283005,PATH,83,0.02187761623949553,708377,6211895,4292546,213,361950,1557186,138282,4,1418904,2833508,0.4992412232469433,105.79648208699655,9.032110436004587,True,passed,ede5448a6fc270eb9963ec4267667fc5280857474f332c6170d6f82707e18036
shared_30_s2609283005,shared,30,2609283005,PATH,84,0.020892961308540396,708377,6242379,4308987,214,370547,1562631,143622,4,1419009,2833508,0.4992041667078406,106.01170899998397,9.169361472944729,True,passed,5fb1ce784bc9f5d65491202b2bf6c7bbc250894d326558ceaf6eb25fd273530c
shared_30_s2609283005,shared,30,2609283005,PATH,85,0.0199526231496888,708377,6250125,4312692,214,373569,1563650,144833,4,1418817,2833508,0.4992719272364856,108.09245494304923,9.320729069993831,True,passed,f1bd8bf033171252fd1f5c1d8fcbe4bf4145a4504485f3688b0f74dc8f295a4b
shared_30_s2609283005,shared,30,2609283005,PATH,86,0.019054607179632473,708377,6303024,4342091,214,386474,1574245,154546,4,1419699,2833508,0.49896065230802245,107.45176210300997,9.598981507995632,True,passed,c59a8b43ae255ccd69add6efa7c202b765acaf892abd7ea1965690bcbcc3cc6c
shared_30_s2609283005,shared,30,2609283005,PATH,87,0.018197008586099836,708377,6325511,4354004,214,392819,1578474,158776,4,1419698,2833508,0.49896100522744247,108.3024815209792,9.76050142297754,True,passed,50f661df6e564111918f46445f358101ab5a9950245e4f5f56976bb511d4767f
shared_30_s2609283005,shared,30,2609283005,PATH,88,0.017378008287493755,708377,6335572,4359212,214,396294,1579852,160539,4,1419313,2833508,0.4990968792041526,108.38580154901138,9.918362193042412,True,passed,623b3dbd315428b59a79991eaffd425a4ed6788cec4c0e4e7577b6b967226a98
shared_30_s2609283005,shared,30,2609283005,PATH,89,0.016595869074375606,708377,6356752,4370745,214,401776,1584017,164573,4,1419444,2833508,0.4990506467601291,108.50360610598,10.086301523027942,True,passed,fa8522b5bde7cb49f959ee88a2459b051d16501256146cc6a533879e33e77a59
shared_30_s2609283005,shared,30,2609283005,PATH,90,0.015848931924611134,708377,6394910,4392143,214,410101,1592452,172307,4,1420145,2833508,0.4988032502466907,109.1407769509824,10.167016517021693,True,passed,3bcf3852cf104017f8db2f8a3c26c2e396866570aa9144c84e59d81912887a82
shared_30_s2609283005,shared,30,2609283005,PATH,91,0.01513561248436208,708377,6409833,4399890,214,415107,1594622,174813,4,1419809,2833508,0.49892183117181954,114.00490652001463,10.384646473976318,True,passed,8badcf88faab7acd4a7dce46e5d03bac5e5df5bd60499815ea999c5f3fdbc5a8
shared_30_s2609283005,shared,30,2609283005,PATH,92,0.014454397707459272,708377,6485623,4444194,216,429698,1611515,190005,4,1421510,2833508,0.4983215152383548,110.99935000599362,10.54916630196385,True,passed,193955fd718b7dd8d2e02794faf2047b307b60a37b8603aec6f93b43392b8ef2
shared_30_s2609283005,shared,30,2609283005,PATH,93,0.013803842646028845,708377,6493470,4448021,216,432743,1612490,191473,4,1421017,2833508,0.49849550451242775,111.36714663397288,10.723999834968708,True,passed,fc7b94f45c5f240046f6e015659248a1acf6c5c413f5bea0ce6be36fba805945
shared_30_s2609283005,shared,30,2609283005,PATH,94,0.013182567385564075,708377,6520787,4464327,216,437890,1618354,196687,4,1421667,2833508,0.49826610688941053,111.34363173798192,10.946798169985414,True,passed,4a945ae0f39dde581d041b46c8e1606ea286302229a4f6ba1ca6e87e0ee1b6cf
shared_30_s2609283005,shared,30,2609283005,PATH,95,0.012589254117941675,708377,7072451,4712481,218,650302,1709450,286476,5,1422974,3541885,0.5982438729659489,122.88892254297389,11.08290554501582,True,passed,96c45b1ee2075a74a1efc1f736e6eebf1fa5ca151cac0059f10e219e25507c1e
shared_30_s2609283005,shared,30,2609283005,PATH,96,0.012022644346174132,708377,7098790,4727331,217,656934,1714308,291322,5,1422986,3541885,0.5982404849395166,123.54457414301578,11.182134973001666,True,passed,f30de59b10fa8146f1ead7de23c1df77041f0a56558f8829f85e6f6b057e56d7
shared_30_s2609283005,shared,30,2609283005,PATH,97,0.01148153621496883,708377,6656129,4544988,218,462497,1648426,223876,4,1424550,2833508,0.49724864020147463,113.99767805001466,11.454190680989996,True,passed,1dae063d43ab32c78006231131d91f560f052330d94b3796ef35349bfe33ab44
shared_30_s2609283005,shared,30,2609283005,PATH,98,0.01096478196143185,708377,6685607,4562403,220,468717,1654267,229578,4,1424689,2833508,0.497199584402091,114.24099176900927,11.613956713001244,True,passed,bfb066bd4f814e18db05148115928f68129851e008f626c8fe53a1570ec9b470
shared_30_s2609283005,shared,30,2609283005,PATH,99,0.010471285480508996,708377,6675809,4556882,218,466088,1652621,227656,4,1424965,2833508,0.49710217864216366,114.45508981897729,11.687850232992787,True,passed,59be355c0b7bfb081011a68455a17fefc196e770b61187b66abbe8a890f4f958
shared_30_s2609283005,shared,30,2609283005,PATH,100,0.01,708377,7211303,4792034,218,683248,1735803,312427,5,1423376,3541885,0.5981303740804684,126.19914661202347,11.969399177993182,True,passed,e5247de394bea1461679249de13f0c43eb3bcb838d00aa7cd54c39cf5cc0080a
