endpoint,model,positions,position_rule,coefficient,training_support,n_fit,modal_fully_resolved_joint_profile,joint_count,joint_count_over_original_support,resolved_rows,excluded_rows,excluded_reason_row_counts_nonexclusive,distinct_resolved_joint_profiles,modal_tie_count,tied_profiles,tiebreak,annotation_status,interpretation
NRTI/3TC,CV-min,184,P184,2.9372701980825884,789,1654,M184V,762,762/789,789,0,{},2,1,"[[""M184V""]]","largest joint count, then lexicographic tuple of source mutation strings in ascending position order",observed_training_profile,"Observed training annotation; coefficient belongs to the original position rule, not this mutation profile."
NRTI/3TC,CV-min,65,P65,0.02428683112383306,64,1654,K65R,63,63/64,64,0,{},2,1,"[[""K65R""]]","largest joint count, then lexicographic tuple of source mutation strings in ascending position order",observed_training_profile,"Observed training annotation; coefficient belongs to the original position rule, not this mutation profile."
NRTI/3TC,CV-min,219,P219,0.0059469765431484651,494,1654,K219Q,213,213/494,441,53,"{""asterisk_special_marker"": 1, ""mixed_amino_acid_token"": 48, ""unknown_X"": 4}",11,1,"[[""K219Q""]]","largest joint count, then lexicographic tuple of source mutation strings in ascending position order",observed_training_profile,"Observed training annotation; coefficient belongs to the original position rule, not this mutation profile."
NRTI/3TC,CV-min,118,P118,0.0051386772038811424,367,1654,V118I,320,320/367,322,45,"{""mixed_amino_acid_token"": 44, ""unknown_X"": 1}",2,1,"[[""V118I""]]","largest joint count, then lexicographic tuple of source mutation strings in ascending position order",observed_training_profile,"Observed training annotation; coefficient belongs to the original position rule, not this mutation profile."
NRTI/3TC,CV-min,215,P215,0.0042543470724664247,814,1654,T215Y,560,560/814,801,13,"{""unknown_X"": 13}",11,1,"[[""T215Y""]]","largest joint count, then lexicographic tuple of source mutation strings in ascending position order",observed_training_profile,"Observed training annotation; coefficient belongs to the original position rule, not this mutation profile."
NRTI/3TC,CV-min,69,P69,0.0016724342276077699,345,1654,T69D,146,146/345,276,69,"{""insertion_or_special_marker"": 24, ""mixed_amino_acid_token"": 41, ""unknown_X"": 4}",10,1,"[[""T69D""]]","largest joint count, then lexicographic tuple of source mutation strings in ascending position order",observed_training_profile,"Observed training annotation; coefficient belongs to the original position rule, not this mutation profile."
NRTI/ABC,CV-min,151,P151,1.0157679655597667,38,1557,Q151M,38,38/38,38,0,{},1,1,"[[""Q151M""]]","largest joint count, then lexicographic tuple of source mutation strings in ascending position order",observed_training_profile,"Observed training annotation; coefficient belongs to the original position rule, not this mutation profile."
NRTI/ABC,CV-min,184,P184,0.93624467695605817,770,1557,M184V,744,744/770,770,0,{},2,1,"[[""M184V""]]","largest joint count, then lexicographic tuple of source mutation strings in ascending position order",observed_training_profile,"Observed training annotation; coefficient belongs to the original position rule, not this mutation profile."
NRTI/ABC,CV-min,115,P115,0.745171578726052,37,1557,Y115F,35,35/37,35,2,"{""mixed_amino_acid_token"": 2}",1,1,"[[""Y115F""]]","largest joint count, then lexicographic tuple of source mutation strings in ascending position order",observed_training_profile,"Observed training annotation; coefficient belongs to the original position rule, not this mutation profile."
NRTI/ABC,CV-min,65,P65,0.67336399016373993,58,1557,K65R,57,57/58,58,0,{},2,1,"[[""K65R""]]","largest joint count, then lexicographic tuple of source mutation strings in ascending position order",observed_training_profile,"Observed training annotation; coefficient belongs to the original position rule, not this mutation profile."
NRTI/ABC,CV-min,69;215,P69 + P215,0.66738608084628959,224,1557,T69D + T215Y,70,70/224,180,44,"{""insertion_or_special_marker"": 11, ""mixed_amino_acid_token"": 24, ""unknown_X"": 9}",23,1,"[[""T69D"", ""T215Y""]]","largest joint count, then lexicographic tuple of source mutation strings in ascending position order",observed_training_profile,"Observed training annotation; coefficient belongs to the original position rule, not this mutation profile."
NRTI/ABC,CV-min,215,P215,0.51293740264546284,748,1557,T215Y,516,516/748,735,13,"{""unknown_X"": 13}",11,1,"[[""T215Y""]]","largest joint count, then lexicographic tuple of source mutation strings in ascending position order",observed_training_profile,"Observed training annotation; coefficient belongs to the original position rule, not this mutation profile."
NRTI/ABC,CV-min,74,P74,0.39487726398592898,199,1557,L74V,125,125/199,199,0,{},2,1,"[[""L74V""]]","largest joint count, then lexicographic tuple of source mutation strings in ascending position order",observed_training_profile,"Observed training annotation; coefficient belongs to the original position rule, not this mutation profile."
NRTI/ABC,CV-min,69;215;219,P69 + P215 + P219,-0.32638953039324925,145,1557,T69N + T215F + K219Q,29,29/145,123,22,"{""mixed_amino_acid_token"": 19, ""unknown_X"": 3}",24,1,"[[""T69N"", ""T215F"", ""K219Q""]]","largest joint count, then lexicographic tuple of source mutation strings in ascending position order",observed_training_profile,"Observed training annotation; coefficient belongs to the original position rule, not this mutation profile."
NRTI/ABC,CV-min,41;75;210;215,P41 + P75 + P210 + P215,-0.32266170435564917,71,1557,M41L + V75M + L210W + T215Y,29,29/71,70,1,"{""unknown_X"": 1}",12,1,"[[""M41L"", ""V75M"", ""L210W"", ""T215Y""]]","largest joint count, then lexicographic tuple of source mutation strings in ascending position order",observed_training_profile,"Observed training annotation; coefficient belongs to the original position rule, not this mutation profile."
NRTI/ABC,CV-min,75,P75,0.30763782321368482,130,1557,V75M,51,51/130,128,2,"{""unknown_X"": 2}",6,1,"[[""V75M""]]","largest joint count, then lexicographic tuple of source mutation strings in ascending position order",observed_training_profile,"Observed training annotation; coefficient belongs to the original position rule, not this mutation profile."
NRTI/ABC,CV-min,68;122;135,P68 + P122 + P135,0.25458158086852128,40,1557,S68G + K122E + I135T,19,19/40,29,11,"{""mixed_amino_acid_token"": 9, ""unknown_X"": 2}",7,1,"[[""S68G"", ""K122E"", ""I135T""]]","largest joint count, then lexicographic tuple of source mutation strings in ascending position order",observed_training_profile,"Observed training annotation; coefficient belongs to the original position rule, not this mutation profile."
NRTI/ABC,CV-min,69;122;215;228,P69 + P122 + P215 + P228,0.21461157425272384,83,1557,T69D + K122E + T215F + L228H,16,16/83,58,25,"{""insertion_or_special_marker"": 3, ""mixed_amino_acid_token"": 22, ""unknown_X"": 1}",19,1,"[[""T69D"", ""K122E"", ""T215F"", ""L228H""]]","largest joint count, then lexicographic tuple of source mutation strings in ascending position order",observed_training_profile,"Observed training annotation; coefficient belongs to the original position rule, not this mutation profile."
NRTI/ABC,CV-min,188;200,P188 + P200,0.21127654792053699,36,1557,Y188L + T200A,21,21/36,32,4,"{""mixed_amino_acid_token"": 4}",8,1,"[[""Y188L"", ""T200A""]]","largest joint count, then lexicographic tuple of source mutation strings in ascending position order",observed_training_profile,"Observed training annotation; coefficient belongs to the original position rule, not this mutation profile."
NRTI/ABC,CV-min,67;69;215,P67 + P69 + P215,-0.20842550632266252,182,1557,D67N + T69D + T215Y,51,51/182,149,33,"{""insertion_or_special_marker"": 4, ""mixed_amino_acid_token"": 20, ""other_non_simple_token"": 1, ""unknown_X"": 11}",26,1,"[[""D67N"", ""T69D"", ""T215Y""]]","largest joint count, then lexicographic tuple of source mutation strings in ascending position order",observed_training_profile,"Observed training annotation; coefficient belongs to the original position rule, not this mutation profile."
NRTI/ABC,CV-min,184;215,P184 + P215,-0.20093044596034729,505,1557,M184V + T215Y,368,368/505,502,3,"{""unknown_X"": 3}",12,1,"[[""M184V"", ""T215Y""]]","largest joint count, then lexicographic tuple of source mutation strings in ascending position order",observed_training_profile,"Observed training annotation; coefficient belongs to the original position rule, not this mutation profile."
NRTI/ABC,CV-min,68;162,P68 + P162,0.1799431867910351,32,1557,S68G + S162C,7,7/32,21,11,"{""mixed_amino_acid_token"": 11}",10,1,"[[""S68G"", ""S162C""]]","largest joint count, then lexicographic tuple of source mutation strings in ascending position order",observed_training_profile,"Observed training annotation; coefficient belongs to the original position rule, not this mutation profile."
NRTI/ABC,CV-min,69;135;215,P69 + P135 + P215,0.17064816112992404,117,1557,T69D + I135T + T215Y,23,23/117,90,27,"{""insertion_or_special_marker"": 4, ""mixed_amino_acid_token"": 21, ""unknown_X"": 4}",29,1,"[[""T69D"", ""I135T"", ""T215Y""]]","largest joint count, then lexicographic tuple of source mutation strings in ascending position order",observed_training_profile,"Observed training annotation; coefficient belongs to the original position rule, not this mutation profile."
NRTI/ABC,CV-min,101;135;228,P101 + P135 + P228,0.16904409255751418,31,1557,K101Q + I135V + L228H,3,3/31,22,9,"{""mixed_amino_acid_token"": 9}",16,1,"[[""K101Q"", ""I135V"", ""L228H""]]","largest joint count, then lexicographic tuple of source mutation strings in ascending position order",observed_training_profile,"Observed training annotation; coefficient belongs to the original position rule, not this mutation profile."
NRTI/ABC,CV-min,138;215,P138 + P215,0.15726537848331187,37,1557,E138Q + T215Y,8,8/37,28,9,"{""mixed_amino_acid_token"": 8, ""unknown_X"": 1}",11,1,"[[""E138Q"", ""T215Y""]]","largest joint count, then lexicographic tuple of source mutation strings in ascending position order",observed_training_profile,"Observed training annotation; coefficient belongs to the original position rule, not this mutation profile."
NRTI/ABC,CV-min,43;211;215;219,P43 + P211 + P215 + P219,0.15494605909695511,93,1557,K43E + R211K + T215Y + K219N,13,13/93,64,29,"{""mixed_amino_acid_token"": 27, ""unknown_X"": 3}",26,1,"[[""K43E"", ""R211K"", ""T215Y"", ""K219N""]]","largest joint count, then lexicographic tuple of source mutation strings in ascending position order",observed_training_profile,"Observed training annotation; coefficient belongs to the original position rule, not this mutation profile."
NRTI/ABC,CV-min,35;69;211;215,P35 + P69 + P211 + P215,-0.15234169969168723,53,1557,V35I + T69D + R211K + T215Y,7,7/53,31,22,"{""insertion_or_special_marker"": 1, ""mixed_amino_acid_token"": 22, ""unknown_X"": 3}",16,1,"[[""V35I"", ""T69D"", ""R211K"", ""T215Y""]]","largest joint count, then lexicographic tuple of source mutation strings in ascending position order",observed_training_profile,"Observed training annotation; coefficient belongs to the original position rule, not this mutation profile."
NRTI/ABC,CV-min,88,P88,0.13777418913370279,35,1557,W88C,18,18/35,26,9,"{""mixed_amino_acid_token"": 9}",3,1,"[[""W88C""]]","largest joint count, then lexicographic tuple of source mutation strings in ascending position order",observed_training_profile,"Observed training annotation; coefficient belongs to the original position rule, not this mutation profile."
NRTI/ABC,CV-min,98;103;211,P98 + P103 + P211,0.12877068070971345,51,1557,A98S + K103N + R211K,15,15/51,35,16,"{""mixed_amino_acid_token"": 15, ""unknown_X"": 1}",8,1,"[[""A98S"", ""K103N"", ""R211K""]]","largest joint count, then lexicographic tuple of source mutation strings in ascending position order",observed_training_profile,"Observed training annotation; coefficient belongs to the original position rule, not this mutation profile."
NRTI/ABC,CV-min,218;219,P218 + P219,0.12858800676310603,93,1557,D218E + K219Q,60,60/93,82,11,"{""mixed_amino_acid_token"": 11}",6,1,"[[""D218E"", ""K219Q""]]","largest joint count, then lexicographic tuple of source mutation strings in ascending position order",observed_training_profile,"Observed training annotation; coefficient belongs to the original position rule, not this mutation profile."
NRTI/ABC,CV-min,118;200;207,P118 + P200 + P207,0.12668376169218443,73,1557,V118I + T200A + Q207E,26,26/73,42,31,"{""mixed_amino_acid_token"": 30, ""unknown_X"": 2}",10,1,"[[""V118I"", ""T200A"", ""Q207E""]]","largest joint count, then lexicographic tuple of source mutation strings in ascending position order",observed_training_profile,"Observed training annotation; coefficient belongs to the original position rule, not this mutation profile."
NRTI/ABC,CV-min,35;122;177;178,P35 + P122 + P177 + P178,0.12623107251696766,43,1557,V35T + K122E + D177E + I178M,14,14/43,30,13,"{""mixed_amino_acid_token"": 13}",8,1,"[[""V35T"", ""K122E"", ""D177E"", ""I178M""]]","largest joint count, then lexicographic tuple of source mutation strings in ascending position order",observed_training_profile,"Observed training annotation; coefficient belongs to the original position rule, not this mutation profile."
NRTI/ABC,CV-min,68;177,P68 + P177,0.12497138581651814,41,1557,S68G + D177E,21,21/41,29,12,"{""mixed_amino_acid_token"": 11, ""unknown_X"": 2}",5,1,"[[""S68G"", ""D177E""]]","largest joint count, then lexicographic tuple of source mutation strings in ascending position order",observed_training_profile,"Observed training annotation; coefficient belongs to the original position rule, not this mutation profile."
NRTI/ABC,CV-min,35;135;174,P35 + P135 + P174,0.12469433899078868,50,1557,V35T + I135V + Q174K,11,11/50,36,14,"{""mixed_amino_acid_token"": 13, ""unknown_X"": 1}",17,1,"[[""V35T"", ""I135V"", ""Q174K""]]","largest joint count, then lexicographic tuple of source mutation strings in ascending position order",observed_training_profile,"Observed training annotation; coefficient belongs to the original position rule, not this mutation profile."
NRTI/ABC,CV-min,101;181,P101 + P181,-0.1211879371970371,79,1557,K101E + Y181C,29,29/79,68,11,"{""mixed_amino_acid_token"": 10, ""unknown_X"": 1}",12,1,"[[""K101E"", ""Y181C""]]","largest joint count, then lexicographic tuple of source mutation strings in ascending position order",observed_training_profile,"Observed training annotation; coefficient belongs to the original position rule, not this mutation profile."
NRTI/ABC,CV-min,35;68;122,P35 + P68 + P122,0.11951985978275524,31,1557,V35M + S68G + K122E,6,6/31,19,12,"{""mixed_amino_acid_token"": 11, ""unknown_X"": 1}",8,1,"[[""V35M"", ""S68G"", ""K122E""]]","largest joint count, then lexicographic tuple of source mutation strings in ascending position order",observed_training_profile,"Observed training annotation; coefficient belongs to the original position rule, not this mutation profile."
NRTI/ABC,CV-min,69;184,P69 + P184,-0.11896112527036444,182,1557,T69D + M184V,82,82/182,153,29,"{""insertion_or_special_marker"": 6, ""mixed_amino_acid_token"": 22, ""unknown_X"": 1}",10,1,"[[""T69D"", ""M184V""]]","largest joint count, then lexicographic tuple of source mutation strings in ascending position order",observed_training_profile,"Observed training annotation; coefficient belongs to the original position rule, not this mutation profile."
NRTI/ABC,CV-min,228,P228,0.11785919370314753,312,1557,L228H,159,159/312,247,65,"{""mixed_amino_acid_token"": 61, ""unknown_X"": 4}",8,1,"[[""L228H""]]","largest joint count, then lexicographic tuple of source mutation strings in ascending position order",observed_training_profile,"Observed training annotation; coefficient belongs to the original position rule, not this mutation profile."
NRTI/ABC,CV-min,69;135,P69 + P135,0.11608612323715221,155,1557,T69D + I135T,45,45/155,118,37,"{""insertion_or_special_marker"": 5, ""mixed_amino_acid_token"": 29, ""unknown_X"": 5}",24,1,"[[""T69D"", ""I135T""]]","largest joint count, then lexicographic tuple of source mutation strings in ascending position order",observed_training_profile,"Observed training annotation; coefficient belongs to the original position rule, not this mutation profile."
NRTI/ABC,CV-min,44;122;162;215,P44 + P122 + P162 + P215,-0.11552244213832483,48,1557,E44D + K122E + S162C + T215Y,7,7/48,28,20,"{""mixed_amino_acid_token"": 17, ""unknown_X"": 5}",16,1,"[[""E44D"", ""K122E"", ""S162C"", ""T215Y""]]","largest joint count, then lexicographic tuple of source mutation strings in ascending position order",observed_training_profile,"Observed training annotation; coefficient belongs to the original position rule, not this mutation profile."
NRTI/ABC,CV-min,41;215,P41 + P215,0.11497915650259613,578,1557,M41L + T215Y,457,457/578,573,5,"{""unknown_X"": 5}",9,1,"[[""M41L"", ""T215Y""]]","largest joint count, then lexicographic tuple of source mutation strings in ascending position order",observed_training_profile,"Observed training annotation; coefficient belongs to the original position rule, not this mutation profile."
NRTI/ABC,CV-min,35;68;215,P35 + P68 + P215,0.11129409290553369,31,1557,V35I + S68G + T215Y,4,4/31,18,13,"{""mixed_amino_acid_token"": 12, ""unknown_X"": 1}",10,1,"[[""V35I"", ""S68G"", ""T215Y""]]","largest joint count, then lexicographic tuple of source mutation strings in ascending position order",observed_training_profile,"Observed training annotation; coefficient belongs to the original position rule, not this mutation profile."
NRTI/ABC,CV-min,41;69;208;215,P41 + P69 + P208 + P215,0.11068372292713403,59,1557,M41L + T69D + H208Y + T215Y,26,26/59,43,16,"{""insertion_or_special_marker"": 2, ""mixed_amino_acid_token"": 12, ""unknown_X"": 4}",7,1,"[[""M41L"", ""T69D"", ""H208Y"", ""T215Y""]]","largest joint count, then lexicographic tuple of source mutation strings in ascending position order",observed_training_profile,"Observed training annotation; coefficient belongs to the original position rule, not this mutation profile."
NRTI/ABC,CV-min,67;69;210;215,P67 + P69 + P210 + P215,-0.10979237797486747,86,1557,D67N + T69D + L210W + T215Y,47,47/86,71,15,"{""mixed_amino_acid_token"": 11, ""unknown_X"": 6}",15,1,"[[""D67N"", ""T69D"", ""L210W"", ""T215Y""]]","largest joint count, then lexicographic tuple of source mutation strings in ascending position order",observed_training_profile,"Observed training annotation; coefficient belongs to the original position rule, not this mutation profile."
NRTI/ABC,CV-min,35;135;215,P35 + P135 + P215,0.10612611625087046,114,1557,V35I + I135T + T215Y,13,13/114,93,21,"{""mixed_amino_acid_token"": 21, ""unknown_X"": 2}",36,1,"[[""V35I"", ""I135T"", ""T215Y""]]","largest joint count, then lexicographic tuple of source mutation strings in ascending position order",observed_training_profile,"Observed training annotation; coefficient belongs to the original position rule, not this mutation profile."
NRTI/ABC,CV-min,41;202,P41 + P202,-0.10562149848366349,75,1557,M41L + I202V,53,53/75,56,19,"{""mixed_amino_acid_token"": 19}",2,1,"[[""M41L"", ""I202V""]]","largest joint count, then lexicographic tuple of source mutation strings in ascending position order",observed_training_profile,"Observed training annotation; coefficient belongs to the original position rule, not this mutation profile."
NRTI/ABC,CV-min,118,P118,0.1018234541136665,344,1557,V118I,295,295/344,296,48,"{""mixed_amino_acid_token"": 47, ""unknown_X"": 1}",2,1,"[[""V118I""]]","largest joint count, then lexicographic tuple of source mutation strings in ascending position order",observed_training_profile,"Observed training annotation; coefficient belongs to the original position rule, not this mutation profile."
NRTI/ABC,CV-min,74;103;215,P74 + P103 + P215,-0.098077509594346093,91,1557,L74V + K103N + T215Y,42,42/91,84,7,"{""mixed_amino_acid_token"": 6, ""unknown_X"": 1}",11,1,"[[""L74V"", ""K103N"", ""T215Y""]]","largest joint count, then lexicographic tuple of source mutation strings in ascending position order",observed_training_profile,"Observed training annotation; coefficient belongs to the original position rule, not this mutation profile."
NRTI/ABC,CV-min,210,P210,0.09660884315723077,426,1557,L210W,409,409/426,424,2,"{""unknown_X"": 2}",4,1,"[[""L210W""]]","largest joint count, then lexicographic tuple of source mutation strings in ascending position order",observed_training_profile,"Observed training annotation; coefficient belongs to the original position rule, not this mutation profile."
NRTI/ABC,CV-min,39;122;123,P39 + P122 + P123,0.09627252699640941,66,1557,T39A + K122E + D123N,9,9/66,31,35,"{""mixed_amino_acid_token"": 35}",12,1,"[[""T39A"", ""K122E"", ""D123N""]]","largest joint count, then lexicographic tuple of source mutation strings in ascending position order",observed_training_profile,"Observed training annotation; coefficient belongs to the original position rule, not this mutation profile."
NRTI/ABC,CV-min,39;69;122;215,P39 + P69 + P122 + P215,-0.095925637718343795,58,1557,T39A + T69D + K122E + T215Y,13,13/58,33,25,"{""mixed_amino_acid_token"": 20, ""unknown_X"": 5}",16,1,"[[""T39A"", ""T69D"", ""K122E"", ""T215Y""]]","largest joint count, then lexicographic tuple of source mutation strings in ascending position order",observed_training_profile,"Observed training annotation; coefficient belongs to the original position rule, not this mutation profile."
NRTI/ABC,CV-min,123;211;215;228,P123 + P211 + P215 + P228,-0.09578828737092647,65,1557,D123E + R211K + T215Y + L228H,10,10/65,32,33,"{""mixed_amino_acid_token"": 32, ""unknown_X"": 2}",13,1,"[[""D123E"", ""R211K"", ""T215Y"", ""L228H""]]","largest joint count, then lexicographic tuple of source mutation strings in ascending position order",observed_training_profile,"Observed training annotation; coefficient belongs to the original position rule, not this mutation profile."
NRTI/ABC,CV-min,67;210;219,P67 + P210 + P219,0.095607365160030752,151,1557,D67N + L210W + K219N,38,38/151,115,36,"{""mixed_amino_acid_token"": 35, ""unknown_X"": 1}",14,1,"[[""D67N"", ""L210W"", ""K219N""]]","largest joint count, then lexicographic tuple of source mutation strings in ascending position order",observed_training_profile,"Observed training annotation; coefficient belongs to the original position rule, not this mutation profile."
NRTI/ABC,CV-min,122;135;207,P122 + P135 + P207,-0.090491546383031835,106,1557,K122E + I135T + Q207E,26,26/106,66,40,"{""mixed_amino_acid_token"": 39, ""unknown_X"": 2}",15,1,"[[""K122E"", ""I135T"", ""Q207E""]]","largest joint count, then lexicographic tuple of source mutation strings in ascending position order",observed_training_profile,"Observed training annotation; coefficient belongs to the original position rule, not this mutation profile."
NRTI/ABC,CV-min,118;211;219,P118 + P211 + P219,0.089370676591971052,126,1557,V118I + R211K + K219N,29,29/126,85,41,"{""mixed_amino_acid_token"": 40, ""unknown_X"": 1}",11,1,"[[""V118I"", ""R211K"", ""K219N""]]","largest joint count, then lexicographic tuple of source mutation strings in ascending position order",observed_training_profile,"Observed training annotation; coefficient belongs to the original position rule, not this mutation profile."
NRTI/ABC,CV-min,74;179;215,P74 + P179 + P215,-0.089167911350206214,44,1557,L74I + V179I + T215Y,10,10/44,27,17,"{""mixed_amino_acid_token"": 16, ""unknown_X"": 1}",11,1,"[[""L74I"", ""V179I"", ""T215Y""]]","largest joint count, then lexicographic tuple of source mutation strings in ascending position order",observed_training_profile,"Observed training annotation; coefficient belongs to the original position rule, not this mutation profile."
NRTI/ABC,CV-min,83,P83,-0.088087321291151766,204,1557,R83K,173,173/204,173,31,"{""mixed_amino_acid_token"": 31}",1,1,"[[""R83K""]]","largest joint count, then lexicographic tuple of source mutation strings in ascending position order",observed_training_profile,"Observed training annotation; coefficient belongs to the original position rule, not this mutation profile."
NRTI/ABC,CV-min,69;135;184;215,P69 + P135 + P184 + P215,-0.087877654559366761,78,1557,T69D + I135T + M184V + T215Y,19,19/78,62,16,"{""insertion_or_special_marker"": 1, ""mixed_amino_acid_token"": 15, ""unknown_X"": 1}",19,1,"[[""T69D"", ""I135T"", ""M184V"", ""T215Y""]]","largest joint count, then lexicographic tuple of source mutation strings in ascending position order",observed_training_profile,"Observed training annotation; coefficient belongs to the original position rule, not this mutation profile."
NRTI/ABC,CV-min,177;178;215,P177 + P178 + P215,0.08692785439778708,62,1557,D177E + I178L + T215Y,18,18/62,46,16,"{""mixed_amino_acid_token"": 16}",13,1,"[[""D177E"", ""I178L"", ""T215Y""]]","largest joint count, then lexicographic tuple of source mutation strings in ascending position order",observed_training_profile,"Observed training annotation; coefficient belongs to the original position rule, not this mutation profile."
NRTI/ABC,CV-min,135;174;215,P135 + P174 + P215,0.086534082267006915,40,1557,I135T + Q174R + T215Y,5,5/40,27,13,"{""mixed_amino_acid_token"": 13}",18,1,"[[""I135T"", ""Q174R"", ""T215Y""]]","largest joint count, then lexicographic tuple of source mutation strings in ascending position order",observed_training_profile,"Observed training annotation; coefficient belongs to the original position rule, not this mutation profile."
NRTI/ABC,CV-min,122;135;162;215,P122 + P135 + P162 + P215,0.084193833707656901,68,1557,K122E + I135T + S162C + T215Y,7,7/68,42,26,"{""mixed_amino_acid_token"": 21, ""unknown_X"": 5}",20,1,"[[""K122E"", ""I135T"", ""S162C"", ""T215Y""]]","largest joint count, then lexicographic tuple of source mutation strings in ascending position order",observed_training_profile,"Observed training annotation; coefficient belongs to the original position rule, not this mutation profile."
NRTI/ABC,CV-min,181,P181,-0.080398995302133874,250,1557,Y181C,201,201/250,222,28,"{""mixed_amino_acid_token"": 28}",5,1,"[[""Y181C""]]","largest joint count, then lexicographic tuple of source mutation strings in ascending position order",observed_training_profile,"Observed training annotation; coefficient belongs to the original position rule, not this mutation profile."
NRTI/ABC,CV-min,69,P69,0.079838528425762625,311,1557,T69D,130,130/311,255,56,"{""insertion_or_special_marker"": 14, ""mixed_amino_acid_token"": 37, ""unknown_X"": 5}",9,1,"[[""T69D""]]","largest joint count, then lexicographic tuple of source mutation strings in ascending position order",observed_training_profile,"Observed training annotation; coefficient belongs to the original position rule, not this mutation profile."
NRTI/ABC,CV-min,173,P173,-0.078800786964603547,131,1557,K173T,26,26/131,97,34,"{""mixed_amino_acid_token"": 28, ""unknown_X"": 6}",9,1,"[[""K173T""]]","largest joint count, then lexicographic tuple of source mutation strings in ascending position order",observed_training_profile,"Observed training annotation; coefficient belongs to the original position rule, not this mutation profile."
NRTI/ABC,CV-min,41;74;211;215,P41 + P74 + P211 + P215,-0.078641085226350979,116,1557,M41L + L74V + R211K + T215Y,51,51/116,102,14,"{""mixed_amino_acid_token"": 12, ""unknown_X"": 2}",13,1,"[[""M41L"", ""L74V"", ""R211K"", ""T215Y""]]","largest joint count, then lexicographic tuple of source mutation strings in ascending position order",observed_training_profile,"Observed training annotation; coefficient belongs to the original position rule, not this mutation profile."
NRTI/ABC,CV-min,135;215,P135 + P215,0.077775535173200808,336,1557,I135T + T215Y,129,129/336,299,37,"{""mixed_amino_acid_token"": 32, ""unknown_X"": 7}",25,1,"[[""I135T"", ""T215Y""]]","largest joint count, then lexicographic tuple of source mutation strings in ascending position order",observed_training_profile,"Observed training annotation; coefficient belongs to the original position rule, not this mutation profile."
NRTI/ABC,CV-min,90;123,P90 + P123,-0.077725629862278406,41,1557,V90I + D123E,12,12/41,21,20,"{""mixed_amino_acid_token"": 19, ""unknown_X"": 1}",5,1,"[[""V90I"", ""D123E""]]","largest joint count, then lexicographic tuple of source mutation strings in ascending position order",observed_training_profile,"Observed training annotation; coefficient belongs to the original position rule, not this mutation profile."
NRTI/ABC,CV-min,135;208,P135 + P208,0.077324156870104674,75,1557,I135T + H208Y,36,36/75,54,21,"{""mixed_amino_acid_token"": 20, ""unknown_X"": 1}",8,1,"[[""I135T"", ""H208Y""]]","largest joint count, then lexicographic tuple of source mutation strings in ascending position order",observed_training_profile,"Observed training annotation; coefficient belongs to the original position rule, not this mutation profile."
NRTI/ABC,CV-min,6,P6,-0.075408736660173475,120,1557,E6D,53,53/120,81,39,"{""mixed_amino_acid_token"": 37, ""unknown_X"": 2}",4,1,"[[""E6D""]]","largest joint count, then lexicographic tuple of source mutation strings in ascending position order",observed_training_profile,"Observed training annotation; coefficient belongs to the original position rule, not this mutation profile."
NRTI/ABC,CV-min,35;162;215,P35 + P162 + P215,0.075392770392165562,67,1557,V35I + S162C + T215Y,7,7/67,45,22,"{""mixed_amino_acid_token"": 17, ""unknown_X"": 7}",28,1,"[[""V35I"", ""S162C"", ""T215Y""]]","largest joint count, then lexicographic tuple of source mutation strings in ascending position order",observed_training_profile,"Observed training annotation; coefficient belongs to the original position rule, not this mutation profile."
NRTI/ABC,CV-min,69;177;228,P69 + P177 + P228,0.074144072615053264,32,1557,T69D + D177E + L228H,7,7/32,23,9,"{""insertion_or_special_marker"": 2, ""mixed_amino_acid_token"": 6, ""unknown_X"": 1}",11,1,"[[""T69D"", ""D177E"", ""L228H""]]","largest joint count, then lexicographic tuple of source mutation strings in ascending position order",observed_training_profile,"Observed training annotation; coefficient belongs to the original position rule, not this mutation profile."
NRTI/ABC,CV-min,41;67;135;179,P41 + P67 + P135 + P179,0.073603007918178059,41,1557,M41L + D67N + I135T + V179I,6,6/41,20,21,"{""mixed_amino_acid_token"": 20, ""unknown_X"": 3}",10,1,"[[""M41L"", ""D67N"", ""I135T"", ""V179I""]]","largest joint count, then lexicographic tuple of source mutation strings in ascending position order",observed_training_profile,"Observed training annotation; coefficient belongs to the original position rule, not this mutation profile."
NRTI/ABC,CV-min,41;67;69,P41 + P67 + P69,-0.072827520139054094,130,1557,M41L + D67N + T69D,74,74/130,108,22,"{""insertion_or_special_marker"": 1, ""mixed_amino_acid_token"": 16, ""unknown_X"": 7}",11,1,"[[""M41L"", ""D67N"", ""T69D""]]","largest joint count, then lexicographic tuple of source mutation strings in ascending position order",observed_training_profile,"Observed training annotation; coefficient belongs to the original position rule, not this mutation profile."
NRTI/ABC,CV-min,67;184;215,P67 + P184 + P215,-0.07137645436965076,305,1557,D67N + M184V + T215Y,162,162/305,275,30,"{""mixed_amino_acid_token"": 23, ""unknown_X"": 7}",19,1,"[[""D67N"", ""M184V"", ""T215Y""]]","largest joint count, then lexicographic tuple of source mutation strings in ascending position order",observed_training_profile,"Observed training annotation; coefficient belongs to the original position rule, not this mutation profile."
NRTI/ABC,CV-min,43;211;215,P43 + P211 + P215,0.069677882813705225,195,1557,K43E + R211K + T215Y,66,66/195,150,45,"{""mixed_amino_acid_token"": 42, ""unknown_X"": 4}",19,1,"[[""K43E"", ""R211K"", ""T215Y""]]","largest joint count, then lexicographic tuple of source mutation strings in ascending position order",observed_training_profile,"Observed training annotation; coefficient belongs to the original position rule, not this mutation profile."
NRTI/ABC,CV-min,103;122;135;211,P103 + P122 + P135 + P211,-0.068936854413946688,73,1557,K103N + K122E + I135T + R211K,18,18/73,42,31,"{""mixed_amino_acid_token"": 30, ""unknown_X"": 2}",12,1,"[[""K103N"", ""K122E"", ""I135T"", ""R211K""]]","largest joint count, then lexicographic tuple of source mutation strings in ascending position order",observed_training_profile,"Observed training annotation; coefficient belongs to the original position rule, not this mutation profile."
NRTI/ABC,CV-min,67,P67,0.06850913288266898,561,1557,D67N,463,463/561,518,43,"{""mixed_amino_acid_token"": 37, ""other_non_simple_token"": 1, ""unknown_X"": 5}",6,1,"[[""D67N""]]","largest joint count, then lexicographic tuple of source mutation strings in ascending position order",observed_training_profile,"Observed training annotation; coefficient belongs to the original position rule, not this mutation profile."
NRTI/ABC,CV-min,69;118;184;215,P69 + P118 + P184 + P215,-0.067476077058312739,76,1557,T69D + V118I + M184V + T215Y,36,36/76,58,18,"{""insertion_or_special_marker"": 1, ""mixed_amino_acid_token"": 16, ""unknown_X"": 1}",9,1,"[[""T69D"", ""V118I"", ""M184V"", ""T215Y""]]","largest joint count, then lexicographic tuple of source mutation strings in ascending position order",observed_training_profile,"Observed training annotation; coefficient belongs to the original position rule, not this mutation profile."
NRTI/ABC,CV-min,39;135;228,P39 + P135 + P228,-0.066436237853043367,48,1557,T39A + I135T + L228H,9,9/48,29,19,"{""mixed_amino_acid_token"": 19, ""unknown_X"": 1}",13,1,"[[""T39A"", ""I135T"", ""L228H""]]","largest joint count, then lexicographic tuple of source mutation strings in ascending position order",observed_training_profile,"Observed training annotation; coefficient belongs to the original position rule, not this mutation profile."
NRTI/ABC,CV-min,67;178;210;215,P67 + P178 + P210 + P215,0.065731681417145499,49,1557,D67N + I178L + L210W + T215Y,19,19/49,37,12,"{""mixed_amino_acid_token"": 12}",10,1,"[[""D67N"", ""I178L"", ""L210W"", ""T215Y""]]","largest joint count, then lexicographic tuple of source mutation strings in ascending position order",observed_training_profile,"Observed training annotation; coefficient belongs to the original position rule, not this mutation profile."
NRTI/ABC,CV-min,135;177;211,P135 + P177 + P211,-0.064136819035495465,111,1557,I135T + D177E + R211K,19,19/111,72,39,"{""mixed_amino_acid_token"": 37, ""unknown_X"": 4}",19,2,"[[""I135T"", ""D177E"", ""R211K""], [""I135V"", ""D177E"", ""R211K""]]","largest joint count, then lexicographic tuple of source mutation strings in ascending position order",observed_training_profile,"Observed training annotation; coefficient belongs to the original position rule, not this mutation profile."
NRTI/ABC,CV-min,41;208,P41 + P208,0.063481641432328331,163,1557,M41L + H208Y,126,126/163,135,28,"{""mixed_amino_acid_token"": 27, ""unknown_X"": 1}",3,1,"[[""M41L"", ""H208Y""]]","largest joint count, then lexicographic tuple of source mutation strings in ascending position order",observed_training_profile,"Observed training annotation; coefficient belongs to the original position rule, not this mutation profile."
NRTI/ABC,CV-min,60;69;118,P60 + P69 + P118,-0.06006208979175634,40,1557,V60I + T69D + V118I,27,27/40,29,11,"{""mixed_amino_acid_token"": 11, ""unknown_X"": 1}",2,1,"[[""V60I"", ""T69D"", ""V118I""]]","largest joint count, then lexicographic tuple of source mutation strings in ascending position order",observed_training_profile,"Observed training annotation; coefficient belongs to the original position rule, not this mutation profile."
NRTI/ABC,CV-min,41;122;228,P41 + P122 + P228,-0.059876242530080961,144,1557,M41L + K122E + L228H,68,68/144,109,35,"{""mixed_amino_acid_token"": 35}",8,1,"[[""M41L"", ""K122E"", ""L228H""]]","largest joint count, then lexicographic tuple of source mutation strings in ascending position order",observed_training_profile,"Observed training annotation; coefficient belongs to the original position rule, not this mutation profile."
NRTI/ABC,CV-min,210;215,P210 + P215,0.059081866290413045,417,1557,L210W + T215Y,368,368/417,412,5,"{""unknown_X"": 5}",12,1,"[[""L210W"", ""T215Y""]]","largest joint count, then lexicographic tuple of source mutation strings in ascending position order",observed_training_profile,"Observed training annotation; coefficient belongs to the original position rule, not this mutation profile."
NRTI/ABC,CV-min,70;203,P70 + P203,0.058761349479466971,41,1557,K70R + E203K,17,17/41,31,10,"{""mixed_amino_acid_token"": 9, ""unknown_X"": 1}",7,1,"[[""K70R"", ""E203K""]]","largest joint count, then lexicographic tuple of source mutation strings in ascending position order",observed_training_profile,"Observed training annotation; coefficient belongs to the original position rule, not this mutation profile."
NRTI/ABC,CV-min,43;228,P43 + P228,-0.058510852139295549,104,1557,K43E + L228H,28,28/104,76,28,"{""mixed_amino_acid_token"": 27, ""unknown_X"": 1}",12,1,"[[""K43E"", ""L228H""]]","largest joint count, then lexicographic tuple of source mutation strings in ascending position order",observed_training_profile,"Observed training annotation; coefficient belongs to the original position rule, not this mutation profile."
NRTI/ABC,CV-min,35;122;200,P35 + P122 + P200,-0.05794630636384835,153,1557,V35I + K122E + T200A,29,29/153,99,54,"{""mixed_amino_acid_token"": 53, ""unknown_X"": 1}",24,1,"[[""V35I"", ""K122E"", ""T200A""]]","largest joint count, then lexicographic tuple of source mutation strings in ascending position order",observed_training_profile,"Observed training annotation; coefficient belongs to the original position rule, not this mutation profile."
NRTI/ABC,CV-min,67;69;103;215,P67 + P69 + P103 + P215,-0.055332320789946113,63,1557,D67N + T69D + K103N + T215Y,12,12/63,48,15,"{""mixed_amino_acid_token"": 11, ""other_non_simple_token"": 1, ""unknown_X"": 3}",20,1,"[[""D67N"", ""T69D"", ""K103N"", ""T215Y""]]","largest joint count, then lexicographic tuple of source mutation strings in ascending position order",observed_training_profile,"Observed training annotation; coefficient belongs to the original position rule, not this mutation profile."
NRTI/ABC,CV-min,69;200;211,P69 + P200 + P211,-0.054737126519901404,66,1557,T69D + T200A + R211K,19,19/66,39,27,"{""insertion_or_special_marker"": 1, ""mixed_amino_acid_token"": 24, ""unknown_X"": 3}",16,1,"[[""T69D"", ""T200A"", ""R211K""]]","largest joint count, then lexicographic tuple of source mutation strings in ascending position order",observed_training_profile,"Observed training annotation; coefficient belongs to the original position rule, not this mutation profile."
NRTI/ABC,CV-min,179;184;215,P179 + P184 + P215,-0.054339474407639927,134,1557,V179I + M184V + T215Y,49,49/134,92,42,"{""mixed_amino_acid_token"": 40, ""unknown_X"": 2}",19,1,"[[""V179I"", ""M184V"", ""T215Y""]]","largest joint count, then lexicographic tuple of source mutation strings in ascending position order",observed_training_profile,"Observed training annotation; coefficient belongs to the original position rule, not this mutation profile."
NRTI/ABC,CV-min,102;184,P102 + P184,0.053620881108026777,68,1557,K102Q + M184V,32,32/68,49,19,"{""mixed_amino_acid_token"": 18, ""other_non_simple_token"": 1}",7,1,"[[""K102Q"", ""M184V""]]","largest joint count, then lexicographic tuple of source mutation strings in ascending position order",observed_training_profile,"Observed training annotation; coefficient belongs to the original position rule, not this mutation profile."
NRTI/ABC,CV-min,41;68;184,P41 + P68 + P184,-0.052606440908368017,52,1557,M41L + S68G + M184V,38,38/52,42,10,"{""mixed_amino_acid_token"": 10}",4,1,"[[""M41L"", ""S68G"", ""M184V""]]","largest joint count, then lexicographic tuple of source mutation strings in ascending position order",observed_training_profile,"Observed training annotation; coefficient belongs to the original position rule, not this mutation profile."
NRTI/ABC,CV-min,41;118;135;215,P41 + P118 + P135 + P215,-0.051558482270608531,139,1557,M41L + V118I + I135T + T215Y,63,63/139,115,24,"{""mixed_amino_acid_token"": 23, ""unknown_X"": 2}",11,1,"[[""M41L"", ""V118I"", ""I135T"", ""T215Y""]]","largest joint count, then lexicographic tuple of source mutation strings in ascending position order",observed_training_profile,"Observed training annotation; coefficient belongs to the original position rule, not this mutation profile."
NRTI/ABC,CV-min,74;122;208;215,P74 + P122 + P208 + P215,-0.05016637896932246,46,1557,L74I + K122E + H208Y + T215Y,12,12/46,36,10,"{""mixed_amino_acid_token"": 9, ""unknown_X"": 1}",9,2,"[[""L74I"", ""K122E"", ""H208Y"", ""T215Y""], [""L74V"", ""K122E"", ""H208Y"", ""T215Y""]]","largest joint count, then lexicographic tuple of source mutation strings in ascending position order",observed_training_profile,"Observed training annotation; coefficient belongs to the original position rule, not this mutation profile."
NRTI/ABC,CV-min,41;69;215;228,P41 + P69 + P215 + P228,-0.049761722272916642,90,1557,M41L + T69D + T215F + L228H,18,18/90,66,24,"{""insertion_or_special_marker"": 1, ""mixed_amino_acid_token"": 21, ""unknown_X"": 4}",18,1,"[[""M41L"", ""T69D"", ""T215F"", ""L228H""]]","largest joint count, then lexicographic tuple of source mutation strings in ascending position order",observed_training_profile,"Observed training annotation; coefficient belongs to the original position rule, not this mutation profile."
NRTI/ABC,CV-min,35;101;190,P35 + P101 + P190,-0.049734012923494143,37,1557,V35I + K101H + G190A,4,4/37,30,7,"{""mixed_amino_acid_token"": 7}",18,1,"[[""V35I"", ""K101H"", ""G190A""]]","largest joint count, then lexicographic tuple of source mutation strings in ascending position order",observed_training_profile,"Observed training annotation; coefficient belongs to the original position rule, not this mutation profile."
NRTI/ABC,CV-min,41;60;67;179,P41 + P60 + P67 + P179,0.048575171896882534,31,1557,M41L + V60I + D67N + V179I,13,13/31,18,13,"{""mixed_amino_acid_token"": 13, ""unknown_X"": 1}",4,1,"[[""M41L"", ""V60I"", ""D67N"", ""V179I""]]","largest joint count, then lexicographic tuple of source mutation strings in ascending position order",observed_training_profile,"Observed training annotation; coefficient belongs to the original position rule, not this mutation profile."
NRTI/ABC,CV-min,64;67,P64 + P67,0.046189974878034203,66,1557,K64H + D67N,15,15/66,44,22,"{""mixed_amino_acid_token"": 22}",9,1,"[[""K64H"", ""D67N""]]","largest joint count, then lexicographic tuple of source mutation strings in ascending position order",observed_training_profile,"Observed training annotation; coefficient belongs to the original position rule, not this mutation profile."
NRTI/ABC,CV-min,41;67;184,P41 + P67 + P184,-0.045060070408873915,245,1557,M41L + D67N + M184V,198,198/245,221,24,"{""mixed_amino_acid_token"": 19, ""unknown_X"": 5}",6,1,"[[""M41L"", ""D67N"", ""M184V""]]","largest joint count, then lexicographic tuple of source mutation strings in ascending position order",observed_training_profile,"Observed training annotation; coefficient belongs to the original position rule, not this mutation profile."
NRTI/ABC,CV-min,67;75;135,P67 + P75 + P135,0.044368903052544477,31,1557,D67N + V75M + I135T,12,12/31,28,3,"{""mixed_amino_acid_token"": 2, ""unknown_X"": 1}",10,1,"[[""D67N"", ""V75M"", ""I135T""]]","largest joint count, then lexicographic tuple of source mutation strings in ascending position order",observed_training_profile,"Observed training annotation; coefficient belongs to the original position rule, not this mutation profile."
NRTI/ABC,CV-min,70;181;184,P70 + P181 + P184,0.044207200196479959,35,1557,K70R + Y181C + M184V,23,23/35,33,2,"{""mixed_amino_acid_token"": 2}",6,1,"[[""K70R"", ""Y181C"", ""M184V""]]","largest joint count, then lexicographic tuple of source mutation strings in ascending position order",observed_training_profile,"Observed training annotation; coefficient belongs to the original position rule, not this mutation profile."
NRTI/ABC,CV-min,75;162,P75 + P162,0.043896673328359927,42,1557,V75M + S162D,4,4/42,28,14,"{""mixed_amino_acid_token"": 8, ""unknown_X"": 7}",17,1,"[[""V75M"", ""S162D""]]","largest joint count, then lexicographic tuple of source mutation strings in ascending position order",observed_training_profile,"Observed training annotation; coefficient belongs to the original position rule, not this mutation profile."
NRTI/ABC,CV-min,123;178,P123 + P178,-0.043291537998808874,118,1557,D123E + I178L,27,27/118,67,51,"{""mixed_amino_acid_token"": 50, ""unknown_X"": 4}",8,1,"[[""D123E"", ""I178L""]]","largest joint count, then lexicographic tuple of source mutation strings in ascending position order",observed_training_profile,"Observed training annotation; coefficient belongs to the original position rule, not this mutation profile."
NRTI/ABC,CV-min,68;211,P68 + P211,-0.043201587332071578,96,1557,S68G + R211K,53,53/96,64,32,"{""mixed_amino_acid_token"": 30, ""unknown_X"": 3}",9,1,"[[""S68G"", ""R211K""]]","largest joint count, then lexicographic tuple of source mutation strings in ascending position order",observed_training_profile,"Observed training annotation; coefficient belongs to the original position rule, not this mutation profile."
NRTI/ABC,CV-min,202,P202,-0.042901517592237329,174,1557,I202V,129,129/174,136,38,"{""mixed_amino_acid_token"": 38}",2,1,"[[""I202V""]]","largest joint count, then lexicographic tuple of source mutation strings in ascending position order",observed_training_profile,"Observed training annotation; coefficient belongs to the original position rule, not this mutation profile."
NRTI/ABC,CV-min,135;162;184,P135 + P162 + P184,-0.042749225849051532,88,1557,I135T + S162C + M184V,13,13/88,63,25,"{""mixed_amino_acid_token"": 18, ""unknown_X"": 7}",15,1,"[[""I135T"", ""S162C"", ""M184V""]]","largest joint count, then lexicographic tuple of source mutation strings in ascending position order",observed_training_profile,"Observed training annotation; coefficient belongs to the original position rule, not this mutation profile."
NRTI/ABC,CV-min,39;67;211;219,P39 + P67 + P211 + P219,0.041065874822127348,76,1557,T39A + D67N + R211K + K219Q,12,12/76,49,27,"{""mixed_amino_acid_token"": 24, ""unknown_X"": 3}",22,1,"[[""T39A"", ""D67N"", ""R211K"", ""K219Q""]]","largest joint count, then lexicographic tuple of source mutation strings in ascending position order",observed_training_profile,"Observed training annotation; coefficient belongs to the original position rule, not this mutation profile."
NRTI/ABC,CV-min,70;123;184;200,P70 + P123 + P184 + P200,0.039273822232433184,43,1557,K70R + D123E + M184V + T200A,14,14/43,32,11,"{""mixed_amino_acid_token"": 10, ""unknown_X"": 1}",10,1,"[[""K70R"", ""D123E"", ""M184V"", ""T200A""]]","largest joint count, then lexicographic tuple of source mutation strings in ascending position order",observed_training_profile,"Observed training annotation; coefficient belongs to the original position rule, not this mutation profile."
NRTI/ABC,CV-min,69;181,P69 + P181,-0.038597973336847106,80,1557,T69D + Y181C,33,33/80,67,13,"{""insertion_or_special_marker"": 2, ""mixed_amino_acid_token"": 9, ""unknown_X"": 2}",9,1,"[[""T69D"", ""Y181C""]]","largest joint count, then lexicographic tuple of source mutation strings in ascending position order",observed_training_profile,"Observed training annotation; coefficient belongs to the original position rule, not this mutation profile."
NRTI/ABC,CV-min,67;162;184;215,P67 + P162 + P184 + P215,-0.038299990157168465,83,1557,D67N + S162C + M184V + T215Y,11,11/83,55,28,"{""mixed_amino_acid_token"": 19, ""unknown_X"": 10}",18,1,"[[""D67N"", ""S162C"", ""M184V"", ""T215Y""]]","largest joint count, then lexicographic tuple of source mutation strings in ascending position order",observed_training_profile,"Observed training annotation; coefficient belongs to the original position rule, not this mutation profile."
NRTI/ABC,CV-min,200;215;219,P200 + P215 + P219,-0.038268421451878698,148,1557,T200A + T215F + K219Q,20,20/148,99,49,"{""mixed_amino_acid_token"": 44, ""unknown_X"": 6}",31,1,"[[""T200A"", ""T215F"", ""K219Q""]]","largest joint count, then lexicographic tuple of source mutation strings in ascending position order",observed_training_profile,"Observed training annotation; coefficient belongs to the original position rule, not this mutation profile."
NRTI/ABC,CV-min,67;70;184;219,P67 + P70 + P184 + P219,0.038167505558020315,162,1557,D67N + K70R + M184V + K219Q,81,81/162,153,9,"{""mixed_amino_acid_token"": 6, ""unknown_X"": 3}",10,1,"[[""D67N"", ""K70R"", ""M184V"", ""K219Q""]]","largest joint count, then lexicographic tuple of source mutation strings in ascending position order",observed_training_profile,"Observed training annotation; coefficient belongs to the original position rule, not this mutation profile."
NRTI/ABC,CV-min,122;179;211;215,P122 + P179 + P211 + P215,-0.037767337857027759,86,1557,K122E + V179I + R211K + T215Y,22,22/86,46,40,"{""mixed_amino_acid_token"": 39, ""unknown_X"": 1}",17,1,"[[""K122E"", ""V179I"", ""R211K"", ""T215Y""]]","largest joint count, then lexicographic tuple of source mutation strings in ascending position order",observed_training_profile,"Observed training annotation; coefficient belongs to the original position rule, not this mutation profile."
NRTI/ABC,CV-min,98;103;210;215,P98 + P103 + P210 + P215,0.036532061026512332,41,1557,A98G + K103N + L210W + T215Y,17,17/41,33,8,"{""mixed_amino_acid_token"": 8}",6,1,"[[""A98G"", ""K103N"", ""L210W"", ""T215Y""]]","largest joint count, then lexicographic tuple of source mutation strings in ascending position order",observed_training_profile,"Observed training annotation; coefficient belongs to the original position rule, not this mutation profile."
NRTI/ABC,CV-min,43;196;211,P43 + P196 + P211,0.036373166502992937,71,1557,K43E + G196E + R211K,21,21/71,51,20,"{""mixed_amino_acid_token"": 17, ""unknown_X"": 4}",11,1,"[[""K43E"", ""G196E"", ""R211K""]]","largest joint count, then lexicographic tuple of source mutation strings in ascending position order",observed_training_profile,"Observed training annotation; coefficient belongs to the original position rule, not this mutation profile."
NRTI/ABC,CV-min,123;135;211,P123 + P135 + P211,-0.035783818122425065,129,1557,D123E + I135T + R211K,26,26/129,70,59,"{""mixed_amino_acid_token"": 58, ""unknown_X"": 1}",22,1,"[[""D123E"", ""I135T"", ""R211K""]]","largest joint count, then lexicographic tuple of source mutation strings in ascending position order",observed_training_profile,"Observed training annotation; coefficient belongs to the original position rule, not this mutation profile."
NRTI/ABC,CV-min,122;123;196,P122 + P123 + P196,0.034531727836311449,65,1557,K122E + D123E + G196E,19,19/65,39,26,"{""mixed_amino_acid_token"": 26, ""unknown_X"": 1}",7,1,"[[""K122E"", ""D123E"", ""G196E""]]","largest joint count, then lexicographic tuple of source mutation strings in ascending position order",observed_training_profile,"Observed training annotation; coefficient belongs to the original position rule, not this mutation profile."
NRTI/ABC,CV-min,41;68;184;211,P41 + P68 + P184 + P211,-0.034245100422974455,41,1557,M41L + S68G + M184V + R211K,24,24/41,29,12,"{""mixed_amino_acid_token"": 12}",6,1,"[[""M41L"", ""S68G"", ""M184V"", ""R211K""]]","largest joint count, then lexicographic tuple of source mutation strings in ascending position order",observed_training_profile,"Observed training annotation; coefficient belongs to the original position rule, not this mutation profile."
NRTI/ABC,CV-min,39;41;67;215,P39 + P41 + P67 + P215,0.034024972758464243,145,1557,T39A + M41L + D67N + T215Y,64,64/145,109,36,"{""mixed_amino_acid_token"": 30, ""unknown_X"": 7}",17,1,"[[""T39A"", ""M41L"", ""D67N"", ""T215Y""]]","largest joint count, then lexicographic tuple of source mutation strings in ascending position order",observed_training_profile,"Observed training annotation; coefficient belongs to the original position rule, not this mutation profile."
NRTI/ABC,CV-min,211,P211,-0.034002236062959955,876,1557,R211K,636,636/876,730,146,"{""mixed_amino_acid_token"": 140, ""unknown_X"": 6}",10,1,"[[""R211K""]]","largest joint count, then lexicographic tuple of source mutation strings in ascending position order",observed_training_profile,"Observed training annotation; coefficient belongs to the original position rule, not this mutation profile."
NRTI/ABC,CV-min,123;211;228,P123 + P211 + P228,-0.033977093736803687,70,1557,D123E + R211K + L228H,14,14/70,33,37,"{""mixed_amino_acid_token"": 36, ""unknown_X"": 1}",9,1,"[[""D123E"", ""R211K"", ""L228H""]]","largest joint count, then lexicographic tuple of source mutation strings in ascending position order",observed_training_profile,"Observed training annotation; coefficient belongs to the original position rule, not this mutation profile."
NRTI/ABC,CV-min,41;75;208,P41 + P75 + P208,0.033277430353640884,32,1557,M41L + V75M + H208Y,16,16/32,26,6,"{""mixed_amino_acid_token"": 5, ""unknown_X"": 1}",7,1,"[[""M41L"", ""V75M"", ""H208Y""]]","largest joint count, then lexicographic tuple of source mutation strings in ascending position order",observed_training_profile,"Observed training annotation; coefficient belongs to the original position rule, not this mutation profile."
NRTI/ABC,CV-min,162;215;219,P162 + P215 + P219,-0.032877941557974182,97,1557,S162D + T215F + K219Q,7,7/97,64,33,"{""mixed_amino_acid_token"": 28, ""unknown_X"": 8}",32,1,"[[""S162D"", ""T215F"", ""K219Q""]]","largest joint count, then lexicographic tuple of source mutation strings in ascending position order",observed_training_profile,"Observed training annotation; coefficient belongs to the original position rule, not this mutation profile."
NRTI/ABC,CV-min,67;122;210;219,P67 + P122 + P210 + P219,0.032741377696654472,124,1557,D67N + K122E + L210W + K219N,25,25/124,86,38,"{""mixed_amino_acid_token"": 37, ""unknown_X"": 1}",17,1,"[[""D67N"", ""K122E"", ""L210W"", ""K219N""]]","largest joint count, then lexicographic tuple of source mutation strings in ascending position order",observed_training_profile,"Observed training annotation; coefficient belongs to the original position rule, not this mutation profile."
NRTI/ABC,CV-min,118;122;184;215,P118 + P122 + P184 + P215,-0.032631375098529453,166,1557,V118I + K122E + M184V + T215Y,101,101/166,132,34,"{""mixed_amino_acid_token"": 34}",8,1,"[[""V118I"", ""K122E"", ""M184V"", ""T215Y""]]","largest joint count, then lexicographic tuple of source mutation strings in ascending position order",observed_training_profile,"Observed training annotation; coefficient belongs to the original position rule, not this mutation profile."
NRTI/ABC,CV-min,101;122;228,P101 + P122 + P228,0.0325936379169618,50,1557,K101E + K122E + L228H,7,7/50,33,17,"{""mixed_amino_acid_token"": 16, ""unknown_X"": 1}",14,1,"[[""K101E"", ""K122E"", ""L228H""]]","largest joint count, then lexicographic tuple of source mutation strings in ascending position order",observed_training_profile,"Observed training annotation; coefficient belongs to the original position rule, not this mutation profile."
NRTI/ABC,CV-min,20;135;215;228,P20 + P135 + P215 + P228,-0.032403287205524399,34,1557,K20R + I135T + T215F + L228H,5,5/34,17,17,"{""mixed_amino_acid_token"": 17, ""unknown_X"": 1}",8,1,"[[""K20R"", ""I135T"", ""T215F"", ""L228H""]]","largest joint count, then lexicographic tuple of source mutation strings in ascending position order",observed_training_profile,"Observed training annotation; coefficient belongs to the original position rule, not this mutation profile."
NRTI/ABC,CV-min,118;135;203,P118 + P135 + P203,-0.032403279465838535,58,1557,V118I + I135T + E203K,14,14/58,41,17,"{""mixed_amino_acid_token"": 17}",11,1,"[[""V118I"", ""I135T"", ""E203K""]]","largest joint count, then lexicographic tuple of source mutation strings in ascending position order",observed_training_profile,"Observed training annotation; coefficient belongs to the original position rule, not this mutation profile."
NRTI/ABC,CV-min,184;196;211,P184 + P196 + P211,0.031890225585700482,120,1557,M184V + G196E + R211K,68,68/120,92,28,"{""mixed_amino_acid_token"": 27, ""unknown_X"": 1}",14,1,"[[""M184V"", ""G196E"", ""R211K""]]","largest joint count, then lexicographic tuple of source mutation strings in ascending position order",observed_training_profile,"Observed training annotation; coefficient belongs to the original position rule, not this mutation profile."
NRTI/ABC,CV-min,69;101;215;228,P69 + P101 + P215 + P228,0.031825911030259467,31,1557,T69D + K101E + T215Y + L228H,3,3/31,23,8,"{""mixed_amino_acid_token"": 7, ""unknown_X"": 3}",17,2,"[[""T69D"", ""K101E"", ""T215Y"", ""L228H""], [""T69D"", ""K101Q"", ""T215Y"", ""L228R""]]","largest joint count, then lexicographic tuple of source mutation strings in ascending position order",observed_training_profile,"Observed training annotation; coefficient belongs to the original position rule, not this mutation profile."
NRTI/ABC,CV-min,123;215;228,P123 + P215 + P228,-0.031682527886693783,91,1557,D123E + T215Y + L228H,16,16/91,58,33,"{""mixed_amino_acid_token"": 32, ""unknown_X"": 2}",15,1,"[[""D123E"", ""T215Y"", ""L228H""]]","largest joint count, then lexicographic tuple of source mutation strings in ascending position order",observed_training_profile,"Observed training annotation; coefficient belongs to the original position rule, not this mutation profile."
NRTI/ABC,CV-min,118;214;215,P118 + P214 + P215,-0.030828125299255389,44,1557,V118I + F214L + T215F,20,20/44,34,10,"{""mixed_amino_acid_token"": 9, ""unknown_X"": 1}",8,1,"[[""V118I"", ""F214L"", ""T215F""]]","largest joint count, then lexicographic tuple of source mutation strings in ascending position order",observed_training_profile,"Observed training annotation; coefficient belongs to the original position rule, not this mutation profile."
NRTI/ABC,CV-min,68;122;211,P68 + P122 + P211,-0.030736809939334628,55,1557,S68G + K122E + R211K,28,28/55,38,17,"{""mixed_amino_acid_token"": 17}",8,1,"[[""S68G"", ""K122E"", ""R211K""]]","largest joint count, then lexicographic tuple of source mutation strings in ascending position order",observed_training_profile,"Observed training annotation; coefficient belongs to the original position rule, not this mutation profile."
NRTI/ABC,CV-min,41;69;118,P41 + P69 + P118,-0.030643279189663964,93,1557,M41L + T69D + V118I,64,64/93,70,23,"{""insertion_or_special_marker"": 1, ""mixed_amino_acid_token"": 21, ""unknown_X"": 1}",4,1,"[[""M41L"", ""T69D"", ""V118I""]]","largest joint count, then lexicographic tuple of source mutation strings in ascending position order",observed_training_profile,"Observed training annotation; coefficient belongs to the original position rule, not this mutation profile."
NRTI/ABC,CV-min,39;69;215,P39 + P69 + P215,-0.030615323763577614,76,1557,T39A + T69D + T215Y,16,16/76,47,29,"{""mixed_amino_acid_token"": 22, ""unknown_X"": 7}",21,1,"[[""T39A"", ""T69D"", ""T215Y""]]","largest joint count, then lexicographic tuple of source mutation strings in ascending position order",observed_training_profile,"Observed training annotation; coefficient belongs to the original position rule, not this mutation profile."
NRTI/ABC,CV-min,135;178;211;215,P135 + P178 + P211 + P215,-0.029872103087727277,39,1557,I135T + I178M + R211K + T215Y,3,3/39,19,20,"{""mixed_amino_acid_token"": 19, ""unknown_X"": 2}",15,1,"[[""I135T"", ""I178M"", ""R211K"", ""T215Y""]]","largest joint count, then lexicographic tuple of source mutation strings in ascending position order",observed_training_profile,"Observed training annotation; coefficient belongs to the original position rule, not this mutation profile."
NRTI/ABC,CV-min,41;69;228,P41 + P69 + P228,-0.028610466539768786,91,1557,M41L + T69D + L228H,33,33/91,67,24,"{""insertion_or_special_marker"": 1, ""mixed_amino_acid_token"": 21, ""unknown_X"": 3}",11,1,"[[""M41L"", ""T69D"", ""L228H""]]","largest joint count, then lexicographic tuple of source mutation strings in ascending position order",observed_training_profile,"Observed training annotation; coefficient belongs to the original position rule, not this mutation profile."
NRTI/ABC,CV-min,118;184;215,P118 + P184 + P215,-0.027736223258896148,216,1557,V118I + M184V + T215Y,158,158/216,189,27,"{""mixed_amino_acid_token"": 26, ""unknown_X"": 1}",7,1,"[[""V118I"", ""M184V"", ""T215Y""]]","largest joint count, then lexicographic tuple of source mutation strings in ascending position order",observed_training_profile,"Observed training annotation; coefficient belongs to the original position rule, not this mutation profile."
NRTI/ABC,CV-min,103;200;215;219,P103 + P200 + P215 + P219,-0.027661672294894701,59,1557,K103N + T200A + T215F + K219Q,10,10/59,36,23,"{""mixed_amino_acid_token"": 19, ""unknown_X"": 4}",19,1,"[[""K103N"", ""T200A"", ""T215F"", ""K219Q""]]","largest joint count, then lexicographic tuple of source mutation strings in ascending position order",observed_training_profile,"Observed training annotation; coefficient belongs to the original position rule, not this mutation profile."
NRTI/ABC,CV-min,122;184;196;211,P122 + P184 + P196 + P211,0.027323446920933008,72,1557,K122E + M184V + G196E + R211K,34,34/72,46,26,"{""mixed_amino_acid_token"": 25, ""unknown_X"": 1}",7,1,"[[""K122E"", ""M184V"", ""G196E"", ""R211K""]]","largest joint count, then lexicographic tuple of source mutation strings in ascending position order",observed_training_profile,"Observed training annotation; coefficient belongs to the original position rule, not this mutation profile."
NRTI/ABC,CV-min,41;75;123,P41 + P75 + P123,-0.027236468556558736,37,1557,M41L + V75M + D123E,14,14/37,32,5,"{""mixed_amino_acid_token"": 3, ""unknown_X"": 2}",7,1,"[[""M41L"", ""V75M"", ""D123E""]]","largest joint count, then lexicographic tuple of source mutation strings in ascending position order",observed_training_profile,"Observed training annotation; coefficient belongs to the original position rule, not this mutation profile."
NRTI/ABC,CV-min,67;118,P67 + P118,0.027174466713732984,243,1557,D67N + V118I,183,183/243,199,44,"{""mixed_amino_acid_token"": 43, ""unknown_X"": 1}",3,1,"[[""D67N"", ""V118I""]]","largest joint count, then lexicographic tuple of source mutation strings in ascending position order",observed_training_profile,"Observed training annotation; coefficient belongs to the original position rule, not this mutation profile."
NRTI/ABC,CV-min,135;215;219,P135 + P215 + P219,-0.026625815203543405,178,1557,I135T + T215F + K219Q,35,35/178,140,38,"{""mixed_amino_acid_token"": 38, ""unknown_X"": 3}",32,1,"[[""I135T"", ""T215F"", ""K219Q""]]","largest joint count, then lexicographic tuple of source mutation strings in ascending position order",observed_training_profile,"Observed training annotation; coefficient belongs to the original position rule, not this mutation profile."
NRTI/ABC,CV-min,162;184;215,P162 + P184 + P215,-0.02619036382732029,123,1557,S162C + M184V + T215Y,29,29/123,100,23,"{""mixed_amino_acid_token"": 15, ""unknown_X"": 9}",20,1,"[[""S162C"", ""M184V"", ""T215Y""]]","largest joint count, then lexicographic tuple of source mutation strings in ascending position order",observed_training_profile,"Observed training annotation; coefficient belongs to the original position rule, not this mutation profile."
NRTI/ABC,CV-min,20;67;103;122,P20 + P67 + P103 + P122,-0.025631675056454851,44,1557,K20R + D67N + K103N + K122E,23,23/44,31,13,"{""mixed_amino_acid_token"": 13}",5,1,"[[""K20R"", ""D67N"", ""K103N"", ""K122E""]]","largest joint count, then lexicographic tuple of source mutation strings in ascending position order",observed_training_profile,"Observed training annotation; coefficient belongs to the original position rule, not this mutation profile."
NRTI/ABC,CV-min,101;118;211;219,P101 + P118 + P211 + P219,0.025419125321204723,37,1557,K101E + V118I + R211K + K219N,6,6/37,29,8,"{""mixed_amino_acid_token"": 7, ""unknown_X"": 1}",16,1,"[[""K101E"", ""V118I"", ""R211K"", ""K219N""]]","largest joint count, then lexicographic tuple of source mutation strings in ascending position order",observed_training_profile,"Observed training annotation; coefficient belongs to the original position rule, not this mutation profile."
NRTI/ABC,CV-min,69;177;184,P69 + P177 + P184,-0.025418180462348252,52,1557,T69D + D177E + M184V,19,19/52,40,12,"{""insertion_or_special_marker"": 3, ""mixed_amino_acid_token"": 9}",9,1,"[[""T69D"", ""D177E"", ""M184V""]]","largest joint count, then lexicographic tuple of source mutation strings in ascending position order",observed_training_profile,"Observed training annotation; coefficient belongs to the original position rule, not this mutation profile."
NRTI/ABC,CV-min,35;43;215;219,P35 + P43 + P215 + P219,0.025241279058362185,44,1557,V35M + K43E + T215Y + K219R,3,3/44,28,16,"{""mixed_amino_acid_token"": 16, ""unknown_X"": 1}",25,1,"[[""V35M"", ""K43E"", ""T215Y"", ""K219R""]]","largest joint count, then lexicographic tuple of source mutation strings in ascending position order",observed_training_profile,"Observed training annotation; coefficient belongs to the original position rule, not this mutation profile."
NRTI/ABC,CV-min,62,P62,0.025153101884681263,71,1557,A62V,55,55/71,56,15,"{""mixed_amino_acid_token"": 15}",2,1,"[[""A62V""]]","largest joint count, then lexicographic tuple of source mutation strings in ascending position order",observed_training_profile,"Observed training annotation; coefficient belongs to the original position rule, not this mutation profile."
NRTI/ABC,CV-min,20;41;200,P20 + P41 + P200,0.024446309177663265,68,1557,K20R + M41L + T200A,36,36/68,42,26,"{""mixed_amino_acid_token"": 24, ""unknown_X"": 2}",4,1,"[[""K20R"", ""M41L"", ""T200A""]]","largest joint count, then lexicographic tuple of source mutation strings in ascending position order",observed_training_profile,"Observed training annotation; coefficient belongs to the original position rule, not this mutation profile."
NRTI/ABC,CV-min,123;211,P123 + P211,-0.024376825646367895,298,1557,D123E + R211K,141,141/298,200,98,"{""mixed_amino_acid_token"": 94, ""unknown_X"": 5}",13,1,"[[""D123E"", ""R211K""]]","largest joint count, then lexicographic tuple of source mutation strings in ascending position order",observed_training_profile,"Observed training annotation; coefficient belongs to the original position rule, not this mutation profile."
NRTI/ABC,CV-min,69;196;215,P69 + P196 + P215,-0.023177079840663882,69,1557,T69D + G196E + T215Y,18,18/69,51,18,"{""insertion_or_special_marker"": 1, ""mixed_amino_acid_token"": 16, ""unknown_X"": 2}",9,1,"[[""T69D"", ""G196E"", ""T215Y""]]","largest joint count, then lexicographic tuple of source mutation strings in ascending position order",observed_training_profile,"Observed training annotation; coefficient belongs to the original position rule, not this mutation profile."
NRTI/ABC,CV-min,178;184,P178 + P184,-0.02306382054814431,120,1557,I178L + M184V,41,41/120,87,33,"{""mixed_amino_acid_token"": 33}",6,1,"[[""I178L"", ""M184V""]]","largest joint count, then lexicographic tuple of source mutation strings in ascending position order",observed_training_profile,"Observed training annotation; coefficient belongs to the original position rule, not this mutation profile."
NRTI/ABC,CV-min,69;123;135;211,P69 + P123 + P135 + P211,-0.022509484819705435,33,1557,T69D + D123E + I135T + R211K,7,7/33,16,17,"{""mixed_amino_acid_token"": 17, ""unknown_X"": 1}",10,1,"[[""T69D"", ""D123E"", ""I135T"", ""R211K""]]","largest joint count, then lexicographic tuple of source mutation strings in ascending position order",observed_training_profile,"Observed training annotation; coefficient belongs to the original position rule, not this mutation profile."
NRTI/ABC,CV-min,215;219;228,P215 + P219 + P228,-0.022421429252515817,172,1557,T215F + K219Q + L228H,29,29/172,135,37,"{""mixed_amino_acid_token"": 34, ""unknown_X"": 5}",27,1,"[[""T215F"", ""K219Q"", ""L228H""]]","largest joint count, then lexicographic tuple of source mutation strings in ascending position order",observed_training_profile,"Observed training annotation; coefficient belongs to the original position rule, not this mutation profile."
NRTI/ABC,CV-min,122;123;200,P122 + P123 + P200,0.022350483511927206,117,1557,K122E + D123E + T200A,14,14/117,58,59,"{""mixed_amino_acid_token"": 57, ""unknown_X"": 3}",17,2,"[[""K122E"", ""D123E"", ""T200A""], [""K122E"", ""D123N"", ""T200A""]]","largest joint count, then lexicographic tuple of source mutation strings in ascending position order",observed_training_profile,"Observed training annotation; coefficient belongs to the original position rule, not this mutation profile."
NRTI/ABC,CV-min,118;207,P118 + P207,0.021992743556127816,146,1557,V118I + Q207E,89,89/146,108,38,"{""mixed_amino_acid_token"": 38, ""unknown_X"": 1}",7,1,"[[""V118I"", ""Q207E""]]","largest joint count, then lexicographic tuple of source mutation strings in ascending position order",observed_training_profile,"Observed training annotation; coefficient belongs to the original position rule, not this mutation profile."
NRTI/ABC,CV-min,20;67;122;135,P20 + P67 + P122 + P135,-0.021942691660617672,50,1557,K20R + D67N + K122E + I135T,17,17/50,28,22,"{""mixed_amino_acid_token"": 20, ""unknown_X"": 2}",6,1,"[[""K20R"", ""D67N"", ""K122E"", ""I135T""]]","largest joint count, then lexicographic tuple of source mutation strings in ascending position order",observed_training_profile,"Observed training annotation; coefficient belongs to the original position rule, not this mutation profile."
NRTI/ABC,CV-min,122;123;184,P122 + P123 + P184,0.021589707584896617,124,1557,K122E + D123E + M184V,30,30/124,80,44,"{""mixed_amino_acid_token"": 43, ""unknown_X"": 2}",8,1,"[[""K122E"", ""D123E"", ""M184V""]]","largest joint count, then lexicographic tuple of source mutation strings in ascending position order",observed_training_profile,"Observed training annotation; coefficient belongs to the original position rule, not this mutation profile."
NRTI/ABC,CV-min,103;122;135;215,P103 + P122 + P135 + P215,-0.021003093948432899,86,1557,K103N + K122E + I135T + T215Y,28,28/86,59,27,"{""mixed_amino_acid_token"": 24, ""unknown_X"": 4}",14,1,"[[""K103N"", ""K122E"", ""I135T"", ""T215Y""]]","largest joint count, then lexicographic tuple of source mutation strings in ascending position order",observed_training_profile,"Observed training annotation; coefficient belongs to the original position rule, not this mutation profile."
NRTI/ABC,CV-min,122;174;228,P122 + P174 + P228,0.020573289598453316,31,1557,K122E + Q174R + L228H,4,4/31,15,16,"{""mixed_amino_acid_token"": 16}",9,1,"[[""K122E"", ""Q174R"", ""L228H""]]","largest joint count, then lexicographic tuple of source mutation strings in ascending position order",observed_training_profile,"Observed training annotation; coefficient belongs to the original position rule, not this mutation profile."
NRTI/ABC,CV-min,135;184;215,P135 + P184 + P215,-0.020266435268757339,232,1557,I135T + M184V + T215Y,97,97/232,207,25,"{""mixed_amino_acid_token"": 23, ""unknown_X"": 2}",17,1,"[[""I135T"", ""M184V"", ""T215Y""]]","largest joint count, then lexicographic tuple of source mutation strings in ascending position order",observed_training_profile,"Observed training annotation; coefficient belongs to the original position rule, not this mutation profile."
NRTI/ABC,CV-min,200,P200,-0.020091754554972155,614,1557,T200A,357,357/614,481,133,"{""mixed_amino_acid_token"": 126, ""unknown_X"": 7}",10,1,"[[""T200A""]]","largest joint count, then lexicographic tuple of source mutation strings in ascending position order",observed_training_profile,"Observed training annotation; coefficient belongs to the original position rule, not this mutation profile."
NRTI/ABC,CV-min,35;184;215,P35 + P184 + P215,-0.019291388615401153,173,1557,V35I + M184V + T215Y,39,39/173,144,29,"{""mixed_amino_acid_token"": 28, ""unknown_X"": 2}",23,1,"[[""V35I"", ""M184V"", ""T215Y""]]","largest joint count, then lexicographic tuple of source mutation strings in ascending position order",observed_training_profile,"Observed training annotation; coefficient belongs to the original position rule, not this mutation profile."
NRTI/ABC,CV-min,135;162;215,P135 + P162 + P215,0.01919491208444889,97,1557,I135T + S162C + T215Y,9,9/97,67,30,"{""mixed_amino_acid_token"": 22, ""unknown_X"": 9}",25,2,"[[""I135T"", ""S162C"", ""T215Y""], [""I135V"", ""S162C"", ""T215Y""]]","largest joint count, then lexicographic tuple of source mutation strings in ascending position order",observed_training_profile,"Observed training annotation; coefficient belongs to the original position rule, not this mutation profile."
NRTI/ABC,CV-min,70;184;218;219,P70 + P184 + P218 + P219,0.018907394528638793,41,1557,K70R + M184V + D218E + K219Q,31,31/41,38,3,"{""mixed_amino_acid_token"": 3}",3,1,"[[""K70R"", ""M184V"", ""D218E"", ""K219Q""]]","largest joint count, then lexicographic tuple of source mutation strings in ascending position order",observed_training_profile,"Observed training annotation; coefficient belongs to the original position rule, not this mutation profile."
NRTI/ABC,CV-min,35;102,P35 + P102,-0.01887166748018897,45,1557,V35I + K102Q,6,6/45,27,18,"{""mixed_amino_acid_token"": 17, ""other_non_simple_token"": 1, ""unknown_X"": 1}",11,2,"[[""V35I"", ""K102Q""], [""V35M"", ""K102Q""]]","largest joint count, then lexicographic tuple of source mutation strings in ascending position order",observed_training_profile,"Observed training annotation; coefficient belongs to the original position rule, not this mutation profile."
NRTI/ABC,CV-min,122;162;207;211,P122 + P162 + P207 + P211,-0.018730724913795471,50,1557,K122E + S162C + Q207E + R211K,7,7/50,27,23,"{""mixed_amino_acid_token"": 23, ""unknown_X"": 1}",12,1,"[[""K122E"", ""S162C"", ""Q207E"", ""R211K""]]","largest joint count, then lexicographic tuple of source mutation strings in ascending position order",observed_training_profile,"Observed training annotation; coefficient belongs to the original position rule, not this mutation profile."
NRTI/ABC,CV-min,122;177;178;215,P122 + P177 + P178 + P215,0.018617426415752359,46,1557,K122E + D177E + I178L + T215Y,11,11/46,34,12,"{""mixed_amino_acid_token"": 12}",12,1,"[[""K122E"", ""D177E"", ""I178L"", ""T215Y""]]","largest joint count, then lexicographic tuple of source mutation strings in ascending position order",observed_training_profile,"Observed training annotation; coefficient belongs to the original position rule, not this mutation profile."
NRTI/ABC,CV-min,67;123;184;200,P67 + P123 + P184 + P200,0.018587415992771465,68,1557,D67N + D123E + M184V + T200A,17,17/68,39,29,"{""mixed_amino_acid_token"": 27, ""unknown_X"": 3}",13,1,"[[""D67N"", ""D123E"", ""M184V"", ""T200A""]]","largest joint count, then lexicographic tuple of source mutation strings in ascending position order",observed_training_profile,"Observed training annotation; coefficient belongs to the original position rule, not this mutation profile."
NRTI/ABC,CV-min,41;122;184;211,P41 + P122 + P184 + P211,-0.018271983566036945,192,1557,M41L + K122E + M184V + R211K,127,127/192,153,39,"{""mixed_amino_acid_token"": 39}",10,1,"[[""M41L"", ""K122E"", ""M184V"", ""R211K""]]","largest joint count, then lexicographic tuple of source mutation strings in ascending position order",observed_training_profile,"Observed training annotation; coefficient belongs to the original position rule, not this mutation profile."
NRTI/ABC,CV-min,41;190;211;215,P41 + P190 + P211 + P215,0.018260673139820081,66,1557,M41L + G190A + R211K + T215Y,33,33/66,54,12,"{""mixed_amino_acid_token"": 11, ""unknown_X"": 2}",9,1,"[[""M41L"", ""G190A"", ""R211K"", ""T215Y""]]","largest joint count, then lexicographic tuple of source mutation strings in ascending position order",observed_training_profile,"Observed training annotation; coefficient belongs to the original position rule, not this mutation profile."
NRTI/ABC,CV-min,69;179;184;215,P69 + P179 + P184 + P215,-0.018079177462218141,47,1557,T69D + V179I + M184V + T215Y,7,7/47,29,18,"{""insertion_or_special_marker"": 2, ""mixed_amino_acid_token"": 16}",16,1,"[[""T69D"", ""V179I"", ""M184V"", ""T215Y""]]","largest joint count, then lexicographic tuple of source mutation strings in ascending position order",observed_training_profile,"Observed training annotation; coefficient belongs to the original position rule, not this mutation profile."
NRTI/ABC,CV-min,103;118;211,P103 + P118 + P211,0.016809594284216012,87,1557,K103N + V118I + R211K,41,41/87,57,30,"{""mixed_amino_acid_token"": 29, ""unknown_X"": 2}",9,1,"[[""K103N"", ""V118I"", ""R211K""]]","largest joint count, then lexicographic tuple of source mutation strings in ascending position order",observed_training_profile,"Observed training annotation; coefficient belongs to the original position rule, not this mutation profile."
NRTI/ABC,CV-min,67;122;179;211,P67 + P122 + P179 + P211,-0.016728609489656755,62,1557,D67N + K122E + V179I + R211K,17,17/62,35,27,"{""mixed_amino_acid_token"": 26, ""unknown_X"": 2}",14,1,"[[""D67N"", ""K122E"", ""V179I"", ""R211K""]]","largest joint count, then lexicographic tuple of source mutation strings in ascending position order",observed_training_profile,"Observed training annotation; coefficient belongs to the original position rule, not this mutation profile."
NRTI/ABC,CV-min,35;122;135;219,P35 + P122 + P135 + P219,-0.016256704967928168,58,1557,V35I + K122E + I135T + K219Q,6,6/58,34,24,"{""mixed_amino_acid_token"": 24, ""unknown_X"": 1}",25,1,"[[""V35I"", ""K122E"", ""I135T"", ""K219Q""]]","largest joint count, then lexicographic tuple of source mutation strings in ascending position order",observed_training_profile,"Observed training annotation; coefficient belongs to the original position rule, not this mutation profile."
NRTI/ABC,CV-min,74;184,P74 + P184,0.01622541923163677,156,1557,L74V + M184V,92,92/156,156,0,{},2,1,"[[""L74V"", ""M184V""]]","largest joint count, then lexicographic tuple of source mutation strings in ascending position order",observed_training_profile,"Observed training annotation; coefficient belongs to the original position rule, not this mutation profile."
NRTI/ABC,CV-min,103;122;135,P103 + P122 + P135,-0.016109157279970813,131,1557,K103N + K122E + I135T,45,45/131,88,43,"{""mixed_amino_acid_token"": 41, ""unknown_X"": 2}",15,1,"[[""K103N"", ""K122E"", ""I135T""]]","largest joint count, then lexicographic tuple of source mutation strings in ascending position order",observed_training_profile,"Observed training annotation; coefficient belongs to the original position rule, not this mutation profile."
NRTI/ABC,CV-min,118;177;207,P118 + P177 + P207,0.015809626733231847,48,1557,V118I + D177E + Q207E,18,18/48,29,19,"{""mixed_amino_acid_token"": 18, ""unknown_X"": 2}",7,1,"[[""V118I"", ""D177E"", ""Q207E""]]","largest joint count, then lexicographic tuple of source mutation strings in ascending position order",observed_training_profile,"Observed training annotation; coefficient belongs to the original position rule, not this mutation profile."
NRTI/ABC,CV-min,41;100;215,P41 + P100 + P215,-0.015407367820197016,33,1557,M41L + L100I + T215Y,25,25/33,30,3,"{""mixed_amino_acid_token"": 3}",3,1,"[[""M41L"", ""L100I"", ""T215Y""]]","largest joint count, then lexicographic tuple of source mutation strings in ascending position order",observed_training_profile,"Observed training annotation; coefficient belongs to the original position rule, not this mutation profile."
NRTI/ABC,CV-min,122;179;215,P122 + P179 + P215,-0.015337830173903321,116,1557,K122E + V179I + T215Y,32,32/116,74,42,"{""mixed_amino_acid_token"": 41, ""unknown_X"": 1}",21,1,"[[""K122E"", ""V179I"", ""T215Y""]]","largest joint count, then lexicographic tuple of source mutation strings in ascending position order",observed_training_profile,"Observed training annotation; coefficient belongs to the original position rule, not this mutation profile."
NRTI/ABC,CV-min,179;200;207,P179 + P200 + P207,0.015248491970965035,59,1557,V179I + T200A + Q207E,14,14/59,34,25,"{""mixed_amino_acid_token"": 24, ""unknown_X"": 4}",13,1,"[[""V179I"", ""T200A"", ""Q207E""]]","largest joint count, then lexicographic tuple of source mutation strings in ascending position order",observed_training_profile,"Observed training annotation; coefficient belongs to the original position rule, not this mutation profile."
NRTI/ABC,CV-min,41;122;162;196,P41 + P122 + P162 + P196,0.014679003084731215,33,1557,M41L + K122E + S162D + G196E,4,4/33,18,15,"{""mixed_amino_acid_token"": 14, ""unknown_X"": 2}",9,1,"[[""M41L"", ""K122E"", ""S162D"", ""G196E""]]","largest joint count, then lexicographic tuple of source mutation strings in ascending position order",observed_training_profile,"Observed training annotation; coefficient belongs to the original position rule, not this mutation profile."
NRTI/ABC,CV-min,67;74;122;228,P67 + P74 + P122 + P228,-0.014345823915029098,38,1557,D67N + L74I + K122E + L228H,15,15/38,29,9,"{""mixed_amino_acid_token"": 8, ""unknown_X"": 1}",7,1,"[[""D67N"", ""L74I"", ""K122E"", ""L228H""]]","largest joint count, then lexicographic tuple of source mutation strings in ascending position order",observed_training_profile,"Observed training annotation; coefficient belongs to the original position rule, not this mutation profile."
NRTI/ABC,CV-min,41;103;208,P41 + P103 + P208,0.014019552177772263,58,1557,M41L + K103N + H208Y,35,35/58,43,15,"{""mixed_amino_acid_token"": 15}",6,1,"[[""M41L"", ""K103N"", ""H208Y""]]","largest joint count, then lexicographic tuple of source mutation strings in ascending position order",observed_training_profile,"Observed training annotation; coefficient belongs to the original position rule, not this mutation profile."
NRTI/ABC,CV-min,35;135;162;215,P35 + P135 + P162 + P215,0.012648783269283953,34,1557,V35R + I135T + S162D + T215F,3,3/34,23,11,"{""mixed_amino_acid_token"": 9, ""unknown_X"": 3}",19,1,"[[""V35R"", ""I135T"", ""S162D"", ""T215F""]]","largest joint count, then lexicographic tuple of source mutation strings in ascending position order",observed_training_profile,"Observed training annotation; coefficient belongs to the original position rule, not this mutation profile."
NRTI/ABC,CV-min,35;118;211;219,P35 + P118 + P211 + P219,0.012535662981234909,47,1557,V35I + V118I + R211K + K219R,4,4/47,26,21,"{""mixed_amino_acid_token"": 21}",16,1,"[[""V35I"", ""V118I"", ""R211K"", ""K219R""]]","largest joint count, then lexicographic tuple of source mutation strings in ascending position order",observed_training_profile,"Observed training annotation; coefficient belongs to the original position rule, not this mutation profile."
NRTI/ABC,CV-min,41;135;184;200,P41 + P135 + P184 + P200,-0.01228650372888186,91,1557,M41L + I135T + M184V + T200A,25,25/91,59,32,"{""mixed_amino_acid_token"": 30, ""unknown_X"": 2}",11,1,"[[""M41L"", ""I135T"", ""M184V"", ""T200A""]]","largest joint count, then lexicographic tuple of source mutation strings in ascending position order",observed_training_profile,"Observed training annotation; coefficient belongs to the original position rule, not this mutation profile."
NRTI/ABC,CV-min,122;190,P122 + P190,0.011554141736318689,101,1557,K122E + G190A,59,59/101,81,20,"{""mixed_amino_acid_token"": 19, ""unknown_X"": 1}",6,1,"[[""K122E"", ""G190A""]]","largest joint count, then lexicographic tuple of source mutation strings in ascending position order",observed_training_profile,"Observed training annotation; coefficient belongs to the original position rule, not this mutation profile."
NRTI/ABC,CV-min,35;135;211,P35 + P135 + P211,-0.011460325240601272,124,1557,V35T + I135V + R211K,16,16/124,80,44,"{""mixed_amino_acid_token"": 43, ""unknown_X"": 2}",28,1,"[[""V35T"", ""I135V"", ""R211K""]]","largest joint count, then lexicographic tuple of source mutation strings in ascending position order",observed_training_profile,"Observed training annotation; coefficient belongs to the original position rule, not this mutation profile."
NRTI/ABC,CV-min,69;179;184,P69 + P179 + P184,-0.011335696219553562,55,1557,T69D + V179I + M184V,15,15/55,37,18,"{""insertion_or_special_marker"": 2, ""mixed_amino_acid_token"": 16}",12,1,"[[""T69D"", ""V179I"", ""M184V""]]","largest joint count, then lexicographic tuple of source mutation strings in ascending position order",observed_training_profile,"Observed training annotation; coefficient belongs to the original position rule, not this mutation profile."
NRTI/ABC,CV-min,200;211;215,P200 + P211 + P215,-0.011188160057660974,197,1557,T200A + R211K + T215Y,76,76/197,141,56,"{""mixed_amino_acid_token"": 52, ""unknown_X"": 4}",30,1,"[[""T200A"", ""R211K"", ""T215Y""]]","largest joint count, then lexicographic tuple of source mutation strings in ascending position order",observed_training_profile,"Observed training annotation; coefficient belongs to the original position rule, not this mutation profile."
NRTI/ABC,CV-min,39;135;211,P39 + P135 + P211,-0.011135350353108671,97,1557,T39A + I135T + R211K,20,20/97,60,37,"{""mixed_amino_acid_token"": 37, ""unknown_X"": 3}",23,1,"[[""T39A"", ""I135T"", ""R211K""]]","largest joint count, then lexicographic tuple of source mutation strings in ascending position order",observed_training_profile,"Observed training annotation; coefficient belongs to the original position rule, not this mutation profile."
NRTI/ABC,CV-min,69;135;219,P69 + P135 + P219,-0.011106364473317462,93,1557,T69D + I135T + K219Q,18,18/93,75,18,"{""insertion_or_special_marker"": 1, ""mixed_amino_acid_token"": 18}",25,1,"[[""T69D"", ""I135T"", ""K219Q""]]","largest joint count, then lexicographic tuple of source mutation strings in ascending position order",observed_training_profile,"Observed training annotation; coefficient belongs to the original position rule, not this mutation profile."
NRTI/ABC,CV-min,69;200;219,P69 + P200 + P219,-0.010975717031273723,76,1557,T69D + T200A + K219Q,10,10/76,49,27,"{""mixed_amino_acid_token"": 26, ""unknown_X"": 1}",20,1,"[[""T69D"", ""T200A"", ""K219Q""]]","largest joint count, then lexicographic tuple of source mutation strings in ascending position order",observed_training_profile,"Observed training annotation; coefficient belongs to the original position rule, not this mutation profile."
NRTI/ABC,CV-min,103;122,P103 + P122,-0.010562198953463562,262,1557,K103N + K122E,164,164/262,204,58,"{""mixed_amino_acid_token"": 56, ""unknown_X"": 2}",6,1,"[[""K103N"", ""K122E""]]","largest joint count, then lexicographic tuple of source mutation strings in ascending position order",observed_training_profile,"Observed training annotation; coefficient belongs to the original position rule, not this mutation profile."
NRTI/ABC,CV-min,39;41;215;219,P39 + P41 + P215 + P219,0.010345774971447879,113,1557,T39A + M41L + T215Y + K219N,13,13/113,75,38,"{""mixed_amino_acid_token"": 35, ""unknown_X"": 3}",23,1,"[[""T39A"", ""M41L"", ""T215Y"", ""K219N""]]","largest joint count, then lexicographic tuple of source mutation strings in ascending position order",observed_training_profile,"Observed training annotation; coefficient belongs to the original position rule, not this mutation profile."
NRTI/ABC,CV-min,68;123;200,P68 + P123 + P200,0.010000385868640466,32,1557,S68G + D123E + T200A,10,10/32,21,11,"{""mixed_amino_acid_token"": 11}",6,1,"[[""S68G"", ""D123E"", ""T200A""]]","largest joint count, then lexicographic tuple of source mutation strings in ascending position order",observed_training_profile,"Observed training annotation; coefficient belongs to the original position rule, not this mutation profile."
NRTI/ABC,CV-min,35;122;135;200,P35 + P122 + P135 + P200,-0.0096537837654615162,74,1557,V35I + K122E + I135T + T200A,9,9/74,43,31,"{""mixed_amino_acid_token"": 31}",18,1,"[[""V35I"", ""K122E"", ""I135T"", ""T200A""]]","largest joint count, then lexicographic tuple of source mutation strings in ascending position order",observed_training_profile,"Observed training annotation; coefficient belongs to the original position rule, not this mutation profile."
NRTI/ABC,CV-min,118;184;200;215,P118 + P184 + P200 + P215,-0.0094690190838705376,98,1557,V118I + M184V + T200A + T215Y,49,49/98,68,30,"{""mixed_amino_acid_token"": 29, ""unknown_X"": 1}",7,1,"[[""V118I"", ""M184V"", ""T200A"", ""T215Y""]]","largest joint count, then lexicographic tuple of source mutation strings in ascending position order",observed_training_profile,"Observed training annotation; coefficient belongs to the original position rule, not this mutation profile."
NRTI/ABC,CV-min,174;211,P174 + P211,-0.0090496366351726382,140,1557,Q174K + R211K,35,35/140,87,53,"{""mixed_amino_acid_token"": 51, ""unknown_X"": 2}",16,1,"[[""Q174K"", ""R211K""]]","largest joint count, then lexicographic tuple of source mutation strings in ascending position order",observed_training_profile,"Observed training annotation; coefficient belongs to the original position rule, not this mutation profile."
NRTI/ABC,CV-min,135;181;200,P135 + P181 + P200,-0.0088858116118380442,57,1557,I135T + Y181C + T200A,18,18/57,42,15,"{""mixed_amino_acid_token"": 14, ""unknown_X"": 1}",11,1,"[[""I135T"", ""Y181C"", ""T200A""]]","largest joint count, then lexicographic tuple of source mutation strings in ascending position order",observed_training_profile,"Observed training annotation; coefficient belongs to the original position rule, not this mutation profile."
NRTI/ABC,CV-min,67;74;122,P67 + P74 + P122,-0.0086978032328480955,73,1557,D67N + L74I + K122E,27,27/73,62,11,"{""mixed_amino_acid_token"": 10, ""unknown_X"": 1}",6,1,"[[""D67N"", ""L74I"", ""K122E""]]","largest joint count, then lexicographic tuple of source mutation strings in ascending position order",observed_training_profile,"Observed training annotation; coefficient belongs to the original position rule, not this mutation profile."
NRTI/ABC,CV-min,35;207;211;219,P35 + P207 + P211 + P219,0.0078878417524810979,37,1557,V35I + Q207E + R211K + K219Q,3,3/37,23,14,"{""mixed_amino_acid_token"": 14, ""unknown_X"": 1}",18,1,"[[""V35I"", ""Q207E"", ""R211K"", ""K219Q""]]","largest joint count, then lexicographic tuple of source mutation strings in ascending position order",observed_training_profile,"Observed training annotation; coefficient belongs to the original position rule, not this mutation profile."
NRTI/ABC,CV-min,43;122;200,P43 + P122 + P200,-0.0078193063086384046,78,1557,K43E + K122E + T200A,15,15/78,53,25,"{""mixed_amino_acid_token"": 25, ""unknown_X"": 1}",16,1,"[[""K43E"", ""K122E"", ""T200A""]]","largest joint count, then lexicographic tuple of source mutation strings in ascending position order",observed_training_profile,"Observed training annotation; coefficient belongs to the original position rule, not this mutation profile."
NRTI/ABC,CV-min,67;122;211;219,P67 + P122 + P211 + P219,0.0074657208217178556,140,1557,D67N + K122E + R211K + K219Q,27,27/140,93,47,"{""mixed_amino_acid_token"": 44, ""unknown_X"": 3}",23,1,"[[""D67N"", ""K122E"", ""R211K"", ""K219Q""]]","largest joint count, then lexicographic tuple of source mutation strings in ascending position order",observed_training_profile,"Observed training annotation; coefficient belongs to the original position rule, not this mutation profile."
NRTI/ABC,CV-min,60,P60,-0.007200572072961652,302,1557,V60I,240,240/302,243,59,"{""mixed_amino_acid_token"": 59}",3,1,"[[""V60I""]]","largest joint count, then lexicographic tuple of source mutation strings in ascending position order",observed_training_profile,"Observed training annotation; coefficient belongs to the original position rule, not this mutation profile."
NRTI/ABC,CV-min,35;177;228,P35 + P177 + P228,0.0071799100001834967,38,1557,V35I + D177E + L228H,6,6/38,30,8,"{""mixed_amino_acid_token"": 8}",14,2,"[[""V35I"", ""D177E"", ""L228H""], [""V35M"", ""D177E"", ""L228H""]]","largest joint count, then lexicographic tuple of source mutation strings in ascending position order",observed_training_profile,"Observed training annotation; coefficient belongs to the original position rule, not this mutation profile."
NRTI/ABC,CV-min,41;43;67;118,P41 + P43 + P67 + P118,0.0069698393076849966,123,1557,M41L + K43E + D67N + V118I,54,54/123,94,29,"{""mixed_amino_acid_token"": 26, ""unknown_X"": 3}",7,1,"[[""M41L"", ""K43E"", ""D67N"", ""V118I""]]","largest joint count, then lexicographic tuple of source mutation strings in ascending position order",observed_training_profile,"Observed training annotation; coefficient belongs to the original position rule, not this mutation profile."
NRTI/ABC,CV-min,75;101,P75 + P101,-0.0063744766318281172,35,1557,V75M + K101E,8,8/35,33,2,"{""mixed_amino_acid_token"": 1, ""unknown_X"": 1}",14,1,"[[""V75M"", ""K101E""]]","largest joint count, then lexicographic tuple of source mutation strings in ascending position order",observed_training_profile,"Observed training annotation; coefficient belongs to the original position rule, not this mutation profile."
NRTI/ABC,CV-min,178,P178,-0.0063606554841177387,295,1557,I178M,104,104/295,213,82,"{""mixed_amino_acid_token"": 82}",5,1,"[[""I178M""]]","largest joint count, then lexicographic tuple of source mutation strings in ascending position order",observed_training_profile,"Observed training annotation; coefficient belongs to the original position rule, not this mutation profile."
NRTI/ABC,CV-min,178;200,P178 + P200,-0.006235324017113437,138,1557,I178M + T200A,37,37/138,81,57,"{""mixed_amino_acid_token"": 56, ""unknown_X"": 2}",10,1,"[[""I178M"", ""T200A""]]","largest joint count, then lexicographic tuple of source mutation strings in ascending position order",observed_training_profile,"Observed training annotation; coefficient belongs to the original position rule, not this mutation profile."
NRTI/ABC,CV-min,41;118;135;208,P41 + P118 + P135 + P208,-0.0059778371915033069,50,1557,M41L + V118I + I135T + H208Y,25,25/50,38,12,"{""mixed_amino_acid_token"": 11, ""unknown_X"": 1}",5,1,"[[""M41L"", ""V118I"", ""I135T"", ""H208Y""]]","largest joint count, then lexicographic tuple of source mutation strings in ascending position order",observed_training_profile,"Observed training annotation; coefficient belongs to the original position rule, not this mutation profile."
NRTI/ABC,CV-min,35;211,P35 + P211,-0.0059209956581519028,323,1557,V35I + R211K,79,79/323,218,105,"{""mixed_amino_acid_token"": 102, ""unknown_X"": 5}",26,1,"[[""V35I"", ""R211K""]]","largest joint count, then lexicographic tuple of source mutation strings in ascending position order",observed_training_profile,"Observed training annotation; coefficient belongs to the original position rule, not this mutation profile."
NRTI/ABC,CV-min,214;215,P214 + P215,-0.00556268272511446,73,1557,F214L + T215F,32,32/73,60,13,"{""mixed_amino_acid_token"": 12, ""unknown_X"": 3}",11,1,"[[""F214L"", ""T215F""]]","largest joint count, then lexicographic tuple of source mutation strings in ascending position order",observed_training_profile,"Observed training annotation; coefficient belongs to the original position rule, not this mutation profile."
NRTI/ABC,CV-min,103;200;219,P103 + P200 + P219,-0.0055580718049817578,73,1557,K103N + T200A + K219Q,15,15/73,45,28,"{""mixed_amino_acid_token"": 23, ""unknown_X"": 5}",15,1,"[[""K103N"", ""T200A"", ""K219Q""]]","largest joint count, then lexicographic tuple of source mutation strings in ascending position order",observed_training_profile,"Observed training annotation; coefficient belongs to the original position rule, not this mutation profile."
NRTI/ABC,CV-min,122;184;196,P122 + P184 + P196,0.0054452388386517139,111,1557,K122E + M184V + G196E,75,75/111,85,26,"{""mixed_amino_acid_token"": 25, ""unknown_X"": 1}",5,1,"[[""K122E"", ""M184V"", ""G196E""]]","largest joint count, then lexicographic tuple of source mutation strings in ascending position order",observed_training_profile,"Observed training annotation; coefficient belongs to the original position rule, not this mutation profile."
NRTI/ABC,CV-min,41;74;122;211,P41 + P74 + P122 + P211,-0.0051860063032908733,81,1557,M41L + L74V + K122E + R211K,29,29/81,65,16,"{""mixed_amino_acid_token"": 16}",9,1,"[[""M41L"", ""L74V"", ""K122E"", ""R211K""]]","largest joint count, then lexicographic tuple of source mutation strings in ascending position order",observed_training_profile,"Observed training annotation; coefficient belongs to the original position rule, not this mutation profile."
NRTI/ABC,CV-min,103;184;215,P103 + P184 + P215,-0.005150462998062791,172,1557,K103N + M184V + T215Y,98,98/172,147,25,"{""mixed_amino_acid_token"": 23, ""unknown_X"": 2}",14,1,"[[""K103N"", ""M184V"", ""T215Y""]]","largest joint count, then lexicographic tuple of source mutation strings in ascending position order",observed_training_profile,"Observed training annotation; coefficient belongs to the original position rule, not this mutation profile."
NRTI/ABC,CV-min,39;135;203;215,P39 + P135 + P203 + P215,-0.005077243232843769,34,1557,T39A + I135T + E203K + T215Y,5,5/34,24,10,"{""mixed_amino_acid_token"": 10, ""unknown_X"": 1}",13,1,"[[""T39A"", ""I135T"", ""E203K"", ""T215Y""]]","largest joint count, then lexicographic tuple of source mutation strings in ascending position order",observed_training_profile,"Observed training annotation; coefficient belongs to the original position rule, not this mutation profile."
NRTI/ABC,CV-min,135;211;215,P135 + P211 + P215,-0.0049775412814918249,200,1557,I135T + R211K + T215Y,65,65/200,150,50,"{""mixed_amino_acid_token"": 45, ""unknown_X"": 8}",30,1,"[[""I135T"", ""R211K"", ""T215Y""]]","largest joint count, then lexicographic tuple of source mutation strings in ascending position order",observed_training_profile,"Observed training annotation; coefficient belongs to the original position rule, not this mutation profile."
NRTI/ABC,CV-min,39;67;103;211,P39 + P67 + P103 + P211,0.0048965933951381786,42,1557,T39A + D67N + K103N + R211K,11,11/42,26,16,"{""mixed_amino_acid_token"": 16}",13,1,"[[""T39A"", ""D67N"", ""K103N"", ""R211K""]]","largest joint count, then lexicographic tuple of source mutation strings in ascending position order",observed_training_profile,"Observed training annotation; coefficient belongs to the original position rule, not this mutation profile."
NRTI/ABC,CV-min,181;215,P181 + P215,-0.0038353508771340333,167,1557,Y181C + T215Y,85,85/167,151,16,"{""mixed_amino_acid_token"": 13, ""unknown_X"": 4}",18,1,"[[""Y181C"", ""T215Y""]]","largest joint count, then lexicographic tuple of source mutation strings in ascending position order",observed_training_profile,"Observed training annotation; coefficient belongs to the original position rule, not this mutation profile."
NRTI/ABC,CV-min,203;228,P203 + P228,0.0036924444953077324,86,1557,E203K + L228H,20,20/86,54,32,"{""mixed_amino_acid_token"": 31, ""unknown_X"": 1}",12,1,"[[""E203K"", ""L228H""]]","largest joint count, then lexicographic tuple of source mutation strings in ascending position order",observed_training_profile,"Observed training annotation; coefficient belongs to the original position rule, not this mutation profile."
NRTI/ABC,CV-min,103;118;135;215,P103 + P118 + P135 + P215,-0.0034026855299990866,56,1557,K103N + V118I + I135T + T215Y,16,16/56,38,18,"{""mixed_amino_acid_token"": 17, ""unknown_X"": 2}",11,1,"[[""K103N"", ""V118I"", ""I135T"", ""T215Y""]]","largest joint count, then lexicographic tuple of source mutation strings in ascending position order",observed_training_profile,"Observed training annotation; coefficient belongs to the original position rule, not this mutation profile."
NRTI/ABC,CV-min,41;67;211;215,P41 + P67 + P211 + P215,0.0030659556837316615,234,1557,M41L + D67N + R211K + T215Y,136,136/234,186,48,"{""mixed_amino_acid_token"": 42, ""unknown_X"": 7}",18,1,"[[""M41L"", ""D67N"", ""R211K"", ""T215Y""]]","largest joint count, then lexicographic tuple of source mutation strings in ascending position order",observed_training_profile,"Observed training annotation; coefficient belongs to the original position rule, not this mutation profile."
NRTI/ABC,CV-min,41;118;122;208,P41 + P118 + P122 + P208,-0.0027185447590955193,87,1557,M41L + V118I + K122E + H208Y,52,52/87,61,26,"{""mixed_amino_acid_token"": 25, ""unknown_X"": 1}",5,1,"[[""M41L"", ""V118I"", ""K122E"", ""H208Y""]]","largest joint count, then lexicographic tuple of source mutation strings in ascending position order",observed_training_profile,"Observed training annotation; coefficient belongs to the original position rule, not this mutation profile."
NRTI/ABC,CV-min,68;184,P68 + P184,-0.0025829975754568251,91,1557,S68G + M184V,64,64/91,73,18,"{""mixed_amino_acid_token"": 14, ""unknown_X"": 4}",6,1,"[[""S68G"", ""M184V""]]","largest joint count, then lexicographic tuple of source mutation strings in ascending position order",observed_training_profile,"Observed training annotation; coefficient belongs to the original position rule, not this mutation profile."
NRTI/ABC,CV-min,39;215;228,P39 + P215 + P228,-0.0023389188450450953,91,1557,T39A + T215Y + L228H,26,26/91,64,27,"{""mixed_amino_acid_token"": 26, ""unknown_X"": 1}",17,1,"[[""T39A"", ""T215Y"", ""L228H""]]","largest joint count, then lexicographic tuple of source mutation strings in ascending position order",observed_training_profile,"Observed training annotation; coefficient belongs to the original position rule, not this mutation profile."
NRTI/ABC,CV-min,43;67;211;215,P43 + P67 + P211 + P215,0.0022632580869572224,130,1557,K43E + D67N + R211K + T215Y,46,46/130,96,34,"{""mixed_amino_acid_token"": 30, ""unknown_X"": 5}",19,1,"[[""K43E"", ""D67N"", ""R211K"", ""T215Y""]]","largest joint count, then lexicographic tuple of source mutation strings in ascending position order",observed_training_profile,"Observed training annotation; coefficient belongs to the original position rule, not this mutation profile."
NRTI/ABC,CV-min,218,P218,0.0022119853293549106,104,1557,D218E,95,95/104,95,9,"{""mixed_amino_acid_token"": 9}",1,1,"[[""D218E""]]","largest joint count, then lexicographic tuple of source mutation strings in ascending position order",observed_training_profile,"Observed training annotation; coefficient belongs to the original position rule, not this mutation profile."
NRTI/ABC,CV-min,41;75;200,P41 + P75 + P200,-0.0020444796984074526,31,1557,M41L + V75M + T200A,12,12/31,25,6,"{""mixed_amino_acid_token"": 6}",8,1,"[[""M41L"", ""V75M"", ""T200A""]]","largest joint count, then lexicographic tuple of source mutation strings in ascending position order",observed_training_profile,"Observed training annotation; coefficient belongs to the original position rule, not this mutation profile."
NRTI/ABC,CV-min,118;200;215;219,P118 + P200 + P215 + P219,-0.001996855860611118,66,1557,V118I + T200A + T215Y + K219N,9,9/66,37,29,"{""mixed_amino_acid_token"": 28, ""unknown_X"": 1}",17,1,"[[""V118I"", ""T200A"", ""T215Y"", ""K219N""]]","largest joint count, then lexicographic tuple of source mutation strings in ascending position order",observed_training_profile,"Observed training annotation; coefficient belongs to the original position rule, not this mutation profile."
NRTI/ABC,CV-min,135;184;196;219,P135 + P184 + P196 + P219,0.0017990411965231616,49,1557,I135T + M184V + G196E + K219Q,9,9/49,33,16,"{""mixed_amino_acid_token"": 16, ""unknown_X"": 1}",13,1,"[[""I135T"", ""M184V"", ""G196E"", ""K219Q""]]","largest joint count, then lexicographic tuple of source mutation strings in ascending position order",observed_training_profile,"Observed training annotation; coefficient belongs to the original position rule, not this mutation profile."
NRTI/ABC,CV-min,35;177;178,P35 + P177 + P178,0.0017212746014726983,69,1557,V35T + D177E + I178M,18,18/69,47,22,"{""mixed_amino_acid_token"": 22}",7,1,"[[""V35T"", ""D177E"", ""I178M""]]","largest joint count, then lexicographic tuple of source mutation strings in ascending position order",observed_training_profile,"Observed training annotation; coefficient belongs to the original position rule, not this mutation profile."
NRTI/ABC,CV-min,90;122,P90 + P122,-0.0014949987967023996,69,1557,V90I + K122E,34,34/69,37,32,"{""mixed_amino_acid_token"": 32}",3,1,"[[""V90I"", ""K122E""]]","largest joint count, then lexicographic tuple of source mutation strings in ascending position order",observed_training_profile,"Observed training annotation; coefficient belongs to the original position rule, not this mutation profile."
NRTI/ABC,CV-min,177;179;215,P177 + P179 + P215,-0.0013518638950857898,54,1557,D177E + V179I + T215Y,16,16/54,36,18,"{""mixed_amino_acid_token"": 17, ""unknown_X"": 1}",15,1,"[[""D177E"", ""V179I"", ""T215Y""]]","largest joint count, then lexicographic tuple of source mutation strings in ascending position order",observed_training_profile,"Observed training annotation; coefficient belongs to the original position rule, not this mutation profile."
NRTI/ABC,CV-min,20;135;228,P20 + P135 + P228,-0.0011108443418614,39,1557,K20R + I135T + L228H,9,9/39,18,21,"{""mixed_amino_acid_token"": 21, ""unknown_X"": 1}",6,1,"[[""K20R"", ""I135T"", ""L228H""]]","largest joint count, then lexicographic tuple of source mutation strings in ascending position order",observed_training_profile,"Observed training annotation; coefficient belongs to the original position rule, not this mutation profile."
NRTI/ABC,CV-min,74;122;215,P74 + P122 + P215,-0.00096128149845468782,107,1557,L74V + K122E + T215Y,42,42/107,96,11,"{""mixed_amino_acid_token"": 10, ""unknown_X"": 1}",8,1,"[[""L74V"", ""K122E"", ""T215Y""]]","largest joint count, then lexicographic tuple of source mutation strings in ascending position order",observed_training_profile,"Observed training annotation; coefficient belongs to the original position rule, not this mutation profile."
NRTI/ABC,CV-min,67;118;211;219,P67 + P118 + P211 + P219,0.00069313727195747154,100,1557,D67N + V118I + R211K + K219N,23,23/100,65,35,"{""mixed_amino_acid_token"": 34, ""unknown_X"": 1}",14,1,"[[""D67N"", ""V118I"", ""R211K"", ""K219N""]]","largest joint count, then lexicographic tuple of source mutation strings in ascending position order",observed_training_profile,"Observed training annotation; coefficient belongs to the original position rule, not this mutation profile."
NRTI/ABC,CV-min,75;184;215;228,P75 + P184 + P215 + P228,0.00022060796897647327,36,1557,V75M + M184V + T215Y + L228H,9,9/36,35,1,"{""unknown_X"": 1}",19,1,"[[""V75M"", ""M184V"", ""T215Y"", ""L228H""]]","largest joint count, then lexicographic tuple of source mutation strings in ascending position order",observed_training_profile,"Observed training annotation; coefficient belongs to the original position rule, not this mutation profile."
NRTI/ABC,CV-min,74;122;211;215,P74 + P122 + P211 + P215,-0.00015177706940258467,82,1557,L74V + K122E + R211K + T215Y,25,25/82,65,17,"{""mixed_amino_acid_token"": 16, ""unknown_X"": 1}",12,1,"[[""L74V"", ""K122E"", ""R211K"", ""T215Y""]]","largest joint count, then lexicographic tuple of source mutation strings in ascending position order",observed_training_profile,"Observed training annotation; coefficient belongs to the original position rule, not this mutation profile."
NRTI/ABC,CV-min,35;40,P35 + P40,0.00014342834973246605,33,1557,V35T + E40D,8,8/33,18,15,"{""mixed_amino_acid_token"": 15, ""unknown_X"": 1}",7,1,"[[""V35T"", ""E40D""]]","largest joint count, then lexicographic tuple of source mutation strings in ascending position order",observed_training_profile,"Observed training annotation; coefficient belongs to the original position rule, not this mutation profile."
NRTI/AZT,CV-min,215,P215,1.0506537448597399,823,1667,T215Y,569,569/823,810,13,"{""unknown_X"": 13}",11,1,"[[""T215Y""]]","largest joint count, then lexicographic tuple of source mutation strings in ascending position order",observed_training_profile,"Observed training annotation; coefficient belongs to the original position rule, not this mutation profile."
NRTI/AZT,CV-min,151,P151,0.7148084119430248,46,1667,Q151M,45,45/46,45,1,"{""unknown_X"": 1}",1,1,"[[""Q151M""]]","largest joint count, then lexicographic tuple of source mutation strings in ascending position order",observed_training_profile,"Observed training annotation; coefficient belongs to the original position rule, not this mutation profile."
NRTI/AZT,CV-min,67,P67,0.45992210771944875,613,1667,D67N,506,506/613,563,50,"{""mixed_amino_acid_token"": 43, ""other_non_simple_token"": 1, ""unknown_X"": 6}",7,1,"[[""D67N""]]","largest joint count, then lexicographic tuple of source mutation strings in ascending position order",observed_training_profile,"Observed training annotation; coefficient belongs to the original position rule, not this mutation profile."
NRTI/AZT,CV-min,41,P41,0.44309901651081479,645,1667,M41L,644,644/645,645,0,{},2,1,"[[""M41L""]]","largest joint count, then lexicographic tuple of source mutation strings in ascending position order",observed_training_profile,"Observed training annotation; coefficient belongs to the original position rule, not this mutation profile."
NRTI/AZT,CV-min,184,P184,-0.39374228360554009,805,1667,M184V,776,776/805,805,0,{},2,1,"[[""M184V""]]","largest joint count, then lexicographic tuple of source mutation strings in ascending position order",observed_training_profile,"Observed training annotation; coefficient belongs to the original position rule, not this mutation profile."
NRTI/AZT,CV-min,77,P77,0.2829003810052384,33,1667,F77L,30,30/33,30,3,"{""mixed_amino_acid_token"": 3}",1,1,"[[""F77L""]]","largest joint count, then lexicographic tuple of source mutation strings in ascending position order",observed_training_profile,"Observed training annotation; coefficient belongs to the original position rule, not this mutation profile."
NRTI/AZT,CV-min,41;210,P41 + P210,0.24311691723394283,440,1667,M41L + L210W,427,427/440,439,1,"{""unknown_X"": 1}",4,1,"[[""M41L"", ""L210W""]]","largest joint count, then lexicographic tuple of source mutation strings in ascending position order",observed_training_profile,"Observed training annotation; coefficient belongs to the original position rule, not this mutation profile."
NRTI/AZT,CV-min,210,P210,0.24070678357973496,473,1667,L210W,453,453/473,471,2,"{""unknown_X"": 2}",4,1,"[[""L210W""]]","largest joint count, then lexicographic tuple of source mutation strings in ascending position order",observed_training_profile,"Observed training annotation; coefficient belongs to the original position rule, not this mutation profile."
NRTI/AZT,CV-min,69,P69,0.21488900108951303,348,1667,T69D,153,153/348,280,68,"{""insertion_or_special_marker"": 23, ""mixed_amino_acid_token"": 41, ""unknown_X"": 4}",9,1,"[[""T69D""]]","largest joint count, then lexicographic tuple of source mutation strings in ascending position order",observed_training_profile,"Observed training annotation; coefficient belongs to the original position rule, not this mutation profile."
NRTI/AZT,CV-min,135;215,P135 + P215,0.20235960994375052,373,1667,I135T + T215Y,143,143/373,331,42,"{""mixed_amino_acid_token"": 37, ""unknown_X"": 7}",25,1,"[[""I135T"", ""T215Y""]]","largest joint count, then lexicographic tuple of source mutation strings in ascending position order",observed_training_profile,"Observed training annotation; coefficient belongs to the original position rule, not this mutation profile."
NRTI/AZT,CV-min,70,P70,0.17117839498562171,348,1667,K70R,303,303/348,342,6,"{""other_non_simple_token"": 6}",8,1,"[[""K70R""]]","largest joint count, then lexicographic tuple of source mutation strings in ascending position order",observed_training_profile,"Observed training annotation; coefficient belongs to the original position rule, not this mutation profile."
NRTI/AZT,CV-min,184;215,P184 + P215,-0.16473461551349952,525,1667,M184V + T215Y,385,385/525,522,3,"{""unknown_X"": 3}",13,1,"[[""M184V"", ""T215Y""]]","largest joint count, then lexicographic tuple of source mutation strings in ascending position order",observed_training_profile,"Observed training annotation; coefficient belongs to the original position rule, not this mutation profile."
NRTI/AZT,CV-min,74;215,P74 + P215,-0.15621933721203179,183,1667,L74V + T215Y,97,97/183,181,2,"{""unknown_X"": 2}",6,1,"[[""L74V"", ""T215Y""]]","largest joint count, then lexicographic tuple of source mutation strings in ascending position order",observed_training_profile,"Observed training annotation; coefficient belongs to the original position rule, not this mutation profile."
NRTI/AZT,CV-min,67;69;210;215,P67 + P69 + P210 + P215,-0.14795293633858667,98,1667,D67N + T69D + L210W + T215Y,56,56/98,81,17,"{""insertion_or_special_marker"": 2, ""mixed_amino_acid_token"": 11, ""unknown_X"": 5}",14,1,"[[""D67N"", ""T69D"", ""L210W"", ""T215Y""]]","largest joint count, then lexicographic tuple of source mutation strings in ascending position order",observed_training_profile,"Observed training annotation; coefficient belongs to the original position rule, not this mutation profile."
NRTI/AZT,CV-min,43;211,P43 + P211,0.14252677728485466,224,1667,K43E + R211K,74,74/224,163,61,"{""mixed_amino_acid_token"": 57, ""unknown_X"": 4}",15,1,"[[""K43E"", ""R211K""]]","largest joint count, then lexicographic tuple of source mutation strings in ascending position order",observed_training_profile,"Observed training annotation; coefficient belongs to the original position rule, not this mutation profile."
NRTI/AZT,CV-min,75,P75,0.13376387171931373,149,1667,V75M,58,58/149,147,2,"{""unknown_X"": 2}",6,1,"[[""V75M""]]","largest joint count, then lexicographic tuple of source mutation strings in ascending position order",observed_training_profile,"Observed training annotation; coefficient belongs to the original position rule, not this mutation profile."
NRTI/AZT,CV-min,70;219,P70 + P219,0.12280875252245942,275,1667,K70R + K219Q,176,176/275,268,7,"{""asterisk_special_marker"": 1, ""mixed_amino_acid_token"": 6}",10,1,"[[""K70R"", ""K219Q""]]","largest joint count, then lexicographic tuple of source mutation strings in ascending position order",observed_training_profile,"Observed training annotation; coefficient belongs to the original position rule, not this mutation profile."
NRTI/AZT,CV-min,219,P219,0.089188628449166057,502,1667,K219Q,219,219/502,442,60,"{""asterisk_special_marker"": 1, ""mixed_amino_acid_token"": 56, ""unknown_X"": 3}",11,1,"[[""K219Q""]]","largest joint count, then lexicographic tuple of source mutation strings in ascending position order",observed_training_profile,"Observed training annotation; coefficient belongs to the original position rule, not this mutation profile."
NRTI/AZT,CV-min,98;215,P98 + P215,0.081733844062893204,149,1667,A98G + T215Y,52,52/149,137,12,"{""mixed_amino_acid_token"": 12, ""unknown_X"": 1}",10,1,"[[""A98G"", ""T215Y""]]","largest joint count, then lexicographic tuple of source mutation strings in ascending position order",observed_training_profile,"Observed training annotation; coefficient belongs to the original position rule, not this mutation profile."
NRTI/AZT,CV-min,62,P62,0.077865628839532131,75,1667,A62V,61,61/75,62,13,"{""mixed_amino_acid_token"": 13}",2,1,"[[""A62V""]]","largest joint count, then lexicographic tuple of source mutation strings in ascending position order",observed_training_profile,"Observed training annotation; coefficient belongs to the original position rule, not this mutation profile."
NRTI/AZT,CV-min,181;215,P181 + P215,-0.070416525517693285,192,1667,Y181C + T215Y,101,101/192,172,20,"{""mixed_amino_acid_token"": 17, ""unknown_X"": 5}",16,1,"[[""Y181C"", ""T215Y""]]","largest joint count, then lexicographic tuple of source mutation strings in ascending position order",observed_training_profile,"Observed training annotation; coefficient belongs to the original position rule, not this mutation profile."
NRTI/AZT,CV-min,184;200;215,P184 + P200 + P215,-0.038463586324423288,240,1667,M184V + T200A + T215Y,110,110/240,187,53,"{""mixed_amino_acid_token"": 48, ""unknown_X"": 5}",21,1,"[[""M184V"", ""T200A"", ""T215Y""]]","largest joint count, then lexicographic tuple of source mutation strings in ascending position order",observed_training_profile,"Observed training annotation; coefficient belongs to the original position rule, not this mutation profile."
NRTI/AZT,CV-min,75;211,P75 + P211,0.036530565798387052,90,1667,V75M + R211K,32,32/90,77,13,"{""mixed_amino_acid_token"": 12, ""unknown_X"": 2}",13,1,"[[""V75M"", ""R211K""]]","largest joint count, then lexicographic tuple of source mutation strings in ascending position order",observed_training_profile,"Observed training annotation; coefficient belongs to the original position rule, not this mutation profile."
NRTI/AZT,CV-min,122;184,P122 + P184,-0.026631449287646936,450,1667,K122E + M184V,382,382/450,420,30,"{""mixed_amino_acid_token"": 30}",8,1,"[[""K122E"", ""M184V""]]","largest joint count, then lexicographic tuple of source mutation strings in ascending position order",observed_training_profile,"Observed training annotation; coefficient belongs to the original position rule, not this mutation profile."
NRTI/AZT,CV-min,181,P181,-0.023154290913827119,277,1667,Y181C,225,225/277,246,31,"{""mixed_amino_acid_token"": 31}",5,1,"[[""Y181C""]]","largest joint count, then lexicographic tuple of source mutation strings in ascending position order",observed_training_profile,"Observed training annotation; coefficient belongs to the original position rule, not this mutation profile."
NRTI/AZT,CV-min,122;184;215,P122 + P184 + P215,-0.020530554753424721,331,1667,K122E + M184V + T215Y,219,219/331,309,22,"{""mixed_amino_acid_token"": 22}",15,1,"[[""K122E"", ""M184V"", ""T215Y""]]","largest joint count, then lexicographic tuple of source mutation strings in ascending position order",observed_training_profile,"Observed training annotation; coefficient belongs to the original position rule, not this mutation profile."
NRTI/AZT,CV-min,41;210;211,P41 + P210 + P211,0.012521111572799535,341,1667,M41L + L210W + R211K,278,278/341,300,41,"{""mixed_amino_acid_token"": 38, ""unknown_X"": 3}",10,1,"[[""M41L"", ""L210W"", ""R211K""]]","largest joint count, then lexicographic tuple of source mutation strings in ascending position order",observed_training_profile,"Observed training annotation; coefficient belongs to the original position rule, not this mutation profile."
NRTI/AZT,CV-min,67;70;123;135,P67 + P70 + P123 + P135,0.0070139606168633873,58,1667,D67N + K70R + D123E + I135T,15,15/58,42,16,"{""mixed_amino_acid_token"": 15, ""unknown_X"": 2}",15,1,"[[""D67N"", ""K70R"", ""D123E"", ""I135T""]]","largest joint count, then lexicographic tuple of source mutation strings in ascending position order",observed_training_profile,"Observed training annotation; coefficient belongs to the original position rule, not this mutation profile."
NRTI/AZT,CV-min,203,P203,0.0024440858485611024,212,1667,E203K,90,90/212,164,48,"{""mixed_amino_acid_token"": 44, ""unknown_X"": 4}",7,1,"[[""E203K""]]","largest joint count, then lexicographic tuple of source mutation strings in ascending position order",observed_training_profile,"Observed training annotation; coefficient belongs to the original position rule, not this mutation profile."
NRTI/D4T,CV-min,151,P151,1.1758052541532644,46,1661,Q151M,45,45/46,45,1,"{""unknown_X"": 1}",1,1,"[[""Q151M""]]","largest joint count, then lexicographic tuple of source mutation strings in ascending position order",observed_training_profile,"Observed training annotation; coefficient belongs to the original position rule, not this mutation profile."
NRTI/D4T,CV-min,35;174;215,P35 + P174 + P215,0.69958081502927771,35,1661,V35T + Q174K + T215F,3,3/35,19,16,"{""mixed_amino_acid_token"": 16}",16,1,"[[""V35T"", ""Q174K"", ""T215F""]]","largest joint count, then lexicographic tuple of source mutation strings in ascending position order",observed_training_profile,"Observed training annotation; coefficient belongs to the original position rule, not this mutation profile."
NRTI/D4T,CV-min,88,P88,0.39084950330864598,34,1661,W88C,17,17/34,25,9,"{""mixed_amino_acid_token"": 9}",3,1,"[[""W88C""]]","largest joint count, then lexicographic tuple of source mutation strings in ascending position order",observed_training_profile,"Observed training annotation; coefficient belongs to the original position rule, not this mutation profile."
NRTI/D4T,CV-min,215,P215,0.34636249416513992,821,1661,T215Y,562,562/821,807,14,"{""unknown_X"": 14}",11,1,"[[""T215Y""]]","largest joint count, then lexicographic tuple of source mutation strings in ascending position order",observed_training_profile,"Observed training annotation; coefficient belongs to the original position rule, not this mutation profile."
NRTI/D4T,CV-min,69;135;162;215,P69 + P135 + P162 + P215,0.31557569194795193,46,1661,T69D + I135T + S162C + T215Y,4,4/46,25,21,"{""insertion_or_special_marker"": 2, ""mixed_amino_acid_token"": 17, ""unknown_X"": 3}",16,2,"[[""T69D"", ""I135T"", ""S162C"", ""T215Y""], [""T69D"", ""I135T"", ""S162D"", ""T215F""]]","largest joint count, then lexicographic tuple of source mutation strings in ascending position order",observed_training_profile,"Observed training annotation; coefficient belongs to the original position rule, not this mutation profile."
NRTI/D4T,CV-min,35;135;174,P35 + P135 + P174,0.29327871729047728,47,1661,V35T + I135V + Q174K,9,9/47,35,12,"{""mixed_amino_acid_token"": 11, ""unknown_X"": 1}",18,1,"[[""V35T"", ""I135V"", ""Q174K""]]","largest joint count, then lexicographic tuple of source mutation strings in ascending position order",observed_training_profile,"Observed training annotation; coefficient belongs to the original position rule, not this mutation profile."
NRTI/D4T,CV-min,62,P62,0.24495790361118217,74,1661,A62V,64,64/74,65,9,"{""mixed_amino_acid_token"": 9}",2,1,"[[""A62V""]]","largest joint count, then lexicographic tuple of source mutation strings in ascending position order",observed_training_profile,"Observed training annotation; coefficient belongs to the original position rule, not this mutation profile."
NRTI/D4T,CV-min,69;215,P69 + P215,0.23695876396735446,266,1661,T69D + T215Y,87,87/266,213,53,"{""insertion_or_special_marker"": 18, ""mixed_amino_acid_token"": 26, ""unknown_X"": 9}",24,1,"[[""T69D"", ""T215Y""]]","largest joint count, then lexicographic tuple of source mutation strings in ascending position order",observed_training_profile,"Observed training annotation; coefficient belongs to the original position rule, not this mutation profile."
NRTI/D4T,CV-min,116;151,P116 + P151,0.22757938924445872,34,1661,F116Y + Q151M,32,32/34,32,2,"{""mixed_amino_acid_token"": 2}",1,1,"[[""F116Y"", ""Q151M""]]","largest joint count, then lexicographic tuple of source mutation strings in ascending position order",observed_training_profile,"Observed training annotation; coefficient belongs to the original position rule, not this mutation profile."
NRTI/D4T,CV-min,69,P69,0.20261206032729806,355,1661,T69D,155,155/355,289,66,"{""insertion_or_special_marker"": 22, ""mixed_amino_acid_token"": 40, ""unknown_X"": 4}",10,1,"[[""T69D""]]","largest joint count, then lexicographic tuple of source mutation strings in ascending position order",observed_training_profile,"Observed training annotation; coefficient belongs to the original position rule, not this mutation profile."
NRTI/D4T,CV-min,184,P184,-0.18790877333082193,799,1661,M184V,769,769/799,799,0,{},2,1,"[[""M184V""]]","largest joint count, then lexicographic tuple of source mutation strings in ascending position order",observed_training_profile,"Observed training annotation; coefficient belongs to the original position rule, not this mutation profile."
NRTI/D4T,CV-min,67;210;211;219,P67 + P210 + P211 + P219,0.18020269800069824,131,1661,D67N + L210W + R211K + K219N,32,32/131,94,37,"{""mixed_amino_acid_token"": 37, ""unknown_X"": 1}",16,1,"[[""D67N"", ""L210W"", ""R211K"", ""K219N""]]","largest joint count, then lexicographic tuple of source mutation strings in ascending position order",observed_training_profile,"Observed training annotation; coefficient belongs to the original position rule, not this mutation profile."
NRTI/D4T,CV-min,68,P68,0.1755209220583677,165,1661,S68G,119,119/165,137,28,"{""mixed_amino_acid_token"": 23, ""unknown_X"": 5}",5,1,"[[""S68G""]]","largest joint count, then lexicographic tuple of source mutation strings in ascending position order",observed_training_profile,"Observed training annotation; coefficient belongs to the original position rule, not this mutation profile."
NRTI/D4T,CV-min,77,P77,0.15931366715992359,38,1661,F77L,35,35/38,35,3,"{""mixed_amino_acid_token"": 3}",1,1,"[[""F77L""]]","largest joint count, then lexicographic tuple of source mutation strings in ascending position order",observed_training_profile,"Observed training annotation; coefficient belongs to the original position rule, not this mutation profile."
NRTI/D4T,CV-min,35;211,P35 + P211,-0.15786963641535065,308,1661,V35I + R211K,78,78/308,212,96,"{""mixed_amino_acid_token"": 93, ""unknown_X"": 5}",25,1,"[[""V35I"", ""R211K""]]","largest joint count, then lexicographic tuple of source mutation strings in ascending position order",observed_training_profile,"Observed training annotation; coefficient belongs to the original position rule, not this mutation profile."
NRTI/D4T,CV-min,135;138,P135 + P138,0.13209730846593098,46,1661,I135T + E138A,9,9/46,30,16,"{""asterisk_special_marker"": 2, ""mixed_amino_acid_token"": 13, ""unknown_X"": 1}",12,1,"[[""I135T"", ""E138A""]]","largest joint count, then lexicographic tuple of source mutation strings in ascending position order",observed_training_profile,"Observed training annotation; coefficient belongs to the original position rule, not this mutation profile."
NRTI/D4T,CV-min,75,P75,0.12745354413968862,149,1661,V75M,60,60/149,147,2,"{""unknown_X"": 2}",6,1,"[[""V75M""]]","largest joint count, then lexicographic tuple of source mutation strings in ascending position order",observed_training_profile,"Observed training annotation; coefficient belongs to the original position rule, not this mutation profile."
NRTI/D4T,CV-min,122;177;178;215,P122 + P177 + P178 + P215,0.12680721787903118,44,1661,K122E + D177E + I178L + T215Y,11,11/44,33,11,"{""mixed_amino_acid_token"": 11}",11,1,"[[""K122E"", ""D177E"", ""I178L"", ""T215Y""]]","largest joint count, then lexicographic tuple of source mutation strings in ascending position order",observed_training_profile,"Observed training annotation; coefficient belongs to the original position rule, not this mutation profile."
NRTI/D4T,CV-min,122;135;215;228,P122 + P135 + P215 + P228,0.12286814059930071,102,1661,K122E + I135T + T215Y + L228H,15,15/102,64,38,"{""mixed_amino_acid_token"": 38, ""unknown_X"": 1}",18,1,"[[""K122E"", ""I135T"", ""T215Y"", ""L228H""]]","largest joint count, then lexicographic tuple of source mutation strings in ascending position order",observed_training_profile,"Observed training annotation; coefficient belongs to the original position rule, not this mutation profile."
NRTI/D4T,CV-min,35;135;215,P35 + P135 + P215,0.1193106426713948,113,1661,V35I + I135T + T215Y,14,14/113,94,19,"{""mixed_amino_acid_token"": 19, ""unknown_X"": 2}",38,1,"[[""V35I"", ""I135T"", ""T215Y""]]","largest joint count, then lexicographic tuple of source mutation strings in ascending position order",observed_training_profile,"Observed training annotation; coefficient belongs to the original position rule, not this mutation profile."
NRTI/D4T,CV-min,67;69;211;215,P67 + P69 + P211 + P215,-0.11785550754042345,118,1661,D67N + T69D + R211K + T215Y,42,42/118,82,36,"{""insertion_or_special_marker"": 1, ""mixed_amino_acid_token"": 27, ""unknown_X"": 9}",18,1,"[[""D67N"", ""T69D"", ""R211K"", ""T215Y""]]","largest joint count, then lexicographic tuple of source mutation strings in ascending position order",observed_training_profile,"Observed training annotation; coefficient belongs to the original position rule, not this mutation profile."
NRTI/D4T,CV-min,35;68,P35 + P68,0.1094124439405683,56,1661,V35I + S68G,12,12/56,35,21,"{""mixed_amino_acid_token"": 18, ""unknown_X"": 3}",10,1,"[[""V35I"", ""S68G""]]","largest joint count, then lexicographic tuple of source mutation strings in ascending position order",observed_training_profile,"Observed training annotation; coefficient belongs to the original position rule, not this mutation profile."
NRTI/D4T,CV-min,43;118;215,P43 + P118 + P215,0.10734829626522675,191,1661,K43E + V118I + T215Y,80,80/191,149,42,"{""mixed_amino_acid_token"": 38, ""unknown_X"": 5}",10,1,"[[""K43E"", ""V118I"", ""T215Y""]]","largest joint count, then lexicographic tuple of source mutation strings in ascending position order",observed_training_profile,"Observed training annotation; coefficient belongs to the original position rule, not this mutation profile."
NRTI/D4T,CV-min,69;188,P69 + P188,0.10511275586019858,34,1661,T69D + Y188L,10,10/34,26,8,"{""insertion_or_special_marker"": 5, ""mixed_amino_acid_token"": 3}",8,1,"[[""T69D"", ""Y188L""]]","largest joint count, then lexicographic tuple of source mutation strings in ascending position order",observed_training_profile,"Observed training annotation; coefficient belongs to the original position rule, not this mutation profile."
NRTI/D4T,CV-min,210;215,P210 + P215,0.10446432904978625,466,1661,L210W + T215Y,407,407/466,460,6,"{""unknown_X"": 6}",13,1,"[[""L210W"", ""T215Y""]]","largest joint count, then lexicographic tuple of source mutation strings in ascending position order",observed_training_profile,"Observed training annotation; coefficient belongs to the original position rule, not this mutation profile."
NRTI/D4T,CV-min,43;215,P43 + P215,0.10288972773590524,269,1661,K43E + T215Y,102,102/269,212,57,"{""mixed_amino_acid_token"": 52, ""unknown_X"": 5}",12,1,"[[""K43E"", ""T215Y""]]","largest joint count, then lexicographic tuple of source mutation strings in ascending position order",observed_training_profile,"Observed training annotation; coefficient belongs to the original position rule, not this mutation profile."
NRTI/D4T,CV-min,67;69;103;215,P67 + P69 + P103 + P215,-0.10059337159663821,77,1661,D67N + T69D + K103N + T215Y,18,18/77,60,17,"{""mixed_amino_acid_token"": 13, ""other_non_simple_token"": 1, ""unknown_X"": 3}",23,1,"[[""D67N"", ""T69D"", ""K103N"", ""T215Y""]]","largest joint count, then lexicographic tuple of source mutation strings in ascending position order",observed_training_profile,"Observed training annotation; coefficient belongs to the original position rule, not this mutation profile."
NRTI/D4T,CV-min,65,P65,0.095357312235821182,54,1661,K65R,54,54/54,54,0,{},1,1,"[[""K65R""]]","largest joint count, then lexicographic tuple of source mutation strings in ascending position order",observed_training_profile,"Observed training annotation; coefficient belongs to the original position rule, not this mutation profile."
NRTI/D4T,CV-min,41,P41,0.092798753351812618,635,1661,M41L,634,634/635,635,0,{},2,1,"[[""M41L""]]","largest joint count, then lexicographic tuple of source mutation strings in ascending position order",observed_training_profile,"Observed training annotation; coefficient belongs to the original position rule, not this mutation profile."
NRTI/D4T,CV-min,69;215;219,P69 + P215 + P219,-0.089437753031761991,172,1661,T69D + T215F + K219Q,34,34/172,144,28,"{""asterisk_special_marker"": 1, ""mixed_amino_acid_token"": 23, ""unknown_X"": 4}",27,1,"[[""T69D"", ""T215F"", ""K219Q""]]","largest joint count, then lexicographic tuple of source mutation strings in ascending position order",observed_training_profile,"Observed training annotation; coefficient belongs to the original position rule, not this mutation profile."
NRTI/D4T,CV-min,208;211;215,P208 + P211 + P215,0.08401295295862489,175,1661,H208Y + R211K + T215Y,98,98/175,127,48,"{""mixed_amino_acid_token"": 44, ""unknown_X"": 6}",9,1,"[[""H208Y"", ""R211K"", ""T215Y""]]","largest joint count, then lexicographic tuple of source mutation strings in ascending position order",observed_training_profile,"Observed training annotation; coefficient belongs to the original position rule, not this mutation profile."
NRTI/D4T,CV-min,190,P190,0.080367424607453705,182,1661,G190A,121,121/182,158,24,"{""mixed_amino_acid_token"": 23, ""unknown_X"": 1}",5,1,"[[""G190A""]]","largest joint count, then lexicographic tuple of source mutation strings in ascending position order",observed_training_profile,"Observed training annotation; coefficient belongs to the original position rule, not this mutation profile."
NRTI/D4T,CV-min,116,P116,0.078215379609744298,35,1661,F116Y,32,32/35,32,3,"{""mixed_amino_acid_token"": 3}",1,1,"[[""F116Y""]]","largest joint count, then lexicographic tuple of source mutation strings in ascending position order",observed_training_profile,"Observed training annotation; coefficient belongs to the original position rule, not this mutation profile."
NRTI/D4T,CV-min,68;122,P68 + P122,0.077067041608215606,89,1661,S68G + K122E,57,57/89,71,18,"{""mixed_amino_acid_token"": 16, ""unknown_X"": 2}",7,1,"[[""S68G"", ""K122E""]]","largest joint count, then lexicographic tuple of source mutation strings in ascending position order",observed_training_profile,"Observed training annotation; coefficient belongs to the original position rule, not this mutation profile."
NRTI/D4T,CV-min,69;162;215,P69 + P162 + P215,0.073686259995997747,88,1661,T69D + S162C + T215Y,9,9/88,51,37,"{""insertion_or_special_marker"": 8, ""mixed_amino_acid_token"": 25, ""unknown_X"": 8}",28,1,"[[""T69D"", ""S162C"", ""T215Y""]]","largest joint count, then lexicographic tuple of source mutation strings in ascending position order",observed_training_profile,"Observed training annotation; coefficient belongs to the original position rule, not this mutation profile."
NRTI/D4T,CV-min,41;67;118;215,P41 + P67 + P118 + P215,0.07174616519978988,241,1661,M41L + D67N + V118I + T215Y,159,159/241,199,42,"{""mixed_amino_acid_token"": 39, ""unknown_X"": 4}",10,1,"[[""M41L"", ""D67N"", ""V118I"", ""T215Y""]]","largest joint count, then lexicographic tuple of source mutation strings in ascending position order",observed_training_profile,"Observed training annotation; coefficient belongs to the original position rule, not this mutation profile."
NRTI/D4T,CV-min,41;67,P41 + P67,0.071686687830277471,388,1661,M41L + D67N,327,327/388,355,33,"{""mixed_amino_acid_token"": 28, ""unknown_X"": 5}",7,1,"[[""M41L"", ""D67N""]]","largest joint count, then lexicographic tuple of source mutation strings in ascending position order",observed_training_profile,"Observed training annotation; coefficient belongs to the original position rule, not this mutation profile."
NRTI/D4T,CV-min,67;69;215;219,P67 + P69 + P215 + P219,-0.06985597183248228,152,1661,D67N + T69D + T215F + K219Q,33,33/152,119,33,"{""asterisk_special_marker"": 1, ""mixed_amino_acid_token"": 24, ""other_non_simple_token"": 1, ""unknown_X"": 7}",29,1,"[[""D67N"", ""T69D"", ""T215F"", ""K219Q""]]","largest joint count, then lexicographic tuple of source mutation strings in ascending position order",observed_training_profile,"Observed training annotation; coefficient belongs to the original position rule, not this mutation profile."
NRTI/D4T,CV-min,67;69;184;215,P67 + P69 + P184 + P215,-0.063498579271737451,136,1661,D67N + T69D + M184V + T215Y,43,43/136,115,21,"{""insertion_or_special_marker"": 1, ""mixed_amino_acid_token"": 15, ""unknown_X"": 7}",22,1,"[[""D67N"", ""T69D"", ""M184V"", ""T215Y""]]","largest joint count, then lexicographic tuple of source mutation strings in ascending position order",observed_training_profile,"Observed training annotation; coefficient belongs to the original position rule, not this mutation profile."
NRTI/D4T,CV-min,115,P115,0.063157751714350327,42,1661,Y115F,38,38/42,38,4,"{""mixed_amino_acid_token"": 4}",1,1,"[[""Y115F""]]","largest joint count, then lexicographic tuple of source mutation strings in ascending position order",observed_training_profile,"Observed training annotation; coefficient belongs to the original position rule, not this mutation profile."
NRTI/D4T,CV-min,135;174;215,P135 + P174 + P215,0.062021581172663535,45,1661,I135T + Q174R + T215Y,5,5/45,31,14,"{""mixed_amino_acid_token"": 14}",20,1,"[[""I135T"", ""Q174R"", ""T215Y""]]","largest joint count, then lexicographic tuple of source mutation strings in ascending position order",observed_training_profile,"Observed training annotation; coefficient belongs to the original position rule, not this mutation profile."
NRTI/D4T,CV-min,67;118;200,P67 + P118 + P200,0.061695202551321882,108,1661,D67N + V118I + T200A,49,49/108,74,34,"{""mixed_amino_acid_token"": 33, ""unknown_X"": 1}",11,1,"[[""D67N"", ""V118I"", ""T200A""]]","largest joint count, then lexicographic tuple of source mutation strings in ascending position order",observed_training_profile,"Observed training annotation; coefficient belongs to the original position rule, not this mutation profile."
NRTI/D4T,CV-min,162;174,P162 + P174,0.058779306733479274,59,1661,S162C + Q174K,8,8/59,36,23,"{""mixed_amino_acid_token"": 22, ""unknown_X"": 3}",16,1,"[[""S162C"", ""Q174K""]]","largest joint count, then lexicographic tuple of source mutation strings in ascending position order",observed_training_profile,"Observed training annotation; coefficient belongs to the original position rule, not this mutation profile."
NRTI/D4T,CV-min,60,P60,-0.058184360697466735,330,1661,V60I,266,266/330,268,62,"{""mixed_amino_acid_token"": 62}",3,1,"[[""V60I""]]","largest joint count, then lexicographic tuple of source mutation strings in ascending position order",observed_training_profile,"Observed training annotation; coefficient belongs to the original position rule, not this mutation profile."
NRTI/D4T,CV-min,208,P208,0.057510319400534887,207,1661,H208Y,151,151/207,160,47,"{""mixed_amino_acid_token"": 45, ""unknown_X"": 2}",3,1,"[[""H208Y""]]","largest joint count, then lexicographic tuple of source mutation strings in ascending position order",observed_training_profile,"Observed training annotation; coefficient belongs to the original position rule, not this mutation profile."
NRTI/D4T,CV-min,101;215;228,P101 + P215 + P228,0.052447559742556084,70,1661,K101E + T215Y + L228H,9,9/70,53,17,"{""mixed_amino_acid_token"": 15, ""unknown_X"": 5}",27,1,"[[""K101E"", ""T215Y"", ""L228H""]]","largest joint count, then lexicographic tuple of source mutation strings in ascending position order",observed_training_profile,"Observed training annotation; coefficient belongs to the original position rule, not this mutation profile."
NRTI/D4T,CV-min,68;177,P68 + P177,0.050032080965338538,44,1661,S68G + D177E,24,24/44,32,12,"{""mixed_amino_acid_token"": 11, ""unknown_X"": 2}",5,1,"[[""S68G"", ""D177E""]]","largest joint count, then lexicographic tuple of source mutation strings in ascending position order",observed_training_profile,"Observed training annotation; coefficient belongs to the original position rule, not this mutation profile."
NRTI/D4T,CV-min,135;207;211,P135 + P207 + P211,-0.043514645717314691,130,1661,I135T + Q207E + R211K,31,31/130,84,46,"{""asterisk_special_marker"": 1, ""mixed_amino_acid_token"": 43, ""unknown_X"": 6}",16,1,"[[""I135T"", ""Q207E"", ""R211K""]]","largest joint count, then lexicographic tuple of source mutation strings in ascending position order",observed_training_profile,"Observed training annotation; coefficient belongs to the original position rule, not this mutation profile."
NRTI/D4T,CV-min,122;215;228,P122 + P215 + P228,0.041280587231308417,206,1661,K122E + T215Y + L228H,60,60/206,158,48,"{""mixed_amino_acid_token"": 47, ""unknown_X"": 2}",21,1,"[[""K122E"", ""T215Y"", ""L228H""]]","largest joint count, then lexicographic tuple of source mutation strings in ascending position order",observed_training_profile,"Observed training annotation; coefficient belongs to the original position rule, not this mutation profile."
NRTI/D4T,CV-min,122;228,P122 + P228,0.037664097475023813,242,1661,K122E + L228H,114,114/242,182,60,"{""mixed_amino_acid_token"": 60}",9,1,"[[""K122E"", ""L228H""]]","largest joint count, then lexicographic tuple of source mutation strings in ascending position order",observed_training_profile,"Observed training annotation; coefficient belongs to the original position rule, not this mutation profile."
NRTI/D4T,CV-min,123,P123,-0.037605568559637342,515,1661,D123E,324,324/515,415,100,"{""mixed_amino_acid_token"": 95, ""unknown_X"": 5}",5,1,"[[""D123E""]]","largest joint count, then lexicographic tuple of source mutation strings in ascending position order",observed_training_profile,"Observed training annotation; coefficient belongs to the original position rule, not this mutation profile."
NRTI/D4T,CV-min,179;211,P179 + P211,-0.036157144038870444,187,1661,V179I + R211K,70,70/187,115,72,"{""mixed_amino_acid_token"": 70, ""unknown_X"": 3}",18,1,"[[""V179I"", ""R211K""]]","largest joint count, then lexicographic tuple of source mutation strings in ascending position order",observed_training_profile,"Observed training annotation; coefficient belongs to the original position rule, not this mutation profile."
NRTI/D4T,CV-min,43;118,P43 + P118,0.034241278492589226,193,1661,K43E + V118I,86,86/193,153,40,"{""mixed_amino_acid_token"": 38, ""unknown_X"": 3}",6,1,"[[""K43E"", ""V118I""]]","largest joint count, then lexicographic tuple of source mutation strings in ascending position order",observed_training_profile,"Observed training annotation; coefficient belongs to the original position rule, not this mutation profile."
NRTI/D4T,CV-min,39;43;118;215,P39 + P43 + P118 + P215,0.030999391674994228,90,1661,T39A + K43E + V118I + T215Y,25,25/90,48,42,"{""mixed_amino_acid_token"": 39, ""unknown_X"": 4}",10,1,"[[""T39A"", ""K43E"", ""V118I"", ""T215Y""]]","largest joint count, then lexicographic tuple of source mutation strings in ascending position order",observed_training_profile,"Observed training annotation; coefficient belongs to the original position rule, not this mutation profile."
NRTI/D4T,CV-min,39;41;67;215,P39 + P41 + P67 + P215,0.028712776343241545,157,1661,T39A + M41L + D67N + T215Y,63,63/157,115,42,"{""mixed_amino_acid_token"": 35, ""unknown_X"": 8}",18,1,"[[""T39A"", ""M41L"", ""D67N"", ""T215Y""]]","largest joint count, then lexicographic tuple of source mutation strings in ascending position order",observed_training_profile,"Observed training annotation; coefficient belongs to the original position rule, not this mutation profile."
NRTI/D4T,CV-min,174;211,P174 + P211,-0.026128829860932606,141,1661,Q174K + R211K,36,36/141,90,51,"{""mixed_amino_acid_token"": 50, ""unknown_X"": 1}",17,1,"[[""Q174K"", ""R211K""]]","largest joint count, then lexicographic tuple of source mutation strings in ascending position order",observed_training_profile,"Observed training annotation; coefficient belongs to the original position rule, not this mutation profile."
NRTI/D4T,CV-min,122;177;178,P122 + P177 + P178,0.025894818014408329,81,1661,K122E + D177E + I178M,27,27/81,60,21,"{""mixed_amino_acid_token"": 21}",6,1,"[[""K122E"", ""D177E"", ""I178M""]]","largest joint count, then lexicographic tuple of source mutation strings in ascending position order",observed_training_profile,"Observed training annotation; coefficient belongs to the original position rule, not this mutation profile."
NRTI/D4T,CV-min,41;43;67;118,P41 + P43 + P67 + P118,0.023317667586274824,140,1661,M41L + K43E + D67N + V118I,61,61/140,109,31,"{""mixed_amino_acid_token"": 29, ""unknown_X"": 2}",8,1,"[[""M41L"", ""K43E"", ""D67N"", ""V118I""]]","largest joint count, then lexicographic tuple of source mutation strings in ascending position order",observed_training_profile,"Observed training annotation; coefficient belongs to the original position rule, not this mutation profile."
NRTI/D4T,CV-min,67;122;135;215,P67 + P122 + P135 + P215,-0.022897593041572767,191,1661,D67N + K122E + I135T + T215Y,51,51/191,144,47,"{""mixed_amino_acid_token"": 43, ""unknown_X"": 6}",26,1,"[[""D67N"", ""K122E"", ""I135T"", ""T215Y""]]","largest joint count, then lexicographic tuple of source mutation strings in ascending position order",observed_training_profile,"Observed training annotation; coefficient belongs to the original position rule, not this mutation profile."
NRTI/D4T,CV-min,35;67;69;122,P35 + P67 + P69 + P122,-0.022394464883592043,58,1661,V35I + D67N + T69D + K122E,9,9/58,41,17,"{""insertion_or_special_marker"": 2, ""mixed_amino_acid_token"": 16}",15,1,"[[""V35I"", ""D67N"", ""T69D"", ""K122E""]]","largest joint count, then lexicographic tuple of source mutation strings in ascending position order",observed_training_profile,"Observed training annotation; coefficient belongs to the original position rule, not this mutation profile."
NRTI/D4T,CV-min,122;200,P122 + P200,-0.018175548715458033,379,1661,K122E + T200A,193,193/379,277,102,"{""mixed_amino_acid_token"": 98, ""unknown_X"": 6}",17,1,"[[""K122E"", ""T200A""]]","largest joint count, then lexicographic tuple of source mutation strings in ascending position order",observed_training_profile,"Observed training annotation; coefficient belongs to the original position rule, not this mutation profile."
NRTI/D4T,CV-min,177;178,P177 + P178,0.016532851123724601,132,1661,D177E + I178L,41,41/132,91,41,"{""mixed_amino_acid_token"": 41}",7,1,"[[""D177E"", ""I178L""]]","largest joint count, then lexicographic tuple of source mutation strings in ascending position order",observed_training_profile,"Observed training annotation; coefficient belongs to the original position rule, not this mutation profile."
NRTI/D4T,CV-min,39;43;67;215,P39 + P43 + P67 + P215,0.016109384237082362,77,1661,T39A + K43E + D67N + T215Y,21,21/77,44,33,"{""mixed_amino_acid_token"": 30, ""unknown_X"": 4}",12,1,"[[""T39A"", ""K43E"", ""D67N"", ""T215Y""]]","largest joint count, then lexicographic tuple of source mutation strings in ascending position order",observed_training_profile,"Observed training annotation; coefficient belongs to the original position rule, not this mutation profile."
NRTI/D4T,CV-min,43;67;118;215,P43 + P67 + P118 + P215,0.012812386290075646,143,1661,K43E + D67N + V118I + T215Y,57,57/143,107,36,"{""mixed_amino_acid_token"": 32, ""unknown_X"": 5}",11,1,"[[""K43E"", ""D67N"", ""V118I"", ""T215Y""]]","largest joint count, then lexicographic tuple of source mutation strings in ascending position order",observed_training_profile,"Observed training annotation; coefficient belongs to the original position rule, not this mutation profile."
NRTI/D4T,CV-min,118;122;184;215,P118 + P122 + P184 + P215,-0.010511114469413472,184,1661,V118I + K122E + M184V + T215Y,110,110/184,147,37,"{""mixed_amino_acid_token"": 37}",8,1,"[[""V118I"", ""K122E"", ""M184V"", ""T215Y""]]","largest joint count, then lexicographic tuple of source mutation strings in ascending position order",observed_training_profile,"Observed training annotation; coefficient belongs to the original position rule, not this mutation profile."
NRTI/D4T,CV-min,41;67;69;210,P41 + P67 + P69 + P210,-0.006340424656401015,100,1661,M41L + D67N + T69D + L210W,69,69/100,86,14,"{""insertion_or_special_marker"": 1, ""mixed_amino_acid_token"": 11, ""unknown_X"": 3}",11,1,"[[""M41L"", ""D67N"", ""T69D"", ""L210W""]]","largest joint count, then lexicographic tuple of source mutation strings in ascending position order",observed_training_profile,"Observed training annotation; coefficient belongs to the original position rule, not this mutation profile."
NRTI/D4T,CV-min,118;211;219,P118 + P211 + P219,0.006187795244916589,147,1661,V118I + R211K + K219N,33,33/147,104,43,"{""mixed_amino_acid_token"": 43, ""unknown_X"": 1}",12,1,"[[""V118I"", ""R211K"", ""K219N""]]","largest joint count, then lexicographic tuple of source mutation strings in ascending position order",observed_training_profile,"Observed training annotation; coefficient belongs to the original position rule, not this mutation profile."
NRTI/D4T,CV-min,210,P210,0.0047514817031634096,475,1661,L210W,454,454/475,473,2,"{""unknown_X"": 2}",5,1,"[[""L210W""]]","largest joint count, then lexicographic tuple of source mutation strings in ascending position order",observed_training_profile,"Observed training annotation; coefficient belongs to the original position rule, not this mutation profile."
NRTI/D4T,CV-min,60;69,P60 + P69,-0.0022225132065123838,108,1661,V60I + T69D,52,52/108,85,23,"{""mixed_amino_acid_token"": 23, ""unknown_X"": 2}",7,1,"[[""V60I"", ""T69D""]]","largest joint count, then lexicographic tuple of source mutation strings in ascending position order",observed_training_profile,"Observed training annotation; coefficient belongs to the original position rule, not this mutation profile."
NRTI/D4T,CV-min,35;211;215,P35 + P211 + P215,-0.0020464965063323481,159,1661,V35I + R211K + T215Y,35,35/159,119,40,"{""mixed_amino_acid_token"": 37, ""unknown_X"": 8}",29,1,"[[""V35I"", ""R211K"", ""T215Y""]]","largest joint count, then lexicographic tuple of source mutation strings in ascending position order",observed_training_profile,"Observed training annotation; coefficient belongs to the original position rule, not this mutation profile."
NRTI/D4T,CV-min,196;210,P196 + P210,0.00075454852754182876,153,1661,G196E + L210W,117,117/153,127,26,"{""mixed_amino_acid_token"": 25, ""unknown_X"": 1}",8,1,"[[""G196E"", ""L210W""]]","largest joint count, then lexicographic tuple of source mutation strings in ascending position order",observed_training_profile,"Observed training annotation; coefficient belongs to the original position rule, not this mutation profile."
NRTI/D4T,CV-min,35;69;211,P35 + P69 + P211,-0.00041305935086367673,63,1661,V35I + T69D + R211K,12,12/63,37,26,"{""insertion_or_special_marker"": 2, ""mixed_amino_acid_token"": 25}",15,1,"[[""V35I"", ""T69D"", ""R211K""]]","largest joint count, then lexicographic tuple of source mutation strings in ascending position order",observed_training_profile,"Observed training annotation; coefficient belongs to the original position rule, not this mutation profile."
NRTI/DDI,CV-min,151,P151,1.6038808989930367,44,1662,Q151M,43,43/44,43,1,"{""unknown_X"": 1}",1,1,"[[""Q151M""]]","largest joint count, then lexicographic tuple of source mutation strings in ascending position order",observed_training_profile,"Observed training annotation; coefficient belongs to the original position rule, not this mutation profile."
NRTI/DDI,CV-min,65,P65,0.56923985009608735,57,1662,K65R,56,56/57,57,0,{},2,1,"[[""K65R""]]","largest joint count, then lexicographic tuple of source mutation strings in ascending position order",observed_training_profile,"Observed training annotation; coefficient belongs to the original position rule, not this mutation profile."
NRTI/DDI,CV-min,75;77,P75 + P77,0.45076129205023896,34,1662,V75I + F77L,20,20/34,32,2,"{""mixed_amino_acid_token"": 2}",3,1,"[[""V75I"", ""F77L""]]","largest joint count, then lexicographic tuple of source mutation strings in ascending position order",observed_training_profile,"Observed training annotation; coefficient belongs to the original position rule, not this mutation profile."
NRTI/DDI,CV-min,184,P184,0.29916899873063596,804,1662,M184V,775,775/804,804,0,{},2,1,"[[""M184V""]]","largest joint count, then lexicographic tuple of source mutation strings in ascending position order",observed_training_profile,"Observed training annotation; coefficient belongs to the original position rule, not this mutation profile."
NRTI/DDI,CV-min,74,P74,0.22482596998452883,229,1662,L74V,151,151/229,229,0,{},2,1,"[[""L74V""]]","largest joint count, then lexicographic tuple of source mutation strings in ascending position order",observed_training_profile,"Observed training annotation; coefficient belongs to the original position rule, not this mutation profile."
NRTI/DDI,CV-min,75;181,P75 + P181,0.17473188063963582,43,1662,V75I + Y181C,12,12/43,41,2,"{""mixed_amino_acid_token"": 2}",9,1,"[[""V75I"", ""Y181C""]]","largest joint count, then lexicographic tuple of source mutation strings in ascending position order",observed_training_profile,"Observed training annotation; coefficient belongs to the original position rule, not this mutation profile."
NRTI/DDI,CV-min,62;215,P62 + P215,0.17272281444991847,43,1662,A62V + T215Y,28,28/43,34,9,"{""mixed_amino_acid_token"": 9}",4,1,"[[""A62V"", ""T215Y""]]","largest joint count, then lexicographic tuple of source mutation strings in ascending position order",observed_training_profile,"Observed training annotation; coefficient belongs to the original position rule, not this mutation profile."
NRTI/DDI,CV-min,41;75;215,P41 + P75 + P215,-0.1687376894081524,102,1662,M41L + V75M + T215Y,42,42/102,99,3,"{""unknown_X"": 3}",15,1,"[[""M41L"", ""V75M"", ""T215Y""]]","largest joint count, then lexicographic tuple of source mutation strings in ascending position order",observed_training_profile,"Observed training annotation; coefficient belongs to the original position rule, not this mutation profile."
NRTI/DDI,CV-min,75,P75,0.16843421618256557,153,1662,V75M,60,60/153,151,2,"{""unknown_X"": 2}",6,1,"[[""V75M""]]","largest joint count, then lexicographic tuple of source mutation strings in ascending position order",observed_training_profile,"Observed training annotation; coefficient belongs to the original position rule, not this mutation profile."
NRTI/DDI,CV-min,69,P69,0.16395653273048305,351,1662,T69D,146,146/351,280,71,"{""insertion_or_special_marker"": 22, ""mixed_amino_acid_token"": 44, ""unknown_X"": 5}",10,1,"[[""T69D""]]","largest joint count, then lexicographic tuple of source mutation strings in ascending position order",observed_training_profile,"Observed training annotation; coefficient belongs to the original position rule, not this mutation profile."
NRTI/DDI,CV-min,68;69,P68 + P69,0.15762626929606052,36,1662,S68G + T69N,7,7/36,21,15,"{""insertion_or_special_marker"": 5, ""mixed_amino_acid_token"": 11, ""unknown_X"": 1}",9,1,"[[""S68G"", ""T69N""]]","largest joint count, then lexicographic tuple of source mutation strings in ascending position order",observed_training_profile,"Observed training annotation; coefficient belongs to the original position rule, not this mutation profile."
NRTI/DDI,CV-min,69;214,P69 + P214,-0.14294255170985212,75,1662,T69N + F214L,27,27/75,56,19,"{""insertion_or_special_marker"": 3, ""mixed_amino_acid_token"": 18, ""unknown_X"": 1}",6,1,"[[""T69N"", ""F214L""]]","largest joint count, then lexicographic tuple of source mutation strings in ascending position order",observed_training_profile,"Observed training annotation; coefficient belongs to the original position rule, not this mutation profile."
NRTI/DDI,CV-min,122;139,P122 + P139,0.13263174074680384,35,1662,K122E + T139K,4,4/35,15,20,"{""mixed_amino_acid_token"": 20}",7,1,"[[""K122E"", ""T139K""]]","largest joint count, then lexicographic tuple of source mutation strings in ascending position order",observed_training_profile,"Observed training annotation; coefficient belongs to the original position rule, not this mutation profile."
NRTI/DDI,CV-min,202;207,P202 + P207,0.12735823731577339,43,1662,I202V + Q207E,18,18/43,25,18,"{""mixed_amino_acid_token"": 18}",7,1,"[[""I202V"", ""Q207E""]]","largest joint count, then lexicographic tuple of source mutation strings in ascending position order",observed_training_profile,"Observed training annotation; coefficient belongs to the original position rule, not this mutation profile."
NRTI/DDI,CV-min,184;214,P184 + P214,0.12163405359244484,123,1662,M184V + F214L,97,97/123,104,19,"{""mixed_amino_acid_token"": 19}",3,1,"[[""M184V"", ""F214L""]]","largest joint count, then lexicographic tuple of source mutation strings in ascending position order",observed_training_profile,"Observed training annotation; coefficient belongs to the original position rule, not this mutation profile."
NRTI/DDI,CV-min,200;202,P200 + P202,0.10766326318015126,68,1662,T200A + I202V,17,17/68,38,30,"{""mixed_amino_acid_token"": 29, ""unknown_X"": 2}",6,1,"[[""T200A"", ""I202V""]]","largest joint count, then lexicographic tuple of source mutation strings in ascending position order",observed_training_profile,"Observed training annotation; coefficient belongs to the original position rule, not this mutation profile."
NRTI/DDI,CV-min,75;207,P75 + P207,0.099771872359369823,60,1662,V75M + Q207E,16,16/60,53,7,"{""asterisk_special_marker"": 1, ""mixed_amino_acid_token"": 5, ""unknown_X"": 1}",12,1,"[[""V75M"", ""Q207E""]]","largest joint count, then lexicographic tuple of source mutation strings in ascending position order",observed_training_profile,"Observed training annotation; coefficient belongs to the original position rule, not this mutation profile."
NRTI/DDI,CV-min,118;214,P118 + P214,-0.099066697264184531,80,1662,V118I + F214L,65,65/80,65,15,"{""mixed_amino_acid_token"": 15}",1,1,"[[""V118I"", ""F214L""]]","largest joint count, then lexicographic tuple of source mutation strings in ascending position order",observed_training_profile,"Observed training annotation; coefficient belongs to the original position rule, not this mutation profile."
NRTI/DDI,CV-min,70;181;228,P70 + P181 + P228,0.096995695059807832,46,1662,K70R + Y181C + L228H,18,18/46,36,10,"{""mixed_amino_acid_token"": 10}",7,1,"[[""K70R"", ""Y181C"", ""L228H""]]","largest joint count, then lexicographic tuple of source mutation strings in ascending position order",observed_training_profile,"Observed training annotation; coefficient belongs to the original position rule, not this mutation profile."
NRTI/DDI,CV-min,68,P68,0.095637718745899561,162,1662,S68G,116,116/162,135,27,"{""mixed_amino_acid_token"": 22, ""unknown_X"": 5}",5,1,"[[""S68G""]]","largest joint count, then lexicographic tuple of source mutation strings in ascending position order",observed_training_profile,"Observed training annotation; coefficient belongs to the original position rule, not this mutation profile."
NRTI/DDI,CV-min,69;215,P69 + P215,0.091379276489237882,253,1662,T69D + T215Y,77,77/253,199,54,"{""insertion_or_special_marker"": 19, ""mixed_amino_acid_token"": 26, ""unknown_X"": 9}",23,1,"[[""T69D"", ""T215Y""]]","largest joint count, then lexicographic tuple of source mutation strings in ascending position order",observed_training_profile,"Observed training annotation; coefficient belongs to the original position rule, not this mutation profile."
NRTI/DDI,CV-min,69;162;215,P69 + P162 + P215,0.090803761031450367,83,1662,T69D + S162C + T215Y,8,8/83,47,36,"{""insertion_or_special_marker"": 9, ""mixed_amino_acid_token"": 23, ""unknown_X"": 7}",26,1,"[[""T69D"", ""S162C"", ""T215Y""]]","largest joint count, then lexicographic tuple of source mutation strings in ascending position order",observed_training_profile,"Observed training annotation; coefficient belongs to the original position rule, not this mutation profile."
NRTI/DDI,CV-min,118,P118,0.088382007943117319,378,1662,V118I,332,332/378,334,44,"{""mixed_amino_acid_token"": 43, ""unknown_X"": 1}",2,1,"[[""V118I""]]","largest joint count, then lexicographic tuple of source mutation strings in ascending position order",observed_training_profile,"Observed training annotation; coefficient belongs to the original position rule, not this mutation profile."
NRTI/DDI,CV-min,35;174;215,P35 + P174 + P215,0.087002919452269206,36,1662,V35T + Q174K + T215F,3,3/36,19,17,"{""mixed_amino_acid_token"": 17}",16,1,"[[""V35T"", ""Q174K"", ""T215F""]]","largest joint count, then lexicographic tuple of source mutation strings in ascending position order",observed_training_profile,"Observed training annotation; coefficient belongs to the original position rule, not this mutation profile."
NRTI/DDI,CV-min,69;184;215,P69 + P184 + P215,-0.086513094087763268,153,1662,T69D + M184V + T215Y,49,49/153,128,25,"{""insertion_or_special_marker"": 7, ""mixed_amino_acid_token"": 15, ""unknown_X"": 3}",17,1,"[[""T69D"", ""M184V"", ""T215Y""]]","largest joint count, then lexicographic tuple of source mutation strings in ascending position order",observed_training_profile,"Observed training annotation; coefficient belongs to the original position rule, not this mutation profile."
NRTI/DDI,CV-min,210;215,P210 + P215,0.085351764321081616,468,1662,L210W + T215Y,409,409/468,462,6,"{""unknown_X"": 6}",13,1,"[[""L210W"", ""T215Y""]]","largest joint count, then lexicographic tuple of source mutation strings in ascending position order",observed_training_profile,"Observed training annotation; coefficient belongs to the original position rule, not this mutation profile."
NRTI/DDI,CV-min,35;69,P35 + P69,-0.080717837236886053,115,1662,V35I + T69D,14,14/115,78,37,"{""insertion_or_special_marker"": 3, ""mixed_amino_acid_token"": 34, ""unknown_X"": 1}",25,1,"[[""V35I"", ""T69D""]]","largest joint count, then lexicographic tuple of source mutation strings in ascending position order",observed_training_profile,"Observed training annotation; coefficient belongs to the original position rule, not this mutation profile."
NRTI/DDI,CV-min,68;181,P68 + P181,0.077357352262587969,39,1662,S68G + Y181C,22,22/39,30,9,"{""mixed_amino_acid_token"": 9, ""unknown_X"": 1}",5,1,"[[""S68G"", ""Y181C""]]","largest joint count, then lexicographic tuple of source mutation strings in ascending position order",observed_training_profile,"Observed training annotation; coefficient belongs to the original position rule, not this mutation profile."
NRTI/DDI,CV-min,202;215,P202 + P215,-0.075165857364218019,105,1662,I202V + T215Y,43,43/105,81,24,"{""mixed_amino_acid_token"": 21, ""unknown_X"": 3}",11,1,"[[""I202V"", ""T215Y""]]","largest joint count, then lexicographic tuple of source mutation strings in ascending position order",observed_training_profile,"Observed training annotation; coefficient belongs to the original position rule, not this mutation profile."
NRTI/DDI,CV-min,122;179,P122 + P179,-0.074467084953882809,183,1662,K122E + V179I,79,79/183,124,59,"{""mixed_amino_acid_token"": 58, ""unknown_X"": 1}",14,1,"[[""K122E"", ""V179I""]]","largest joint count, then lexicographic tuple of source mutation strings in ascending position order",observed_training_profile,"Observed training annotation; coefficient belongs to the original position rule, not this mutation profile."
NRTI/DDI,CV-min,69;103;123,P69 + P103 + P123,0.074096530577374684,36,1662,T69N + K103N + D123E,7,7/36,22,14,"{""insertion_or_special_marker"": 2, ""mixed_amino_acid_token"": 11, ""unknown_X"": 1}",9,1,"[[""T69N"", ""K103N"", ""D123E""]]","largest joint count, then lexicographic tuple of source mutation strings in ascending position order",observed_training_profile,"Observed training annotation; coefficient belongs to the original position rule, not this mutation profile."
NRTI/DDI,CV-min,70;214;228,P70 + P214 + P228,0.071611820628656786,44,1662,K70R + F214L + L228H,25,25/44,32,12,"{""mixed_amino_acid_token"": 11, ""unknown_X"": 1}",6,1,"[[""K70R"", ""F214L"", ""L228H""]]","largest joint count, then lexicographic tuple of source mutation strings in ascending position order",observed_training_profile,"Observed training annotation; coefficient belongs to the original position rule, not this mutation profile."
NRTI/DDI,CV-min,41;75;210;215,P41 + P75 + P210 + P215,-0.069305112521392653,84,1662,M41L + V75M + L210W + T215Y,38,38/84,82,2,"{""unknown_X"": 2}",14,1,"[[""M41L"", ""V75M"", ""L210W"", ""T215Y""]]","largest joint count, then lexicographic tuple of source mutation strings in ascending position order",observed_training_profile,"Observed training annotation; coefficient belongs to the original position rule, not this mutation profile."
NRTI/DDI,CV-min,122;190;215;228,P122 + P190 + P215 + P228,0.068647655620901901,46,1662,K122E + G190A + T215Y + L228H,13,13/46,34,12,"{""mixed_amino_acid_token"": 11, ""unknown_X"": 1}",13,1,"[[""K122E"", ""G190A"", ""T215Y"", ""L228H""]]","largest joint count, then lexicographic tuple of source mutation strings in ascending position order",observed_training_profile,"Observed training annotation; coefficient belongs to the original position rule, not this mutation profile."
NRTI/DDI,CV-min,35;174,P35 + P174,0.068365124860518392,97,1662,V35T + Q174K,23,23/97,60,37,"{""mixed_amino_acid_token"": 36, ""unknown_X"": 2}",16,1,"[[""V35T"", ""Q174K""]]","largest joint count, then lexicographic tuple of source mutation strings in ascending position order",observed_training_profile,"Observed training annotation; coefficient belongs to the original position rule, not this mutation profile."
NRTI/DDI,CV-min,123;179;200,P123 + P179 + P200,0.066232357352122087,57,1662,D123E + V179I + T200A,6,6/57,24,33,"{""mixed_amino_acid_token"": 31, ""unknown_X"": 2}",13,1,"[[""D123E"", ""V179I"", ""T200A""]]","largest joint count, then lexicographic tuple of source mutation strings in ascending position order",observed_training_profile,"Observed training annotation; coefficient belongs to the original position rule, not this mutation profile."
NRTI/DDI,CV-min,135;190;215,P135 + P190 + P215,0.063663463714082352,60,1662,I135T + G190A + T215Y,23,23/60,51,9,"{""mixed_amino_acid_token"": 8, ""unknown_X"": 3}",15,1,"[[""I135T"", ""G190A"", ""T215Y""]]","largest joint count, then lexicographic tuple of source mutation strings in ascending position order",observed_training_profile,"Observed training annotation; coefficient belongs to the original position rule, not this mutation profile."
NRTI/DDI,CV-min,215,P215,0.061506066331460892,828,1662,T215Y,573,573/828,815,13,"{""unknown_X"": 13}",11,1,"[[""T215Y""]]","largest joint count, then lexicographic tuple of source mutation strings in ascending position order",observed_training_profile,"Observed training annotation; coefficient belongs to the original position rule, not this mutation profile."
NRTI/DDI,CV-min,43;118;215,P43 + P118 + P215,0.060965412663489572,187,1662,K43E + V118I + T215Y,79,79/187,148,39,"{""mixed_amino_acid_token"": 34, ""unknown_X"": 6}",10,1,"[[""K43E"", ""V118I"", ""T215Y""]]","largest joint count, then lexicographic tuple of source mutation strings in ascending position order",observed_training_profile,"Observed training annotation; coefficient belongs to the original position rule, not this mutation profile."
NRTI/DDI,CV-min,177;178;215,P177 + P178 + P215,0.056442973861757915,62,1662,D177E + I178L + T215Y,18,18/62,47,15,"{""mixed_amino_acid_token"": 15}",12,1,"[[""D177E"", ""I178L"", ""T215Y""]]","largest joint count, then lexicographic tuple of source mutation strings in ascending position order",observed_training_profile,"Observed training annotation; coefficient belongs to the original position rule, not this mutation profile."
NRTI/DDI,CV-min,41;179;210;215,P41 + P179 + P210 + P215,-0.049503584669285713,109,1662,M41L + V179I + L210W + T215Y,48,48/109,76,33,"{""mixed_amino_acid_token"": 32, ""unknown_X"": 1}",13,1,"[[""M41L"", ""V179I"", ""L210W"", ""T215Y""]]","largest joint count, then lexicographic tuple of source mutation strings in ascending position order",observed_training_profile,"Observed training annotation; coefficient belongs to the original position rule, not this mutation profile."
NRTI/DDI,CV-min,122;190,P122 + P190,0.047359701716966282,119,1662,K122E + G190A,69,69/119,97,22,"{""mixed_amino_acid_token"": 21, ""unknown_X"": 1}",7,1,"[[""K122E"", ""G190A""]]","largest joint count, then lexicographic tuple of source mutation strings in ascending position order",observed_training_profile,"Observed training annotation; coefficient belongs to the original position rule, not this mutation profile."
NRTI/DDI,CV-min,67;69;211,P67 + P69 + P211,-0.046193249619103191,120,1662,D67N + T69D + R211K,56,56/120,85,35,"{""insertion_or_special_marker"": 2, ""mixed_amino_acid_token"": 28, ""unknown_X"": 6}",15,1,"[[""D67N"", ""T69D"", ""R211K""]]","largest joint count, then lexicographic tuple of source mutation strings in ascending position order",observed_training_profile,"Observed training annotation; coefficient belongs to the original position rule, not this mutation profile."
NRTI/DDI,CV-min,62,P62,0.044750137303316555,80,1662,A62V,64,64/80,65,15,"{""mixed_amino_acid_token"": 15}",2,1,"[[""A62V""]]","largest joint count, then lexicographic tuple of source mutation strings in ascending position order",observed_training_profile,"Observed training annotation; coefficient belongs to the original position rule, not this mutation profile."
NRTI/DDI,CV-min,162;184,P162 + P184,-0.04411895670584208,200,1662,S162C + M184V,60,60/200,167,33,"{""mixed_amino_acid_token"": 20, ""unknown_X"": 13}",13,1,"[[""S162C"", ""M184V""]]","largest joint count, then lexicographic tuple of source mutation strings in ascending position order",observed_training_profile,"Observed training annotation; coefficient belongs to the original position rule, not this mutation profile."
NRTI/DDI,CV-min,41;162;211;215,P41 + P162 + P211 + P215,0.043424667680555737,123,1662,M41L + S162C + R211K + T215Y,23,23/123,84,39,"{""mixed_amino_acid_token"": 34, ""unknown_X"": 6}",20,1,"[[""M41L"", ""S162C"", ""R211K"", ""T215Y""]]","largest joint count, then lexicographic tuple of source mutation strings in ascending position order",observed_training_profile,"Observed training annotation; coefficient belongs to the original position rule, not this mutation profile."
NRTI/DDI,CV-min,68;219,P68 + P219,-0.043296221003875743,47,1662,S68G + K219E,19,19/47,38,9,"{""mixed_amino_acid_token"": 8, ""unknown_X"": 1}",9,1,"[[""S68G"", ""K219E""]]","largest joint count, then lexicographic tuple of source mutation strings in ascending position order",observed_training_profile,"Observed training annotation; coefficient belongs to the original position rule, not this mutation profile."
NRTI/DDI,CV-min,35;70;122,P35 + P70 + P122,0.042972171641528147,74,1662,V35I + K70R + K122E,14,14/74,58,16,"{""mixed_amino_acid_token"": 16}",15,1,"[[""V35I"", ""K70R"", ""K122E""]]","largest joint count, then lexicographic tuple of source mutation strings in ascending position order",observed_training_profile,"Observed training annotation; coefficient belongs to the original position rule, not this mutation profile."
NRTI/DDI,CV-min,83,P83,-0.042177195226484561,217,1662,R83K,185,185/217,185,32,"{""mixed_amino_acid_token"": 32}",1,1,"[[""R83K""]]","largest joint count, then lexicographic tuple of source mutation strings in ascending position order",observed_training_profile,"Observed training annotation; coefficient belongs to the original position rule, not this mutation profile."
NRTI/DDI,CV-min,69;215;219,P69 + P215 + P219,-0.041749725969920291,165,1662,T69D + T215F + K219Q,31,31/165,138,27,"{""asterisk_special_marker"": 1, ""mixed_amino_acid_token"": 22, ""unknown_X"": 4}",27,1,"[[""T69D"", ""T215F"", ""K219Q""]]","largest joint count, then lexicographic tuple of source mutation strings in ascending position order",observed_training_profile,"Observed training annotation; coefficient belongs to the original position rule, not this mutation profile."
NRTI/DDI,CV-min,35;135;207;215,P35 + P135 + P207 + P215,0.041555308739036477,35,1662,V35I + I135T + Q207E + T215Y,5,5/35,26,9,"{""mixed_amino_acid_token"": 9}",22,1,"[[""V35I"", ""I135T"", ""Q207E"", ""T215Y""]]","largest joint count, then lexicographic tuple of source mutation strings in ascending position order",observed_training_profile,"Observed training annotation; coefficient belongs to the original position rule, not this mutation profile."
NRTI/DDI,CV-min,69;188,P69 + P188,0.040821660299241655,33,1662,T69D + Y188L,9,9/33,26,7,"{""insertion_or_special_marker"": 4, ""mixed_amino_acid_token"": 3}",8,1,"[[""T69D"", ""Y188L""]]","largest joint count, then lexicographic tuple of source mutation strings in ascending position order",observed_training_profile,"Observed training annotation; coefficient belongs to the original position rule, not this mutation profile."
NRTI/DDI,CV-min,123;215;228,P123 + P215 + P228,-0.039305865463785769,95,1662,D123E + T215Y + L228H,18,18/95,65,30,"{""mixed_amino_acid_token"": 29, ""unknown_X"": 2}",14,1,"[[""D123E"", ""T215Y"", ""L228H""]]","largest joint count, then lexicographic tuple of source mutation strings in ascending position order",observed_training_profile,"Observed training annotation; coefficient belongs to the original position rule, not this mutation profile."
NRTI/DDI,CV-min,103;200;215,P103 + P200 + P215,-0.039281030698491093,124,1662,K103N + T200A + T215Y,45,45/124,83,41,"{""mixed_amino_acid_token"": 38, ""unknown_X"": 3}",18,1,"[[""K103N"", ""T200A"", ""T215Y""]]","largest joint count, then lexicographic tuple of source mutation strings in ascending position order",observed_training_profile,"Observed training annotation; coefficient belongs to the original position rule, not this mutation profile."
NRTI/DDI,CV-min,68;207;211,P68 + P207 + P211,-0.03900052169111605,38,1662,S68G + Q207E + R211K,13,13/38,22,16,"{""asterisk_special_marker"": 1, ""mixed_amino_acid_token"": 15, ""unknown_X"": 1}",8,1,"[[""S68G"", ""Q207E"", ""R211K""]]","largest joint count, then lexicographic tuple of source mutation strings in ascending position order",observed_training_profile,"Observed training annotation; coefficient belongs to the original position rule, not this mutation profile."
NRTI/DDI,CV-min,139,P139,0.038850524255683187,59,1662,T139K,8,8/59,29,30,"{""mixed_amino_acid_token"": 30}",6,2,"[[""T139K""], [""T139R""]]","largest joint count, then lexicographic tuple of source mutation strings in ascending position order",observed_training_profile,"Observed training annotation; coefficient belongs to the original position rule, not this mutation profile."
NRTI/DDI,CV-min,67;69;103,P67 + P69 + P103,-0.037495195830630261,91,1662,D67N + T69D + K103N,35,35/91,72,19,"{""insertion_or_special_marker"": 1, ""mixed_amino_acid_token"": 17, ""other_non_simple_token"": 1, ""unknown_X"": 1}",13,1,"[[""D67N"", ""T69D"", ""K103N""]]","largest joint count, then lexicographic tuple of source mutation strings in ascending position order",observed_training_profile,"Observed training annotation; coefficient belongs to the original position rule, not this mutation profile."
NRTI/DDI,CV-min,35;68;215,P35 + P68 + P215,0.037241062858153089,33,1662,V35I + S68G + T215Y,5,5/33,20,13,"{""mixed_amino_acid_token"": 12, ""unknown_X"": 1}",11,1,"[[""V35I"", ""S68G"", ""T215Y""]]","largest joint count, then lexicographic tuple of source mutation strings in ascending position order",observed_training_profile,"Observed training annotation; coefficient belongs to the original position rule, not this mutation profile."
NRTI/DDI,CV-min,39;122;135;207,P39 + P122 + P135 + P207,-0.03681273714993398,40,1662,T39A + K122E + I135T + Q207E,5,5/40,20,20,"{""asterisk_special_marker"": 1, ""mixed_amino_acid_token"": 19, ""unknown_X"": 1}",13,1,"[[""T39A"", ""K122E"", ""I135T"", ""Q207E""]]","largest joint count, then lexicographic tuple of source mutation strings in ascending position order",observed_training_profile,"Observed training annotation; coefficient belongs to the original position rule, not this mutation profile."
NRTI/DDI,CV-min,196;210;215;228,P196 + P210 + P215 + P228,0.036770168397823842,59,1662,G196E + L210W + T215Y + L228H,25,25/59,48,11,"{""mixed_amino_acid_token"": 11}",9,1,"[[""G196E"", ""L210W"", ""T215Y"", ""L228H""]]","largest joint count, then lexicographic tuple of source mutation strings in ascending position order",observed_training_profile,"Observed training annotation; coefficient belongs to the original position rule, not this mutation profile."
NRTI/DDI,CV-min,118;177;207,P118 + P177 + P207,0.036743066637606597,49,1662,V118I + D177E + Q207E,21,21/49,33,16,"{""mixed_amino_acid_token"": 16, ""unknown_X"": 1}",8,1,"[[""V118I"", ""D177E"", ""Q207E""]]","largest joint count, then lexicographic tuple of source mutation strings in ascending position order",observed_training_profile,"Observed training annotation; coefficient belongs to the original position rule, not this mutation profile."
NRTI/DDI,CV-min,177;181;219,P177 + P181 + P219,-0.036219336856987694,38,1662,D177E + Y181C + K219Q,13,13/38,31,7,"{""mixed_amino_acid_token"": 7}",7,1,"[[""D177E"", ""Y181C"", ""K219Q""]]","largest joint count, then lexicographic tuple of source mutation strings in ascending position order",observed_training_profile,"Observed training annotation; coefficient belongs to the original position rule, not this mutation profile."
NRTI/DDI,CV-min,200;214,P200 + P214,-0.036195855491067325,108,1662,T200A + F214L,47,47/108,67,41,"{""mixed_amino_acid_token"": 38, ""unknown_X"": 3}",7,1,"[[""T200A"", ""F214L""]]","largest joint count, then lexicographic tuple of source mutation strings in ascending position order",observed_training_profile,"Observed training annotation; coefficient belongs to the original position rule, not this mutation profile."
NRTI/DDI,CV-min,41;67;211;219,P41 + P67 + P211 + P219,0.035835888362016788,154,1662,M41L + D67N + R211K + K219N,32,32/154,113,41,"{""mixed_amino_acid_token"": 38, ""unknown_X"": 4}",19,1,"[[""M41L"", ""D67N"", ""R211K"", ""K219N""]]","largest joint count, then lexicographic tuple of source mutation strings in ascending position order",observed_training_profile,"Observed training annotation; coefficient belongs to the original position rule, not this mutation profile."
NRTI/DDI,CV-min,103;118;179,P103 + P118 + P179,0.035602004565786764,36,1662,K103N + V118I + V179I,13,13/36,20,16,"{""mixed_amino_acid_token"": 16, ""unknown_X"": 2}",6,1,"[[""K103N"", ""V118I"", ""V179I""]]","largest joint count, then lexicographic tuple of source mutation strings in ascending position order",observed_training_profile,"Observed training annotation; coefficient belongs to the original position rule, not this mutation profile."
NRTI/DDI,CV-min,69;179;200,P69 + P179 + P200,0.035457508654806527,45,1662,T69D + V179I + T200A,9,9/45,27,18,"{""insertion_or_special_marker"": 1, ""mixed_amino_acid_token"": 15, ""unknown_X"": 2}",13,1,"[[""T69D"", ""V179I"", ""T200A""]]","largest joint count, then lexicographic tuple of source mutation strings in ascending position order",observed_training_profile,"Observed training annotation; coefficient belongs to the original position rule, not this mutation profile."
NRTI/DDI,CV-min,41;162;211,P41 + P162 + P211,0.035352048688930819,124,1662,M41L + S162C + R211K,24,24/124,86,38,"{""mixed_amino_acid_token"": 34, ""unknown_X"": 5}",17,1,"[[""M41L"", ""S162C"", ""R211K""]]","largest joint count, then lexicographic tuple of source mutation strings in ascending position order",observed_training_profile,"Observed training annotation; coefficient belongs to the original position rule, not this mutation profile."
NRTI/DDI,CV-min,207;211,P207 + P211,-0.034825041645642534,343,1662,Q207E + R211K,177,177/343,251,92,"{""asterisk_special_marker"": 1, ""mixed_amino_acid_token"": 83, ""unknown_X"": 13}",18,1,"[[""Q207E"", ""R211K""]]","largest joint count, then lexicographic tuple of source mutation strings in ascending position order",observed_training_profile,"Observed training annotation; coefficient belongs to the original position rule, not this mutation profile."
NRTI/DDI,CV-min,202;210;215,P202 + P210 + P215,-0.034704167291905459,49,1662,I202V + L210W + T215Y,28,28/49,35,14,"{""mixed_amino_acid_token"": 12, ""unknown_X"": 2}",7,1,"[[""I202V"", ""L210W"", ""T215Y""]]","largest joint count, then lexicographic tuple of source mutation strings in ascending position order",observed_training_profile,"Observed training annotation; coefficient belongs to the original position rule, not this mutation profile."
NRTI/DDI,CV-min,35;135;215,P35 + P135 + P215,0.033905819968077212,120,1662,V35I + I135T + T215Y,15,15/120,97,23,"{""mixed_amino_acid_token"": 23, ""unknown_X"": 2}",38,1,"[[""V35I"", ""I135T"", ""T215Y""]]","largest joint count, then lexicographic tuple of source mutation strings in ascending position order",observed_training_profile,"Observed training annotation; coefficient belongs to the original position rule, not this mutation profile."
NRTI/DDI,CV-min,179;200;207,P179 + P200 + P207,0.033677889038121411,63,1662,V179I + T200A + Q207E,15,15/63,37,26,"{""asterisk_special_marker"": 1, ""mixed_amino_acid_token"": 25, ""unknown_X"": 4}",15,1,"[[""V179I"", ""T200A"", ""Q207E""]]","largest joint count, then lexicographic tuple of source mutation strings in ascending position order",observed_training_profile,"Observed training annotation; coefficient belongs to the original position rule, not this mutation profile."
NRTI/DDI,CV-min,98;208;210;215,P98 + P208 + P210 + P215,0.032787460288420153,46,1662,A98G + H208Y + L210W + T215Y,19,19/46,39,7,"{""mixed_amino_acid_token"": 7}",9,1,"[[""A98G"", ""H208Y"", ""L210W"", ""T215Y""]]","largest joint count, then lexicographic tuple of source mutation strings in ascending position order",observed_training_profile,"Observed training annotation; coefficient belongs to the original position rule, not this mutation profile."
NRTI/DDI,CV-min,68;177,P68 + P177,0.032565717491162369,44,1662,S68G + D177E,24,24/44,33,11,"{""mixed_amino_acid_token"": 11, ""unknown_X"": 1}",6,1,"[[""S68G"", ""D177E""]]","largest joint count, then lexicographic tuple of source mutation strings in ascending position order",observed_training_profile,"Observed training annotation; coefficient belongs to the original position rule, not this mutation profile."
NRTI/DDI,CV-min,122;135;215;228,P122 + P135 + P215 + P228,0.031580322977975306,96,1662,K122E + I135T + T215Y + L228H,15,15/96,62,34,"{""mixed_amino_acid_token"": 34, ""unknown_X"": 1}",15,1,"[[""K122E"", ""I135T"", ""T215Y"", ""L228H""]]","largest joint count, then lexicographic tuple of source mutation strings in ascending position order",observed_training_profile,"Observed training annotation; coefficient belongs to the original position rule, not this mutation profile."
NRTI/DDI,CV-min,32,P32,0.031500362968224442,46,1662,K32E,20,20/46,27,19,"{""mixed_amino_acid_token"": 19}",5,1,"[[""K32E""]]","largest joint count, then lexicographic tuple of source mutation strings in ascending position order",observed_training_profile,"Observed training annotation; coefficient belongs to the original position rule, not this mutation profile."
NRTI/DDI,CV-min,181;202,P181 + P202,0.031195071527890188,37,1662,Y181C + I202V,21,21/37,25,12,"{""mixed_amino_acid_token"": 12}",4,1,"[[""Y181C"", ""I202V""]]","largest joint count, then lexicographic tuple of source mutation strings in ascending position order",observed_training_profile,"Observed training annotation; coefficient belongs to the original position rule, not this mutation profile."
NRTI/DDI,CV-min,103;123;207,P103 + P123 + P207,0.030772852437031577,37,1662,K103N + D123E + Q207E,11,11/37,22,15,"{""mixed_amino_acid_token"": 15}",8,1,"[[""K103N"", ""D123E"", ""Q207E""]]","largest joint count, then lexicographic tuple of source mutation strings in ascending position order",observed_training_profile,"Observed training annotation; coefficient belongs to the original position rule, not this mutation profile."
NRTI/DDI,CV-min,68;211,P68 + P211,-0.030497301827955934,100,1662,S68G + R211K,56,56/100,70,30,"{""mixed_amino_acid_token"": 28, ""unknown_X"": 3}",11,1,"[[""S68G"", ""R211K""]]","largest joint count, then lexicographic tuple of source mutation strings in ascending position order",observed_training_profile,"Observed training annotation; coefficient belongs to the original position rule, not this mutation profile."
NRTI/DDI,CV-min,69;118;228,P69 + P118 + P228,-0.030102105140734563,68,1662,T69D + V118I + L228H,20,20/68,46,22,"{""insertion_or_special_marker"": 2, ""mixed_amino_acid_token"": 20, ""unknown_X"": 2}",10,1,"[[""T69D"", ""V118I"", ""L228H""]]","largest joint count, then lexicographic tuple of source mutation strings in ascending position order",observed_training_profile,"Observed training annotation; coefficient belongs to the original position rule, not this mutation profile."
NRTI/DDI,CV-min,67;169,P67 + P169,0.030064168272537845,48,1662,D67N + E169D,32,32/48,36,12,"{""mixed_amino_acid_token"": 11, ""unknown_X"": 1}",4,1,"[[""D67N"", ""E169D""]]","largest joint count, then lexicographic tuple of source mutation strings in ascending position order",observed_training_profile,"Observed training annotation; coefficient belongs to the original position rule, not this mutation profile."
NRTI/DDI,CV-min,135;215,P135 + P215,0.029847184633960615,375,1662,I135T + T215Y,152,152/375,333,42,"{""mixed_amino_acid_token"": 37, ""unknown_X"": 7}",28,1,"[[""I135T"", ""T215Y""]]","largest joint count, then lexicographic tuple of source mutation strings in ascending position order",observed_training_profile,"Observed training annotation; coefficient belongs to the original position rule, not this mutation profile."
NRTI/DDI,CV-min,118;122;179,P118 + P122 + P179,-0.029265543639596183,77,1662,V118I + K122E + V179I,29,29/77,44,33,"{""mixed_amino_acid_token"": 32, ""unknown_X"": 2}",9,1,"[[""V118I"", ""K122E"", ""V179I""]]","largest joint count, then lexicographic tuple of source mutation strings in ascending position order",observed_training_profile,"Observed training annotation; coefficient belongs to the original position rule, not this mutation profile."
NRTI/DDI,CV-min,41;202;210;215,P41 + P202 + P210 + P215,-0.02894389612441876,47,1662,M41L + I202V + L210W + T215Y,26,26/47,33,14,"{""mixed_amino_acid_token"": 12, ""unknown_X"": 2}",7,1,"[[""M41L"", ""I202V"", ""L210W"", ""T215Y""]]","largest joint count, then lexicographic tuple of source mutation strings in ascending position order",observed_training_profile,"Observed training annotation; coefficient belongs to the original position rule, not this mutation profile."
NRTI/DDI,CV-min,67;122;135;207,P67 + P122 + P135 + P207,-0.028125055240025447,59,1662,D67N + K122E + I135T + Q207E,13,13/59,35,24,"{""asterisk_special_marker"": 1, ""mixed_amino_acid_token"": 22, ""unknown_X"": 1}",14,1,"[[""D67N"", ""K122E"", ""I135T"", ""Q207E""]]","largest joint count, then lexicographic tuple of source mutation strings in ascending position order",observed_training_profile,"Observed training annotation; coefficient belongs to the original position rule, not this mutation profile."
NRTI/DDI,CV-min,135;228,P135 + P228,0.028083344998511364,159,1662,I135T + L228H,46,46/159,111,48,"{""mixed_amino_acid_token"": 48, ""unknown_X"": 1}",13,1,"[[""I135T"", ""L228H""]]","largest joint count, then lexicographic tuple of source mutation strings in ascending position order",observed_training_profile,"Observed training annotation; coefficient belongs to the original position rule, not this mutation profile."
NRTI/DDI,CV-min,41;208,P41 + P208,0.027961784755309492,183,1662,M41L + H208Y,136,136/183,146,37,"{""mixed_amino_acid_token"": 36, ""unknown_X"": 1}",3,1,"[[""M41L"", ""H208Y""]]","largest joint count, then lexicographic tuple of source mutation strings in ascending position order",observed_training_profile,"Observed training annotation; coefficient belongs to the original position rule, not this mutation profile."
NRTI/DDI,CV-min,103;181;200,P103 + P181 + P200,0.02775905499010042,42,1662,K103N + Y181C + T200A,22,22/42,25,17,"{""mixed_amino_acid_token"": 16, ""unknown_X"": 1}",4,1,"[[""K103N"", ""Y181C"", ""T200A""]]","largest joint count, then lexicographic tuple of source mutation strings in ascending position order",observed_training_profile,"Observed training annotation; coefficient belongs to the original position rule, not this mutation profile."
NRTI/DDI,CV-min,202;211,P202 + P211,-0.025509957414365864,120,1662,I202V + R211K,72,72/120,82,38,"{""mixed_amino_acid_token"": 38}",7,1,"[[""I202V"", ""R211K""]]","largest joint count, then lexicographic tuple of source mutation strings in ascending position order",observed_training_profile,"Observed training annotation; coefficient belongs to the original position rule, not this mutation profile."
NRTI/DDI,CV-min,165,P165,-0.025468911783637214,52,1662,T165I,22,22/52,27,25,"{""mixed_amino_acid_token"": 25}",3,1,"[[""T165I""]]","largest joint count, then lexicographic tuple of source mutation strings in ascending position order",observed_training_profile,"Observed training annotation; coefficient belongs to the original position rule, not this mutation profile."
NRTI/DDI,CV-min,20;69;228,P20 + P69 + P228,-0.025306165849814467,44,1662,K20R + T69D + L228H,13,13/44,26,18,"{""mixed_amino_acid_token"": 18}",7,1,"[[""K20R"", ""T69D"", ""L228H""]]","largest joint count, then lexicographic tuple of source mutation strings in ascending position order",observed_training_profile,"Observed training annotation; coefficient belongs to the original position rule, not this mutation profile."
NRTI/DDI,CV-min,70;203,P70 + P203,0.02407650433787728,47,1662,K70R + E203K,19,19/47,37,10,"{""mixed_amino_acid_token"": 9, ""unknown_X"": 1}",7,1,"[[""K70R"", ""E203K""]]","largest joint count, then lexicographic tuple of source mutation strings in ascending position order",observed_training_profile,"Observed training annotation; coefficient belongs to the original position rule, not this mutation profile."
NRTI/DDI,CV-min,118;184;200;215,P118 + P184 + P200 + P215,-0.023790783600255307,111,1662,V118I + M184V + T200A + T215Y,55,55/111,80,31,"{""mixed_amino_acid_token"": 30, ""unknown_X"": 1}",8,1,"[[""V118I"", ""M184V"", ""T200A"", ""T215Y""]]","largest joint count, then lexicographic tuple of source mutation strings in ascending position order",observed_training_profile,"Observed training annotation; coefficient belongs to the original position rule, not this mutation profile."
NRTI/DDI,CV-min,101;122;207,P101 + P122 + P207,-0.023758765862962994,39,1662,K101P + K122E + Q207E,4,4/39,22,17,"{""asterisk_special_marker"": 1, ""mixed_amino_acid_token"": 16}",14,2,"[[""K101P"", ""K122E"", ""Q207E""], [""K101Q"", ""K122E"", ""Q207E""]]","largest joint count, then lexicographic tuple of source mutation strings in ascending position order",observed_training_profile,"Observed training annotation; coefficient belongs to the original position rule, not this mutation profile."
NRTI/DDI,CV-min,41;215,P41 + P215,0.023750312756180551,632,1662,M41L + T215Y,503,503/632,627,5,"{""unknown_X"": 5}",10,1,"[[""M41L"", ""T215Y""]]","largest joint count, then lexicographic tuple of source mutation strings in ascending position order",observed_training_profile,"Observed training annotation; coefficient belongs to the original position rule, not this mutation profile."
NRTI/DDI,CV-min,41;210,P41 + P210,0.023657609128650635,443,1662,M41L + L210W,430,430/443,442,1,"{""unknown_X"": 1}",4,1,"[[""M41L"", ""L210W""]]","largest joint count, then lexicographic tuple of source mutation strings in ascending position order",observed_training_profile,"Observed training annotation; coefficient belongs to the original position rule, not this mutation profile."
NRTI/DDI,CV-min,103;118;207,P103 + P118 + P207,0.022981624605212844,55,1662,K103N + V118I + Q207E,27,27/55,38,17,"{""mixed_amino_acid_token"": 17, ""unknown_X"": 2}",8,1,"[[""K103N"", ""V118I"", ""Q207E""]]","largest joint count, then lexicographic tuple of source mutation strings in ascending position order",observed_training_profile,"Observed training annotation; coefficient belongs to the original position rule, not this mutation profile."
NRTI/DDI,CV-min,188;215,P188 + P215,0.022420294324563706,55,1662,Y188L + T215Y,25,25/55,51,4,"{""mixed_amino_acid_token"": 2, ""unknown_X"": 2}",11,1,"[[""Y188L"", ""T215Y""]]","largest joint count, then lexicographic tuple of source mutation strings in ascending position order",observed_training_profile,"Observed training annotation; coefficient belongs to the original position rule, not this mutation profile."
NRTI/DDI,CV-min,123;178,P123 + P178,-0.022251810421344016,125,1662,D123E + I178L,27,27/125,70,55,"{""mixed_amino_acid_token"": 54, ""unknown_X"": 4}",8,1,"[[""D123E"", ""I178L""]]","largest joint count, then lexicographic tuple of source mutation strings in ascending position order",observed_training_profile,"Observed training annotation; coefficient belongs to the original position rule, not this mutation profile."
NRTI/DDI,CV-min,169;184,P169 + P184,0.021608875418700248,55,1662,E169D + M184V,48,48/55,50,5,"{""asterisk_special_marker"": 1, ""mixed_amino_acid_token"": 4}",3,1,"[[""E169D"", ""M184V""]]","largest joint count, then lexicographic tuple of source mutation strings in ascending position order",observed_training_profile,"Observed training annotation; coefficient belongs to the original position rule, not this mutation profile."
NRTI/DDI,CV-min,135;190,P135 + P190,0.021320651884789685,76,1662,I135T + G190A,38,38/76,62,14,"{""mixed_amino_acid_token"": 12, ""unknown_X"": 2}",10,1,"[[""I135T"", ""G190A""]]","largest joint count, then lexicographic tuple of source mutation strings in ascending position order",observed_training_profile,"Observed training annotation; coefficient belongs to the original position rule, not this mutation profile."
NRTI/DDI,CV-min,69;200;211,P69 + P200 + P211,-0.020260680548666914,78,1662,T69D + T200A + R211K,19,19/78,40,38,"{""insertion_or_special_marker"": 3, ""mixed_amino_acid_token"": 32, ""unknown_X"": 4}",16,1,"[[""T69D"", ""T200A"", ""R211K""]]","largest joint count, then lexicographic tuple of source mutation strings in ascending position order",observed_training_profile,"Observed training annotation; coefficient belongs to the original position rule, not this mutation profile."
NRTI/DDI,CV-min,184;200;215,P184 + P200 + P215,-0.020070905240763253,246,1662,M184V + T200A + T215Y,109,109/246,188,58,"{""mixed_amino_acid_token"": 53, ""unknown_X"": 5}",20,1,"[[""M184V"", ""T200A"", ""T215Y""]]","largest joint count, then lexicographic tuple of source mutation strings in ascending position order",observed_training_profile,"Observed training annotation; coefficient belongs to the original position rule, not this mutation profile."
NRTI/DDI,CV-min,184;210,P184 + P210,-0.019738471047730261,315,1662,M184V + L210W,301,301/315,314,1,"{""unknown_X"": 1}",4,1,"[[""M184V"", ""L210W""]]","largest joint count, then lexicographic tuple of source mutation strings in ascending position order",observed_training_profile,"Observed training annotation; coefficient belongs to the original position rule, not this mutation profile."
NRTI/DDI,CV-min,177;181;184,P177 + P181 + P184,-0.019548578774365631,36,1662,D177E + Y181C + M184V,22,22/36,31,5,"{""mixed_amino_acid_token"": 5}",5,1,"[[""D177E"", ""Y181C"", ""M184V""]]","largest joint count, then lexicographic tuple of source mutation strings in ascending position order",observed_training_profile,"Observed training annotation; coefficient belongs to the original position rule, not this mutation profile."
NRTI/DDI,CV-min,67;181,P67 + P181,-0.019490514170946303,139,1662,D67N + Y181C,104,104/139,127,12,"{""mixed_amino_acid_token"": 12}",8,1,"[[""D67N"", ""Y181C""]]","largest joint count, then lexicographic tuple of source mutation strings in ascending position order",observed_training_profile,"Observed training annotation; coefficient belongs to the original position rule, not this mutation profile."
NRTI/DDI,CV-min,181;211,P181 + P211,-0.018425689124692585,173,1662,Y181C + R211K,109,109/173,133,40,"{""mixed_amino_acid_token"": 40}",10,1,"[[""Y181C"", ""R211K""]]","largest joint count, then lexicographic tuple of source mutation strings in ascending position order",observed_training_profile,"Observed training annotation; coefficient belongs to the original position rule, not this mutation profile."
NRTI/DDI,CV-min,39;67;200,P39 + P67 + P200,0.018081961066815852,82,1662,T39A + D67N + T200A,23,23/82,46,36,"{""mixed_amino_acid_token"": 35, ""unknown_X"": 2}",13,1,"[[""T39A"", ""D67N"", ""T200A""]]","largest joint count, then lexicographic tuple of source mutation strings in ascending position order",observed_training_profile,"Observed training annotation; coefficient belongs to the original position rule, not this mutation profile."
NRTI/DDI,CV-min,118;200;207,P118 + P200 + P207,0.017406542462018289,79,1662,V118I + T200A + Q207E,30,30/79,48,31,"{""asterisk_special_marker"": 1, ""mixed_amino_acid_token"": 30, ""unknown_X"": 2}",13,1,"[[""V118I"", ""T200A"", ""Q207E""]]","largest joint count, then lexicographic tuple of source mutation strings in ascending position order",observed_training_profile,"Observed training annotation; coefficient belongs to the original position rule, not this mutation profile."
NRTI/DDI,CV-min,123;162,P123 + P162,-0.017246995696256227,117,1662,D123E + S162C,26,26/117,73,44,"{""mixed_amino_acid_token"": 39, ""unknown_X"": 7}",17,1,"[[""D123E"", ""S162C""]]","largest joint count, then lexicographic tuple of source mutation strings in ascending position order",observed_training_profile,"Observed training annotation; coefficient belongs to the original position rule, not this mutation profile."
NRTI/DDI,CV-min,41;43;67;118,P41 + P43 + P67 + P118,0.016461192603942517,136,1662,M41L + K43E + D67N + V118I,61,61/136,108,28,"{""mixed_amino_acid_token"": 25, ""unknown_X"": 3}",8,1,"[[""M41L"", ""K43E"", ""D67N"", ""V118I""]]","largest joint count, then lexicographic tuple of source mutation strings in ascending position order",observed_training_profile,"Observed training annotation; coefficient belongs to the original position rule, not this mutation profile."
NRTI/DDI,CV-min,178;200,P178 + P200,-0.016246209590321001,146,1662,I178M + T200A,39,39/146,83,63,"{""mixed_amino_acid_token"": 62, ""unknown_X"": 2}",14,1,"[[""I178M"", ""T200A""]]","largest joint count, then lexicographic tuple of source mutation strings in ascending position order",observed_training_profile,"Observed training annotation; coefficient belongs to the original position rule, not this mutation profile."
NRTI/DDI,CV-min,43;101;211;215,P43 + P101 + P211 + P215,0.016110174598148324,48,1662,K43E + K101E + R211K + T215Y,8,8/48,35,13,"{""mixed_amino_acid_token"": 11, ""unknown_X"": 2}",17,1,"[[""K43E"", ""K101E"", ""R211K"", ""T215Y""]]","largest joint count, then lexicographic tuple of source mutation strings in ascending position order",observed_training_profile,"Observed training annotation; coefficient belongs to the original position rule, not this mutation profile."
NRTI/DDI,CV-min,41;43;118;135,P41 + P43 + P118 + P135,0.015871829360848008,84,1662,M41L + K43E + V118I + I135T,23,23/84,60,24,"{""mixed_amino_acid_token"": 20, ""unknown_X"": 4}",13,1,"[[""M41L"", ""K43E"", ""V118I"", ""I135T""]]","largest joint count, then lexicographic tuple of source mutation strings in ascending position order",observed_training_profile,"Observed training annotation; coefficient belongs to the original position rule, not this mutation profile."
NRTI/DDI,CV-min,67;184;218,P67 + P184 + P218,0.015427770800806625,68,1662,D67N + M184V + D218E,58,58/68,62,6,"{""mixed_amino_acid_token"": 6}",2,1,"[[""D67N"", ""M184V"", ""D218E""]]","largest joint count, then lexicographic tuple of source mutation strings in ascending position order",observed_training_profile,"Observed training annotation; coefficient belongs to the original position rule, not this mutation profile."
NRTI/DDI,CV-min,41;208;211,P41 + P208 + P211,0.014421115731500969,159,1662,M41L + H208Y + R211K,108,108/159,122,37,"{""mixed_amino_acid_token"": 36, ""unknown_X"": 2}",8,1,"[[""M41L"", ""H208Y"", ""R211K""]]","largest joint count, then lexicographic tuple of source mutation strings in ascending position order",observed_training_profile,"Observed training annotation; coefficient belongs to the original position rule, not this mutation profile."
NRTI/DDI,CV-min,39;67,P39 + P67,0.014171192963619419,196,1662,T39A + D67N,103,103/196,147,49,"{""mixed_amino_acid_token"": 46, ""unknown_X"": 4}",12,1,"[[""T39A"", ""D67N""]]","largest joint count, then lexicographic tuple of source mutation strings in ascending position order",observed_training_profile,"Observed training annotation; coefficient belongs to the original position rule, not this mutation profile."
NRTI/DDI,CV-min,70;122;190,P70 + P122 + P190,0.013419296361068532,37,1662,K70R + K122E + G190A,25,25/37,33,4,"{""mixed_amino_acid_token"": 4}",5,1,"[[""K70R"", ""K122E"", ""G190A""]]","largest joint count, then lexicographic tuple of source mutation strings in ascending position order",observed_training_profile,"Observed training annotation; coefficient belongs to the original position rule, not this mutation profile."
NRTI/DDI,CV-min,118;184;215,P118 + P184 + P215,-0.013229437469783153,229,1662,V118I + M184V + T215Y,170,170/229,203,26,"{""mixed_amino_acid_token"": 25, ""unknown_X"": 1}",5,1,"[[""V118I"", ""M184V"", ""T215Y""]]","largest joint count, then lexicographic tuple of source mutation strings in ascending position order",observed_training_profile,"Observed training annotation; coefficient belongs to the original position rule, not this mutation profile."
NRTI/DDI,CV-min,122;215;228,P122 + P215 + P228,0.012836763894359039,196,1662,K122E + T215Y + L228H,59,59/196,151,45,"{""mixed_amino_acid_token"": 44, ""unknown_X"": 1}",19,1,"[[""K122E"", ""T215Y"", ""L228H""]]","largest joint count, then lexicographic tuple of source mutation strings in ascending position order",observed_training_profile,"Observed training annotation; coefficient belongs to the original position rule, not this mutation profile."
NRTI/DDI,CV-min,196,P196,-0.012734997694891451,374,1662,G196E,314,314/374,332,42,"{""mixed_amino_acid_token"": 42}",5,1,"[[""G196E""]]","largest joint count, then lexicographic tuple of source mutation strings in ascending position order",observed_training_profile,"Observed training annotation; coefficient belongs to the original position rule, not this mutation profile."
NRTI/DDI,CV-min,118;123;207,P118 + P123 + P207,0.012213060103362169,43,1662,V118I + D123E + Q207E,21,21/43,25,18,"{""mixed_amino_acid_token"": 18}",5,1,"[[""V118I"", ""D123E"", ""Q207E""]]","largest joint count, then lexicographic tuple of source mutation strings in ascending position order",observed_training_profile,"Observed training annotation; coefficient belongs to the original position rule, not this mutation profile."
NRTI/DDI,CV-min,43;208;211;215,P43 + P208 + P211 + P215,0.011447815843987953,94,1662,K43E + H208Y + R211K + T215Y,33,33/94,63,31,"{""mixed_amino_acid_token"": 28, ""unknown_X"": 3}",13,1,"[[""K43E"", ""H208Y"", ""R211K"", ""T215Y""]]","largest joint count, then lexicographic tuple of source mutation strings in ascending position order",observed_training_profile,"Observed training annotation; coefficient belongs to the original position rule, not this mutation profile."
NRTI/DDI,CV-min,69;70,P69 + P70,-0.01112300753521364,162,1662,T69N + K70R,74,74/162,143,19,"{""insertion_or_special_marker"": 3, ""mixed_amino_acid_token"": 15, ""unknown_X"": 1}",13,1,"[[""T69N"", ""K70R""]]","largest joint count, then lexicographic tuple of source mutation strings in ascending position order",observed_training_profile,"Observed training annotation; coefficient belongs to the original position rule, not this mutation profile."
NRTI/DDI,CV-min,35;211;215,P35 + P211 + P215,-0.010742808747889515,166,1662,V35I + R211K + T215Y,35,35/166,120,46,"{""mixed_amino_acid_token"": 43, ""unknown_X"": 8}",30,1,"[[""V35I"", ""R211K"", ""T215Y""]]","largest joint count, then lexicographic tuple of source mutation strings in ascending position order",observed_training_profile,"Observed training annotation; coefficient belongs to the original position rule, not this mutation profile."
NRTI/DDI,CV-min,43;118;215;219,P43 + P118 + P215 + P219,0.010566854005013856,96,1662,K43E + V118I + T215Y + K219N,15,15/96,64,32,"{""mixed_amino_acid_token"": 29, ""unknown_X"": 4}",17,1,"[[""K43E"", ""V118I"", ""T215Y"", ""K219N""]]","largest joint count, then lexicographic tuple of source mutation strings in ascending position order",observed_training_profile,"Observed training annotation; coefficient belongs to the original position rule, not this mutation profile."
NRTI/DDI,CV-min,43;98;208;215,P43 + P98 + P208 + P215,0.010540391513272612,34,1662,K43E + A98G + H208Y + T215Y,6,6/34,26,8,"{""mixed_amino_acid_token"": 7, ""unknown_X"": 1}",12,1,"[[""K43E"", ""A98G"", ""H208Y"", ""T215Y""]]","largest joint count, then lexicographic tuple of source mutation strings in ascending position order",observed_training_profile,"Observed training annotation; coefficient belongs to the original position rule, not this mutation profile."
NRTI/DDI,CV-min,75;135;184;215,P75 + P135 + P184 + P215,0.010250380168814905,34,1662,V75M + I135T + M184V + T215Y,12,12/34,30,4,"{""mixed_amino_acid_token"": 3, ""unknown_X"": 1}",12,1,"[[""V75M"", ""I135T"", ""M184V"", ""T215Y""]]","largest joint count, then lexicographic tuple of source mutation strings in ascending position order",observed_training_profile,"Observed training annotation; coefficient belongs to the original position rule, not this mutation profile."
NRTI/DDI,CV-min,67;178;210;215,P67 + P178 + P210 + P215,0.010066472596440302,58,1662,D67N + I178L + L210W + T215Y,20,20/58,46,12,"{""mixed_amino_acid_token"": 12}",11,1,"[[""D67N"", ""I178L"", ""L210W"", ""T215Y""]]","largest joint count, then lexicographic tuple of source mutation strings in ascending position order",observed_training_profile,"Observed training annotation; coefficient belongs to the original position rule, not this mutation profile."
NRTI/DDI,CV-min,39;122;207,P39 + P122 + P207,-0.0098856646812984679,93,1662,T39A + K122E + Q207E,24,24/93,58,35,"{""asterisk_special_marker"": 1, ""mixed_amino_acid_token"": 34}",15,1,"[[""T39A"", ""K122E"", ""Q207E""]]","largest joint count, then lexicographic tuple of source mutation strings in ascending position order",observed_training_profile,"Observed training annotation; coefficient belongs to the original position rule, not this mutation profile."
NRTI/DDI,CV-min,122;135;207;219,P122 + P135 + P207 + P219,-0.0097180130260000261,49,1662,K122E + I135T + Q207E + K219E,5,5/49,26,23,"{""mixed_amino_acid_token"": 22, ""unknown_X"": 3}",16,2,"[[""K122E"", ""I135T"", ""Q207E"", ""K219E""], [""K122E"", ""I135T"", ""Q207E"", ""K219Q""]]","largest joint count, then lexicographic tuple of source mutation strings in ascending position order",observed_training_profile,"Observed training annotation; coefficient belongs to the original position rule, not this mutation profile."
NRTI/DDI,CV-min,108;184,P108 + P184,-0.0093383830099766155,71,1662,V108I + M184V,52,52/71,53,18,"{""mixed_amino_acid_token"": 18}",2,1,"[[""V108I"", ""M184V""]]","largest joint count, then lexicographic tuple of source mutation strings in ascending position order",observed_training_profile,"Observed training annotation; coefficient belongs to the original position rule, not this mutation profile."
NRTI/DDI,CV-min,184;190;228,P184 + P190 + P228,0.0090215606076632458,33,1662,M184V + G190A + L228H,16,16/33,29,4,"{""mixed_amino_acid_token"": 4}",9,1,"[[""M184V"", ""G190A"", ""L228H""]]","largest joint count, then lexicographic tuple of source mutation strings in ascending position order",observed_training_profile,"Observed training annotation; coefficient belongs to the original position rule, not this mutation profile."
NRTI/DDI,CV-min,123;200;207,P123 + P200 + P207,0.0087827540705869966,80,1662,D123E + T200A + Q207E,16,16/80,39,41,"{""mixed_amino_acid_token"": 37, ""unknown_X"": 6}",13,1,"[[""D123E"", ""T200A"", ""Q207E""]]","largest joint count, then lexicographic tuple of source mutation strings in ascending position order",observed_training_profile,"Observed training annotation; coefficient belongs to the original position rule, not this mutation profile."
NRTI/DDI,CV-min,41;188;215,P41 + P188 + P215,0.0082595966300229116,34,1662,M41L + Y188L + T215Y,20,20/34,32,2,"{""mixed_amino_acid_token"": 1, ""unknown_X"": 1}",5,1,"[[""M41L"", ""Y188L"", ""T215Y""]]","largest joint count, then lexicographic tuple of source mutation strings in ascending position order",observed_training_profile,"Observed training annotation; coefficient belongs to the original position rule, not this mutation profile."
NRTI/DDI,CV-min,69;162;184,P69 + P162 + P184,-0.008160254034042318,59,1662,T69D + S162D + M184V,5,5/59,39,20,"{""insertion_or_special_marker"": 2, ""mixed_amino_acid_token"": 14, ""unknown_X"": 4}",19,2,"[[""T69D"", ""S162D"", ""M184V""], [""T69N"", ""S162D"", ""M184V""]]","largest joint count, then lexicographic tuple of source mutation strings in ascending position order",observed_training_profile,"Observed training annotation; coefficient belongs to the original position rule, not this mutation profile."
NRTI/DDI,CV-min,69;207;211,P69 + P207 + P211,-0.0080033790227514567,66,1662,T69D + Q207E + R211K,25,25/66,37,29,"{""insertion_or_special_marker"": 3, ""mixed_amino_acid_token"": 23, ""unknown_X"": 5}",9,1,"[[""T69D"", ""Q207E"", ""R211K""]]","largest joint count, then lexicographic tuple of source mutation strings in ascending position order",observed_training_profile,"Observed training annotation; coefficient belongs to the original position rule, not this mutation profile."
NRTI/DDI,CV-min,67;103;215,P67 + P103 + P215,-0.0077189772811428531,186,1662,D67N + K103N + T215Y,75,75/186,148,38,"{""mixed_amino_acid_token"": 31, ""other_non_simple_token"": 1, ""unknown_X"": 7}",21,1,"[[""D67N"", ""K103N"", ""T215Y""]]","largest joint count, then lexicographic tuple of source mutation strings in ascending position order",observed_training_profile,"Observed training annotation; coefficient belongs to the original position rule, not this mutation profile."
NRTI/DDI,CV-min,41;142;184,P41 + P142 + P184,0.0074771598167706673,85,1662,M41L + I142V + M184V,64,64/85,70,15,"{""mixed_amino_acid_token"": 15}",3,1,"[[""M41L"", ""I142V"", ""M184V""]]","largest joint count, then lexicographic tuple of source mutation strings in ascending position order",observed_training_profile,"Observed training annotation; coefficient belongs to the original position rule, not this mutation profile."
NRTI/DDI,CV-min,228,P228,0.0070152497230929652,349,1662,L228H,176,176/349,281,68,"{""mixed_amino_acid_token"": 65, ""unknown_X"": 3}",8,1,"[[""L228H""]]","largest joint count, then lexicographic tuple of source mutation strings in ascending position order",observed_training_profile,"Observed training annotation; coefficient belongs to the original position rule, not this mutation profile."
NRTI/DDI,CV-min,43;98;211;215,P43 + P98 + P211 + P215,0.0069626601768676541,56,1662,K43E + A98G + R211K + T215Y,14,14/56,40,16,"{""mixed_amino_acid_token"": 15, ""unknown_X"": 2}",13,1,"[[""K43E"", ""A98G"", ""R211K"", ""T215Y""]]","largest joint count, then lexicographic tuple of source mutation strings in ascending position order",observed_training_profile,"Observed training annotation; coefficient belongs to the original position rule, not this mutation profile."
NRTI/DDI,CV-min,69;177;200,P69 + P177 + P200,0.0068445003237438181,40,1662,T69D + D177E + T200A,7,7/40,25,15,"{""insertion_or_special_marker"": 1, ""mixed_amino_acid_token"": 12, ""unknown_X"": 2}",13,1,"[[""T69D"", ""D177E"", ""T200A""]]","largest joint count, then lexicographic tuple of source mutation strings in ascending position order",observed_training_profile,"Observed training annotation; coefficient belongs to the original position rule, not this mutation profile."
NRTI/DDI,CV-min,35;70,P35 + P70,0.0067090662657966586,119,1662,V35I + K70R,28,28/119,99,20,"{""mixed_amino_acid_token"": 20}",18,1,"[[""V35I"", ""K70R""]]","largest joint count, then lexicographic tuple of source mutation strings in ascending position order",observed_training_profile,"Observed training annotation; coefficient belongs to the original position rule, not this mutation profile."
NRTI/DDI,CV-min,162;210;215,P162 + P210 + P215,0.0065664712385655882,131,1662,S162C + L210W + T215Y,36,36/131,111,20,"{""mixed_amino_acid_token"": 12, ""unknown_X"": 8}",19,1,"[[""S162C"", ""L210W"", ""T215Y""]]","largest joint count, then lexicographic tuple of source mutation strings in ascending position order",observed_training_profile,"Observed training annotation; coefficient belongs to the original position rule, not this mutation profile."
NRTI/DDI,CV-min,181;184;211,P181 + P184 + P211,-0.0062178570241928598,87,1662,Y181C + M184V + R211K,51,51/87,67,20,"{""mixed_amino_acid_token"": 20}",9,1,"[[""Y181C"", ""M184V"", ""R211K""]]","largest joint count, then lexicographic tuple of source mutation strings in ascending position order",observed_training_profile,"Observed training annotation; coefficient belongs to the original position rule, not this mutation profile."
NRTI/DDI,CV-min,70;122;215,P70 + P122 + P215,0.0061616080491387042,140,1662,K70R + K122E + T215F,74,74/140,132,8,"{""mixed_amino_acid_token"": 7, ""unknown_X"": 1}",15,1,"[[""K70R"", ""K122E"", ""T215F""]]","largest joint count, then lexicographic tuple of source mutation strings in ascending position order",observed_training_profile,"Observed training annotation; coefficient belongs to the original position rule, not this mutation profile."
NRTI/DDI,CV-min,41;211,P41 + P211,0.0060129684459357792,429,1662,M41L + R211K,342,342/429,375,54,"{""mixed_amino_acid_token"": 52, ""unknown_X"": 2}",9,1,"[[""M41L"", ""R211K""]]","largest joint count, then lexicographic tuple of source mutation strings in ascending position order",observed_training_profile,"Observed training annotation; coefficient belongs to the original position rule, not this mutation profile."
NRTI/DDI,CV-min,123;211,P123 + P211,-0.0056733148957969163,310,1662,D123E + R211K,141,141/310,205,105,"{""missing_or_nonunique_matching_simple_source_annotation"": 1, ""mixed_amino_acid_token"": 100, ""unknown_X"": 5}",15,1,"[[""D123E"", ""R211K""]]","largest joint count, then lexicographic tuple of source mutation strings in ascending position order",observed_training_profile,"Observed training annotation; coefficient belongs to the original position rule, not this mutation profile."
NRTI/DDI,CV-min,41;190;203;215,P41 + P190 + P203 + P215,-0.0054743999376190601,36,1662,M41L + G190A + E203K + T215Y,15,15/36,28,8,"{""mixed_amino_acid_token"": 8, ""unknown_X"": 1}",10,1,"[[""M41L"", ""G190A"", ""E203K"", ""T215Y""]]","largest joint count, then lexicographic tuple of source mutation strings in ascending position order",observed_training_profile,"Observed training annotation; coefficient belongs to the original position rule, not this mutation profile."
NRTI/DDI,CV-min,179;181;200,P179 + P181 + P200,0.0053477132756009869,40,1662,V179I + Y181C + T200A,11,11/40,26,14,"{""mixed_amino_acid_token"": 13, ""unknown_X"": 1}",9,1,"[[""V179I"", ""Y181C"", ""T200A""]]","largest joint count, then lexicographic tuple of source mutation strings in ascending position order",observed_training_profile,"Observed training annotation; coefficient belongs to the original position rule, not this mutation profile."
NRTI/DDI,CV-min,69;203;215,P69 + P203 + P215,-0.0050963136400097699,66,1662,T69D + E203K + T215Y,19,19/66,45,21,"{""mixed_amino_acid_token"": 15, ""unknown_X"": 7}",15,1,"[[""T69D"", ""E203K"", ""T215Y""]]","largest joint count, then lexicographic tuple of source mutation strings in ascending position order",observed_training_profile,"Observed training annotation; coefficient belongs to the original position rule, not this mutation profile."
NRTI/DDI,CV-min,67;218,P67 + P218,0.0048723658113228978,107,1662,D67N + D218E,90,90/107,97,10,"{""mixed_amino_acid_token"": 10}",2,1,"[[""D67N"", ""D218E""]]","largest joint count, then lexicographic tuple of source mutation strings in ascending position order",observed_training_profile,"Observed training annotation; coefficient belongs to the original position rule, not this mutation profile."
NRTI/DDI,CV-min,41;43;142;215,P41 + P43 + P142 + P215,0.0046774603544572808,51,1662,M41L + K43E + I142V + T215Y,16,16/51,31,20,"{""mixed_amino_acid_token"": 20}",8,1,"[[""M41L"", ""K43E"", ""I142V"", ""T215Y""]]","largest joint count, then lexicographic tuple of source mutation strings in ascending position order",observed_training_profile,"Observed training annotation; coefficient belongs to the original position rule, not this mutation profile."
NRTI/DDI,CV-min,103;177;200,P103 + P177 + P200,0.0043632335734501955,70,1662,K103N + D177E + T200A,24,24/70,40,30,"{""mixed_amino_acid_token"": 29, ""unknown_X"": 1}",8,1,"[[""K103N"", ""D177E"", ""T200A""]]","largest joint count, then lexicographic tuple of source mutation strings in ascending position order",observed_training_profile,"Observed training annotation; coefficient belongs to the original position rule, not this mutation profile."
NRTI/DDI,CV-min,35;179,P35 + P179,-0.0043571446215084656,121,1662,V35I + V179I,15,15/121,69,52,"{""mixed_amino_acid_token"": 52}",20,1,"[[""V35I"", ""V179I""]]","largest joint count, then lexicographic tuple of source mutation strings in ascending position order",observed_training_profile,"Observed training annotation; coefficient belongs to the original position rule, not this mutation profile."
NRTI/DDI,CV-min,41;69;162,P41 + P69 + P162,0.0041760780586580573,68,1662,M41L + T69D + S162C,7,7/68,38,30,"{""insertion_or_special_marker"": 8, ""mixed_amino_acid_token"": 20, ""unknown_X"": 4}",15,2,"[[""M41L"", ""T69D"", ""S162C""], [""M41L"", ""T69D"", ""S162D""]]","largest joint count, then lexicographic tuple of source mutation strings in ascending position order",observed_training_profile,"Observed training annotation; coefficient belongs to the original position rule, not this mutation profile."
NRTI/DDI,CV-min,41;74;200;215,P41 + P74 + P200 + P215,0.0039441032739352946,69,1662,M41L + L74V + T200A + T215Y,26,26/69,54,15,"{""mixed_amino_acid_token"": 14, ""unknown_X"": 1}",13,1,"[[""M41L"", ""L74V"", ""T200A"", ""T215Y""]]","largest joint count, then lexicographic tuple of source mutation strings in ascending position order",observed_training_profile,"Observed training annotation; coefficient belongs to the original position rule, not this mutation profile."
NRTI/DDI,CV-min,60,P60,-0.0036585344035886744,325,1662,V60I,263,263/325,266,59,"{""mixed_amino_acid_token"": 59}",3,1,"[[""V60I""]]","largest joint count, then lexicographic tuple of source mutation strings in ascending position order",observed_training_profile,"Observed training annotation; coefficient belongs to the original position rule, not this mutation profile."
NRTI/DDI,CV-min,20;69,P20 + P69,-0.0032269016254887865,100,1662,K20R + T69D,33,33/100,73,27,"{""mixed_amino_acid_token"": 26, ""unknown_X"": 1}",9,1,"[[""K20R"", ""T69D""]]","largest joint count, then lexicographic tuple of source mutation strings in ascending position order",observed_training_profile,"Observed training annotation; coefficient belongs to the original position rule, not this mutation profile."
NRTI/DDI,CV-min,135;184;228,P135 + P184 + P228,0.0031947131106513124,98,1662,I135T + M184V + L228H,32,32/98,72,26,"{""mixed_amino_acid_token"": 26, ""unknown_X"": 1}",11,1,"[[""I135T"", ""M184V"", ""L228H""]]","largest joint count, then lexicographic tuple of source mutation strings in ascending position order",observed_training_profile,"Observed training annotation; coefficient belongs to the original position rule, not this mutation profile."
NRTI/DDI,CV-min,41;135;208;215,P41 + P135 + P208 + P215,0.0031471527040236738,78,1662,M41L + I135T + H208Y + T215Y,30,30/78,52,26,"{""mixed_amino_acid_token"": 25, ""unknown_X"": 1}",8,1,"[[""M41L"", ""I135T"", ""H208Y"", ""T215Y""]]","largest joint count, then lexicographic tuple of source mutation strings in ascending position order",observed_training_profile,"Observed training annotation; coefficient belongs to the original position rule, not this mutation profile."
NRTI/DDI,CV-min,20;122;179,P20 + P122 + P179,-0.0029323112778769124,51,1662,K20R + K122E + V179I,19,19/51,24,27,"{""mixed_amino_acid_token"": 26, ""unknown_X"": 1}",5,1,"[[""K20R"", ""K122E"", ""V179I""]]","largest joint count, then lexicographic tuple of source mutation strings in ascending position order",observed_training_profile,"Observed training annotation; coefficient belongs to the original position rule, not this mutation profile."
NRTI/DDI,CV-min,67;208;211;219,P67 + P208 + P211 + P219,0.0029184292432097576,92,1662,D67N + H208Y + R211K + K219N,19,19/92,66,26,"{""mixed_amino_acid_token"": 26, ""unknown_X"": 1}",15,1,"[[""D67N"", ""H208Y"", ""R211K"", ""K219N""]]","largest joint count, then lexicographic tuple of source mutation strings in ascending position order",observed_training_profile,"Observed training annotation; coefficient belongs to the original position rule, not this mutation profile."
NRTI/DDI,CV-min,139;215,P139 + P215,0.0028606830962723899,37,1662,T139K + T215F,4,4/37,19,18,"{""mixed_amino_acid_token"": 18}",11,2,"[[""T139K"", ""T215F""], [""T139K"", ""T215Y""]]","largest joint count, then lexicographic tuple of source mutation strings in ascending position order",observed_training_profile,"Observed training annotation; coefficient belongs to the original position rule, not this mutation profile."
NRTI/DDI,CV-min,43;208;211,P43 + P208 + P211,0.0028138737998741632,95,1662,K43E + H208Y + R211K,36,36/95,64,31,"{""mixed_amino_acid_token"": 28, ""unknown_X"": 3}",10,1,"[[""K43E"", ""H208Y"", ""R211K""]]","largest joint count, then lexicographic tuple of source mutation strings in ascending position order",observed_training_profile,"Observed training annotation; coefficient belongs to the original position rule, not this mutation profile."
NRTI/DDI,CV-min,118;210;215;219,P118 + P210 + P215 + P219,0.0022315283733594388,153,1662,V118I + L210W + T215Y + K219N,42,42/153,111,42,"{""mixed_amino_acid_token"": 40, ""unknown_X"": 2}",14,1,"[[""V118I"", ""L210W"", ""T215Y"", ""K219N""]]","largest joint count, then lexicographic tuple of source mutation strings in ascending position order",observed_training_profile,"Observed training annotation; coefficient belongs to the original position rule, not this mutation profile."
NRTI/DDI,CV-min,69;181;211,P69 + P181 + P211,-0.0018127929262787789,54,1662,T69D + Y181C + R211K,21,21/54,37,17,"{""insertion_or_special_marker"": 2, ""mixed_amino_acid_token"": 13, ""unknown_X"": 2}",8,1,"[[""T69D"", ""Y181C"", ""R211K""]]","largest joint count, then lexicographic tuple of source mutation strings in ascending position order",observed_training_profile,"Observed training annotation; coefficient belongs to the original position rule, not this mutation profile."
NRTI/DDI,CV-min,118;207,P118 + P207,0.0015713338531867021,155,1662,V118I + Q207E,98,98/155,117,38,"{""asterisk_special_marker"": 1, ""mixed_amino_acid_token"": 37, ""unknown_X"": 1}",7,1,"[[""V118I"", ""Q207E""]]","largest joint count, then lexicographic tuple of source mutation strings in ascending position order",observed_training_profile,"Observed training annotation; coefficient belongs to the original position rule, not this mutation profile."
NRTI/DDI,CV-min,69;118;179,P69 + P118 + P179,0.0014167038589523986,40,1662,T69D + V118I + V179I,17,17/40,25,15,"{""insertion_or_special_marker"": 1, ""mixed_amino_acid_token"": 14}",7,1,"[[""T69D"", ""V118I"", ""V179I""]]","largest joint count, then lexicographic tuple of source mutation strings in ascending position order",observed_training_profile,"Observed training annotation; coefficient belongs to the original position rule, not this mutation profile."
NRTI/DDI,CV-min,179;211;215,P179 + P211 + P215,-0.0012461580734698552,130,1662,V179I + R211K + T215Y,43,43/130,81,49,"{""mixed_amino_acid_token"": 47, ""unknown_X"": 2}",23,1,"[[""V179I"", ""R211K"", ""T215Y""]]","largest joint count, then lexicographic tuple of source mutation strings in ascending position order",observed_training_profile,"Observed training annotation; coefficient belongs to the original position rule, not this mutation profile."
NRTI/DDI,CV-min,67;122;210;215,P67 + P122 + P210 + P215,0.0012275345973533176,228,1662,D67N + K122E + L210W + T215Y,143,143/228,188,40,"{""mixed_amino_acid_token"": 34, ""unknown_X"": 7}",14,1,"[[""D67N"", ""K122E"", ""L210W"", ""T215Y""]]","largest joint count, then lexicographic tuple of source mutation strings in ascending position order",observed_training_profile,"Observed training annotation; coefficient belongs to the original position rule, not this mutation profile."
NRTI/DDI,CV-min,35;135;174,P35 + P135 + P174,0.00089643933996896158,52,1662,V35T + I135V + Q174K,10,10/52,38,14,"{""mixed_amino_acid_token"": 13, ""unknown_X"": 1}",19,1,"[[""V35T"", ""I135V"", ""Q174K""]]","largest joint count, then lexicographic tuple of source mutation strings in ascending position order",observed_training_profile,"Observed training annotation; coefficient belongs to the original position rule, not this mutation profile."
NRTI/DDI,CV-min,39;41;67;215,P39 + P41 + P67 + P215,0.00051512380296219482,159,1662,T39A + M41L + D67N + T215Y,68,68/159,117,42,"{""mixed_amino_acid_token"": 35, ""unknown_X"": 8}",17,1,"[[""T39A"", ""M41L"", ""D67N"", ""T215Y""]]","largest joint count, then lexicographic tuple of source mutation strings in ascending position order",observed_training_profile,"Observed training annotation; coefficient belongs to the original position rule, not this mutation profile."
NRTI/DDI,CV-min,122;184;203;207,P122 + P184 + P203 + P207,0.00027359007094387538,60,1662,K122E + M184V + E203K + Q207E,19,19/60,37,23,"{""mixed_amino_acid_token"": 22, ""unknown_X"": 2}",11,1,"[[""K122E"", ""M184V"", ""E203K"", ""Q207E""]]","largest joint count, then lexicographic tuple of source mutation strings in ascending position order",observed_training_profile,"Observed training annotation; coefficient belongs to the original position rule, not this mutation profile."
NRTI/DDI,CV-min,39;69;211,P39 + P69 + P211,-0.00017156072055903601,65,1662,T39A + T69D + R211K,15,15/65,30,35,"{""insertion_or_special_marker"": 2, ""mixed_amino_acid_token"": 32, ""unknown_X"": 3}",12,1,"[[""T39A"", ""T69D"", ""R211K""]]","largest joint count, then lexicographic tuple of source mutation strings in ascending position order",observed_training_profile,"Observed training annotation; coefficient belongs to the original position rule, not this mutation profile."
NRTI/DDI,CV-min,41,P41,0.00016941961626269056,648,1662,M41L,647,647/648,648,0,{},2,1,"[[""M41L""]]","largest joint count, then lexicographic tuple of source mutation strings in ascending position order",observed_training_profile,"Observed training annotation; coefficient belongs to the original position rule, not this mutation profile."
NRTI/TDF,CV-min,69,P69,0.89116796643162255,319,1394,T69D,135,135/319,257,62,"{""insertion_or_special_marker"": 21, ""mixed_amino_acid_token"": 38, ""unknown_X"": 3}",9,1,"[[""T69D""]]","largest joint count, then lexicographic tuple of source mutation strings in ascending position order",observed_training_profile,"Observed training annotation; coefficient belongs to the original position rule, not this mutation profile."
NRTI/TDF,CV-min,65,P65,0.7666327305894195,60,1394,K65R,59,59/60,60,0,{},2,1,"[[""K65R""]]","largest joint count, then lexicographic tuple of source mutation strings in ascending position order",observed_training_profile,"Observed training annotation; coefficient belongs to the original position rule, not this mutation profile."
NRTI/TDF,CV-min,184,P184,-0.50066341048953522,653,1394,M184V,628,628/653,653,0,{},2,1,"[[""M184V""]]","largest joint count, then lexicographic tuple of source mutation strings in ascending position order",observed_training_profile,"Observed training annotation; coefficient belongs to the original position rule, not this mutation profile."
NRTI/TDF,CV-min,41,P41,0.38367750523506911,546,1394,M41L,546,546/546,546,0,{},1,1,"[[""M41L""]]","largest joint count, then lexicographic tuple of source mutation strings in ascending position order",observed_training_profile,"Observed training annotation; coefficient belongs to the original position rule, not this mutation profile."
NRTI/TDF,CV-min,69;177;228,P69 + P177 + P228,0.35446836015566513,36,1394,T69D + D177E + L228H,9,9/36,25,11,"{""insertion_or_special_marker"": 4, ""mixed_amino_acid_token"": 7}",11,1,"[[""T69D"", ""D177E"", ""L228H""]]","largest joint count, then lexicographic tuple of source mutation strings in ascending position order",observed_training_profile,"Observed training annotation; coefficient belongs to the original position rule, not this mutation profile."
NRTI/TDF,CV-min,69;122;215;228,P69 + P122 + P215 + P228,0.32136229026651736,92,1394,T69D + K122E + T215F + L228H,15,15/92,62,30,"{""insertion_or_special_marker"": 6, ""mixed_amino_acid_token"": 24, ""unknown_X"": 1}",21,1,"[[""T69D"", ""K122E"", ""T215F"", ""L228H""]]","largest joint count, then lexicographic tuple of source mutation strings in ascending position order",observed_training_profile,"Observed training annotation; coefficient belongs to the original position rule, not this mutation profile."
NRTI/TDF,CV-min,151,P151,0.31016674376451508,37,1394,Q151M,36,36/37,36,1,"{""unknown_X"": 1}",1,1,"[[""Q151M""]]","largest joint count, then lexicographic tuple of source mutation strings in ascending position order",observed_training_profile,"Observed training annotation; coefficient belongs to the original position rule, not this mutation profile."
NRTI/TDF,CV-min,67;69;190;215,P67 + P69 + P190 + P215,0.3037074907619069,34,1394,D67N + T69D + G190A + T215Y,9,9/34,26,8,"{""insertion_or_special_marker"": 1, ""mixed_amino_acid_token"": 4, ""other_non_simple_token"": 1, ""unknown_X"": 2}",8,1,"[[""D67N"", ""T69D"", ""G190A"", ""T215Y""]]","largest joint count, then lexicographic tuple of source mutation strings in ascending position order",observed_training_profile,"Observed training annotation; coefficient belongs to the original position rule, not this mutation profile."
NRTI/TDF,CV-min,41;67;69,P41 + P67 + P69,-0.30074367073595387,133,1394,M41L + D67N + T69D,81,81/133,114,19,"{""insertion_or_special_marker"": 1, ""mixed_amino_acid_token"": 13, ""unknown_X"": 6}",11,1,"[[""M41L"", ""D67N"", ""T69D""]]","largest joint count, then lexicographic tuple of source mutation strings in ascending position order",observed_training_profile,"Observed training annotation; coefficient belongs to the original position rule, not this mutation profile."
NRTI/TDF,CV-min,210;215,P210 + P215,0.29039664306234803,409,1394,L210W + T215Y,354,354/409,405,4,"{""unknown_X"": 4}",13,1,"[[""L210W"", ""T215Y""]]","largest joint count, then lexicographic tuple of source mutation strings in ascending position order",observed_training_profile,"Observed training annotation; coefficient belongs to the original position rule, not this mutation profile."
NRTI/TDF,CV-min,215,P215,0.28651227263881002,697,1394,T215Y,472,472/697,684,13,"{""unknown_X"": 13}",11,1,"[[""T215Y""]]","largest joint count, then lexicographic tuple of source mutation strings in ascending position order",observed_training_profile,"Observed training annotation; coefficient belongs to the original position rule, not this mutation profile."
NRTI/TDF,CV-min,115,P115,0.28546454232394042,39,1394,Y115F,35,35/39,35,4,"{""mixed_amino_acid_token"": 4}",1,1,"[[""Y115F""]]","largest joint count, then lexicographic tuple of source mutation strings in ascending position order",observed_training_profile,"Observed training annotation; coefficient belongs to the original position rule, not this mutation profile."
NRTI/TDF,CV-min,69;162;210;215,P69 + P162 + P210 + P215,0.2762882221010553,42,1394,T69D + S162C + L210W + T215Y,8,8/42,24,18,"{""insertion_or_special_marker"": 6, ""mixed_amino_acid_token"": 9, ""unknown_X"": 3}",12,1,"[[""T69D"", ""S162C"", ""L210W"", ""T215Y""]]","largest joint count, then lexicographic tuple of source mutation strings in ascending position order",observed_training_profile,"Observed training annotation; coefficient belongs to the original position rule, not this mutation profile."
NRTI/TDF,CV-min,69;178,P69 + P178,-0.26656747572338252,59,1394,T69D + I178L,7,7/59,30,29,"{""insertion_or_special_marker"": 2, ""mixed_amino_acid_token"": 27, ""unknown_X"": 1}",12,2,"[[""T69D"", ""I178L""], [""T69D"", ""I178M""]]","largest joint count, then lexicographic tuple of source mutation strings in ascending position order",observed_training_profile,"Observed training annotation; coefficient belongs to the original position rule, not this mutation profile."
NRTI/TDF,CV-min,74;135;184;207,P74 + P135 + P184 + P207,0.26219224094565657,27,1394,L74V + I135T + M184V + Q207E,6,6/27,20,7,"{""mixed_amino_acid_token"": 6, ""unknown_X"": 1}",10,1,"[[""L74V"", ""I135T"", ""M184V"", ""Q207E""]]","largest joint count, then lexicographic tuple of source mutation strings in ascending position order",observed_training_profile,"Observed training annotation; coefficient belongs to the original position rule, not this mutation profile."
NRTI/TDF,CV-min,62,P62,0.24139562602428749,63,1394,A62V,54,54/63,55,8,"{""mixed_amino_acid_token"": 8}",2,1,"[[""A62V""]]","largest joint count, then lexicographic tuple of source mutation strings in ascending position order",observed_training_profile,"Observed training annotation; coefficient belongs to the original position rule, not this mutation profile."
NRTI/TDF,CV-min,67;70;219,P67 + P70 + P219,0.24092915956924596,231,1394,D67N + K70R + K219Q,129,129/231,221,10,"{""mixed_amino_acid_token"": 6, ""other_non_simple_token"": 1, ""unknown_X"": 3}",14,1,"[[""D67N"", ""K70R"", ""K219Q""]]","largest joint count, then lexicographic tuple of source mutation strings in ascending position order",observed_training_profile,"Observed training annotation; coefficient belongs to the original position rule, not this mutation profile."
NRTI/TDF,CV-min,69;123,P69 + P123,-0.23527563659054851,104,1394,T69D + D123E,29,29/104,73,31,"{""insertion_or_special_marker"": 5, ""mixed_amino_acid_token"": 27, ""unknown_X"": 2}",14,1,"[[""T69D"", ""D123E""]]","largest joint count, then lexicographic tuple of source mutation strings in ascending position order",observed_training_profile,"Observed training annotation; coefficient belongs to the original position rule, not this mutation profile."
NRTI/TDF,CV-min,75;77,P75 + P77,0.23148611581752682,28,1394,V75I + F77L,13,13/28,26,2,"{""mixed_amino_acid_token"": 2}",3,1,"[[""V75I"", ""F77L""]]","largest joint count, then lexicographic tuple of source mutation strings in ascending position order",observed_training_profile,"Observed training annotation; coefficient belongs to the original position rule, not this mutation profile."
NRTI/TDF,CV-min,67;122;135;207,P67 + P122 + P135 + P207,-0.23120733752425507,50,1394,D67N + K122E + I135T + Q207E,10,10/50,26,24,"{""asterisk_special_marker"": 1, ""mixed_amino_acid_token"": 22, ""unknown_X"": 1}",11,1,"[[""D67N"", ""K122E"", ""I135T"", ""Q207E""]]","largest joint count, then lexicographic tuple of source mutation strings in ascending position order",observed_training_profile,"Observed training annotation; coefficient belongs to the original position rule, not this mutation profile."
NRTI/TDF,CV-min,122;174;177,P122 + P174 + P177,0.2303081364450397,39,1394,K122E + Q174K + D177E,10,10/39,24,15,"{""mixed_amino_acid_token"": 15}",7,1,"[[""K122E"", ""Q174K"", ""D177E""]]","largest joint count, then lexicographic tuple of source mutation strings in ascending position order",observed_training_profile,"Observed training annotation; coefficient belongs to the original position rule, not this mutation profile."
NRTI/TDF,CV-min,75;118;184;211,P75 + P118 + P184 + P211,0.21463944358272563,32,1394,V75M + V118I + M184V + R211K,13,13/32,23,9,"{""mixed_amino_acid_token"": 8, ""unknown_X"": 1}",7,1,"[[""V75M"", ""V118I"", ""M184V"", ""R211K""]]","largest joint count, then lexicographic tuple of source mutation strings in ascending position order",observed_training_profile,"Observed training annotation; coefficient belongs to the original position rule, not this mutation profile."
NRTI/TDF,CV-min,41;122;179;196,P41 + P122 + P179 + P196,-0.21341525482247878,35,1394,M41L + K122E + V179I + G196E,11,11/35,17,18,"{""mixed_amino_acid_token"": 17, ""unknown_X"": 1}",7,1,"[[""M41L"", ""K122E"", ""V179I"", ""G196E""]]","largest joint count, then lexicographic tuple of source mutation strings in ascending position order",observed_training_profile,"Observed training annotation; coefficient belongs to the original position rule, not this mutation profile."
NRTI/TDF,CV-min,69;122,P69 + P122,-0.20733566364132111,204,1394,T69D + K122E,95,95/204,152,52,"{""insertion_or_special_marker"": 12, ""mixed_amino_acid_token"": 38, ""unknown_X"": 2}",12,1,"[[""T69D"", ""K122E""]]","largest joint count, then lexicographic tuple of source mutation strings in ascending position order",observed_training_profile,"Observed training annotation; coefficient belongs to the original position rule, not this mutation profile."
NRTI/TDF,CV-min,188;211;215,P188 + P211 + P215,0.20097940804343298,32,1394,Y188L + R211K + T215Y,13,13/32,26,6,"{""mixed_amino_acid_token"": 5, ""unknown_X"": 1}",8,1,"[[""Y188L"", ""R211K"", ""T215Y""]]","largest joint count, then lexicographic tuple of source mutation strings in ascending position order",observed_training_profile,"Observed training annotation; coefficient belongs to the original position rule, not this mutation profile."
NRTI/TDF,CV-min,69;202,P69 + P202,-0.20086460848924265,43,1394,T69N + I202V,13,13/43,27,16,"{""insertion_or_special_marker"": 1, ""mixed_amino_acid_token"": 15}",6,1,"[[""T69N"", ""I202V""]]","largest joint count, then lexicographic tuple of source mutation strings in ascending position order",observed_training_profile,"Observed training annotation; coefficient belongs to the original position rule, not this mutation profile."
NRTI/TDF,CV-min,68;162,P68 + P162,0.1992823260646493,33,1394,S68G + S162C,6,6/33,23,10,"{""mixed_amino_acid_token"": 10}",12,1,"[[""S68G"", ""S162C""]]","largest joint count, then lexicographic tuple of source mutation strings in ascending position order",observed_training_profile,"Observed training annotation; coefficient belongs to the original position rule, not this mutation profile."
NRTI/TDF,CV-min,41;90;215,P41 + P90 + P215,0.1969090544628895,39,1394,M41L + V90I + T215Y,19,19/39,27,12,"{""mixed_amino_acid_token"": 12}",2,1,"[[""M41L"", ""V90I"", ""T215Y""]]","largest joint count, then lexicographic tuple of source mutation strings in ascending position order",observed_training_profile,"Observed training annotation; coefficient belongs to the original position rule, not this mutation profile."
NRTI/TDF,CV-min,41;75;215,P41 + P75 + P215,-0.1938165267678186,91,1394,M41L + V75M + T215Y,37,37/91,89,2,"{""unknown_X"": 2}",14,1,"[[""M41L"", ""V75M"", ""T215Y""]]","largest joint count, then lexicographic tuple of source mutation strings in ascending position order",observed_training_profile,"Observed training annotation; coefficient belongs to the original position rule, not this mutation profile."
NRTI/TDF,CV-min,98;103;210;215,P98 + P103 + P210 + P215,0.18694503118426364,40,1394,A98G + K103N + L210W + T215Y,15,15/40,31,9,"{""mixed_amino_acid_token"": 9}",5,1,"[[""A98G"", ""K103N"", ""L210W"", ""T215Y""]]","largest joint count, then lexicographic tuple of source mutation strings in ascending position order",observed_training_profile,"Observed training annotation; coefficient belongs to the original position rule, not this mutation profile."
NRTI/TDF,CV-min,181,P181,-0.18386291260627902,250,1394,Y181C,206,206/250,227,23,"{""mixed_amino_acid_token"": 23}",5,1,"[[""Y181C""]]","largest joint count, then lexicographic tuple of source mutation strings in ascending position order",observed_training_profile,"Observed training annotation; coefficient belongs to the original position rule, not this mutation profile."
NRTI/TDF,CV-min,67;69;103;215,P67 + P69 + P103 + P215,-0.1837333541161931,63,1394,D67N + T69D + K103N + T215Y,14,14/63,49,14,"{""mixed_amino_acid_token"": 11, ""other_non_simple_token"": 1, ""unknown_X"": 2}",20,1,"[[""D67N"", ""T69D"", ""K103N"", ""T215Y""]]","largest joint count, then lexicographic tuple of source mutation strings in ascending position order",observed_training_profile,"Observed training annotation; coefficient belongs to the original position rule, not this mutation profile."
NRTI/TDF,CV-min,20;41;123;215,P20 + P41 + P123 + P215,0.18055847825201668,51,1394,K20R + M41L + D123E + T215Y,14,14/51,32,19,"{""mixed_amino_acid_token"": 19}",6,1,"[[""K20R"", ""M41L"", ""D123E"", ""T215Y""]]","largest joint count, then lexicographic tuple of source mutation strings in ascending position order",observed_training_profile,"Observed training annotation; coefficient belongs to the original position rule, not this mutation profile."
NRTI/TDF,CV-min,135;138;211,P135 + P138 + P211,0.17969479588874904,28,1394,I135T + E138A + R211K,4,4/28,14,14,"{""mixed_amino_acid_token"": 12, ""unknown_X"": 2}",9,1,"[[""I135T"", ""E138A"", ""R211K""]]","largest joint count, then lexicographic tuple of source mutation strings in ascending position order",observed_training_profile,"Observed training annotation; coefficient belongs to the original position rule, not this mutation profile."
NRTI/TDF,CV-min,122;135;174;184,P122 + P135 + P174 + P184,0.17922020923861062,29,1394,K122E + I135T + Q174R + M184V,5,5/29,18,11,"{""mixed_amino_acid_token"": 11}",10,1,"[[""K122E"", ""I135T"", ""Q174R"", ""M184V""]]","largest joint count, then lexicographic tuple of source mutation strings in ascending position order",observed_training_profile,"Observed training annotation; coefficient belongs to the original position rule, not this mutation profile."
NRTI/TDF,CV-min,39;68;184,P39 + P68 + P184,-0.1700577704264242,32,1394,T39A + S68G + M184V,14,14/32,19,13,"{""mixed_amino_acid_token"": 13}",4,1,"[[""T39A"", ""S68G"", ""M184V""]]","largest joint count, then lexicographic tuple of source mutation strings in ascending position order",observed_training_profile,"Observed training annotation; coefficient belongs to the original position rule, not this mutation profile."
NRTI/TDF,CV-min,32,P32,0.16858790308843871,34,1394,K32E,15,15/34,22,12,"{""mixed_amino_acid_token"": 12}",5,1,"[[""K32E""]]","largest joint count, then lexicographic tuple of source mutation strings in ascending position order",observed_training_profile,"Observed training annotation; coefficient belongs to the original position rule, not this mutation profile."
NRTI/TDF,CV-min,162;196;215;228,P162 + P196 + P215 + P228,0.16858403900954588,27,1394,S162C + G196E + T215Y + L228R,2,2/27,14,13,"{""mixed_amino_acid_token"": 12, ""unknown_X"": 2}",12,2,"[[""S162C"", ""G196E"", ""T215Y"", ""L228R""], [""S162D"", ""G196E"", ""T215F"", ""L228H""]]","largest joint count, then lexicographic tuple of source mutation strings in ascending position order",observed_training_profile,"Observed training annotation; coefficient belongs to the original position rule, not this mutation profile."
NRTI/TDF,CV-min,69;179;219,P69 + P179 + P219,-0.16547424770352803,57,1394,T69D + V179I + K219Q,13,13/57,42,15,"{""insertion_or_special_marker"": 1, ""mixed_amino_acid_token"": 15}",21,1,"[[""T69D"", ""V179I"", ""K219Q""]]","largest joint count, then lexicographic tuple of source mutation strings in ascending position order",observed_training_profile,"Observed training annotation; coefficient belongs to the original position rule, not this mutation profile."
NRTI/TDF,CV-min,68;210;215,P68 + P210 + P215,0.16503547360558288,52,1394,S68G + L210W + T215Y,26,26/52,41,11,"{""mixed_amino_acid_token"": 10, ""unknown_X"": 1}",10,1,"[[""S68G"", ""L210W"", ""T215Y""]]","largest joint count, then lexicographic tuple of source mutation strings in ascending position order",observed_training_profile,"Observed training annotation; coefficient belongs to the original position rule, not this mutation profile."
NRTI/TDF,CV-min,101;181,P101 + P181,-0.16218328362479431,87,1394,K101E + Y181C,33,33/87,76,11,"{""mixed_amino_acid_token"": 10, ""unknown_X"": 1}",12,1,"[[""K101E"", ""Y181C""]]","largest joint count, then lexicographic tuple of source mutation strings in ascending position order",observed_training_profile,"Observed training annotation; coefficient belongs to the original position rule, not this mutation profile."
NRTI/TDF,CV-min,69;122;190;215,P69 + P122 + P190 + P215,0.16089943107249155,30,1394,T69D + K122E + G190A + T215Y,9,9/30,23,7,"{""insertion_or_special_marker"": 1, ""mixed_amino_acid_token"": 6}",8,1,"[[""T69D"", ""K122E"", ""G190A"", ""T215Y""]]","largest joint count, then lexicographic tuple of source mutation strings in ascending position order",observed_training_profile,"Observed training annotation; coefficient belongs to the original position rule, not this mutation profile."
NRTI/TDF,CV-min,43;211;215;219,P43 + P211 + P215 + P219,0.1593663944243609,96,1394,K43E + R211K + T215Y + K219N,14,14/96,66,30,"{""mixed_amino_acid_token"": 28, ""unknown_X"": 4}",28,1,"[[""K43E"", ""R211K"", ""T215Y"", ""K219N""]]","largest joint count, then lexicographic tuple of source mutation strings in ascending position order",observed_training_profile,"Observed training annotation; coefficient belongs to the original position rule, not this mutation profile."
NRTI/TDF,CV-min,41;74;103;118,P41 + P74 + P103 + P118,-0.15795373009894811,48,1394,M41L + L74V + K103N + V118I,21,21/48,34,14,"{""mixed_amino_acid_token"": 13, ""unknown_X"": 1}",5,1,"[[""M41L"", ""L74V"", ""K103N"", ""V118I""]]","largest joint count, then lexicographic tuple of source mutation strings in ascending position order",observed_training_profile,"Observed training annotation; coefficient belongs to the original position rule, not this mutation profile."
NRTI/TDF,CV-min,69;184,P69 + P184,-0.15598983968909039,183,1394,T69D + M184V,86,86/183,155,28,"{""insertion_or_special_marker"": 9, ""mixed_amino_acid_token"": 18, ""unknown_X"": 1}",10,1,"[[""T69D"", ""M184V""]]","largest joint count, then lexicographic tuple of source mutation strings in ascending position order",observed_training_profile,"Observed training annotation; coefficient belongs to the original position rule, not this mutation profile."
NRTI/TDF,CV-min,69;215,P69 + P215,0.14582385655635594,225,1394,T69D + T215Y,72,72/225,180,45,"{""insertion_or_special_marker"": 16, ""mixed_amino_acid_token"": 22, ""unknown_X"": 7}",23,1,"[[""T69D"", ""T215Y""]]","largest joint count, then lexicographic tuple of source mutation strings in ascending position order",observed_training_profile,"Observed training annotation; coefficient belongs to the original position rule, not this mutation profile."
NRTI/TDF,CV-min,69;70,P69 + P70,-0.14542353296160296,145,1394,T69N + K70R,67,67/145,128,17,"{""insertion_or_special_marker"": 2, ""mixed_amino_acid_token"": 14, ""unknown_X"": 1}",11,1,"[[""T69N"", ""K70R""]]","largest joint count, then lexicographic tuple of source mutation strings in ascending position order",observed_training_profile,"Observed training annotation; coefficient belongs to the original position rule, not this mutation profile."
NRTI/TDF,CV-min,162;181,P162 + P181,-0.13623190763210333,60,1394,S162A + Y181C,10,10/60,45,15,"{""mixed_amino_acid_token"": 15}",10,1,"[[""S162A"", ""Y181C""]]","largest joint count, then lexicographic tuple of source mutation strings in ascending position order",observed_training_profile,"Observed training annotation; coefficient belongs to the original position rule, not this mutation profile."
NRTI/TDF,CV-min,101;122;200;211,P101 + P122 + P200 + P211,0.13592270154293343,28,1394,K101E + K122E + T200A + R211K,3,3/28,18,10,"{""mixed_amino_acid_token"": 9, ""unknown_X"": 1}",14,1,"[[""K101E"", ""K122E"", ""T200A"", ""R211K""]]","largest joint count, then lexicographic tuple of source mutation strings in ascending position order",observed_training_profile,"Observed training annotation; coefficient belongs to the original position rule, not this mutation profile."
NRTI/TDF,CV-min,43;122;135;211,P43 + P122 + P135 + P211,0.13463059089551677,63,1394,K43E + K122E + I135T + R211K,13,13/63,36,27,"{""mixed_amino_acid_token"": 25, ""unknown_X"": 2}",13,1,"[[""K43E"", ""K122E"", ""I135T"", ""R211K""]]","largest joint count, then lexicographic tuple of source mutation strings in ascending position order",observed_training_profile,"Observed training annotation; coefficient belongs to the original position rule, not this mutation profile."
NRTI/TDF,CV-min,39;135;181,P39 + P135 + P181,0.13431733504667306,41,1394,T39A + I135T + Y181C,10,10/41,26,15,"{""mixed_amino_acid_token"": 15, ""unknown_X"": 1}",12,1,"[[""T39A"", ""I135T"", ""Y181C""]]","largest joint count, then lexicographic tuple of source mutation strings in ascending position order",observed_training_profile,"Observed training annotation; coefficient belongs to the original position rule, not this mutation profile."
NRTI/TDF,CV-min,67,P67,0.133732961140479,531,1394,D67N,431,431/531,489,42,"{""mixed_amino_acid_token"": 35, ""other_non_simple_token"": 1, ""unknown_X"": 6}",7,1,"[[""D67N""]]","largest joint count, then lexicographic tuple of source mutation strings in ascending position order",observed_training_profile,"Observed training annotation; coefficient belongs to the original position rule, not this mutation profile."
NRTI/TDF,CV-min,39;44;135;215,P39 + P44 + P135 + P215,-0.13220241411167274,39,1394,T39A + E44D + I135T + T215Y,9,9/39,28,11,"{""mixed_amino_acid_token"": 11, ""unknown_X"": 2}",14,1,"[[""T39A"", ""E44D"", ""I135T"", ""T215Y""]]","largest joint count, then lexicographic tuple of source mutation strings in ascending position order",observed_training_profile,"Observed training annotation; coefficient belongs to the original position rule, not this mutation profile."
NRTI/TDF,CV-min,138;211;215,P138 + P211 + P215,0.13217730060776442,29,1394,E138A + R211K + T215Y,5,5/29,13,16,"{""asterisk_special_marker"": 2, ""mixed_amino_acid_token"": 12, ""unknown_X"": 2}",4,1,"[[""E138A"", ""R211K"", ""T215Y""]]","largest joint count, then lexicographic tuple of source mutation strings in ascending position order",observed_training_profile,"Observed training annotation; coefficient belongs to the original position rule, not this mutation profile."
NRTI/TDF,CV-min,118;122;142;215,P118 + P122 + P142 + P215,0.13121940056021872,56,1394,V118I + K122E + I142V + T215Y,23,23/56,35,21,"{""mixed_amino_acid_token"": 20, ""unknown_X"": 1}",5,1,"[[""V118I"", ""K122E"", ""I142V"", ""T215Y""]]","largest joint count, then lexicographic tuple of source mutation strings in ascending position order",observed_training_profile,"Observed training annotation; coefficient belongs to the original position rule, not this mutation profile."
NRTI/TDF,CV-min,67;135;178;211,P67 + P135 + P178 + P211,-0.13046585646897985,30,1394,D67N + I135T + I178M + R211K,3,3/30,14,16,"{""mixed_amino_acid_token"": 16}",8,1,"[[""D67N"", ""I135T"", ""I178M"", ""R211K""]]","largest joint count, then lexicographic tuple of source mutation strings in ascending position order",observed_training_profile,"Observed training annotation; coefficient belongs to the original position rule, not this mutation profile."
NRTI/TDF,CV-min,70;122;200,P70 + P122 + P200,0.1299471829310149,73,1394,K70R + K122E + T200A,29,29/73,54,19,"{""mixed_amino_acid_token"": 17, ""unknown_X"": 2}",13,1,"[[""K70R"", ""K122E"", ""T200A""]]","largest joint count, then lexicographic tuple of source mutation strings in ascending position order",observed_training_profile,"Observed training annotation; coefficient belongs to the original position rule, not this mutation profile."
NRTI/TDF,CV-min,202;215,P202 + P215,-0.12926441748227743,91,1394,I202V + T215Y,35,35/91,70,21,"{""mixed_amino_acid_token"": 19, ""unknown_X"": 2}",10,1,"[[""I202V"", ""T215Y""]]","largest joint count, then lexicographic tuple of source mutation strings in ascending position order",observed_training_profile,"Observed training annotation; coefficient belongs to the original position rule, not this mutation profile."
NRTI/TDF,CV-min,74;223,P74 + P223,-0.12849045338181964,38,1394,L74V + K223E,9,9/38,29,9,"{""mixed_amino_acid_token"": 9}",6,1,"[[""L74V"", ""K223E""]]","largest joint count, then lexicographic tuple of source mutation strings in ascending position order",observed_training_profile,"Observed training annotation; coefficient belongs to the original position rule, not this mutation profile."
NRTI/TDF,CV-min,184;215,P184 + P215,-0.12513960455725628,451,1394,M184V + T215Y,320,320/451,447,4,"{""unknown_X"": 4}",13,1,"[[""M184V"", ""T215Y""]]","largest joint count, then lexicographic tuple of source mutation strings in ascending position order",observed_training_profile,"Observed training annotation; coefficient belongs to the original position rule, not this mutation profile."
NRTI/TDF,CV-min,179;181;200,P179 + P181 + P200,0.12512333333369377,39,1394,V179I + Y181C + T200A,9,9/39,25,14,"{""mixed_amino_acid_token"": 13, ""unknown_X"": 1}",11,1,"[[""V179I"", ""Y181C"", ""T200A""]]","largest joint count, then lexicographic tuple of source mutation strings in ascending position order",observed_training_profile,"Observed training annotation; coefficient belongs to the original position rule, not this mutation profile."
NRTI/TDF,CV-min,101;210;215;219,P101 + P210 + P215 + P219,0.12352715491627088,50,1394,K101E + L210W + T215Y + K219N,9,9/50,39,11,"{""mixed_amino_acid_token"": 10, ""unknown_X"": 1}",21,1,"[[""K101E"", ""L210W"", ""T215Y"", ""K219N""]]","largest joint count, then lexicographic tuple of source mutation strings in ascending position order",observed_training_profile,"Observed training annotation; coefficient belongs to the original position rule, not this mutation profile."
NRTI/TDF,CV-min,44;135;215,P44 + P135 + P215,-0.12228365877110696,77,1394,E44D + I135T + T215Y,32,32/77,65,12,"{""mixed_amino_acid_token"": 11, ""unknown_X"": 2}",13,1,"[[""E44D"", ""I135T"", ""T215Y""]]","largest joint count, then lexicographic tuple of source mutation strings in ascending position order",observed_training_profile,"Observed training annotation; coefficient belongs to the original position rule, not this mutation profile."
NRTI/TDF,CV-min,67;122;203;211,P67 + P122 + P203 + P211,0.12224822705765399,64,1394,D67N + K122E + E203K + R211K,22,22/64,42,22,"{""mixed_amino_acid_token"": 20, ""unknown_X"": 2}",12,1,"[[""D67N"", ""K122E"", ""E203K"", ""R211K""]]","largest joint count, then lexicographic tuple of source mutation strings in ascending position order",observed_training_profile,"Observed training annotation; coefficient belongs to the original position rule, not this mutation profile."
NRTI/TDF,CV-min,68;123;200,P68 + P123 + P200,0.12216509913711467,30,1394,S68G + D123E + T200A,9,9/30,19,11,"{""mixed_amino_acid_token"": 11}",7,1,"[[""S68G"", ""D123E"", ""T200A""]]","largest joint count, then lexicographic tuple of source mutation strings in ascending position order",observed_training_profile,"Observed training annotation; coefficient belongs to the original position rule, not this mutation profile."
NRTI/TDF,CV-min,69;188,P69 + P188,0.12113230484526386,35,1394,T69D + Y188L,10,10/35,26,9,"{""insertion_or_special_marker"": 6, ""mixed_amino_acid_token"": 3}",8,1,"[[""T69D"", ""Y188L""]]","largest joint count, then lexicographic tuple of source mutation strings in ascending position order",observed_training_profile,"Observed training annotation; coefficient belongs to the original position rule, not this mutation profile."
NRTI/TDF,CV-min,43;67;211;219,P43 + P67 + P211 + P219,0.11853688838219162,75,1394,K43E + D67N + R211K + K219N,12,12/75,46,29,"{""mixed_amino_acid_token"": 26, ""unknown_X"": 4}",26,1,"[[""K43E"", ""D67N"", ""R211K"", ""K219N""]]","largest joint count, then lexicographic tuple of source mutation strings in ascending position order",observed_training_profile,"Observed training annotation; coefficient belongs to the original position rule, not this mutation profile."
NRTI/TDF,CV-min,35;69,P35 + P69,-0.11643168856865789,99,1394,V35M + T69D,11,11/99,69,30,"{""insertion_or_special_marker"": 4, ""mixed_amino_acid_token"": 27}",22,1,"[[""V35M"", ""T69D""]]","largest joint count, then lexicographic tuple of source mutation strings in ascending position order",observed_training_profile,"Observed training annotation; coefficient belongs to the original position rule, not this mutation profile."
NRTI/TDF,CV-min,41;60;123;215,P41 + P60 + P123 + P215,0.11442302149132634,48,1394,M41L + V60I + D123E + T215Y,12,12/48,33,15,"{""mixed_amino_acid_token"": 15}",8,1,"[[""M41L"", ""V60I"", ""D123E"", ""T215Y""]]","largest joint count, then lexicographic tuple of source mutation strings in ascending position order",observed_training_profile,"Observed training annotation; coefficient belongs to the original position rule, not this mutation profile."
NRTI/TDF,CV-min,69;101,P69 + P101,-0.11439129020195037,68,1394,T69D + K101E,13,13/68,56,12,"{""insertion_or_special_marker"": 1, ""mixed_amino_acid_token"": 9, ""unknown_X"": 2}",13,1,"[[""T69D"", ""K101E""]]","largest joint count, then lexicographic tuple of source mutation strings in ascending position order",observed_training_profile,"Observed training annotation; coefficient belongs to the original position rule, not this mutation profile."
NRTI/TDF,CV-min,35;177;228,P35 + P177 + P228,0.11434858631483637,33,1394,V35I + D177E + L228H,5,5/33,26,7,"{""mixed_amino_acid_token"": 7}",12,2,"[[""V35I"", ""D177E"", ""L228H""], [""V35M"", ""D177E"", ""L228H""]]","largest joint count, then lexicographic tuple of source mutation strings in ascending position order",observed_training_profile,"Observed training annotation; coefficient belongs to the original position rule, not this mutation profile."
NRTI/TDF,CV-min,43;67;118;219,P43 + P67 + P118 + P219,0.11285160439913063,73,1394,K43E + D67N + V118I + K219N,14,14/73,48,25,"{""mixed_amino_acid_token"": 24, ""unknown_X"": 2}",20,1,"[[""K43E"", ""D67N"", ""V118I"", ""K219N""]]","largest joint count, then lexicographic tuple of source mutation strings in ascending position order",observed_training_profile,"Observed training annotation; coefficient belongs to the original position rule, not this mutation profile."
NRTI/TDF,CV-min,64;228,P64 + P228,0.10914153640923514,35,1394,K64R + L228H,6,6/35,21,14,"{""mixed_amino_acid_token"": 13, ""unknown_X"": 1}",9,1,"[[""K64R"", ""L228H""]]","largest joint count, then lexicographic tuple of source mutation strings in ascending position order",observed_training_profile,"Observed training annotation; coefficient belongs to the original position rule, not this mutation profile."
NRTI/TDF,CV-min,44;67;177;210,P44 + P67 + P177 + P210,0.10713939374464986,35,1394,E44D + D67N + D177E + L210W,18,18/35,29,6,"{""mixed_amino_acid_token"": 5, ""unknown_X"": 2}",7,1,"[[""E44D"", ""D67N"", ""D177E"", ""L210W""]]","largest joint count, then lexicographic tuple of source mutation strings in ascending position order",observed_training_profile,"Observed training annotation; coefficient belongs to the original position rule, not this mutation profile."
NRTI/TDF,CV-min,67;69,P67 + P69,-0.10524719327552291,220,1394,D67N + T69D,108,108/220,187,33,"{""insertion_or_special_marker"": 6, ""mixed_amino_acid_token"": 22, ""other_non_simple_token"": 1, ""unknown_X"": 7}",12,1,"[[""D67N"", ""T69D""]]","largest joint count, then lexicographic tuple of source mutation strings in ascending position order",observed_training_profile,"Observed training annotation; coefficient belongs to the original position rule, not this mutation profile."
NRTI/TDF,CV-min,20;200;219,P20 + P200 + P219,-0.10493382449406588,40,1394,K20R + T200A + K219Q,8,8/40,24,16,"{""mixed_amino_acid_token"": 14, ""unknown_X"": 2}",7,1,"[[""K20R"", ""T200A"", ""K219Q""]]","largest joint count, then lexicographic tuple of source mutation strings in ascending position order",observed_training_profile,"Observed training annotation; coefficient belongs to the original position rule, not this mutation profile."
NRTI/TDF,CV-min,68;122;135,P68 + P122 + P135,0.10464071983960592,37,1394,S68G + K122E + I135T,19,19/37,28,9,"{""mixed_amino_acid_token"": 7, ""unknown_X"": 2}",7,1,"[[""S68G"", ""K122E"", ""I135T""]]","largest joint count, then lexicographic tuple of source mutation strings in ascending position order",observed_training_profile,"Observed training annotation; coefficient belongs to the original position rule, not this mutation profile."
NRTI/TDF,CV-min,100;122,P100 + P122,-0.10382571635435442,46,1394,L100I + K122E,38,38/46,40,6,"{""asterisk_special_marker"": 1, ""mixed_amino_acid_token"": 5}",3,1,"[[""L100I"", ""K122E""]]","largest joint count, then lexicographic tuple of source mutation strings in ascending position order",observed_training_profile,"Observed training annotation; coefficient belongs to the original position rule, not this mutation profile."
NRTI/TDF,CV-min,74;98;215,P74 + P98 + P215,0.10376360515257688,32,1394,L74V + A98G + T215Y,11,11/32,29,3,"{""mixed_amino_acid_token"": 3, ""unknown_X"": 1}",7,1,"[[""L74V"", ""A98G"", ""T215Y""]]","largest joint count, then lexicographic tuple of source mutation strings in ascending position order",observed_training_profile,"Observed training annotation; coefficient belongs to the original position rule, not this mutation profile."
NRTI/TDF,CV-min,69;184;210;215,P69 + P184 + P210 + P215,-0.10229280353854867,81,1394,T69D + M184V + L210W + T215Y,45,45/81,65,16,"{""insertion_or_special_marker"": 5, ""mixed_amino_acid_token"": 10, ""unknown_X"": 1}",12,1,"[[""T69D"", ""M184V"", ""L210W"", ""T215Y""]]","largest joint count, then lexicographic tuple of source mutation strings in ascending position order",observed_training_profile,"Observed training annotation; coefficient belongs to the original position rule, not this mutation profile."
NRTI/TDF,CV-min,43;200;207;211,P43 + P200 + P207 + P211,-0.10163324635273333,44,1394,K43E + T200A + Q207E + R211K,5,5/44,22,22,"{""asterisk_special_marker"": 1, ""mixed_amino_acid_token"": 22}",10,2,"[[""K43E"", ""T200A"", ""Q207E"", ""R211K""], [""K43Q"", ""T200A"", ""Q207E"", ""R211K""]]","largest joint count, then lexicographic tuple of source mutation strings in ascending position order",observed_training_profile,"Observed training annotation; coefficient belongs to the original position rule, not this mutation profile."
NRTI/TDF,CV-min,69;215;219,P69 + P215 + P219,-0.098164662398444194,149,1394,T69D + T215F + K219Q,29,29/149,124,25,"{""mixed_amino_acid_token"": 21, ""unknown_X"": 4}",25,1,"[[""T69D"", ""T215F"", ""K219Q""]]","largest joint count, then lexicographic tuple of source mutation strings in ascending position order",observed_training_profile,"Observed training annotation; coefficient belongs to the original position rule, not this mutation profile."
NRTI/TDF,CV-min,68,P68,0.097998250060048614,145,1394,S68G,103,103/145,118,27,"{""mixed_amino_acid_token"": 21, ""unknown_X"": 6}",5,1,"[[""S68G""]]","largest joint count, then lexicographic tuple of source mutation strings in ascending position order",observed_training_profile,"Observed training annotation; coefficient belongs to the original position rule, not this mutation profile."
NRTI/TDF,CV-min,67;135;142,P67 + P135 + P142,0.097983749242972137,40,1394,D67N + I135T + I142V,9,9/40,21,19,"{""mixed_amino_acid_token"": 17, ""unknown_X"": 3}",7,1,"[[""D67N"", ""I135T"", ""I142V""]]","largest joint count, then lexicographic tuple of source mutation strings in ascending position order",observed_training_profile,"Observed training annotation; coefficient belongs to the original position rule, not this mutation profile."
NRTI/TDF,CV-min,211,P211,-0.096589428411491637,777,1394,R211K,553,553/777,640,137,"{""missing_or_nonunique_matching_simple_source_annotation"": 1, ""mixed_amino_acid_token"": 131, ""unknown_X"": 5}",10,1,"[[""R211K""]]","largest joint count, then lexicographic tuple of source mutation strings in ascending position order",observed_training_profile,"Observed training annotation; coefficient belongs to the original position rule, not this mutation profile."
NRTI/TDF,CV-min,41;43;67;162,P41 + P43 + P67 + P162,-0.095204522703132802,61,1394,M41L + K43E + D67N + S162Y,7,7/61,35,26,"{""mixed_amino_acid_token"": 21, ""unknown_X"": 7}",16,1,"[[""M41L"", ""K43E"", ""D67N"", ""S162Y""]]","largest joint count, then lexicographic tuple of source mutation strings in ascending position order",observed_training_profile,"Observed training annotation; coefficient belongs to the original position rule, not this mutation profile."
NRTI/TDF,CV-min,122;181;228,P122 + P181 + P228,-0.093617516847810098,83,1394,K122E + Y181C + L228H,27,27/83,59,24,"{""mixed_amino_acid_token"": 24}",9,1,"[[""K122E"", ""Y181C"", ""L228H""]]","largest joint count, then lexicographic tuple of source mutation strings in ascending position order",observed_training_profile,"Observed training annotation; coefficient belongs to the original position rule, not this mutation profile."
NRTI/TDF,CV-min,122;139,P122 + P139,0.093473592882804504,37,1394,K122E + T139K,5,5/37,16,21,"{""mixed_amino_acid_token"": 21}",7,1,"[[""K122E"", ""T139K""]]","largest joint count, then lexicographic tuple of source mutation strings in ascending position order",observed_training_profile,"Observed training annotation; coefficient belongs to the original position rule, not this mutation profile."
NRTI/TDF,CV-min,135;177;178,P135 + P177 + P178,0.091976047204667788,49,1394,I135V + D177E + I178M,8,8/49,27,22,"{""mixed_amino_acid_token"": 22, ""unknown_X"": 1}",11,1,"[[""I135V"", ""D177E"", ""I178M""]]","largest joint count, then lexicographic tuple of source mutation strings in ascending position order",observed_training_profile,"Observed training annotation; coefficient belongs to the original position rule, not this mutation profile."
NRTI/TDF,CV-min,74;215,P74 + P215,-0.091402241497746298,164,1394,L74V + T215Y,81,81/164,163,1,"{""unknown_X"": 1}",7,1,"[[""L74V"", ""T215Y""]]","largest joint count, then lexicographic tuple of source mutation strings in ascending position order",observed_training_profile,"Observed training annotation; coefficient belongs to the original position rule, not this mutation profile."
NRTI/TDF,CV-min,35;135;215,P35 + P135 + P215,0.091164948388470307,95,1394,V35I + I135T + T215Y,12,12/95,78,17,"{""mixed_amino_acid_token"": 17, ""unknown_X"": 2}",32,1,"[[""V35I"", ""I135T"", ""T215Y""]]","largest joint count, then lexicographic tuple of source mutation strings in ascending position order",observed_training_profile,"Observed training annotation; coefficient belongs to the original position rule, not this mutation profile."
NRTI/TDF,CV-min,122;169;210;215,P122 + P169 + P210 + P215,0.088363189522644089,29,1394,K122E + E169D + L210W + T215Y,19,19/29,23,6,"{""mixed_amino_acid_token"": 5, ""unknown_X"": 1}",4,1,"[[""K122E"", ""E169D"", ""L210W"", ""T215Y""]]","largest joint count, then lexicographic tuple of source mutation strings in ascending position order",observed_training_profile,"Observed training annotation; coefficient belongs to the original position rule, not this mutation profile."
NRTI/TDF,CV-min,181;215,P181 + P215,-0.087741319042745805,173,1394,Y181C + T215Y,88,88/173,156,17,"{""mixed_amino_acid_token"": 14, ""unknown_X"": 5}",17,1,"[[""Y181C"", ""T215Y""]]","largest joint count, then lexicographic tuple of source mutation strings in ascending position order",observed_training_profile,"Observed training annotation; coefficient belongs to the original position rule, not this mutation profile."
NRTI/TDF,CV-min,69;135;215,P69 + P135 + P215,0.087667715341120653,117,1394,T69D + I135T + T215Y,25,25/117,91,26,"{""insertion_or_special_marker"": 5, ""mixed_amino_acid_token"": 20, ""unknown_X"": 2}",26,1,"[[""T69D"", ""I135T"", ""T215Y""]]","largest joint count, then lexicographic tuple of source mutation strings in ascending position order",observed_training_profile,"Observed training annotation; coefficient belongs to the original position rule, not this mutation profile."
NRTI/TDF,CV-min,70;75,P70 + P75,0.087299227815891792,34,1394,K70R + V75M,10,10/34,34,0,{},11,1,"[[""K70R"", ""V75M""]]","largest joint count, then lexicographic tuple of source mutation strings in ascending position order",observed_training_profile,"Observed training annotation; coefficient belongs to the original position rule, not this mutation profile."
NRTI/TDF,CV-min,68;103;200,P68 + P103 + P200,0.087077227328787046,31,1394,S68G + K103N + T200A,7,7/31,15,16,"{""mixed_amino_acid_token"": 16, ""unknown_X"": 2}",7,1,"[[""S68G"", ""K103N"", ""T200A""]]","largest joint count, then lexicographic tuple of source mutation strings in ascending position order",observed_training_profile,"Observed training annotation; coefficient belongs to the original position rule, not this mutation profile."
NRTI/TDF,CV-min,162;207;211,P162 + P207 + P211,-0.085986659923542319,81,1394,S162C + Q207E + R211K,13,13/81,49,32,"{""mixed_amino_acid_token"": 29, ""unknown_X"": 4}",18,1,"[[""S162C"", ""Q207E"", ""R211K""]]","largest joint count, then lexicographic tuple of source mutation strings in ascending position order",observed_training_profile,"Observed training annotation; coefficient belongs to the original position rule, not this mutation profile."
NRTI/TDF,CV-min,174;177;178,P174 + P177 + P178,0.085556508198619083,28,1394,Q174K + D177E + I178M,4,4/28,18,10,"{""mixed_amino_acid_token"": 10}",7,1,"[[""Q174K"", ""D177E"", ""I178M""]]","largest joint count, then lexicographic tuple of source mutation strings in ascending position order",observed_training_profile,"Observed training annotation; coefficient belongs to the original position rule, not this mutation profile."
NRTI/TDF,CV-min,60;69,P60 + P69,-0.084230071725460418,100,1394,V60I + T69D,48,48/100,79,21,"{""mixed_amino_acid_token"": 21, ""unknown_X"": 2}",6,1,"[[""V60I"", ""T69D""]]","largest joint count, then lexicographic tuple of source mutation strings in ascending position order",observed_training_profile,"Observed training annotation; coefficient belongs to the original position rule, not this mutation profile."
NRTI/TDF,CV-min,67;103;215;219,P67 + P103 + P215 + P219,-0.083119129490446794,119,1394,D67N + K103N + T215F + K219Q,24,24/119,87,32,"{""mixed_amino_acid_token"": 26, ""other_non_simple_token"": 1, ""unknown_X"": 7}",30,1,"[[""D67N"", ""K103N"", ""T215F"", ""K219Q""]]","largest joint count, then lexicographic tuple of source mutation strings in ascending position order",observed_training_profile,"Observed training annotation; coefficient belongs to the original position rule, not this mutation profile."
NRTI/TDF,CV-min,123;135;181,P123 + P135 + P181,-0.082365769876650174,34,1394,D123E + I135T + Y181C,11,11/34,24,10,"{""mixed_amino_acid_token"": 10}",10,1,"[[""D123E"", ""I135T"", ""Y181C""]]","largest joint count, then lexicographic tuple of source mutation strings in ascending position order",observed_training_profile,"Observed training annotation; coefficient belongs to the original position rule, not this mutation profile."
NRTI/TDF,CV-min,64;67,P64 + P67,0.081267549277171586,59,1394,K64H + D67N,11,11/59,39,20,"{""mixed_amino_acid_token"": 20}",9,1,"[[""K64H"", ""D67N""]]","largest joint count, then lexicographic tuple of source mutation strings in ascending position order",observed_training_profile,"Observed training annotation; coefficient belongs to the original position rule, not this mutation profile."
NRTI/TDF,CV-min,60;121;122,P60 + P121 + P122,0.080709058722841287,28,1394,V60I + D121H + K122E,11,11/28,19,9,"{""mixed_amino_acid_token"": 9}",2,1,"[[""V60I"", ""D121H"", ""K122E""]]","largest joint count, then lexicographic tuple of source mutation strings in ascending position order",observed_training_profile,"Observed training annotation; coefficient belongs to the original position rule, not this mutation profile."
NRTI/TDF,CV-min,69;207;211,P69 + P207 + P211,-0.080686024970907377,60,1394,T69D + Q207E + R211K,24,24/60,34,26,"{""insertion_or_special_marker"": 4, ""mixed_amino_acid_token"": 20, ""unknown_X"": 3}",8,1,"[[""T69D"", ""Q207E"", ""R211K""]]","largest joint count, then lexicographic tuple of source mutation strings in ascending position order",observed_training_profile,"Observed training annotation; coefficient belongs to the original position rule, not this mutation profile."
NRTI/TDF,CV-min,102,P102,-0.080589362947388027,120,1394,K102Q,56,56/120,80,40,"{""mixed_amino_acid_token"": 39, ""other_non_simple_token"": 1}",7,1,"[[""K102Q""]]","largest joint count, then lexicographic tuple of source mutation strings in ascending position order",observed_training_profile,"Observed training annotation; coefficient belongs to the original position rule, not this mutation profile."
NRTI/TDF,CV-min,98;211,P98 + P211,0.080420973298914497,118,1394,A98S + R211K,41,41/118,96,22,"{""mixed_amino_acid_token"": 21, ""unknown_X"": 1}",10,1,"[[""A98S"", ""R211K""]]","largest joint count, then lexicographic tuple of source mutation strings in ascending position order",observed_training_profile,"Observed training annotation; coefficient belongs to the original position rule, not this mutation profile."
NRTI/TDF,CV-min,39;207;219,P39 + P207 + P219,0.080200511241109343,55,1394,T39A + Q207E + K219E,3,3/55,31,24,"{""mixed_amino_acid_token"": 24, ""unknown_X"": 2}",20,5,"[[""T39A"", ""Q207E"", ""K219E""], [""T39A"", ""Q207E"", ""K219N""], [""T39A"", ""Q207E"", ""K219R""], [""T39E"", ""Q207E"", ""K219R""], [""T39S"", ""Q207E"", ""K219E""]]","largest joint count, then lexicographic tuple of source mutation strings in ascending position order",observed_training_profile,"Observed training annotation; coefficient belongs to the original position rule, not this mutation profile."
NRTI/TDF,CV-min,101;135;211;219,P101 + P135 + P211 + P219,0.079949632063723575,27,1394,K101H + I135T + R211K + K219W,2,2/27,19,8,"{""mixed_amino_acid_token"": 8, ""unknown_X"": 1}",18,1,"[[""K101H"", ""I135T"", ""R211K"", ""K219W""]]","largest joint count, then lexicographic tuple of source mutation strings in ascending position order",observed_training_profile,"Observed training annotation; coefficient belongs to the original position rule, not this mutation profile."
NRTI/TDF,CV-min,102;211;215,P102 + P211 + P215,-0.078980638928714125,43,1394,K102Q + R211K + T215Y,13,13/43,24,19,"{""mixed_amino_acid_token"": 18, ""unknown_X"": 1}",10,1,"[[""K102Q"", ""R211K"", ""T215Y""]]","largest joint count, then lexicographic tuple of source mutation strings in ascending position order",observed_training_profile,"Observed training annotation; coefficient belongs to the original position rule, not this mutation profile."
NRTI/TDF,CV-min,177;179,P177 + P179,-0.078046994952993998,83,1394,D177E + V179I,36,36/83,57,26,"{""mixed_amino_acid_token"": 26}",12,1,"[[""D177E"", ""V179I""]]","largest joint count, then lexicographic tuple of source mutation strings in ascending position order",observed_training_profile,"Observed training annotation; coefficient belongs to the original position rule, not this mutation profile."
NRTI/TDF,CV-min,43;211;215;228,P43 + P211 + P215 + P228,0.077851324462534191,88,1394,K43E + R211K + T215Y + L228H,20,20/88,57,31,"{""mixed_amino_acid_token"": 30, ""unknown_X"": 3}",20,1,"[[""K43E"", ""R211K"", ""T215Y"", ""L228H""]]","largest joint count, then lexicographic tuple of source mutation strings in ascending position order",observed_training_profile,"Observed training annotation; coefficient belongs to the original position rule, not this mutation profile."
NRTI/TDF,CV-min,101;210;211;215,P101 + P210 + P211 + P215,0.075614870514214408,65,1394,K101E + L210W + R211K + T215Y,21,21/65,54,11,"{""mixed_amino_acid_token"": 9, ""unknown_X"": 2}",15,1,"[[""K101E"", ""L210W"", ""R211K"", ""T215Y""]]","largest joint count, then lexicographic tuple of source mutation strings in ascending position order",observed_training_profile,"Observed training annotation; coefficient belongs to the original position rule, not this mutation profile."
NRTI/TDF,CV-min,74,P74,-0.075365172160436658,205,1394,L74V,129,129/205,205,0,{},2,1,"[[""L74V""]]","largest joint count, then lexicographic tuple of source mutation strings in ascending position order",observed_training_profile,"Observed training annotation; coefficient belongs to the original position rule, not this mutation profile."
NRTI/TDF,CV-min,118;184;215,P118 + P184 + P215,-0.074043399831333193,215,1394,V118I + M184V + T215Y,153,153/215,188,27,"{""mixed_amino_acid_token"": 26, ""unknown_X"": 1}",6,1,"[[""V118I"", ""M184V"", ""T215Y""]]","largest joint count, then lexicographic tuple of source mutation strings in ascending position order",observed_training_profile,"Observed training annotation; coefficient belongs to the original position rule, not this mutation profile."
NRTI/TDF,CV-min,41;215,P41 + P215,0.073726521766598635,535,1394,M41L + T215Y,417,417/535,531,4,"{""unknown_X"": 4}",9,1,"[[""M41L"", ""T215Y""]]","largest joint count, then lexicographic tuple of source mutation strings in ascending position order",observed_training_profile,"Observed training annotation; coefficient belongs to the original position rule, not this mutation profile."
NRTI/TDF,CV-min,67;70;123;219,P67 + P70 + P123 + P219,0.073212431345050052,87,1394,D67N + K70R + D123E + K219Q,26,26/87,77,10,"{""mixed_amino_acid_token"": 9, ""unknown_X"": 2}",15,1,"[[""D67N"", ""K70R"", ""D123E"", ""K219Q""]]","largest joint count, then lexicographic tuple of source mutation strings in ascending position order",observed_training_profile,"Observed training annotation; coefficient belongs to the original position rule, not this mutation profile."
NRTI/TDF,CV-min,103;202,P103 + P202,0.072322145900016302,54,1394,K103N + I202V,28,28/54,34,20,"{""mixed_amino_acid_token"": 19, ""unknown_X"": 1}",4,1,"[[""K103N"", ""I202V""]]","largest joint count, then lexicographic tuple of source mutation strings in ascending position order",observed_training_profile,"Observed training annotation; coefficient belongs to the original position rule, not this mutation profile."
NRTI/TDF,CV-min,122;177;178,P122 + P177 + P178,0.071024753146115574,75,1394,K122E + D177E + I178M,25,25/75,53,22,"{""mixed_amino_acid_token"": 22}",5,1,"[[""K122E"", ""D177E"", ""I178M""]]","largest joint count, then lexicographic tuple of source mutation strings in ascending position order",observed_training_profile,"Observed training annotation; coefficient belongs to the original position rule, not this mutation profile."
NRTI/TDF,CV-min,122;139;215,P122 + P139 + P215,0.070713621283897687,28,1394,K122E + T139K + T215Y,3,3/28,12,16,"{""mixed_amino_acid_token"": 16}",9,1,"[[""K122E"", ""T139K"", ""T215Y""]]","largest joint count, then lexicographic tuple of source mutation strings in ascending position order",observed_training_profile,"Observed training annotation; coefficient belongs to the original position rule, not this mutation profile."
NRTI/TDF,CV-min,122;211;215,P122 + P211 + P215,-0.070595698739657042,283,1394,K122E + R211K + T215Y,159,159/283,221,62,"{""mixed_amino_acid_token"": 58, ""unknown_X"": 4}",22,1,"[[""K122E"", ""R211K"", ""T215Y""]]","largest joint count, then lexicographic tuple of source mutation strings in ascending position order",observed_training_profile,"Observed training annotation; coefficient belongs to the original position rule, not this mutation profile."
NRTI/TDF,CV-min,98,P98,0.06991284932632659,182,1394,A98S,94,94/182,164,18,"{""mixed_amino_acid_token"": 18}",2,1,"[[""A98S""]]","largest joint count, then lexicographic tuple of source mutation strings in ascending position order",observed_training_profile,"Observed training annotation; coefficient belongs to the original position rule, not this mutation profile."
NRTI/TDF,CV-min,44;67;215,P44 + P67 + P215,0.06966648603455898,135,1394,E44D + D67N + T215Y,74,74/135,112,23,"{""mixed_amino_acid_token"": 19, ""other_non_simple_token"": 1, ""unknown_X"": 5}",11,1,"[[""E44D"", ""D67N"", ""T215Y""]]","largest joint count, then lexicographic tuple of source mutation strings in ascending position order",observed_training_profile,"Observed training annotation; coefficient belongs to the original position rule, not this mutation profile."
NRTI/TDF,CV-min,41;83;122;215,P41 + P83 + P122 + P215,0.069147038387633003,28,1394,M41L + R83K + K122E + T215Y,22,22/28,24,4,"{""mixed_amino_acid_token"": 4}",2,1,"[[""M41L"", ""R83K"", ""K122E"", ""T215Y""]]","largest joint count, then lexicographic tuple of source mutation strings in ascending position order",observed_training_profile,"Observed training annotation; coefficient belongs to the original position rule, not this mutation profile."
NRTI/TDF,CV-min,69;200,P69 + P200,-0.068553620433156937,121,1394,T69D + T200A,27,27/121,72,49,"{""insertion_or_special_marker"": 6, ""mixed_amino_acid_token"": 42, ""unknown_X"": 2}",15,1,"[[""T69D"", ""T200A""]]","largest joint count, then lexicographic tuple of source mutation strings in ascending position order",observed_training_profile,"Observed training annotation; coefficient belongs to the original position rule, not this mutation profile."
NRTI/TDF,CV-min,118;123;135;215,P118 + P123 + P135 + P215,-0.067139859217352299,51,1394,V118I + D123E + I135T + T215Y,13,13/51,32,19,"{""mixed_amino_acid_token"": 19}",11,1,"[[""V118I"", ""D123E"", ""I135T"", ""T215Y""]]","largest joint count, then lexicographic tuple of source mutation strings in ascending position order",observed_training_profile,"Observed training annotation; coefficient belongs to the original position rule, not this mutation profile."
NRTI/TDF,CV-min,122;210;211;219,P122 + P210 + P211 + P219,0.06707627973657844,120,1394,K122E + L210W + R211K + K219N,23,23/120,79,41,"{""mixed_amino_acid_token"": 40, ""unknown_X"": 2}",18,1,"[[""K122E"", ""L210W"", ""R211K"", ""K219N""]]","largest joint count, then lexicographic tuple of source mutation strings in ascending position order",observed_training_profile,"Observed training annotation; coefficient belongs to the original position rule, not this mutation profile."
NRTI/TDF,CV-min,35;69;135;215,P35 + P69 + P135 + P215,0.064906825986590894,35,1394,V35R + T69N + I135T + T215F,3,3/35,21,14,"{""insertion_or_special_marker"": 1, ""mixed_amino_acid_token"": 13}",15,2,"[[""V35R"", ""T69N"", ""I135T"", ""T215F""], [""V35T"", ""T69D"", ""I135T"", ""T215Y""]]","largest joint count, then lexicographic tuple of source mutation strings in ascending position order",observed_training_profile,"Observed training annotation; coefficient belongs to the original position rule, not this mutation profile."
NRTI/TDF,CV-min,200,P200,-0.064526170554546958,552,1394,T200A,308,308/552,425,127,"{""mixed_amino_acid_token"": 119, ""unknown_X"": 8}",12,1,"[[""T200A""]]","largest joint count, then lexicographic tuple of source mutation strings in ascending position order",observed_training_profile,"Observed training annotation; coefficient belongs to the original position rule, not this mutation profile."
NRTI/TDF,CV-min,67;122;215;219,P67 + P122 + P215 + P219,-0.06419452923493861,216,1394,D67N + K122E + T215F + K219Q,51,51/216,164,52,"{""mixed_amino_acid_token"": 47, ""unknown_X"": 7}",33,1,"[[""D67N"", ""K122E"", ""T215F"", ""K219Q""]]","largest joint count, then lexicographic tuple of source mutation strings in ascending position order",observed_training_profile,"Observed training annotation; coefficient belongs to the original position rule, not this mutation profile."
NRTI/TDF,CV-min,166;219,P166 + P219,0.064123543045221457,33,1394,K166R + K219Q,14,14/33,27,6,"{""mixed_amino_acid_token"": 6}",6,1,"[[""K166R"", ""K219Q""]]","largest joint count, then lexicographic tuple of source mutation strings in ascending position order",observed_training_profile,"Observed training annotation; coefficient belongs to the original position rule, not this mutation profile."
NRTI/TDF,CV-min,67;90;219,P67 + P90 + P219,0.063994671037134923,29,1394,D67N + V90I + K219Q,8,8/29,16,13,"{""mixed_amino_acid_token"": 12, ""unknown_X"": 1}",7,1,"[[""D67N"", ""V90I"", ""K219Q""]]","largest joint count, then lexicographic tuple of source mutation strings in ascending position order",observed_training_profile,"Observed training annotation; coefficient belongs to the original position rule, not this mutation profile."
NRTI/TDF,CV-min,41;106;211,P41 + P106 + P211,0.063949355690649579,29,1394,M41L + V106I + R211K,14,14/29,23,6,"{""mixed_amino_acid_token"": 6}",7,1,"[[""M41L"", ""V106I"", ""R211K""]]","largest joint count, then lexicographic tuple of source mutation strings in ascending position order",observed_training_profile,"Observed training annotation; coefficient belongs to the original position rule, not this mutation profile."
NRTI/TDF,CV-min,103;210;211,P103 + P210 + P211,0.063813159818151569,111,1394,K103N + L210W + R211K,66,66/111,78,33,"{""mixed_amino_acid_token"": 30, ""unknown_X"": 3}",8,1,"[[""K103N"", ""L210W"", ""R211K""]]","largest joint count, then lexicographic tuple of source mutation strings in ascending position order",observed_training_profile,"Observed training annotation; coefficient belongs to the original position rule, not this mutation profile."
NRTI/TDF,CV-min,67;98;196,P67 + P98 + P196,0.06367446304753055,36,1394,D67N + A98G + G196E,14,14/36,26,10,"{""mixed_amino_acid_token"": 10}",4,1,"[[""D67N"", ""A98G"", ""G196E""]]","largest joint count, then lexicographic tuple of source mutation strings in ascending position order",observed_training_profile,"Observed training annotation; coefficient belongs to the original position rule, not this mutation profile."
NRTI/TDF,CV-min,39;196;211;215,P39 + P196 + P211 + P215,-0.063605276160587088,57,1394,T39A + G196E + R211K + T215Y,15,15/57,32,25,"{""mixed_amino_acid_token"": 24, ""unknown_X"": 1}",14,1,"[[""T39A"", ""G196E"", ""R211K"", ""T215Y""]]","largest joint count, then lexicographic tuple of source mutation strings in ascending position order",observed_training_profile,"Observed training annotation; coefficient belongs to the original position rule, not this mutation profile."
NRTI/TDF,CV-min,173,P173,-0.063517239844512172,111,1394,K173E,18,18/111,79,32,"{""mixed_amino_acid_token"": 26, ""unknown_X"": 6}",9,1,"[[""K173E""]]","largest joint count, then lexicographic tuple of source mutation strings in ascending position order",observed_training_profile,"Observed training annotation; coefficient belongs to the original position rule, not this mutation profile."
NRTI/TDF,CV-min,122;135;214,P122 + P135 + P214,-0.062943103880505252,79,1394,K122E + I135T + F214L,36,36/79,59,20,"{""mixed_amino_acid_token"": 20}",7,1,"[[""K122E"", ""I135T"", ""F214L""]]","largest joint count, then lexicographic tuple of source mutation strings in ascending position order",observed_training_profile,"Observed training annotation; coefficient belongs to the original position rule, not this mutation profile."
NRTI/TDF,CV-min,67;69;103;210,P67 + P69 + P103 + P210,-0.062574272385471391,29,1394,D67N + T69D + K103N + L210W,16,16/29,21,8,"{""mixed_amino_acid_token"": 8}",5,1,"[[""D67N"", ""T69D"", ""K103N"", ""L210W""]]","largest joint count, then lexicographic tuple of source mutation strings in ascending position order",observed_training_profile,"Observed training annotation; coefficient belongs to the original position rule, not this mutation profile."
NRTI/TDF,CV-min,135;200;211;219,P135 + P200 + P211 + P219,0.062125669192360615,57,1394,I135T + T200A + R211K + K219E,7,7/57,34,23,"{""mixed_amino_acid_token"": 23, ""unknown_X"": 1}",21,1,"[[""I135T"", ""T200A"", ""R211K"", ""K219E""]]","largest joint count, then lexicographic tuple of source mutation strings in ascending position order",observed_training_profile,"Observed training annotation; coefficient belongs to the original position rule, not this mutation profile."
NRTI/TDF,CV-min,142;190,P142 + P190,0.061519646560635056,27,1394,I142V + G190A,12,12/27,17,10,"{""mixed_amino_acid_token"": 10}",4,1,"[[""I142V"", ""G190A""]]","largest joint count, then lexicographic tuple of source mutation strings in ascending position order",observed_training_profile,"Observed training annotation; coefficient belongs to the original position rule, not this mutation profile."
NRTI/TDF,CV-min,43;203;219,P43 + P203 + P219,-0.061231112053939815,49,1394,K43Q + E203K + K219R,4,4/49,29,20,"{""mixed_amino_acid_token"": 17, ""unknown_X"": 4}",19,1,"[[""K43Q"", ""E203K"", ""K219R""]]","largest joint count, then lexicographic tuple of source mutation strings in ascending position order",observed_training_profile,"Observed training annotation; coefficient belongs to the original position rule, not this mutation profile."
NRTI/TDF,CV-min,41;188;215,P41 + P188 + P215,0.060771326603255113,37,1394,M41L + Y188L + T215Y,22,22/37,36,1,"{""mixed_amino_acid_token"": 1}",5,1,"[[""M41L"", ""Y188L"", ""T215Y""]]","largest joint count, then lexicographic tuple of source mutation strings in ascending position order",observed_training_profile,"Observed training annotation; coefficient belongs to the original position rule, not this mutation profile."
NRTI/TDF,CV-min,35;67;190,P35 + P67 + P190,-0.060548387736213287,35,1394,V35I + D67N + G190A,9,9/35,28,7,"{""mixed_amino_acid_token"": 7}",11,1,"[[""V35I"", ""D67N"", ""G190A""]]","largest joint count, then lexicographic tuple of source mutation strings in ascending position order",observed_training_profile,"Observed training annotation; coefficient belongs to the original position rule, not this mutation profile."
NRTI/TDF,CV-min,162;169,P162 + P169,0.059783493959270691,33,1394,S162C + E169D,14,14/33,24,9,"{""asterisk_special_marker"": 1, ""mixed_amino_acid_token"": 8, ""unknown_X"": 1}",5,1,"[[""S162C"", ""E169D""]]","largest joint count, then lexicographic tuple of source mutation strings in ascending position order",observed_training_profile,"Observed training annotation; coefficient belongs to the original position rule, not this mutation profile."
NRTI/TDF,CV-min,62;215,P62 + P215,0.058651544154083031,31,1394,A62V + T215Y,24,24/31,27,4,"{""mixed_amino_acid_token"": 4}",4,1,"[[""A62V"", ""T215Y""]]","largest joint count, then lexicographic tuple of source mutation strings in ascending position order",observed_training_profile,"Observed training annotation; coefficient belongs to the original position rule, not this mutation profile."
NRTI/TDF,CV-min,41;177;196;215,P41 + P177 + P196 + P215,0.058295323952796366,49,1394,M41L + D177E + G196E + T215Y,24,24/49,41,8,"{""mixed_amino_acid_token"": 6, ""unknown_X"": 2}",8,1,"[[""M41L"", ""D177E"", ""G196E"", ""T215Y""]]","largest joint count, then lexicographic tuple of source mutation strings in ascending position order",observed_training_profile,"Observed training annotation; coefficient belongs to the original position rule, not this mutation profile."
NRTI/TDF,CV-min,67;70,P67 + P70,0.057544353289323578,247,1394,D67N + K70R,190,190/247,239,8,"{""mixed_amino_acid_token"": 4, ""other_non_simple_token"": 1, ""unknown_X"": 3}",13,1,"[[""D67N"", ""K70R""]]","largest joint count, then lexicographic tuple of source mutation strings in ascending position order",observed_training_profile,"Observed training annotation; coefficient belongs to the original position rule, not this mutation profile."
NRTI/TDF,CV-min,135;215,P135 + P215,0.057380552577074494,326,1394,I135T + T215Y,130,130/326,295,31,"{""mixed_amino_acid_token"": 27, ""unknown_X"": 6}",27,1,"[[""I135T"", ""T215Y""]]","largest joint count, then lexicographic tuple of source mutation strings in ascending position order",observed_training_profile,"Observed training annotation; coefficient belongs to the original position rule, not this mutation profile."
NRTI/TDF,CV-min,69;118;207,P69 + P118 + P207,-0.056922001834367311,52,1394,T69D + V118I + Q207E,28,28/52,37,15,"{""insertion_or_special_marker"": 1, ""mixed_amino_acid_token"": 13, ""unknown_X"": 1}",6,1,"[[""T69D"", ""V118I"", ""Q207E""]]","largest joint count, then lexicographic tuple of source mutation strings in ascending position order",observed_training_profile,"Observed training annotation; coefficient belongs to the original position rule, not this mutation profile."
NRTI/TDF,CV-min,135;210,P135 + P210,0.056405429085639128,182,1394,I135T + L210W,112,112/182,164,18,"{""mixed_amino_acid_token"": 15, ""unknown_X"": 4}",8,1,"[[""I135T"", ""L210W""]]","largest joint count, then lexicographic tuple of source mutation strings in ascending position order",observed_training_profile,"Observed training annotation; coefficient belongs to the original position rule, not this mutation profile."
NRTI/TDF,CV-min,122;135;162;211,P122 + P135 + P162 + P211,-0.055999782039795783,66,1394,K122E + I135T + S162C + R211K,8,8/66,36,30,"{""mixed_amino_acid_token"": 28, ""unknown_X"": 4}",20,1,"[[""K122E"", ""I135T"", ""S162C"", ""R211K""]]","largest joint count, then lexicographic tuple of source mutation strings in ascending position order",observed_training_profile,"Observed training annotation; coefficient belongs to the original position rule, not this mutation profile."
NRTI/TDF,CV-min,67;122;200;215,P67 + P122 + P200 + P215,0.055961005483228882,118,1394,D67N + K122E + T200A + T215Y,31,31/118,76,42,"{""mixed_amino_acid_token"": 39, ""unknown_X"": 4}",22,1,"[[""D67N"", ""K122E"", ""T200A"", ""T215Y""]]","largest joint count, then lexicographic tuple of source mutation strings in ascending position order",observed_training_profile,"Observed training annotation; coefficient belongs to the original position rule, not this mutation profile."
NRTI/TDF,CV-min,101;219,P101 + P219,0.055941141098193418,107,1394,K101E + K219Q,15,15/107,91,16,"{""mixed_amino_acid_token"": 15, ""unknown_X"": 1}",25,1,"[[""K101E"", ""K219Q""]]","largest joint count, then lexicographic tuple of source mutation strings in ascending position order",observed_training_profile,"Observed training annotation; coefficient belongs to the original position rule, not this mutation profile."
NRTI/TDF,CV-min,35;135;200;215,P35 + P135 + P200 + P215,0.055366330421364671,49,1394,V35I + I135T + T200A + T215Y,5,5/49,33,16,"{""mixed_amino_acid_token"": 16}",19,1,"[[""V35I"", ""I135T"", ""T200A"", ""T215Y""]]","largest joint count, then lexicographic tuple of source mutation strings in ascending position order",observed_training_profile,"Observed training annotation; coefficient belongs to the original position rule, not this mutation profile."
NRTI/TDF,CV-min,60;202,P60 + P202,0.05506584642900951,33,1394,V60I + I202V,23,23/33,24,9,"{""mixed_amino_acid_token"": 9}",2,1,"[[""V60I"", ""I202V""]]","largest joint count, then lexicographic tuple of source mutation strings in ascending position order",observed_training_profile,"Observed training annotation; coefficient belongs to the original position rule, not this mutation profile."
NRTI/TDF,CV-min,179;181;228,P179 + P181 + P228,0.055056876117561743,48,1394,V179I + Y181C + L228R,8,8/48,33,15,"{""mixed_amino_acid_token"": 14, ""unknown_X"": 1}",13,1,"[[""V179I"", ""Y181C"", ""L228R""]]","largest joint count, then lexicographic tuple of source mutation strings in ascending position order",observed_training_profile,"Observed training annotation; coefficient belongs to the original position rule, not this mutation profile."
NRTI/TDF,CV-min,103;162;177,P103 + P162 + P177,-0.054953068475497031,27,1394,K103N + S162C + D177E,7,7/27,19,8,"{""mixed_amino_acid_token"": 8, ""unknown_X"": 1}",10,1,"[[""K103N"", ""S162C"", ""D177E""]]","largest joint count, then lexicographic tuple of source mutation strings in ascending position order",observed_training_profile,"Observed training annotation; coefficient belongs to the original position rule, not this mutation profile."
NRTI/TDF,CV-min,41;122,P41 + P122,-0.054427483915843969,375,1394,M41L + K122E,327,327/375,350,25,"{""mixed_amino_acid_token"": 25}",3,1,"[[""M41L"", ""K122E""]]","largest joint count, then lexicographic tuple of source mutation strings in ascending position order",observed_training_profile,"Observed training annotation; coefficient belongs to the original position rule, not this mutation profile."
NRTI/TDF,CV-min,69;118,P69 + P118,-0.05399048369575455,127,1394,T69D + V118I,85,85/127,101,26,"{""insertion_or_special_marker"": 3, ""mixed_amino_acid_token"": 22, ""unknown_X"": 1}",4,1,"[[""T69D"", ""V118I""]]","largest joint count, then lexicographic tuple of source mutation strings in ascending position order",observed_training_profile,"Observed training annotation; coefficient belongs to the original position rule, not this mutation profile."
NRTI/TDF,CV-min,103;135,P103 + P135,0.053919239154015489,201,1394,K103N + I135T,87,87/201,154,47,"{""mixed_amino_acid_token"": 43, ""unknown_X"": 4}",12,1,"[[""K103N"", ""I135T""]]","largest joint count, then lexicographic tuple of source mutation strings in ascending position order",observed_training_profile,"Observed training annotation; coefficient belongs to the original position rule, not this mutation profile."
NRTI/TDF,CV-min,177;178,P177 + P178,0.053805840645575087,115,1394,D177E + I178L,35,35/115,79,36,"{""mixed_amino_acid_token"": 36}",6,1,"[[""D177E"", ""I178L""]]","largest joint count, then lexicographic tuple of source mutation strings in ascending position order",observed_training_profile,"Observed training annotation; coefficient belongs to the original position rule, not this mutation profile."
NRTI/TDF,CV-min,39;122;181;184,P39 + P122 + P181 + P184,0.053655931575395159,28,1394,T39A + K122E + Y181C + M184V,8,8/28,16,12,"{""mixed_amino_acid_token"": 12}",7,1,"[[""T39A"", ""K122E"", ""Y181C"", ""M184V""]]","largest joint count, then lexicographic tuple of source mutation strings in ascending position order",observed_training_profile,"Observed training annotation; coefficient belongs to the original position rule, not this mutation profile."
NRTI/TDF,CV-min,90;103,P90 + P103,-0.053565160547312848,55,1394,V90I + K103N,24,24/55,26,29,"{""mixed_amino_acid_token"": 29}",3,1,"[[""V90I"", ""K103N""]]","largest joint count, then lexicographic tuple of source mutation strings in ascending position order",observed_training_profile,"Observed training annotation; coefficient belongs to the original position rule, not this mutation profile."
NRTI/TDF,CV-min,100;103;215,P100 + P103 + P215,-0.052245477383344355,37,1394,L100I + K103N + T215Y,22,22/37,32,5,"{""mixed_amino_acid_token"": 5}",4,1,"[[""L100I"", ""K103N"", ""T215Y""]]","largest joint count, then lexicographic tuple of source mutation strings in ascending position order",observed_training_profile,"Observed training annotation; coefficient belongs to the original position rule, not this mutation profile."
NRTI/TDF,CV-min,122,P122,-0.051944604431542606,767,1394,K122E,640,640/767,694,73,"{""mixed_amino_acid_token"": 73}",6,1,"[[""K122E""]]","largest joint count, then lexicographic tuple of source mutation strings in ascending position order",observed_training_profile,"Observed training annotation; coefficient belongs to the original position rule, not this mutation profile."
NRTI/TDF,CV-min,67;69;123;184,P67 + P69 + P123 + P184,0.051615017328920473,53,1394,D67N + T69D + D123E + M184V,12,12/53,36,17,"{""insertion_or_special_marker"": 1, ""mixed_amino_acid_token"": 16, ""unknown_X"": 2}",12,1,"[[""D67N"", ""T69D"", ""D123E"", ""M184V""]]","largest joint count, then lexicographic tuple of source mutation strings in ascending position order",observed_training_profile,"Observed training annotation; coefficient belongs to the original position rule, not this mutation profile."
NRTI/TDF,CV-min,122;123;228,P122 + P123 + P228,-0.051126263317243667,56,1394,K122E + D123E + L228H,9,9/56,28,28,"{""mixed_amino_acid_token"": 28}",10,1,"[[""K122E"", ""D123E"", ""L228H""]]","largest joint count, then lexicographic tuple of source mutation strings in ascending position order",observed_training_profile,"Observed training annotation; coefficient belongs to the original position rule, not this mutation profile."
NRTI/TDF,CV-min,35;67;203;207,P35 + P67 + P203 + P207,0.050470815545297081,27,1394,V35I + D67N + E203K + Q207E,6,6/27,18,9,"{""mixed_amino_acid_token"": 9}",9,1,"[[""V35I"", ""D67N"", ""E203K"", ""Q207E""]]","largest joint count, then lexicographic tuple of source mutation strings in ascending position order",observed_training_profile,"Observed training annotation; coefficient belongs to the original position rule, not this mutation profile."
NRTI/TDF,CV-min,62;75,P62 + P75,-0.050264463684949606,34,1394,A62V + V75I,22,22/34,31,3,"{""mixed_amino_acid_token"": 3}",2,1,"[[""A62V"", ""V75I""]]","largest joint count, then lexicographic tuple of source mutation strings in ascending position order",observed_training_profile,"Observed training annotation; coefficient belongs to the original position rule, not this mutation profile."
NRTI/TDF,CV-min,67;69;122;196,P67 + P69 + P122 + P196,0.050180829568640825,47,1394,D67N + T69D + K122E + G196E,21,21/47,30,17,"{""insertion_or_special_marker"": 3, ""mixed_amino_acid_token"": 13, ""unknown_X"": 3}",4,1,"[[""D67N"", ""T69D"", ""K122E"", ""G196E""]]","largest joint count, then lexicographic tuple of source mutation strings in ascending position order",observed_training_profile,"Observed training annotation; coefficient belongs to the original position rule, not this mutation profile."
NRTI/TDF,CV-min,67;118,P67 + P118,0.049875859822560667,248,1394,D67N + V118I,191,191/248,209,39,"{""mixed_amino_acid_token"": 38, ""unknown_X"": 1}",3,1,"[[""D67N"", ""V118I""]]","largest joint count, then lexicographic tuple of source mutation strings in ascending position order",observed_training_profile,"Observed training annotation; coefficient belongs to the original position rule, not this mutation profile."
NRTI/TDF,CV-min,177;178;210;215,P177 + P178 + P210 + P215,0.049525145763853362,29,1394,D177E + I178L + L210W + T215Y,14,14/29,23,6,"{""mixed_amino_acid_token"": 6}",6,1,"[[""D177E"", ""I178L"", ""L210W"", ""T215Y""]]","largest joint count, then lexicographic tuple of source mutation strings in ascending position order",observed_training_profile,"Observed training annotation; coefficient belongs to the original position rule, not this mutation profile."
NRTI/TDF,CV-min,184;207;210;215,P184 + P207 + P210 + P215,0.049160161765264082,115,1394,M184V + Q207E + L210W + T215Y,84,84/115,102,13,"{""mixed_amino_acid_token"": 12, ""unknown_X"": 1}",10,1,"[[""M184V"", ""Q207E"", ""L210W"", ""T215Y""]]","largest joint count, then lexicographic tuple of source mutation strings in ascending position order",observed_training_profile,"Observed training annotation; coefficient belongs to the original position rule, not this mutation profile."
NRTI/TDF,CV-min,98;103,P98 + P103,0.048836720426025305,67,1394,A98S + K103N,26,26/67,50,17,"{""mixed_amino_acid_token"": 17}",5,1,"[[""A98S"", ""K103N""]]","largest joint count, then lexicographic tuple of source mutation strings in ascending position order",observed_training_profile,"Observed training annotation; coefficient belongs to the original position rule, not this mutation profile."
NRTI/TDF,CV-min,67;203,P67 + P203,0.048284269182560166,120,1394,D67N + E203K,50,50/120,90,30,"{""mixed_amino_acid_token"": 24, ""unknown_X"": 6}",11,1,"[[""D67N"", ""E203K""]]","largest joint count, then lexicographic tuple of source mutation strings in ascending position order",observed_training_profile,"Observed training annotation; coefficient belongs to the original position rule, not this mutation profile."
NRTI/TDF,CV-min,64;67;219,P64 + P67 + P219,0.048049608219945791,50,1394,K64H + D67N + K219Q,8,8/50,33,17,"{""mixed_amino_acid_token"": 17}",13,1,"[[""K64H"", ""D67N"", ""K219Q""]]","largest joint count, then lexicographic tuple of source mutation strings in ascending position order",observed_training_profile,"Observed training annotation; coefficient belongs to the original position rule, not this mutation profile."
NRTI/TDF,CV-min,68;184,P68 + P184,-0.047829306800477991,85,1394,S68G + M184V,61,61/85,67,18,"{""mixed_amino_acid_token"": 14, ""unknown_X"": 4}",4,1,"[[""S68G"", ""M184V""]]","largest joint count, then lexicographic tuple of source mutation strings in ascending position order",observed_training_profile,"Observed training annotation; coefficient belongs to the original position rule, not this mutation profile."
NRTI/TDF,CV-min,75;184;211,P75 + P184 + P211,0.047403215839879255,47,1394,V75M + M184V + R211K,20,20/47,39,8,"{""mixed_amino_acid_token"": 7, ""unknown_X"": 2}",10,1,"[[""V75M"", ""M184V"", ""R211K""]]","largest joint count, then lexicographic tuple of source mutation strings in ascending position order",observed_training_profile,"Observed training annotation; coefficient belongs to the original position rule, not this mutation profile."
NRTI/TDF,CV-min,39;181;184,P39 + P181 + P184,0.047299453686681918,44,1394,T39A + Y181C + M184V,18,18/44,32,12,"{""mixed_amino_acid_token"": 11, ""unknown_X"": 1}",7,1,"[[""T39A"", ""Y181C"", ""M184V""]]","largest joint count, then lexicographic tuple of source mutation strings in ascending position order",observed_training_profile,"Observed training annotation; coefficient belongs to the original position rule, not this mutation profile."
NRTI/TDF,CV-min,69;118;215,P69 + P118 + P215,-0.046984004371371277,115,1394,T69D + V118I + T215Y,56,56/115,93,22,"{""insertion_or_special_marker"": 2, ""mixed_amino_acid_token"": 18, ""unknown_X"": 2}",14,1,"[[""T69D"", ""V118I"", ""T215Y""]]","largest joint count, then lexicographic tuple of source mutation strings in ascending position order",observed_training_profile,"Observed training annotation; coefficient belongs to the original position rule, not this mutation profile."
NRTI/TDF,CV-min,41;75,P41 + P75,-0.046466793461757992,94,1394,M41L + V75M,49,49/94,93,1,"{""unknown_X"": 1}",6,1,"[[""M41L"", ""V75M""]]","largest joint count, then lexicographic tuple of source mutation strings in ascending position order",observed_training_profile,"Observed training annotation; coefficient belongs to the original position rule, not this mutation profile."
NRTI/TDF,CV-min,122;162;196;215,P122 + P162 + P196 + P215,0.046358988173400194,39,1394,K122E + S162C + G196E + T215Y,7,7/39,24,15,"{""mixed_amino_acid_token"": 14, ""unknown_X"": 2}",12,1,"[[""K122E"", ""S162C"", ""G196E"", ""T215Y""]]","largest joint count, then lexicographic tuple of source mutation strings in ascending position order",observed_training_profile,"Observed training annotation; coefficient belongs to the original position rule, not this mutation profile."
NRTI/TDF,CV-min,122;135;181;184,P122 + P135 + P181 + P184,0.046280925996933203,40,1394,K122E + I135T + Y181C + M184V,13,13/40,30,10,"{""mixed_amino_acid_token"": 9, ""unknown_X"": 1}",12,1,"[[""K122E"", ""I135T"", ""Y181C"", ""M184V""]]","largest joint count, then lexicographic tuple of source mutation strings in ascending position order",observed_training_profile,"Observed training annotation; coefficient belongs to the original position rule, not this mutation profile."
NRTI/TDF,CV-min,69;179;215,P69 + P179 + P215,-0.046177469234583858,68,1394,T69D + V179I + T215Y,12,12/68,43,25,"{""insertion_or_special_marker"": 3, ""mixed_amino_acid_token"": 23}",21,1,"[[""T69D"", ""V179I"", ""T215Y""]]","largest joint count, then lexicographic tuple of source mutation strings in ascending position order",observed_training_profile,"Observed training annotation; coefficient belongs to the original position rule, not this mutation profile."
NRTI/TDF,CV-min,123;219,P123 + P219,0.045776813298668506,160,1394,D123E + K219Q,37,37/160,119,41,"{""mixed_amino_acid_token"": 40, ""unknown_X"": 1}",18,1,"[[""D123E"", ""K219Q""]]","largest joint count, then lexicographic tuple of source mutation strings in ascending position order",observed_training_profile,"Observed training annotation; coefficient belongs to the original position rule, not this mutation profile."
NRTI/TDF,CV-min,68;142,P68 + P142,-0.04551244521850456,29,1394,S68G + I142V,11,11/29,15,14,"{""mixed_amino_acid_token"": 14, ""unknown_X"": 1}",4,1,"[[""S68G"", ""I142V""]]","largest joint count, then lexicographic tuple of source mutation strings in ascending position order",observed_training_profile,"Observed training annotation; coefficient belongs to the original position rule, not this mutation profile."
NRTI/TDF,CV-min,35;69;211,P35 + P69 + P211,-0.045511452376839727,50,1394,V35I + T69D + R211K,7,7/50,28,22,"{""insertion_or_special_marker"": 2, ""mixed_amino_acid_token"": 21}",15,1,"[[""V35I"", ""T69D"", ""R211K""]]","largest joint count, then lexicographic tuple of source mutation strings in ascending position order",observed_training_profile,"Observed training annotation; coefficient belongs to the original position rule, not this mutation profile."
NRTI/TDF,CV-min,177;179;184,P177 + P179 + P184,-0.045123980100190801,42,1394,D177E + V179I + M184V,18,18/42,27,15,"{""mixed_amino_acid_token"": 15}",7,1,"[[""D177E"", ""V179I"", ""M184V""]]","largest joint count, then lexicographic tuple of source mutation strings in ascending position order",observed_training_profile,"Observed training annotation; coefficient belongs to the original position rule, not this mutation profile."
NRTI/TDF,CV-min,39;200;211,P39 + P200 + P211,-0.044786238930353717,87,1394,T39A + T200A + R211K,23,23/87,45,42,"{""mixed_amino_acid_token"": 42, ""unknown_X"": 1}",14,1,"[[""T39A"", ""T200A"", ""R211K""]]","largest joint count, then lexicographic tuple of source mutation strings in ascending position order",observed_training_profile,"Observed training annotation; coefficient belongs to the original position rule, not this mutation profile."
NRTI/TDF,CV-min,178;184;200,P178 + P184 + P200,0.044589002299356709,51,1394,I178M + M184V + T200A,10,10/51,30,21,"{""mixed_amino_acid_token"": 20, ""unknown_X"": 2}",9,1,"[[""I178M"", ""M184V"", ""T200A""]]","largest joint count, then lexicographic tuple of source mutation strings in ascending position order",observed_training_profile,"Observed training annotation; coefficient belongs to the original position rule, not this mutation profile."
NRTI/TDF,CV-min,67;122;184,P67 + P122 + P184,-0.04439084139684614,213,1394,D67N + K122E + M184V,144,144/213,179,34,"{""mixed_amino_acid_token"": 31, ""unknown_X"": 4}",12,1,"[[""D67N"", ""K122E"", ""M184V""]]","largest joint count, then lexicographic tuple of source mutation strings in ascending position order",observed_training_profile,"Observed training annotation; coefficient belongs to the original position rule, not this mutation profile."
NRTI/TDF,CV-min,70;219,P70 + P219,0.044000715672441418,240,1394,K70R + K219Q,156,156/240,238,2,"{""mixed_amino_acid_token"": 2}",10,1,"[[""K70R"", ""K219Q""]]","largest joint count, then lexicographic tuple of source mutation strings in ascending position order",observed_training_profile,"Observed training annotation; coefficient belongs to the original position rule, not this mutation profile."
NRTI/TDF,CV-min,69;210,P69 + P210,0.043876108310191106,127,1394,T69D + L210W,80,80/127,99,28,"{""insertion_or_special_marker"": 11, ""mixed_amino_acid_token"": 15, ""unknown_X"": 2}",10,1,"[[""T69D"", ""L210W""]]","largest joint count, then lexicographic tuple of source mutation strings in ascending position order",observed_training_profile,"Observed training annotation; coefficient belongs to the original position rule, not this mutation profile."
NRTI/TDF,CV-min,60;67;69;162,P60 + P67 + P69 + P162,-0.043748766591524171,31,1394,V60I + D67N + T69D + S162D,4,4/31,17,14,"{""mixed_amino_acid_token"": 12, ""unknown_X"": 4}",10,2,"[[""V60I"", ""D67N"", ""T69D"", ""S162D""], [""V60I"", ""D67N"", ""T69N"", ""S162D""]]","largest joint count, then lexicographic tuple of source mutation strings in ascending position order",observed_training_profile,"Observed training annotation; coefficient belongs to the original position rule, not this mutation profile."
NRTI/TDF,CV-min,20;69,P20 + P69,-0.043443251199136002,92,1394,K20R + T69D,32,32/92,68,24,"{""mixed_amino_acid_token"": 23, ""unknown_X"": 1}",8,1,"[[""K20R"", ""T69D""]]","largest joint count, then lexicographic tuple of source mutation strings in ascending position order",observed_training_profile,"Observed training annotation; coefficient belongs to the original position rule, not this mutation profile."
NRTI/TDF,CV-min,20;118;219,P20 + P118 + P219,0.042691113458611284,50,1394,K20R + V118I + K219Q,14,14/50,29,21,"{""mixed_amino_acid_token"": 21}",4,1,"[[""K20R"", ""V118I"", ""K219Q""]]","largest joint count, then lexicographic tuple of source mutation strings in ascending position order",observed_training_profile,"Observed training annotation; coefficient belongs to the original position rule, not this mutation profile."
NRTI/TDF,CV-min,196,P196,-0.042557664757518709,325,1394,G196E,268,268/325,287,38,"{""mixed_amino_acid_token"": 37, ""unknown_X"": 1}",5,1,"[[""G196E""]]","largest joint count, then lexicographic tuple of source mutation strings in ascending position order",observed_training_profile,"Observed training annotation; coefficient belongs to the original position rule, not this mutation profile."
NRTI/TDF,CV-min,41;106;211;215,P41 + P106 + P211 + P215,0.042112756094337567,28,1394,M41L + V106I + R211K + T215Y,11,11/28,22,6,"{""mixed_amino_acid_token"": 6, ""unknown_X"": 1}",10,1,"[[""M41L"", ""V106I"", ""R211K"", ""T215Y""]]","largest joint count, then lexicographic tuple of source mutation strings in ascending position order",observed_training_profile,"Observed training annotation; coefficient belongs to the original position rule, not this mutation profile."
NRTI/TDF,CV-min,118;123;210;215,P118 + P123 + P210 + P215,-0.041329831593903528,77,1394,V118I + D123E + L210W + T215Y,34,34/77,49,28,"{""mixed_amino_acid_token"": 26, ""unknown_X"": 2}",8,1,"[[""V118I"", ""D123E"", ""L210W"", ""T215Y""]]","largest joint count, then lexicographic tuple of source mutation strings in ascending position order",observed_training_profile,"Observed training annotation; coefficient belongs to the original position rule, not this mutation profile."
NRTI/TDF,CV-min,67;98;228,P67 + P98 + P228,0.040789689897954062,41,1394,D67N + A98S + L228H,14,14/41,29,12,"{""mixed_amino_acid_token"": 11, ""unknown_X"": 1}",6,1,"[[""D67N"", ""A98S"", ""L228H""]]","largest joint count, then lexicographic tuple of source mutation strings in ascending position order",observed_training_profile,"Observed training annotation; coefficient belongs to the original position rule, not this mutation profile."
NRTI/TDF,CV-min,35;184,P35 + P184,-0.040721315513137062,215,1394,V35I + M184V,63,63/215,174,41,"{""mixed_amino_acid_token"": 40, ""unknown_X"": 1}",11,1,"[[""V35I"", ""M184V""]]","largest joint count, then lexicographic tuple of source mutation strings in ascending position order",observed_training_profile,"Observed training annotation; coefficient belongs to the original position rule, not this mutation profile."
NRTI/TDF,CV-min,39;135;184;215,P39 + P135 + P184 + P215,-0.04070205972566418,70,1394,T39A + I135T + M184V + T215Y,22,22/70,48,22,"{""mixed_amino_acid_token"": 22, ""unknown_X"": 2}",16,1,"[[""T39A"", ""I135T"", ""M184V"", ""T215Y""]]","largest joint count, then lexicographic tuple of source mutation strings in ascending position order",observed_training_profile,"Observed training annotation; coefficient belongs to the original position rule, not this mutation profile."
NRTI/TDF,CV-min,179;203;215;219,P179 + P203 + P215 + P219,-0.040560666816919888,28,1394,V179I + E203K + T215Y + K219N,2,2/28,10,18,"{""mixed_amino_acid_token"": 17, ""unknown_X"": 3}",9,1,"[[""V179I"", ""E203K"", ""T215Y"", ""K219N""]]","largest joint count, then lexicographic tuple of source mutation strings in ascending position order",observed_training_profile,"Observed training annotation; coefficient belongs to the original position rule, not this mutation profile."
NRTI/TDF,CV-min,64,P64,0.040501488999313592,84,1394,K64R,24,24/84,50,34,"{""mixed_amino_acid_token"": 34}",5,1,"[[""K64R""]]","largest joint count, then lexicographic tuple of source mutation strings in ascending position order",observed_training_profile,"Observed training annotation; coefficient belongs to the original position rule, not this mutation profile."
NRTI/TDF,CV-min,177;228,P177 + P228,0.040415125058506106,82,1394,D177E + L228H,31,31/82,59,23,"{""mixed_amino_acid_token"": 21, ""unknown_X"": 2}",7,1,"[[""D177E"", ""L228H""]]","largest joint count, then lexicographic tuple of source mutation strings in ascending position order",observed_training_profile,"Observed training annotation; coefficient belongs to the original position rule, not this mutation profile."
NRTI/TDF,CV-min,35;123;215,P35 + P123 + P215,0.039986022811074426,85,1394,V35I + D123E + T215Y,6,6/85,57,28,"{""mixed_amino_acid_token"": 27, ""unknown_X"": 4}",23,3,"[[""V35I"", ""D123E"", ""T215Y""], [""V35M"", ""D123E"", ""T215Y""], [""V35T"", ""D123E"", ""T215Y""]]","largest joint count, then lexicographic tuple of source mutation strings in ascending position order",observed_training_profile,"Observed training annotation; coefficient belongs to the original position rule, not this mutation profile."
NRTI/TDF,CV-min,68;69,P68 + P69,0.039818475399204765,34,1394,S68G + T69N,7,7/34,21,13,"{""insertion_or_special_marker"": 5, ""mixed_amino_acid_token"": 9, ""unknown_X"": 1}",9,1,"[[""S68G"", ""T69N""]]","largest joint count, then lexicographic tuple of source mutation strings in ascending position order",observed_training_profile,"Observed training annotation; coefficient belongs to the original position rule, not this mutation profile."
NRTI/TDF,CV-min,197;211,P197 + P211,0.039392158513440342,36,1394,Q197E + R211K,9,9/36,23,13,"{""mixed_amino_acid_token"": 11, ""unknown_X"": 2}",9,1,"[[""Q197E"", ""R211K""]]","largest joint count, then lexicographic tuple of source mutation strings in ascending position order",observed_training_profile,"Observed training annotation; coefficient belongs to the original position rule, not this mutation profile."
NRTI/TDF,CV-min,67;184;210;215,P67 + P184 + P210 + P215,-0.039078632131200795,170,1394,D67N + M184V + L210W + T215Y,126,126/170,154,16,"{""mixed_amino_acid_token"": 14, ""unknown_X"": 2}",14,1,"[[""D67N"", ""M184V"", ""L210W"", ""T215Y""]]","largest joint count, then lexicographic tuple of source mutation strings in ascending position order",observed_training_profile,"Observed training annotation; coefficient belongs to the original position rule, not this mutation profile."
NRTI/TDF,CV-min,69;162;207,P69 + P162 + P207,-0.039049472606841475,35,1394,T69D + S162C + Q207E,4,4/35,21,14,"{""insertion_or_special_marker"": 3, ""mixed_amino_acid_token"": 10, ""unknown_X"": 1}",11,1,"[[""T69D"", ""S162C"", ""Q207E""]]","largest joint count, then lexicographic tuple of source mutation strings in ascending position order",observed_training_profile,"Observed training annotation; coefficient belongs to the original position rule, not this mutation profile."
NRTI/TDF,CV-min,67;122;196;215,P67 + P122 + P196 + P215,0.038827017174754751,94,1394,D67N + K122E + G196E + T215Y,41,41/94,70,24,"{""mixed_amino_acid_token"": 23, ""unknown_X"": 2}",9,1,"[[""D67N"", ""K122E"", ""G196E"", ""T215Y""]]","largest joint count, then lexicographic tuple of source mutation strings in ascending position order",observed_training_profile,"Observed training annotation; coefficient belongs to the original position rule, not this mutation profile."
NRTI/TDF,CV-min,68;184;215,P68 + P184 + P215,-0.038824217840614718,65,1394,S68G + M184V + T215Y,33,33/65,51,14,"{""mixed_amino_acid_token"": 13, ""unknown_X"": 1}",7,1,"[[""S68G"", ""M184V"", ""T215Y""]]","largest joint count, then lexicographic tuple of source mutation strings in ascending position order",observed_training_profile,"Observed training annotation; coefficient belongs to the original position rule, not this mutation profile."
NRTI/TDF,CV-min,41;98;123;215,P41 + P98 + P123 + P215,-0.03876963936080105,45,1394,M41L + A98G + D123E + T215Y,9,9/45,35,10,"{""mixed_amino_acid_token"": 10}",13,2,"[[""M41L"", ""A98G"", ""D123E"", ""T215Y""], [""M41L"", ""A98S"", ""D123E"", ""T215Y""]]","largest joint count, then lexicographic tuple of source mutation strings in ascending position order",observed_training_profile,"Observed training annotation; coefficient belongs to the original position rule, not this mutation profile."
NRTI/TDF,CV-min,60;200;210;215,P60 + P200 + P210 + P215,-0.038666399326355738,45,1394,V60I + T200A + L210W + T215Y,15,15/45,29,16,"{""mixed_amino_acid_token"": 16}",10,1,"[[""V60I"", ""T200A"", ""L210W"", ""T215Y""]]","largest joint count, then lexicographic tuple of source mutation strings in ascending position order",observed_training_profile,"Observed training annotation; coefficient belongs to the original position rule, not this mutation profile."
NRTI/TDF,CV-min,70;142,P70 + P142,-0.038594913941458545,38,1394,K70R + I142V,22,22/38,29,9,"{""mixed_amino_acid_token"": 8, ""unknown_X"": 1}",7,1,"[[""K70R"", ""I142V""]]","largest joint count, then lexicographic tuple of source mutation strings in ascending position order",observed_training_profile,"Observed training annotation; coefficient belongs to the original position rule, not this mutation profile."
NRTI/TDF,CV-min,20;60;215,P20 + P60 + P215,0.037990930671842081,57,1394,K20R + V60I + T215Y,23,23/57,39,18,"{""mixed_amino_acid_token"": 18}",4,1,"[[""K20R"", ""V60I"", ""T215Y""]]","largest joint count, then lexicographic tuple of source mutation strings in ascending position order",observed_training_profile,"Observed training annotation; coefficient belongs to the original position rule, not this mutation profile."
NRTI/TDF,CV-min,108;228,P108 + P228,0.037770241449632987,46,1394,V108I + L228H,18,18/46,34,12,"{""mixed_amino_acid_token"": 12}",4,1,"[[""V108I"", ""L228H""]]","largest joint count, then lexicographic tuple of source mutation strings in ascending position order",observed_training_profile,"Observed training annotation; coefficient belongs to the original position rule, not this mutation profile."
NRTI/TDF,CV-min,122;135;200,P122 + P135 + P200,0.037610946891179386,165,1394,K122E + I135T + T200A,40,40/165,98,67,"{""mixed_amino_acid_token"": 64, ""unknown_X"": 4}",19,1,"[[""K122E"", ""I135T"", ""T200A""]]","largest joint count, then lexicographic tuple of source mutation strings in ascending position order",observed_training_profile,"Observed training annotation; coefficient belongs to the original position rule, not this mutation profile."
NRTI/TDF,CV-min,67;70;203,P67 + P70 + P203,0.036937326603350536,39,1394,D67N + K70R + E203K,16,16/39,29,10,"{""mixed_amino_acid_token"": 8, ""unknown_X"": 2}",6,1,"[[""D67N"", ""K70R"", ""E203K""]]","largest joint count, then lexicographic tuple of source mutation strings in ascending position order",observed_training_profile,"Observed training annotation; coefficient belongs to the original position rule, not this mutation profile."
NRTI/TDF,CV-min,39;211,P39 + P211,-0.036642800144919711,205,1394,T39A + R211K,90,90/205,130,75,"{""mixed_amino_acid_token"": 73, ""unknown_X"": 2}",19,1,"[[""T39A"", ""R211K""]]","largest joint count, then lexicographic tuple of source mutation strings in ascending position order",observed_training_profile,"Observed training annotation; coefficient belongs to the original position rule, not this mutation profile."
NRTI/TDF,CV-min,135;178;211;215,P135 + P178 + P211 + P215,-0.036543684373771784,36,1394,I135T + I178M + R211K + T215Y,4,4/36,19,17,"{""mixed_amino_acid_token"": 16, ""unknown_X"": 2}",12,2,"[[""I135T"", ""I178M"", ""R211K"", ""T215Y""], [""I135V"", ""I178M"", ""R211K"", ""T215Y""]]","largest joint count, then lexicographic tuple of source mutation strings in ascending position order",observed_training_profile,"Observed training annotation; coefficient belongs to the original position rule, not this mutation profile."
NRTI/TDF,CV-min,69;102,P69 + P102,-0.036389999453075916,32,1394,T69N + K102Q,7,7/32,18,14,"{""insertion_or_special_marker"": 1, ""mixed_amino_acid_token"": 14}",6,1,"[[""T69N"", ""K102Q""]]","largest joint count, then lexicographic tuple of source mutation strings in ascending position order",observed_training_profile,"Observed training annotation; coefficient belongs to the original position rule, not this mutation profile."
NRTI/TDF,CV-min,41;135;181,P41 + P135 + P181,-0.036377119663238207,64,1394,M41L + I135T + Y181C,34,34/64,56,8,"{""mixed_amino_acid_token"": 7, ""unknown_X"": 1}",8,1,"[[""M41L"", ""I135T"", ""Y181C""]]","largest joint count, then lexicographic tuple of source mutation strings in ascending position order",observed_training_profile,"Observed training annotation; coefficient belongs to the original position rule, not this mutation profile."
NRTI/TDF,CV-min,202;210;215,P202 + P210 + P215,-0.036306634687760776,45,1394,I202V + L210W + T215Y,26,26/45,33,12,"{""mixed_amino_acid_token"": 11, ""unknown_X"": 1}",7,1,"[[""I202V"", ""L210W"", ""T215Y""]]","largest joint count, then lexicographic tuple of source mutation strings in ascending position order",observed_training_profile,"Observed training annotation; coefficient belongs to the original position rule, not this mutation profile."
NRTI/TDF,CV-min,67;69;135;162,P67 + P69 + P135 + P162,-0.036060978931585455,37,1394,D67N + T69D + I135T + S162C,4,4/37,22,15,"{""mixed_amino_acid_token"": 13, ""unknown_X"": 3}",12,2,"[[""D67N"", ""T69D"", ""I135T"", ""S162C""], [""D67N"", ""T69D"", ""I135T"", ""S162D""]]","largest joint count, then lexicographic tuple of source mutation strings in ascending position order",observed_training_profile,"Observed training annotation; coefficient belongs to the original position rule, not this mutation profile."
NRTI/TDF,CV-min,43;118;122;203,P43 + P118 + P122 + P203,-0.03555861647025655,45,1394,K43E + V118I + K122E + E203K,8,8/45,28,17,"{""mixed_amino_acid_token"": 17}",13,1,"[[""K43E"", ""V118I"", ""K122E"", ""E203K""]]","largest joint count, then lexicographic tuple of source mutation strings in ascending position order",observed_training_profile,"Observed training annotation; coefficient belongs to the original position rule, not this mutation profile."
NRTI/TDF,CV-min,6;67;215,P6 + P67 + P215,0.034987576239456718,41,1394,E6D + D67N + T215Y,5,5/41,21,20,"{""mixed_amino_acid_token"": 19, ""unknown_X"": 1}",11,1,"[[""E6D"", ""D67N"", ""T215Y""]]","largest joint count, then lexicographic tuple of source mutation strings in ascending position order",observed_training_profile,"Observed training annotation; coefficient belongs to the original position rule, not this mutation profile."
NRTI/TDF,CV-min,67;122;135;178,P67 + P122 + P135 + P178,-0.034762076362433766,33,1394,D67N + K122E + I135T + I178M,6,6/33,21,12,"{""mixed_amino_acid_token"": 12}",10,1,"[[""D67N"", ""K122E"", ""I135T"", ""I178M""]]","largest joint count, then lexicographic tuple of source mutation strings in ascending position order",observed_training_profile,"Observed training annotation; coefficient belongs to the original position rule, not this mutation profile."
NRTI/TDF,CV-min,173;219,P173 + P219,-0.034622158821129831,29,1394,K173E + K219E,2,2/29,16,13,"{""mixed_amino_acid_token"": 11, ""unknown_X"": 2}",13,3,"[[""K173E"", ""K219E""], [""K173N"", ""K219E""], [""K173N"", ""K219Q""]]","largest joint count, then lexicographic tuple of source mutation strings in ascending position order",observed_training_profile,"Observed training annotation; coefficient belongs to the original position rule, not this mutation profile."
NRTI/TDF,CV-min,39;67;103;211,P39 + P67 + P103 + P211,0.033432448211563527,40,1394,T39A + D67N + K103N + R211K,9,9/40,20,20,"{""mixed_amino_acid_token"": 20}",12,1,"[[""T39A"", ""D67N"", ""K103N"", ""R211K""]]","largest joint count, then lexicographic tuple of source mutation strings in ascending position order",observed_training_profile,"Observed training annotation; coefficient belongs to the original position rule, not this mutation profile."
NRTI/TDF,CV-min,43;122;203;207,P43 + P122 + P203 + P207,-0.032362215238584027,35,1394,K43E + K122E + E203K + Q207E,5,5/35,21,14,"{""asterisk_special_marker"": 1, ""mixed_amino_acid_token"": 14}",12,1,"[[""K43E"", ""K122E"", ""E203K"", ""Q207E""]]","largest joint count, then lexicographic tuple of source mutation strings in ascending position order",observed_training_profile,"Observed training annotation; coefficient belongs to the original position rule, not this mutation profile."
NRTI/TDF,CV-min,98;190,P98 + P190,0.032265938424959908,41,1394,A98G + G190A,22,22/41,39,2,"{""mixed_amino_acid_token"": 2}",6,1,"[[""A98G"", ""G190A""]]","largest joint count, then lexicographic tuple of source mutation strings in ascending position order",observed_training_profile,"Observed training annotation; coefficient belongs to the original position rule, not this mutation profile."
NRTI/TDF,CV-min,177;211;215,P177 + P211 + P215,-0.032262083876510077,121,1394,D177E + R211K + T215Y,59,59/121,96,25,"{""mixed_amino_acid_token"": 22, ""unknown_X"": 5}",19,1,"[[""D177E"", ""R211K"", ""T215Y""]]","largest joint count, then lexicographic tuple of source mutation strings in ascending position order",observed_training_profile,"Observed training annotation; coefficient belongs to the original position rule, not this mutation profile."
NRTI/TDF,CV-min,35;39;207;211,P35 + P39 + P207 + P211,0.032254551355624467,33,1394,V35E + T39A + Q207E + R211K,3,3/33,23,10,"{""mixed_amino_acid_token"": 10}",18,1,"[[""V35E"", ""T39A"", ""Q207E"", ""R211K""]]","largest joint count, then lexicographic tuple of source mutation strings in ascending position order",observed_training_profile,"Observed training annotation; coefficient belongs to the original position rule, not this mutation profile."
NRTI/TDF,CV-min,69;214,P69 + P214,-0.031244684068564597,72,1394,T69D + F214L,27,27/72,56,16,"{""insertion_or_special_marker"": 3, ""mixed_amino_acid_token"": 15, ""unknown_X"": 1}",4,1,"[[""T69D"", ""F214L""]]","largest joint count, then lexicographic tuple of source mutation strings in ascending position order",observed_training_profile,"Observed training annotation; coefficient belongs to the original position rule, not this mutation profile."
NRTI/TDF,CV-min,135;200;215,P135 + P200 + P215,0.030547237366272306,156,1394,I135T + T200A + T215Y,28,28/156,105,51,"{""mixed_amino_acid_token"": 47, ""unknown_X"": 4}",30,1,"[[""I135T"", ""T200A"", ""T215Y""]]","largest joint count, then lexicographic tuple of source mutation strings in ascending position order",observed_training_profile,"Observed training annotation; coefficient belongs to the original position rule, not this mutation profile."
NRTI/TDF,CV-min,39;207,P39 + P207,0.030371186988008971,124,1394,T39A + Q207E,42,42/124,88,36,"{""asterisk_special_marker"": 1, ""mixed_amino_acid_token"": 34, ""unknown_X"": 1}",17,1,"[[""T39A"", ""Q207E""]]","largest joint count, then lexicographic tuple of source mutation strings in ascending position order",observed_training_profile,"Observed training annotation; coefficient belongs to the original position rule, not this mutation profile."
NRTI/TDF,CV-min,67;215;219,P67 + P215 + P219,-0.030224651423850023,314,1394,D67N + T215F + K219Q,82,82/314,261,53,"{""mixed_amino_acid_token"": 42, ""other_non_simple_token"": 1, ""unknown_X"": 12}",34,1,"[[""D67N"", ""T215F"", ""K219Q""]]","largest joint count, then lexicographic tuple of source mutation strings in ascending position order",observed_training_profile,"Observed training annotation; coefficient belongs to the original position rule, not this mutation profile."
NRTI/TDF,CV-min,67;103;211;219,P67 + P103 + P211 + P219,-0.03011164943212194,74,1394,D67N + K103N + R211K + K219N,8,8/74,46,28,"{""mixed_amino_acid_token"": 27, ""unknown_X"": 1}",20,2,"[[""D67N"", ""K103N"", ""R211K"", ""K219N""], [""D67N"", ""K103N"", ""R211K"", ""K219Q""]]","largest joint count, then lexicographic tuple of source mutation strings in ascending position order",observed_training_profile,"Observed training annotation; coefficient belongs to the original position rule, not this mutation profile."
NRTI/TDF,CV-min,39;211;215,P39 + P211 + P215,-0.029976256839714305,165,1394,T39A + R211K + T215Y,64,64/165,105,60,"{""mixed_amino_acid_token"": 54, ""unknown_X"": 7}",26,1,"[[""T39A"", ""R211K"", ""T215Y""]]","largest joint count, then lexicographic tuple of source mutation strings in ascending position order",observed_training_profile,"Observed training annotation; coefficient belongs to the original position rule, not this mutation profile."
NRTI/TDF,CV-min,67;135;207;211,P67 + P135 + P207 + P211,-0.029802144149887671,55,1394,D67N + I135T + Q207E + R211K,12,12/55,35,20,"{""asterisk_special_marker"": 1, ""mixed_amino_acid_token"": 18, ""unknown_X"": 2}",15,1,"[[""D67N"", ""I135T"", ""Q207E"", ""R211K""]]","largest joint count, then lexicographic tuple of source mutation strings in ascending position order",observed_training_profile,"Observed training annotation; coefficient belongs to the original position rule, not this mutation profile."
NRTI/TDF,CV-min,111;118,P111 + P118,-0.029792454226772437,28,1394,V111I + V118I,13,13/28,14,14,"{""mixed_amino_acid_token"": 13, ""unknown_X"": 1}",2,1,"[[""V111I"", ""V118I""]]","largest joint count, then lexicographic tuple of source mutation strings in ascending position order",observed_training_profile,"Observed training annotation; coefficient belongs to the original position rule, not this mutation profile."
NRTI/TDF,CV-min,35;173,P35 + P173,-0.029417158182809305,59,1394,V35T + K173T,7,7/59,32,27,"{""mixed_amino_acid_token"": 24, ""unknown_X"": 4}",14,1,"[[""V35T"", ""K173T""]]","largest joint count, then lexicographic tuple of source mutation strings in ascending position order",observed_training_profile,"Observed training annotation; coefficient belongs to the original position rule, not this mutation profile."
NRTI/TDF,CV-min,41;44;67;118,P41 + P44 + P67 + P118,0.029203092077110863,111,1394,M41L + E44D + D67N + V118I,62,62/111,90,21,"{""mixed_amino_acid_token"": 21}",5,1,"[[""M41L"", ""E44D"", ""D67N"", ""V118I""]]","largest joint count, then lexicographic tuple of source mutation strings in ascending position order",observed_training_profile,"Observed training annotation; coefficient belongs to the original position rule, not this mutation profile."
NRTI/TDF,CV-min,190;215;228,P190 + P215 + P228,0.029074474734183699,55,1394,G190A + T215Y + L228H,17,17/55,43,12,"{""mixed_amino_acid_token"": 10, ""unknown_X"": 2}",14,1,"[[""G190A"", ""T215Y"", ""L228H""]]","largest joint count, then lexicographic tuple of source mutation strings in ascending position order",observed_training_profile,"Observed training annotation; coefficient belongs to the original position rule, not this mutation profile."
NRTI/TDF,CV-min,67;98;123;184,P67 + P98 + P123 + P184,-0.028920279333551676,27,1394,D67N + A98S + D123E + M184V,4,4/27,15,12,"{""mixed_amino_acid_token"": 12}",7,2,"[[""D67N"", ""A98S"", ""D123E"", ""M184V""], [""D67N"", ""A98S"", ""D123N"", ""M184V""]]","largest joint count, then lexicographic tuple of source mutation strings in ascending position order",observed_training_profile,"Observed training annotation; coefficient belongs to the original position rule, not this mutation profile."
NRTI/TDF,CV-min,123;228,P123 + P228,-0.028589362206912175,103,1394,D123E + L228H,36,36/103,65,38,"{""mixed_amino_acid_token"": 36, ""unknown_X"": 2}",10,1,"[[""D123E"", ""L228H""]]","largest joint count, then lexicographic tuple of source mutation strings in ascending position order",observed_training_profile,"Observed training annotation; coefficient belongs to the original position rule, not this mutation profile."
NRTI/TDF,CV-min,70;135;200,P70 + P135 + P200,0.028503908230379706,71,1394,K70R + I135T + T200A,22,22/71,47,24,"{""mixed_amino_acid_token"": 23, ""unknown_X"": 1}",16,1,"[[""K70R"", ""I135T"", ""T200A""]]","largest joint count, then lexicographic tuple of source mutation strings in ascending position order",observed_training_profile,"Observed training annotation; coefficient belongs to the original position rule, not this mutation profile."
NRTI/TDF,CV-min,122;200;211;219,P122 + P200 + P211 + P219,0.028287406041317048,76,1394,K122E + T200A + R211K + K219N,9,9/76,46,30,"{""mixed_amino_acid_token"": 27, ""unknown_X"": 3}",21,1,"[[""K122E"", ""T200A"", ""R211K"", ""K219N""]]","largest joint count, then lexicographic tuple of source mutation strings in ascending position order",observed_training_profile,"Observed training annotation; coefficient belongs to the original position rule, not this mutation profile."
NRTI/TDF,CV-min,35;122;162;215,P35 + P122 + P162 + P215,0.02760618164771541,40,1394,V35I + K122E + S162C + T215Y,6,6/40,26,14,"{""mixed_amino_acid_token"": 10, ""unknown_X"": 5}",16,1,"[[""V35I"", ""K122E"", ""S162C"", ""T215Y""]]","largest joint count, then lexicographic tuple of source mutation strings in ascending position order",observed_training_profile,"Observed training annotation; coefficient belongs to the original position rule, not this mutation profile."
NRTI/TDF,CV-min,122;190;207;215,P122 + P190 + P207 + P215,-0.027399378452273495,28,1394,K122E + G190A + Q207E + T215Y,4,4/28,17,11,"{""asterisk_special_marker"": 1, ""mixed_amino_acid_token"": 10}",11,1,"[[""K122E"", ""G190A"", ""Q207E"", ""T215Y""]]","largest joint count, then lexicographic tuple of source mutation strings in ascending position order",observed_training_profile,"Observed training annotation; coefficient belongs to the original position rule, not this mutation profile."
NRTI/TDF,CV-min,69;219,P69 + P219,-0.026828388346612997,185,1394,T69N + K219Q,49,49/185,156,29,"{""insertion_or_special_marker"": 2, ""mixed_amino_acid_token"": 27, ""unknown_X"": 1}",13,1,"[[""T69N"", ""K219Q""]]","largest joint count, then lexicographic tuple of source mutation strings in ascending position order",observed_training_profile,"Observed training annotation; coefficient belongs to the original position rule, not this mutation profile."
NRTI/TDF,CV-min,135;200;202,P135 + P200 + P202,0.02671701031246234,30,1394,I135T + T200A + I202V,3,3/30,12,18,"{""mixed_amino_acid_token"": 18, ""unknown_X"": 2}",7,1,"[[""I135T"", ""T200A"", ""I202V""]]","largest joint count, then lexicographic tuple of source mutation strings in ascending position order",observed_training_profile,"Observed training annotation; coefficient belongs to the original position rule, not this mutation profile."
NRTI/TDF,CV-min,69;103;122,P69 + P103 + P122,-0.026697213040057153,74,1394,T69D + K103N + K122E,31,31/74,52,22,"{""insertion_or_special_marker"": 4, ""mixed_amino_acid_token"": 19, ""unknown_X"": 1}",11,1,"[[""T69D"", ""K103N"", ""K122E""]]","largest joint count, then lexicographic tuple of source mutation strings in ascending position order",observed_training_profile,"Observed training annotation; coefficient belongs to the original position rule, not this mutation profile."
NRTI/TDF,CV-min,67;200;215;219,P67 + P200 + P215 + P219,-0.026530835426932745,128,1394,D67N + T200A + T215F + K219Q,14,14/128,85,43,"{""mixed_amino_acid_token"": 36, ""unknown_X"": 9}",40,2,"[[""D67N"", ""T200A"", ""T215F"", ""K219Q""], [""D67N"", ""T200A"", ""T215Y"", ""K219N""]]","largest joint count, then lexicographic tuple of source mutation strings in ascending position order",observed_training_profile,"Observed training annotation; coefficient belongs to the original position rule, not this mutation profile."
NRTI/TDF,CV-min,75;207,P75 + P207,0.026288086155981057,52,1394,V75M + Q207E,18,18/52,46,6,"{""asterisk_special_marker"": 1, ""mixed_amino_acid_token"": 5}",10,1,"[[""V75M"", ""Q207E""]]","largest joint count, then lexicographic tuple of source mutation strings in ascending position order",observed_training_profile,"Observed training annotation; coefficient belongs to the original position rule, not this mutation profile."
NRTI/TDF,CV-min,74;177;215,P74 + P177 + P215,-0.026227663938115365,47,1394,L74V + D177E + T215Y,13,13/47,38,9,"{""mixed_amino_acid_token"": 7, ""unknown_X"": 2}",9,1,"[[""L74V"", ""D177E"", ""T215Y""]]","largest joint count, then lexicographic tuple of source mutation strings in ascending position order",observed_training_profile,"Observed training annotation; coefficient belongs to the original position rule, not this mutation profile."
NRTI/TDF,CV-min,67;122;215,P67 + P122 + P215,0.025795417009866872,305,1394,D67N + K122E + T215Y,138,138/305,253,52,"{""mixed_amino_acid_token"": 45, ""unknown_X"": 9}",22,1,"[[""D67N"", ""K122E"", ""T215Y""]]","largest joint count, then lexicographic tuple of source mutation strings in ascending position order",observed_training_profile,"Observed training annotation; coefficient belongs to the original position rule, not this mutation profile."
NRTI/TDF,CV-min,67;70;190;219,P67 + P70 + P190 + P219,0.024943483866962209,45,1394,D67N + K70R + G190A + K219Q,21,21/45,40,5,"{""mixed_amino_acid_token"": 4, ""other_non_simple_token"": 1}",11,1,"[[""D67N"", ""K70R"", ""G190A"", ""K219Q""]]","largest joint count, then lexicographic tuple of source mutation strings in ascending position order",observed_training_profile,"Observed training annotation; coefficient belongs to the original position rule, not this mutation profile."
NRTI/TDF,CV-min,41;181,P41 + P181,-0.024333756268385166,138,1394,M41L + Y181C,116,116/138,127,11,"{""mixed_amino_acid_token"": 11}",5,1,"[[""M41L"", ""Y181C""]]","largest joint count, then lexicographic tuple of source mutation strings in ascending position order",observed_training_profile,"Observed training annotation; coefficient belongs to the original position rule, not this mutation profile."
NRTI/TDF,CV-min,39;41;44;215,P39 + P41 + P44 + P215,0.024331091584221393,86,1394,T39A + M41L + E44D + T215Y,29,29/86,56,30,"{""mixed_amino_acid_token"": 26, ""unknown_X"": 4}",11,1,"[[""T39A"", ""M41L"", ""E44D"", ""T215Y""]]","largest joint count, then lexicographic tuple of source mutation strings in ascending position order",observed_training_profile,"Observed training annotation; coefficient belongs to the original position rule, not this mutation profile."
NRTI/TDF,CV-min,41;106,P41 + P106,0.02392413375262319,37,1394,M41L + V106I,21,21/37,30,7,"{""mixed_amino_acid_token"": 7}",3,1,"[[""M41L"", ""V106I""]]","largest joint count, then lexicographic tuple of source mutation strings in ascending position order",observed_training_profile,"Observed training annotation; coefficient belongs to the original position rule, not this mutation profile."
NRTI/TDF,CV-min,67;70;123;135,P67 + P70 + P123 + P135,0.023912002442623599,52,1394,D67N + K70R + D123E + I135T,14,14/52,40,12,"{""mixed_amino_acid_token"": 11, ""unknown_X"": 2}",13,1,"[[""D67N"", ""K70R"", ""D123E"", ""I135T""]]","largest joint count, then lexicographic tuple of source mutation strings in ascending position order",observed_training_profile,"Observed training annotation; coefficient belongs to the original position rule, not this mutation profile."
NRTI/TDF,CV-min,202;211,P202 + P211,-0.023894694866142849,101,1394,I202V + R211K,57,57/101,64,37,"{""mixed_amino_acid_token"": 37}",5,1,"[[""I202V"", ""R211K""]]","largest joint count, then lexicographic tuple of source mutation strings in ascending position order",observed_training_profile,"Observed training annotation; coefficient belongs to the original position rule, not this mutation profile."
NRTI/TDF,CV-min,207,P207,0.023781580128324716,397,1394,Q207E,275,275/397,344,53,"{""asterisk_special_marker"": 1, ""mixed_amino_acid_token"": 48, ""unknown_X"": 4}",9,1,"[[""Q207E""]]","largest joint count, then lexicographic tuple of source mutation strings in ascending position order",observed_training_profile,"Observed training annotation; coefficient belongs to the original position rule, not this mutation profile."
NRTI/TDF,CV-min,98;103;135,P98 + P103 + P135,0.023775551032613033,34,1394,A98S + K103N + I135T,8,8/34,22,12,"{""mixed_amino_acid_token"": 12}",9,1,"[[""A98S"", ""K103N"", ""I135T""]]","largest joint count, then lexicographic tuple of source mutation strings in ascending position order",observed_training_profile,"Observed training annotation; coefficient belongs to the original position rule, not this mutation profile."
NRTI/TDF,CV-min,35;211;215,P35 + P211 + P215,-0.023185180864488304,132,1394,V35I + R211K + T215Y,27,27/132,101,31,"{""mixed_amino_acid_token"": 29, ""unknown_X"": 7}",30,1,"[[""V35I"", ""R211K"", ""T215Y""]]","largest joint count, then lexicographic tuple of source mutation strings in ascending position order",observed_training_profile,"Observed training annotation; coefficient belongs to the original position rule, not this mutation profile."
NRTI/TDF,CV-min,74;100;103;215,P74 + P100 + P103 + P215,-0.022806272099069023,27,1394,L74V + L100I + K103N + T215Y,15,15/27,25,2,"{""mixed_amino_acid_token"": 2}",6,1,"[[""L74V"", ""L100I"", ""K103N"", ""T215Y""]]","largest joint count, then lexicographic tuple of source mutation strings in ascending position order",observed_training_profile,"Observed training annotation; coefficient belongs to the original position rule, not this mutation profile."
NRTI/TDF,CV-min,20;60;123,P20 + P60 + P123,0.022708884113357617,31,1394,K20R + V60I + D123E,11,11/31,17,14,"{""mixed_amino_acid_token"": 13, ""unknown_X"": 1}",3,1,"[[""K20R"", ""V60I"", ""D123E""]]","largest joint count, then lexicographic tuple of source mutation strings in ascending position order",observed_training_profile,"Observed training annotation; coefficient belongs to the original position rule, not this mutation profile."
NRTI/TDF,CV-min,41;43;179;207,P41 + P43 + P179 + P207,-0.022291492876814364,28,1394,M41L + K43Q + V179I + Q207E,5,5/28,13,15,"{""asterisk_special_marker"": 1, ""mixed_amino_acid_token"": 15, ""unknown_X"": 1}",6,1,"[[""M41L"", ""K43Q"", ""V179I"", ""Q207E""]]","largest joint count, then lexicographic tuple of source mutation strings in ascending position order",observed_training_profile,"Observed training annotation; coefficient belongs to the original position rule, not this mutation profile."
NRTI/TDF,CV-min,118;135;208;215,P118 + P135 + P208 + P215,-0.022198540075568127,54,1394,V118I + I135T + H208Y + T215Y,24,24/54,37,17,"{""mixed_amino_acid_token"": 15, ""unknown_X"": 2}",7,1,"[[""V118I"", ""I135T"", ""H208Y"", ""T215Y""]]","largest joint count, then lexicographic tuple of source mutation strings in ascending position order",observed_training_profile,"Observed training annotation; coefficient belongs to the original position rule, not this mutation profile."
NRTI/TDF,CV-min,69;75;210;215,P69 + P75 + P210 + P215,-0.021983520840103365,34,1394,T69D + V75M + L210W + T215Y,11,11/34,32,2,"{""mixed_amino_acid_token"": 1, ""unknown_X"": 1}",14,1,"[[""T69D"", ""V75M"", ""L210W"", ""T215Y""]]","largest joint count, then lexicographic tuple of source mutation strings in ascending position order",observed_training_profile,"Observed training annotation; coefficient belongs to the original position rule, not this mutation profile."
NRTI/TDF,CV-min,70;181,P70 + P181,0.021548317573978407,68,1394,K70R + Y181C,53,53/68,64,4,"{""mixed_amino_acid_token"": 4}",6,1,"[[""K70R"", ""Y181C""]]","largest joint count, then lexicographic tuple of source mutation strings in ascending position order",observed_training_profile,"Observed training annotation; coefficient belongs to the original position rule, not this mutation profile."
NRTI/TDF,CV-min,43;203;210;215,P43 + P203 + P210 + P215,-0.021271756323378705,77,1394,K43E + E203K + L210W + T215Y,16,16/77,52,25,"{""mixed_amino_acid_token"": 23, ""unknown_X"": 5}",13,1,"[[""K43E"", ""E203K"", ""L210W"", ""T215Y""]]","largest joint count, then lexicographic tuple of source mutation strings in ascending position order",observed_training_profile,"Observed training annotation; coefficient belongs to the original position rule, not this mutation profile."
NRTI/TDF,CV-min,41;135;215,P41 + P135 + P215,0.019984571587932397,242,1394,M41L + I135T + T215Y,117,117/242,221,21,"{""mixed_amino_acid_token"": 19, ""unknown_X"": 3}",18,1,"[[""M41L"", ""I135T"", ""T215Y""]]","largest joint count, then lexicographic tuple of source mutation strings in ascending position order",observed_training_profile,"Observed training annotation; coefficient belongs to the original position rule, not this mutation profile."
NRTI/TDF,CV-min,142,P142,-0.019783266250574732,216,1394,I142V,137,137/216,163,53,"{""mixed_amino_acid_token"": 52, ""unknown_X"": 1}",3,1,"[[""I142V""]]","largest joint count, then lexicographic tuple of source mutation strings in ascending position order",observed_training_profile,"Observed training annotation; coefficient belongs to the original position rule, not this mutation profile."
NRTI/TDF,CV-min,41;122;228,P41 + P122 + P228,-0.019617217494261454,149,1394,M41L + K122E + L228H,69,69/149,118,31,"{""mixed_amino_acid_token"": 31}",9,1,"[[""M41L"", ""K122E"", ""L228H""]]","largest joint count, then lexicographic tuple of source mutation strings in ascending position order",observed_training_profile,"Observed training annotation; coefficient belongs to the original position rule, not this mutation profile."
NRTI/TDF,CV-min,35;211,P35 + P211,-0.019573366301441471,263,1394,V35I + R211K,63,63/263,181,82,"{""mixed_amino_acid_token"": 81, ""unknown_X"": 2}",25,1,"[[""V35I"", ""R211K""]]","largest joint count, then lexicographic tuple of source mutation strings in ascending position order",observed_training_profile,"Observed training annotation; coefficient belongs to the original position rule, not this mutation profile."
NRTI/TDF,CV-min,179;219,P179 + P219,-0.019515091543566586,122,1394,V179I + K219Q,30,30/122,82,40,"{""mixed_amino_acid_token"": 39, ""unknown_X"": 3}",21,1,"[[""V179I"", ""K219Q""]]","largest joint count, then lexicographic tuple of source mutation strings in ascending position order",observed_training_profile,"Observed training annotation; coefficient belongs to the original position rule, not this mutation profile."
NRTI/TDF,CV-min,122;178;184;200,P122 + P178 + P184 + P200,0.019483213106969034,33,1394,K122E + I178M + M184V + T200A,8,8/33,19,14,"{""mixed_amino_acid_token"": 13, ""unknown_X"": 2}",8,1,"[[""K122E"", ""I178M"", ""M184V"", ""T200A""]]","largest joint count, then lexicographic tuple of source mutation strings in ascending position order",observed_training_profile,"Observed training annotation; coefficient belongs to the original position rule, not this mutation profile."
NRTI/TDF,CV-min,20;135;211,P20 + P135 + P211,-0.019450262661060747,67,1394,K20R + I135T + R211K,18,18/67,43,24,"{""mixed_amino_acid_token"": 24, ""unknown_X"": 2}",11,1,"[[""K20R"", ""I135T"", ""R211K""]]","largest joint count, then lexicographic tuple of source mutation strings in ascending position order",observed_training_profile,"Observed training annotation; coefficient belongs to the original position rule, not this mutation profile."
NRTI/TDF,CV-min,98;123,P98 + P123,-0.019335816910591535,66,1394,A98S + D123E,22,22/66,50,16,"{""mixed_amino_acid_token"": 16}",8,1,"[[""A98S"", ""D123E""]]","largest joint count, then lexicographic tuple of source mutation strings in ascending position order",observed_training_profile,"Observed training annotation; coefficient belongs to the original position rule, not this mutation profile."
NRTI/TDF,CV-min,103;118;122;135,P103 + P118 + P122 + P135,-0.019231986891355329,53,1394,K103N + V118I + K122E + I135T,20,20/53,31,22,"{""mixed_amino_acid_token"": 20, ""unknown_X"": 3}",7,1,"[[""K103N"", ""V118I"", ""K122E"", ""I135T""]]","largest joint count, then lexicographic tuple of source mutation strings in ascending position order",observed_training_profile,"Observed training annotation; coefficient belongs to the original position rule, not this mutation profile."
NRTI/TDF,CV-min,118;122;162,P118 + P122 + P162,-0.019088081491750453,88,1394,V118I + K122E + S162C,13,13/88,49,39,"{""mixed_amino_acid_token"": 33, ""unknown_X"": 6}",8,1,"[[""V118I"", ""K122E"", ""S162C""]]","largest joint count, then lexicographic tuple of source mutation strings in ascending position order",observed_training_profile,"Observed training annotation; coefficient belongs to the original position rule, not this mutation profile."
NRTI/TDF,CV-min,122;174;184,P122 + P174 + P184,0.018833874143113726,48,1394,K122E + Q174K + M184V,12,12/48,29,19,"{""mixed_amino_acid_token"": 19}",7,1,"[[""K122E"", ""Q174K"", ""M184V""]]","largest joint count, then lexicographic tuple of source mutation strings in ascending position order",observed_training_profile,"Observed training annotation; coefficient belongs to the original position rule, not this mutation profile."
NRTI/TDF,CV-min,39;67,P39 + P67,0.018817314085898904,174,1394,T39A + D67N,89,89/174,128,46,"{""mixed_amino_acid_token"": 43, ""unknown_X"": 4}",11,1,"[[""T39A"", ""D67N""]]","largest joint count, then lexicographic tuple of source mutation strings in ascending position order",observed_training_profile,"Observed training annotation; coefficient belongs to the original position rule, not this mutation profile."
NRTI/TDF,CV-min,74;101;122;215,P74 + P101 + P122 + P215,0.018707198565577864,30,1394,L74I + K101E + K122E + T215Y,3,3/30,23,7,"{""mixed_amino_acid_token"": 7}",14,3,"[[""L74I"", ""K101E"", ""K122E"", ""T215Y""], [""L74V"", ""K101E"", ""K122E"", ""T215Y""], [""L74V"", ""K101Q"", ""K122E"", ""T215Y""]]","largest joint count, then lexicographic tuple of source mutation strings in ascending position order",observed_training_profile,"Observed training annotation; coefficient belongs to the original position rule, not this mutation profile."
NRTI/TDF,CV-min,41;83;215,P41 + P83 + P215,0.018429520949677841,42,1394,M41L + R83K + T215Y,34,34/42,36,6,"{""mixed_amino_acid_token"": 6}",3,1,"[[""M41L"", ""R83K"", ""T215Y""]]","largest joint count, then lexicographic tuple of source mutation strings in ascending position order",observed_training_profile,"Observed training annotation; coefficient belongs to the original position rule, not this mutation profile."
NRTI/TDF,CV-min,67;69;103,P67 + P69 + P103,-0.018050500640514621,83,1394,D67N + T69D + K103N,30,30/83,66,17,"{""insertion_or_special_marker"": 1, ""mixed_amino_acid_token"": 15, ""other_non_simple_token"": 1, ""unknown_X"": 1}",11,1,"[[""D67N"", ""T69D"", ""K103N""]]","largest joint count, then lexicographic tuple of source mutation strings in ascending position order",observed_training_profile,"Observed training annotation; coefficient belongs to the original position rule, not this mutation profile."
NRTI/TDF,CV-min,67;211;215;228,P67 + P211 + P215 + P228,-0.01796872404008162,102,1394,D67N + R211K + T215Y + L228H,31,31/102,73,29,"{""mixed_amino_acid_token"": 26, ""unknown_X"": 6}",23,1,"[[""D67N"", ""R211K"", ""T215Y"", ""L228H""]]","largest joint count, then lexicographic tuple of source mutation strings in ascending position order",observed_training_profile,"Observed training annotation; coefficient belongs to the original position rule, not this mutation profile."
NRTI/TDF,CV-min,67;184,P67 + P184,-0.017826505013336796,332,1394,D67N + M184V,259,259/332,306,26,"{""mixed_amino_acid_token"": 21, ""unknown_X"": 5}",8,1,"[[""D67N"", ""M184V""]]","largest joint count, then lexicographic tuple of source mutation strings in ascending position order",observed_training_profile,"Observed training annotation; coefficient belongs to the original position rule, not this mutation profile."
NRTI/TDF,CV-min,43;211,P43 + P211,0.017626765487978958,196,1394,K43E + R211K,72,72/196,144,52,"{""mixed_amino_acid_token"": 48, ""unknown_X"": 4}",13,1,"[[""K43E"", ""R211K""]]","largest joint count, then lexicographic tuple of source mutation strings in ascending position order",observed_training_profile,"Observed training annotation; coefficient belongs to the original position rule, not this mutation profile."
NRTI/TDF,CV-min,41;210,P41 + P210,0.017614683551502461,392,1394,M41L + L210W,380,380/392,391,1,"{""unknown_X"": 1}",3,1,"[[""M41L"", ""L210W""]]","largest joint count, then lexicographic tuple of source mutation strings in ascending position order",observed_training_profile,"Observed training annotation; coefficient belongs to the original position rule, not this mutation profile."
NRTI/TDF,CV-min,102;118,P102 + P118,-0.017435136216986339,38,1394,K102Q + V118I,15,15/38,22,16,"{""mixed_amino_acid_token"": 16, ""unknown_X"": 1}",6,1,"[[""K102Q"", ""V118I""]]","largest joint count, then lexicographic tuple of source mutation strings in ascending position order",observed_training_profile,"Observed training annotation; coefficient belongs to the original position rule, not this mutation profile."
NRTI/TDF,CV-min,74;103;215,P74 + P103 + P215,-0.017186031910750216,91,1394,L74V + K103N + T215Y,39,39/91,80,11,"{""mixed_amino_acid_token"": 9, ""unknown_X"": 2}",10,1,"[[""L74V"", ""K103N"", ""T215Y""]]","largest joint count, then lexicographic tuple of source mutation strings in ascending position order",observed_training_profile,"Observed training annotation; coefficient belongs to the original position rule, not this mutation profile."
NRTI/TDF,CV-min,162;177;211,P162 + P177 + P211,-0.016316141087571501,63,1394,S162C + D177E + R211K,10,10/63,38,25,"{""mixed_amino_acid_token"": 23, ""unknown_X"": 4}",16,1,"[[""S162C"", ""D177E"", ""R211K""]]","largest joint count, then lexicographic tuple of source mutation strings in ascending position order",observed_training_profile,"Observed training annotation; coefficient belongs to the original position rule, not this mutation profile."
NRTI/TDF,CV-min,35;135;196;215,P35 + P135 + P196 + P215,0.015945092313749361,33,1394,V35I + I135T + G196E + T215Y,5,5/33,27,6,"{""mixed_amino_acid_token"": 6}",17,1,"[[""V35I"", ""I135T"", ""G196E"", ""T215Y""]]","largest joint count, then lexicographic tuple of source mutation strings in ascending position order",observed_training_profile,"Observed training annotation; coefficient belongs to the original position rule, not this mutation profile."
NRTI/TDF,CV-min,196;207;228,P196 + P207 + P228,0.01587589110397827,39,1394,G196E + Q207E + L228H,12,12/39,28,11,"{""mixed_amino_acid_token"": 10, ""unknown_X"": 1}",13,1,"[[""G196E"", ""Q207E"", ""L228H""]]","largest joint count, then lexicographic tuple of source mutation strings in ascending position order",observed_training_profile,"Observed training annotation; coefficient belongs to the original position rule, not this mutation profile."
NRTI/TDF,CV-min,35;41;60;215,P35 + P41 + P60 + P215,0.015711182592771683,50,1394,V35T + M41L + V60I + T215Y,12,12/50,37,13,"{""mixed_amino_acid_token"": 13}",11,1,"[[""V35T"", ""M41L"", ""V60I"", ""T215Y""]]","largest joint count, then lexicographic tuple of source mutation strings in ascending position order",observed_training_profile,"Observed training annotation; coefficient belongs to the original position rule, not this mutation profile."
NRTI/TDF,CV-min,138;210;215,P138 + P210 + P215,0.015316751518981323,29,1394,E138A + L210W + T215Y,5,5/29,19,10,"{""asterisk_special_marker"": 3, ""mixed_amino_acid_token"": 6, ""unknown_X"": 1}",8,2,"[[""E138A"", ""L210W"", ""T215Y""], [""E138Q"", ""L210W"", ""T215Y""]]","largest joint count, then lexicographic tuple of source mutation strings in ascending position order",observed_training_profile,"Observed training annotation; coefficient belongs to the original position rule, not this mutation profile."
NRTI/TDF,CV-min,101;181;215,P101 + P181 + P215,-0.015249677521205816,72,1394,K101E + Y181C + T215Y,18,18/72,63,9,"{""mixed_amino_acid_token"": 5, ""unknown_X"": 6}",22,1,"[[""K101E"", ""Y181C"", ""T215Y""]]","largest joint count, then lexicographic tuple of source mutation strings in ascending position order",observed_training_profile,"Observed training annotation; coefficient belongs to the original position rule, not this mutation profile."
NRTI/TDF,CV-min,64;211,P64 + P211,0.015176660473978676,44,1394,K64R + R211K,9,9/44,18,26,"{""mixed_amino_acid_token"": 26}",6,1,"[[""K64R"", ""R211K""]]","largest joint count, then lexicographic tuple of source mutation strings in ascending position order",observed_training_profile,"Observed training annotation; coefficient belongs to the original position rule, not this mutation profile."
NRTI/TDF,CV-min,177;184;200;228,P177 + P184 + P200 + P228,-0.015055338325845531,34,1394,D177E + M184V + T200A + L228H,7,7/34,21,13,"{""mixed_amino_acid_token"": 11, ""unknown_X"": 2}",9,1,"[[""D177E"", ""M184V"", ""T200A"", ""L228H""]]","largest joint count, then lexicographic tuple of source mutation strings in ascending position order",observed_training_profile,"Observed training annotation; coefficient belongs to the original position rule, not this mutation profile."
NRTI/TDF,CV-min,41;69;118,P41 + P69 + P118,-0.014895658658722187,99,1394,M41L + T69D + V118I,74,74/99,80,19,"{""insertion_or_special_marker"": 1, ""mixed_amino_acid_token"": 17, ""unknown_X"": 1}",4,1,"[[""M41L"", ""T69D"", ""V118I""]]","largest joint count, then lexicographic tuple of source mutation strings in ascending position order",observed_training_profile,"Observed training annotation; coefficient belongs to the original position rule, not this mutation profile."
NRTI/TDF,CV-min,41;44;118;215,P41 + P44 + P118 + P215,0.014761722309353279,138,1394,M41L + E44D + V118I + T215Y,81,81/138,113,25,"{""mixed_amino_acid_token"": 24, ""unknown_X"": 1}",6,1,"[[""M41L"", ""E44D"", ""V118I"", ""T215Y""]]","largest joint count, then lexicographic tuple of source mutation strings in ascending position order",observed_training_profile,"Observed training annotation; coefficient belongs to the original position rule, not this mutation profile."
NRTI/TDF,CV-min,102;215;228,P102 + P215 + P228,-0.014232481598457258,28,1394,K102Q + T215Y + L228H,5,5/28,16,12,"{""mixed_amino_acid_token"": 12, ""unknown_X"": 1}",10,1,"[[""K102Q"", ""T215Y"", ""L228H""]]","largest joint count, then lexicographic tuple of source mutation strings in ascending position order",observed_training_profile,"Observed training annotation; coefficient belongs to the original position rule, not this mutation profile."
NRTI/TDF,CV-min,118;177;184;215,P118 + P177 + P184 + P215,-0.013864056768719227,59,1394,V118I + D177E + M184V + T215Y,32,32/59,45,14,"{""mixed_amino_acid_token"": 13, ""unknown_X"": 1}",6,1,"[[""V118I"", ""D177E"", ""M184V"", ""T215Y""]]","largest joint count, then lexicographic tuple of source mutation strings in ascending position order",observed_training_profile,"Observed training annotation; coefficient belongs to the original position rule, not this mutation profile."
NRTI/TDF,CV-min,35;207;211;219,P35 + P207 + P211 + P219,0.013834733839802047,31,1394,V35I + Q207E + R211K + K219Q,3,3/31,20,11,"{""mixed_amino_acid_token"": 11, ""unknown_X"": 1}",16,1,"[[""V35I"", ""Q207E"", ""R211K"", ""K219Q""]]","largest joint count, then lexicographic tuple of source mutation strings in ascending position order",observed_training_profile,"Observed training annotation; coefficient belongs to the original position rule, not this mutation profile."
NRTI/TDF,CV-min,35;108,P35 + P108,0.013723860160378989,37,1394,V35I + V108I,9,9/37,24,13,"{""mixed_amino_acid_token"": 13}",7,1,"[[""V35I"", ""V108I""]]","largest joint count, then lexicographic tuple of source mutation strings in ascending position order",observed_training_profile,"Observed training annotation; coefficient belongs to the original position rule, not this mutation profile."
NRTI/TDF,CV-min,67;184;219,P67 + P184 + P219,-0.013369428579451219,246,1394,D67N + M184V + K219Q,95,95/246,212,34,"{""mixed_amino_acid_token"": 30, ""unknown_X"": 4}",19,1,"[[""D67N"", ""M184V"", ""K219Q""]]","largest joint count, then lexicographic tuple of source mutation strings in ascending position order",observed_training_profile,"Observed training annotation; coefficient belongs to the original position rule, not this mutation profile."
NRTI/TDF,CV-min,103;177;207,P103 + P177 + P207,0.013318423308567457,40,1394,K103N + D177E + Q207E,14,14/40,23,17,"{""mixed_amino_acid_token"": 16, ""unknown_X"": 2}",7,1,"[[""K103N"", ""D177E"", ""Q207E""]]","largest joint count, then lexicographic tuple of source mutation strings in ascending position order",observed_training_profile,"Observed training annotation; coefficient belongs to the original position rule, not this mutation profile."
NRTI/TDF,CV-min,103;174,P103 + P174,0.012958278176527935,56,1394,K103N + Q174K,11,11/56,31,25,"{""mixed_amino_acid_token"": 24, ""unknown_X"": 1}",7,1,"[[""K103N"", ""Q174K""]]","largest joint count, then lexicographic tuple of source mutation strings in ascending position order",observed_training_profile,"Observed training annotation; coefficient belongs to the original position rule, not this mutation profile."
NRTI/TDF,CV-min,74;135;184,P74 + P135 + P184,0.012873122740415813,68,1394,L74V + I135T + M184V,26,26/68,61,7,"{""mixed_amino_acid_token"": 5, ""unknown_X"": 2}",11,1,"[[""L74V"", ""I135T"", ""M184V""]]","largest joint count, then lexicographic tuple of source mutation strings in ascending position order",observed_training_profile,"Observed training annotation; coefficient belongs to the original position rule, not this mutation profile."
NRTI/TDF,CV-min,101;211;219,P101 + P211 + P219,0.012838862673536879,64,1394,K101E + R211K + K219N,7,7/64,50,14,"{""mixed_amino_acid_token"": 13, ""unknown_X"": 2}",31,1,"[[""K101E"", ""R211K"", ""K219N""]]","largest joint count, then lexicographic tuple of source mutation strings in ascending position order",observed_training_profile,"Observed training annotation; coefficient belongs to the original position rule, not this mutation profile."
NRTI/TDF,CV-min,64;69,P64 + P69,0.012786127479625242,31,1394,K64H + T69N,12,12/31,19,12,"{""insertion_or_special_marker"": 4, ""mixed_amino_acid_token"": 9}",6,1,"[[""K64H"", ""T69N""]]","largest joint count, then lexicographic tuple of source mutation strings in ascending position order",observed_training_profile,"Observed training annotation; coefficient belongs to the original position rule, not this mutation profile."
NRTI/TDF,CV-min,177;211,P177 + P211,-0.012784781522087599,228,1394,D177E + R211K,129,129/228,169,59,"{""missing_or_nonunique_matching_simple_source_annotation"": 1, ""mixed_amino_acid_token"": 56, ""unknown_X"": 3}",12,1,"[[""D177E"", ""R211K""]]","largest joint count, then lexicographic tuple of source mutation strings in ascending position order",observed_training_profile,"Observed training annotation; coefficient belongs to the original position rule, not this mutation profile."
NRTI/TDF,CV-min,41;123;190,P41 + P123 + P190,-0.012674280866253197,32,1394,M41L + D123E + G190A,14,14/32,24,8,"{""mixed_amino_acid_token"": 8}",6,1,"[[""M41L"", ""D123E"", ""G190A""]]","largest joint count, then lexicographic tuple of source mutation strings in ascending position order",observed_training_profile,"Observed training annotation; coefficient belongs to the original position rule, not this mutation profile."
NRTI/TDF,CV-min,67;69;218,P67 + P69 + P218,-0.012660509130085843,48,1394,D67N + T69N + D218E,20,20/48,42,6,"{""mixed_amino_acid_token"": 6}",5,1,"[[""D67N"", ""T69N"", ""D218E""]]","largest joint count, then lexicographic tuple of source mutation strings in ascending position order",observed_training_profile,"Observed training annotation; coefficient belongs to the original position rule, not this mutation profile."
NRTI/TDF,CV-min,67;177;208;219,P67 + P177 + P208 + P219,-0.012161404355377095,30,1394,D67N + D177E + H208Y + K219Q,5,5/30,17,13,"{""mixed_amino_acid_token"": 12, ""unknown_X"": 1}",8,1,"[[""D67N"", ""D177E"", ""H208Y"", ""K219Q""]]","largest joint count, then lexicographic tuple of source mutation strings in ascending position order",observed_training_profile,"Observed training annotation; coefficient belongs to the original position rule, not this mutation profile."
NRTI/TDF,CV-min,64;67;118,P64 + P67 + P118,0.010594957723688072,31,1394,K64H + D67N + V118I,6,6/31,17,14,"{""mixed_amino_acid_token"": 14}",5,1,"[[""K64H"", ""D67N"", ""V118I""]]","largest joint count, then lexicographic tuple of source mutation strings in ascending position order",observed_training_profile,"Observed training annotation; coefficient belongs to the original position rule, not this mutation profile."
NRTI/TDF,CV-min,101;135;184;211,P101 + P135 + P184 + P211,0.010300303425941144,28,1394,K101E + I135T + M184V + R211K,5,5/28,20,8,"{""mixed_amino_acid_token"": 6, ""unknown_X"": 3}",12,2,"[[""K101E"", ""I135T"", ""M184V"", ""R211K""], [""K101H"", ""I135T"", ""M184V"", ""R211K""]]","largest joint count, then lexicographic tuple of source mutation strings in ascending position order",observed_training_profile,"Observed training annotation; coefficient belongs to the original position rule, not this mutation profile."
NRTI/TDF,CV-min,41;69;122;207,P41 + P69 + P122 + P207,-0.010154225327761713,48,1394,M41L + T69D + K122E + Q207E,25,25/48,36,12,"{""insertion_or_special_marker"": 1, ""mixed_amino_acid_token"": 10, ""unknown_X"": 1}",7,1,"[[""M41L"", ""T69D"", ""K122E"", ""Q207E""]]","largest joint count, then lexicographic tuple of source mutation strings in ascending position order",observed_training_profile,"Observed training annotation; coefficient belongs to the original position rule, not this mutation profile."
NRTI/TDF,CV-min,122;178;184;207,P122 + P178 + P184 + P207,0.0099765027543952754,30,1394,K122E + I178M + M184V + Q207E,8,8/30,20,10,"{""mixed_amino_acid_token"": 10}",6,1,"[[""K122E"", ""I178M"", ""M184V"", ""Q207E""]]","largest joint count, then lexicographic tuple of source mutation strings in ascending position order",observed_training_profile,"Observed training annotation; coefficient belongs to the original position rule, not this mutation profile."
NRTI/TDF,CV-min,39;210;211;215,P39 + P210 + P211 + P215,-0.0099639614651349361,133,1394,T39A + L210W + R211K + T215Y,55,55/133,85,48,"{""mixed_amino_acid_token"": 42, ""unknown_X"": 6}",18,1,"[[""T39A"", ""L210W"", ""R211K"", ""T215Y""]]","largest joint count, then lexicographic tuple of source mutation strings in ascending position order",observed_training_profile,"Observed training annotation; coefficient belongs to the original position rule, not this mutation profile."
NRTI/TDF,CV-min,90;211,P90 + P211,0.009638072552416669,67,1394,V90I + R211K,26,26/67,32,35,"{""mixed_amino_acid_token"": 35, ""unknown_X"": 1}",5,1,"[[""V90I"", ""R211K""]]","largest joint count, then lexicographic tuple of source mutation strings in ascending position order",observed_training_profile,"Observed training annotation; coefficient belongs to the original position rule, not this mutation profile."
NRTI/TDF,CV-min,101;184;215,P101 + P184 + P215,0.0093899128630764144,81,1394,K101E + M184V + T215Y,19,19/81,77,4,"{""mixed_amino_acid_token"": 3, ""unknown_X"": 1}",22,1,"[[""K101E"", ""M184V"", ""T215Y""]]","largest joint count, then lexicographic tuple of source mutation strings in ascending position order",observed_training_profile,"Observed training annotation; coefficient belongs to the original position rule, not this mutation profile."
NRTI/TDF,CV-min,98;228,P98 + P228,0.0091328606984404075,65,1394,A98S + L228H,15,15/65,51,14,"{""mixed_amino_acid_token"": 13, ""unknown_X"": 1}",7,1,"[[""A98S"", ""L228H""]]","largest joint count, then lexicographic tuple of source mutation strings in ascending position order",observed_training_profile,"Observed training annotation; coefficient belongs to the original position rule, not this mutation profile."
NRTI/TDF,CV-min,184;203;215;219,P184 + P203 + P215 + P219,-0.009008648958198081,61,1394,M184V + E203K + T215Y + K219N,9,9/61,42,19,"{""mixed_amino_acid_token"": 16, ""unknown_X"": 3}",18,1,"[[""M184V"", ""E203K"", ""T215Y"", ""K219N""]]","largest joint count, then lexicographic tuple of source mutation strings in ascending position order",observed_training_profile,"Observed training annotation; coefficient belongs to the original position rule, not this mutation profile."
NRTI/TDF,CV-min,35;178,P35 + P178,-0.0089066769836877863,100,1394,V35I + I178L,15,15/100,64,36,"{""mixed_amino_acid_token"": 35, ""unknown_X"": 1}",11,1,"[[""V35I"", ""I178L""]]","largest joint count, then lexicographic tuple of source mutation strings in ascending position order",observed_training_profile,"Observed training annotation; coefficient belongs to the original position rule, not this mutation profile."
NRTI/TDF,CV-min,67;139,P67 + P139,0.0088922582460860822,32,1394,D67N + T139M,5,5/32,16,16,"{""mixed_amino_acid_token"": 16}",8,1,"[[""D67N"", ""T139M""]]","largest joint count, then lexicographic tuple of source mutation strings in ascending position order",observed_training_profile,"Observed training annotation; coefficient belongs to the original position rule, not this mutation profile."
NRTI/TDF,CV-min,122;135;200;219,P122 + P135 + P200 + P219,0.0088091307571012273,71,1394,K122E + I135T + T200A + K219Q,9,9/71,38,33,"{""mixed_amino_acid_token"": 33, ""unknown_X"": 2}",20,1,"[[""K122E"", ""I135T"", ""T200A"", ""K219Q""]]","largest joint count, then lexicographic tuple of source mutation strings in ascending position order",observed_training_profile,"Observed training annotation; coefficient belongs to the original position rule, not this mutation profile."
NRTI/TDF,CV-min,67;177;184,P67 + P177 + P184,-0.0086222246831057225,93,1394,D67N + D177E + M184V,58,58/93,75,18,"{""mixed_amino_acid_token"": 14, ""unknown_X"": 4}",8,1,"[[""D67N"", ""D177E"", ""M184V""]]","largest joint count, then lexicographic tuple of source mutation strings in ascending position order",observed_training_profile,"Observed training annotation; coefficient belongs to the original position rule, not this mutation profile."
NRTI/TDF,CV-min,41;67;69;207,P41 + P67 + P69 + P207,-0.0082756387459531882,49,1394,M41L + D67N + T69D + Q207E,28,28/49,41,8,"{""mixed_amino_acid_token"": 6, ""unknown_X"": 2}",9,1,"[[""M41L"", ""D67N"", ""T69D"", ""Q207E""]]","largest joint count, then lexicographic tuple of source mutation strings in ascending position order",observed_training_profile,"Observed training annotation; coefficient belongs to the original position rule, not this mutation profile."
NRTI/TDF,CV-min,177;184;215,P177 + P184 + P215,-0.0081658566812491847,121,1394,D177E + M184V + T215Y,61,61/121,105,16,"{""mixed_amino_acid_token"": 13, ""unknown_X"": 4}",13,1,"[[""D177E"", ""M184V"", ""T215Y""]]","largest joint count, then lexicographic tuple of source mutation strings in ascending position order",observed_training_profile,"Observed training annotation; coefficient belongs to the original position rule, not this mutation profile."
NRTI/TDF,CV-min,35;122;135;211,P35 + P122 + P135 + P211,-0.0077011344307593614,71,1394,V35I + K122E + I135T + R211K,10,10/71,39,32,"{""mixed_amino_acid_token"": 32}",17,1,"[[""V35I"", ""K122E"", ""I135T"", ""R211K""]]","largest joint count, then lexicographic tuple of source mutation strings in ascending position order",observed_training_profile,"Observed training annotation; coefficient belongs to the original position rule, not this mutation profile."
NRTI/TDF,CV-min,214,P214,-0.0073726685751666458,242,1394,F214L,205,205/242,206,36,"{""mixed_amino_acid_token"": 36}",2,1,"[[""F214L""]]","largest joint count, then lexicographic tuple of source mutation strings in ascending position order",observed_training_profile,"Observed training annotation; coefficient belongs to the original position rule, not this mutation profile."
NRTI/TDF,CV-min,35;68,P35 + P68,0.0072544287324890549,46,1394,V35I + S68G,10,10/46,27,19,"{""mixed_amino_acid_token"": 16, ""unknown_X"": 3}",8,1,"[[""V35I"", ""S68G""]]","largest joint count, then lexicographic tuple of source mutation strings in ascending position order",observed_training_profile,"Observed training annotation; coefficient belongs to the original position rule, not this mutation profile."
NRTI/TDF,CV-min,74;118;177;215,P74 + P118 + P177 + P215,-0.0072146790050385485,30,1394,L74V + V118I + D177E + T215Y,10,10/30,22,8,"{""mixed_amino_acid_token"": 7, ""unknown_X"": 1}",7,1,"[[""L74V"", ""V118I"", ""D177E"", ""T215Y""]]","largest joint count, then lexicographic tuple of source mutation strings in ascending position order",observed_training_profile,"Observed training annotation; coefficient belongs to the original position rule, not this mutation profile."
NRTI/TDF,CV-min,67;177;184;219,P67 + P177 + P184 + P219,-0.0072011873652958287,71,1394,D67N + D177E + M184V + K219Q,26,26/71,54,17,"{""mixed_amino_acid_token"": 14, ""unknown_X"": 3}",12,1,"[[""D67N"", ""D177E"", ""M184V"", ""K219Q""]]","largest joint count, then lexicographic tuple of source mutation strings in ascending position order",observed_training_profile,"Observed training annotation; coefficient belongs to the original position rule, not this mutation profile."
NRTI/TDF,CV-min,39;103,P39 + P103,0.0069391405585703314,98,1394,T39A + K103N,42,42/98,58,40,"{""mixed_amino_acid_token"": 39, ""unknown_X"": 1}",11,1,"[[""T39A"", ""K103N""]]","largest joint count, then lexicographic tuple of source mutation strings in ascending position order",observed_training_profile,"Observed training annotation; coefficient belongs to the original position rule, not this mutation profile."
NRTI/TDF,CV-min,60;122;135;184,P60 + P122 + P135 + P184,0.0067102055100601646,64,1394,V60I + K122E + I135T + M184V,33,33/64,49,15,"{""mixed_amino_acid_token"": 15}",8,1,"[[""V60I"", ""K122E"", ""I135T"", ""M184V""]]","largest joint count, then lexicographic tuple of source mutation strings in ascending position order",observed_training_profile,"Observed training annotation; coefficient belongs to the original position rule, not this mutation profile."
NRTI/TDF,CV-min,67;69;208,P67 + P69 + P208,-0.0065897800778520676,56,1394,D67N + T69D + H208Y,29,29/56,39,17,"{""mixed_amino_acid_token"": 14, ""unknown_X"": 4}",5,1,"[[""D67N"", ""T69D"", ""H208Y""]]","largest joint count, then lexicographic tuple of source mutation strings in ascending position order",observed_training_profile,"Observed training annotation; coefficient belongs to the original position rule, not this mutation profile."
NRTI/TDF,CV-min,67;103;122;162,P67 + P103 + P122 + P162,-0.0065354765621457606,39,1394,D67N + K103N + K122E + S162A,6,6/39,23,16,"{""mixed_amino_acid_token"": 13, ""unknown_X"": 3}",12,1,"[[""D67N"", ""K103N"", ""K122E"", ""S162A""]]","largest joint count, then lexicographic tuple of source mutation strings in ascending position order",observed_training_profile,"Observed training annotation; coefficient belongs to the original position rule, not this mutation profile."
NRTI/TDF,CV-min,74;101;184,P74 + P101 + P184,0.0063512064433441616,29,1394,L74V + K101E + M184V,8,8/29,27,2,"{""mixed_amino_acid_token"": 2}",6,1,"[[""L74V"", ""K101E"", ""M184V""]]","largest joint count, then lexicographic tuple of source mutation strings in ascending position order",observed_training_profile,"Observed training annotation; coefficient belongs to the original position rule, not this mutation profile."
NRTI/TDF,CV-min,122;177;211;219,P122 + P177 + P211 + P219,0.0062647554640203711,55,1394,K122E + D177E + R211K + K219Q,10,10/55,35,20,"{""mixed_amino_acid_token"": 19, ""unknown_X"": 2}",17,1,"[[""K122E"", ""D177E"", ""R211K"", ""K219Q""]]","largest joint count, then lexicographic tuple of source mutation strings in ascending position order",observed_training_profile,"Observed training annotation; coefficient belongs to the original position rule, not this mutation profile."
NRTI/TDF,CV-min,215;219;228,P215 + P219 + P228,-0.0062454309196615602,184,1394,T215F + K219Q + L228H,33,33/184,146,38,"{""mixed_amino_acid_token"": 34, ""unknown_X"": 6}",29,1,"[[""T215F"", ""K219Q"", ""L228H""]]","largest joint count, then lexicographic tuple of source mutation strings in ascending position order",observed_training_profile,"Observed training annotation; coefficient belongs to the original position rule, not this mutation profile."
NRTI/TDF,CV-min,20;60;122;219,P20 + P60 + P122 + P219,0.0061760346909098679,31,1394,K20R + V60I + K122E + K219Q,12,12/31,17,14,"{""mixed_amino_acid_token"": 14}",3,1,"[[""K20R"", ""V60I"", ""K122E"", ""K219Q""]]","largest joint count, then lexicographic tuple of source mutation strings in ascending position order",observed_training_profile,"Observed training annotation; coefficient belongs to the original position rule, not this mutation profile."
NRTI/TDF,CV-min,49;211,P49 + P211,0.006082971146289794,52,1394,K49R + R211K,29,29/52,32,20,"{""mixed_amino_acid_token"": 20}",3,1,"[[""K49R"", ""R211K""]]","largest joint count, then lexicographic tuple of source mutation strings in ascending position order",observed_training_profile,"Observed training annotation; coefficient belongs to the original position rule, not this mutation profile."
NRTI/TDF,CV-min,43;122;181;211,P43 + P122 + P181 + P211,0.0058776637693842733,41,1394,K43E + K122E + Y181C + R211K,14,14/41,29,12,"{""mixed_amino_acid_token"": 12}",10,1,"[[""K43E"", ""K122E"", ""Y181C"", ""R211K""]]","largest joint count, then lexicographic tuple of source mutation strings in ascending position order",observed_training_profile,"Observed training annotation; coefficient belongs to the original position rule, not this mutation profile."
NRTI/TDF,CV-min,67;70;98,P67 + P70 + P98,0.0054935276100322407,39,1394,D67N + K70R + A98S,21,21/39,36,3,"{""mixed_amino_acid_token"": 3}",5,1,"[[""D67N"", ""K70R"", ""A98S""]]","largest joint count, then lexicographic tuple of source mutation strings in ascending position order",observed_training_profile,"Observed training annotation; coefficient belongs to the original position rule, not this mutation profile."
NRTI/TDF,CV-min,35;68;122,P35 + P68 + P122,0.0054446013020561105,28,1394,V35I + S68G + K122E,5,5/28,15,13,"{""mixed_amino_acid_token"": 12, ""unknown_X"": 1}",7,2,"[[""V35I"", ""S68G"", ""K122E""], [""V35M"", ""S68G"", ""K122E""]]","largest joint count, then lexicographic tuple of source mutation strings in ascending position order",observed_training_profile,"Observed training annotation; coefficient belongs to the original position rule, not this mutation profile."
NRTI/TDF,CV-min,103;135;200;210,P103 + P135 + P200 + P210,0.0051827849695651566,30,1394,K103N + I135T + T200A + L210W,7,7/30,13,17,"{""mixed_amino_acid_token"": 16, ""unknown_X"": 2}",7,1,"[[""K103N"", ""I135T"", ""T200A"", ""L210W""]]","largest joint count, then lexicographic tuple of source mutation strings in ascending position order",observed_training_profile,"Observed training annotation; coefficient belongs to the original position rule, not this mutation profile."
NRTI/TDF,CV-min,123;177;219,P123 + P177 + P219,0.0051148234571443477,66,1394,D123E + D177E + K219Q,15,15/66,49,17,"{""mixed_amino_acid_token"": 16, ""unknown_X"": 2}",12,1,"[[""D123E"", ""D177E"", ""K219Q""]]","largest joint count, then lexicographic tuple of source mutation strings in ascending position order",observed_training_profile,"Observed training annotation; coefficient belongs to the original position rule, not this mutation profile."
NRTI/TDF,CV-min,67;122;219,P67 + P122 + P219,-0.0047262114568107742,247,1394,D67N + K122E + K219Q,87,87/247,196,51,"{""mixed_amino_acid_token"": 48, ""unknown_X"": 4}",21,1,"[[""D67N"", ""K122E"", ""K219Q""]]","largest joint count, then lexicographic tuple of source mutation strings in ascending position order",observed_training_profile,"Observed training annotation; coefficient belongs to the original position rule, not this mutation profile."
NRTI/TDF,CV-min,20;70;122,P20 + P70 + P122,0.0044536299899576815,41,1394,K20R + K70R + K122E,30,30/41,31,10,"{""mixed_amino_acid_token"": 10}",2,1,"[[""K20R"", ""K70R"", ""K122E""]]","largest joint count, then lexicographic tuple of source mutation strings in ascending position order",observed_training_profile,"Observed training annotation; coefficient belongs to the original position rule, not this mutation profile."
NRTI/TDF,CV-min,41;101;181,P41 + P101 + P181,-0.004259066338502291,61,1394,M41L + K101E + Y181C,25,25/61,57,4,"{""mixed_amino_acid_token"": 3, ""unknown_X"": 1}",11,1,"[[""M41L"", ""K101E"", ""Y181C""]]","largest joint count, then lexicographic tuple of source mutation strings in ascending position order",observed_training_profile,"Observed training annotation; coefficient belongs to the original position rule, not this mutation profile."
NRTI/TDF,CV-min,123,P123,-0.0042398530971109868,427,1394,D123E,273,273/427,344,83,"{""mixed_amino_acid_token"": 81, ""unknown_X"": 2}",5,1,"[[""D123E""]]","largest joint count, then lexicographic tuple of source mutation strings in ascending position order",observed_training_profile,"Observed training annotation; coefficient belongs to the original position rule, not this mutation profile."
NRTI/TDF,CV-min,67;103;210;215,P67 + P103 + P210 + P215,-0.0041740360769274105,91,1394,D67N + K103N + L210W + T215Y,55,55/91,70,21,"{""mixed_amino_acid_token"": 20, ""unknown_X"": 2}",9,1,"[[""D67N"", ""K103N"", ""L210W"", ""T215Y""]]","largest joint count, then lexicographic tuple of source mutation strings in ascending position order",observed_training_profile,"Observed training annotation; coefficient belongs to the original position rule, not this mutation profile."
NRTI/TDF,CV-min,39;135;177;211,P39 + P135 + P177 + P211,-0.0041242284914941515,27,1394,T39A + I135R + D177E + R211K,4,4/27,14,13,"{""mixed_amino_acid_token"": 13, ""unknown_X"": 2}",8,1,"[[""T39A"", ""I135R"", ""D177E"", ""R211K""]]","largest joint count, then lexicographic tuple of source mutation strings in ascending position order",observed_training_profile,"Observed training annotation; coefficient belongs to the original position rule, not this mutation profile."
NRTI/TDF,CV-min,20;103;207,P20 + P103 + P207,-0.0039045824431729209,30,1394,K20R + K103N + Q207E,14,14/30,20,10,"{""mixed_amino_acid_token"": 10}",6,1,"[[""K20R"", ""K103N"", ""Q207E""]]","largest joint count, then lexicographic tuple of source mutation strings in ascending position order",observed_training_profile,"Observed training annotation; coefficient belongs to the original position rule, not this mutation profile."
NRTI/TDF,CV-min,70;190,P70 + P190,0.0036753998880100377,48,1394,K70R + G190A,35,35/48,46,2,"{""mixed_amino_acid_token"": 2}",5,1,"[[""K70R"", ""G190A""]]","largest joint count, then lexicographic tuple of source mutation strings in ascending position order",observed_training_profile,"Observed training annotation; coefficient belongs to the original position rule, not this mutation profile."
NRTI/TDF,CV-min,69;215;219;228,P69 + P215 + P219 + P228,-0.0035826238507346668,97,1394,T69D + T215F + K219Q + L228H,18,18/97,72,25,"{""mixed_amino_acid_token"": 22, ""unknown_X"": 3}",28,1,"[[""T69D"", ""T215F"", ""K219Q"", ""L228H""]]","largest joint count, then lexicographic tuple of source mutation strings in ascending position order",observed_training_profile,"Observed training annotation; coefficient belongs to the original position rule, not this mutation profile."
NRTI/TDF,CV-min,174;184;211;219,P174 + P184 + P211 + P219,0.003495328685000449,30,1394,Q174K + M184V + R211K + K219E,2,2/30,14,16,"{""mixed_amino_acid_token"": 16}",12,2,"[[""Q174K"", ""M184V"", ""R211K"", ""K219E""], [""Q174K"", ""M184V"", ""R211K"", ""K219N""]]","largest joint count, then lexicographic tuple of source mutation strings in ascending position order",observed_training_profile,"Observed training annotation; coefficient belongs to the original position rule, not this mutation profile."
NRTI/TDF,CV-min,202;210,P202 + P210,-0.0032489038593864696,46,1394,I202V + L210W,31,31/46,35,11,"{""mixed_amino_acid_token"": 11}",3,1,"[[""I202V"", ""L210W""]]","largest joint count, then lexicographic tuple of source mutation strings in ascending position order",observed_training_profile,"Observed training annotation; coefficient belongs to the original position rule, not this mutation profile."
NRTI/TDF,CV-min,20;35;41;215,P20 + P35 + P41 + P215,0.0031884178387024966,50,1394,K20R + V35I + M41L + T215Y,10,10/50,35,15,"{""mixed_amino_acid_token"": 15, ""unknown_X"": 1}",12,1,"[[""K20R"", ""V35I"", ""M41L"", ""T215Y""]]","largest joint count, then lexicographic tuple of source mutation strings in ascending position order",observed_training_profile,"Observed training annotation; coefficient belongs to the original position rule, not this mutation profile."
NRTI/TDF,CV-min,135;181;221,P135 + P181 + P221,-0.0030621805687456346,27,1394,I135T + Y181C + H221Y,8,8/27,16,11,"{""mixed_amino_acid_token"": 11}",5,1,"[[""I135T"", ""Y181C"", ""H221Y""]]","largest joint count, then lexicographic tuple of source mutation strings in ascending position order",observed_training_profile,"Observed training annotation; coefficient belongs to the original position rule, not this mutation profile."
NRTI/TDF,CV-min,39;118;122;162,P39 + P118 + P122 + P162,-0.0028680235923930807,42,1394,T39A + V118I + K122E + S162Y,4,4/42,15,27,"{""mixed_amino_acid_token"": 22, ""unknown_X"": 6}",8,1,"[[""T39A"", ""V118I"", ""K122E"", ""S162Y""]]","largest joint count, then lexicographic tuple of source mutation strings in ascending position order",observed_training_profile,"Observed training annotation; coefficient belongs to the original position rule, not this mutation profile."
NRTI/TDF,CV-min,35;135;211,P35 + P135 + P211,-0.0028484751112196035,98,1394,V35I + I135T + R211K,14,14/98,67,31,"{""mixed_amino_acid_token"": 31}",25,1,"[[""V35I"", ""I135T"", ""R211K""]]","largest joint count, then lexicographic tuple of source mutation strings in ascending position order",observed_training_profile,"Observed training annotation; coefficient belongs to the original position rule, not this mutation profile."
NRTI/TDF,CV-min,43;123;135;215,P43 + P123 + P135 + P215,-0.0026294846549902279,40,1394,K43E + D123E + I135T + T215Y,6,6/40,18,22,"{""mixed_amino_acid_token"": 20, ""unknown_X"": 2}",9,1,"[[""K43E"", ""D123E"", ""I135T"", ""T215Y""]]","largest joint count, then lexicographic tuple of source mutation strings in ascending position order",observed_training_profile,"Observed training annotation; coefficient belongs to the original position rule, not this mutation profile."
NRTI/TDF,CV-min,103;207,P103 + P207,0.002601730087937858,129,1394,K103N + Q207E,73,73/129,100,29,"{""mixed_amino_acid_token"": 28, ""unknown_X"": 3}",10,1,"[[""K103N"", ""Q207E""]]","largest joint count, then lexicographic tuple of source mutation strings in ascending position order",observed_training_profile,"Observed training annotation; coefficient belongs to the original position rule, not this mutation profile."
NRTI/TDF,CV-min,41;106;215,P41 + P106 + P215,0.0025637282931789906,36,1394,M41L + V106I + T215Y,17,17/36,29,7,"{""mixed_amino_acid_token"": 7, ""unknown_X"": 1}",7,1,"[[""M41L"", ""V106I"", ""T215Y""]]","largest joint count, then lexicographic tuple of source mutation strings in ascending position order",observed_training_profile,"Observed training annotation; coefficient belongs to the original position rule, not this mutation profile."
NRTI/TDF,CV-min,41;43;122;207,P41 + P43 + P122 + P207,-0.0025145088731426029,64,1394,M41L + K43E + K122E + Q207E,18,18/64,47,17,"{""asterisk_special_marker"": 1, ""mixed_amino_acid_token"": 16}",11,1,"[[""M41L"", ""K43E"", ""K122E"", ""Q207E""]]","largest joint count, then lexicographic tuple of source mutation strings in ascending position order",observed_training_profile,"Observed training annotation; coefficient belongs to the original position rule, not this mutation profile."
NRTI/TDF,CV-min,35;123;200;215,P35 + P123 + P200 + P215,0.0024006345306094882,42,1394,V35T + D123E + T200A + T215F,4,4/42,22,20,"{""mixed_amino_acid_token"": 18, ""unknown_X"": 2}",15,1,"[[""V35T"", ""D123E"", ""T200A"", ""T215F""]]","largest joint count, then lexicographic tuple of source mutation strings in ascending position order",observed_training_profile,"Observed training annotation; coefficient belongs to the original position rule, not this mutation profile."
NRTI/TDF,CV-min,39;122;211,P39 + P122 + P211,-0.0022890475981740162,140,1394,T39A + K122E + R211K,50,50/140,81,59,"{""mixed_amino_acid_token"": 58, ""unknown_X"": 1}",18,1,"[[""T39A"", ""K122E"", ""R211K""]]","largest joint count, then lexicographic tuple of source mutation strings in ascending position order",observed_training_profile,"Observed training annotation; coefficient belongs to the original position rule, not this mutation profile."
NRTI/TDF,CV-min,39;122;211;215,P39 + P122 + P211 + P215,-0.0019641073881570092,119,1394,T39A + K122E + R211K + T215Y,39,39/119,65,54,"{""mixed_amino_acid_token"": 50, ""unknown_X"": 4}",20,1,"[[""T39A"", ""K122E"", ""R211K"", ""T215Y""]]","largest joint count, then lexicographic tuple of source mutation strings in ascending position order",observed_training_profile,"Observed training annotation; coefficient belongs to the original position rule, not this mutation profile."
NRTI/TDF,CV-min,123;177;215;219,P123 + P177 + P215 + P219,0.0013692911720851809,58,1394,D123E + D177E + T215F + K219Q,10,10/58,42,16,"{""mixed_amino_acid_token"": 15, ""unknown_X"": 3}",15,1,"[[""D123E"", ""D177E"", ""T215F"", ""K219Q""]]","largest joint count, then lexicographic tuple of source mutation strings in ascending position order",observed_training_profile,"Observed training annotation; coefficient belongs to the original position rule, not this mutation profile."
NRTI/TDF,CV-min,210;211;219,P210 + P211 + P219,0.0013121515669309413,150,1394,L210W + R211K + K219N,37,37/150,110,40,"{""mixed_amino_acid_token"": 39, ""unknown_X"": 2}",14,1,"[[""L210W"", ""R211K"", ""K219N""]]","largest joint count, then lexicographic tuple of source mutation strings in ascending position order",observed_training_profile,"Observed training annotation; coefficient belongs to the original position rule, not this mutation profile."
NRTI/TDF,CV-min,207;210;215,P207 + P210 + P215,0.0012736669894977538,161,1394,Q207E + L210W + T215Y,111,111/161,141,20,"{""asterisk_special_marker"": 1, ""mixed_amino_acid_token"": 17, ""unknown_X"": 2}",12,1,"[[""Q207E"", ""L210W"", ""T215Y""]]","largest joint count, then lexicographic tuple of source mutation strings in ascending position order",observed_training_profile,"Observed training annotation; coefficient belongs to the original position rule, not this mutation profile."
NRTI/TDF,CV-min,67;118;122;142,P67 + P118 + P122 + P142,0.0010613296400247467,44,1394,D67N + V118I + K122E + I142V,19,19/44,25,19,"{""mixed_amino_acid_token"": 18, ""unknown_X"": 1}",5,1,"[[""D67N"", ""V118I"", ""K122E"", ""I142V""]]","largest joint count, then lexicographic tuple of source mutation strings in ascending position order",observed_training_profile,"Observed training annotation; coefficient belongs to the original position rule, not this mutation profile."
NRTI/TDF,CV-min,67;211;215,P67 + P211 + P215,-0.0010087922675470111,262,1394,D67N + R211K + T215Y,130,130/262,205,57,"{""mixed_amino_acid_token"": 49, ""unknown_X"": 11}",27,1,"[[""D67N"", ""R211K"", ""T215Y""]]","largest joint count, then lexicographic tuple of source mutation strings in ascending position order",observed_training_profile,"Observed training annotation; coefficient belongs to the original position rule, not this mutation profile."
NRTI/TDF,CV-min,103;177;215,P103 + P177 + P215,-0.00088941188227931308,63,1394,K103N + D177E + T215Y,25,25/63,48,15,"{""mixed_amino_acid_token"": 13, ""unknown_X"": 2}",12,1,"[[""K103N"", ""D177E"", ""T215Y""]]","largest joint count, then lexicographic tuple of source mutation strings in ascending position order",observed_training_profile,"Observed training annotation; coefficient belongs to the original position rule, not this mutation profile."
NRTI/TDF,CV-min,69;75;210,P69 + P75 + P210,-0.00067648690020705789,35,1394,T69D + V75M + L210W,16,16/35,33,2,"{""mixed_amino_acid_token"": 1, ""unknown_X"": 1}",11,1,"[[""T69D"", ""V75M"", ""L210W""]]","largest joint count, then lexicographic tuple of source mutation strings in ascending position order",observed_training_profile,"Observed training annotation; coefficient belongs to the original position rule, not this mutation profile."
NRTI/TDF,CV-min,39;177,P39 + P177,0.00031185545947282577,85,1394,T39A + D177E,39,39/85,60,25,"{""mixed_amino_acid_token"": 23, ""unknown_X"": 2}",11,1,"[[""T39A"", ""D177E""]]","largest joint count, then lexicographic tuple of source mutation strings in ascending position order",observed_training_profile,"Observed training annotation; coefficient belongs to the original position rule, not this mutation profile."
NRTI/TDF,CV-min,67;101;122,P67 + P101 + P122,-0.00024783000918611188,75,1394,D67N + K101E + K122E,15,15/75,65,10,"{""mixed_amino_acid_token"": 9, ""unknown_X"": 1}",16,1,"[[""D67N"", ""K101E"", ""K122E""]]","largest joint count, then lexicographic tuple of source mutation strings in ascending position order",observed_training_profile,"Observed training annotation; coefficient belongs to the original position rule, not this mutation profile."
NRTI/TDF,CV-min,68;215,P68 + P215,0.00011519432295571815,89,1394,S68G + T215Y,39,39/89,73,16,"{""mixed_amino_acid_token"": 15, ""unknown_X"": 1}",12,1,"[[""S68G"", ""T215Y""]]","largest joint count, then lexicographic tuple of source mutation strings in ascending position order",observed_training_profile,"Observed training annotation; coefficient belongs to the original position rule, not this mutation profile."
NNRTI/DOR,CV-min,230,P230,2.4807729334118682,2,117,M230L,2,2/2,2,0,{},1,1,"[[""M230L""]]","largest joint count, then lexicographic tuple of source mutation strings in ascending position order",observed_training_profile,"Observed training annotation; coefficient belongs to the original position rule, not this mutation profile."
NNRTI/DOR,CV-min,188,P188,2.4470632764900695,13,117,Y188L,11,11/13,13,0,{},3,1,"[[""Y188L""]]","largest joint count, then lexicographic tuple of source mutation strings in ascending position order",observed_training_profile,"Observed training annotation; coefficient belongs to the original position rule, not this mutation profile."
NNRTI/DOR,CV-min,227,P227,2.4347517375208838,18,117,F227C,13,13/18,15,3,"{""mixed_amino_acid_token"": 3}",2,1,"[[""F227C""]]","largest joint count, then lexicographic tuple of source mutation strings in ascending position order",observed_training_profile,"Observed training annotation; coefficient belongs to the original position rule, not this mutation profile."
NNRTI/DOR,CV-min,106;225,P106 + P225,1.1865975468923566,4,117,V106A + P225H,4,4/4,4,0,{},1,1,"[[""V106A"", ""P225H""]]","largest joint count, then lexicographic tuple of source mutation strings in ascending position order",observed_training_profile,"Observed training annotation; coefficient belongs to the original position rule, not this mutation profile."
NNRTI/DOR,CV-min,225,P225,0.79698763774580872,5,117,P225H,5,5/5,5,0,{},1,1,"[[""P225H""]]","largest joint count, then lexicographic tuple of source mutation strings in ascending position order",observed_training_profile,"Observed training annotation; coefficient belongs to the original position rule, not this mutation profile."
NNRTI/DOR,CV-min,103;188,P103 + P188,0.60240924268001161,4,117,K103N + Y188L,4,4/4,4,0,{},1,1,"[[""K103N"", ""Y188L""]]","largest joint count, then lexicographic tuple of source mutation strings in ascending position order",observed_training_profile,"Observed training annotation; coefficient belongs to the original position rule, not this mutation profile."
NNRTI/DOR,CV-min,100;103,P100 + P103,0.58695511808253009,8,117,L100I + K103N,8,8/8,8,0,{},1,1,"[[""L100I"", ""K103N""]]","largest joint count, then lexicographic tuple of source mutation strings in ascending position order",observed_training_profile,"Observed training annotation; coefficient belongs to the original position rule, not this mutation profile."
NNRTI/DOR,CV-min,106,P106,0.55385876927121447,28,117,V106A,10,10/28,25,3,"{""mixed_amino_acid_token"": 3}",4,2,"[[""V106A""], [""V106I""]]","largest joint count, then lexicographic tuple of source mutation strings in ascending position order",observed_training_profile,"Observed training annotation; coefficient belongs to the original position rule, not this mutation profile."
NNRTI/DOR,CV-min,184,P184,0.45231011982965619,21,117,M184V,16,16/21,19,2,"{""mixed_amino_acid_token"": 2}",2,1,"[[""M184V""]]","largest joint count, then lexicographic tuple of source mutation strings in ascending position order",observed_training_profile,"Observed training annotation; coefficient belongs to the original position rule, not this mutation profile."
NNRTI/DOR,CV-min,106;184;227,P106 + P184 + P227,-0.44194212084988355,11,117,V106I + M184V + F227C,4,4/11,7,4,"{""mixed_amino_acid_token"": 4}",3,1,"[[""V106I"", ""M184V"", ""F227C""]]","largest joint count, then lexicographic tuple of source mutation strings in ascending position order",observed_training_profile,"Observed training annotation; coefficient belongs to the original position rule, not this mutation profile."
NNRTI/DOR,CV-min,65;106;225,P65 + P106 + P225,0.41529127400256166,3,117,K65R + V106A + P225H,3,3/3,3,0,{},1,1,"[[""K65R"", ""V106A"", ""P225H""]]","largest joint count, then lexicographic tuple of source mutation strings in ascending position order",observed_training_profile,"Observed training annotation; coefficient belongs to the original position rule, not this mutation profile."
NNRTI/DOR,CV-min,181,P181,0.10081561002887167,25,117,Y181C,23,23/25,25,0,{},2,1,"[[""Y181C""]]","largest joint count, then lexicographic tuple of source mutation strings in ascending position order",observed_training_profile,"Observed training annotation; coefficient belongs to the original position rule, not this mutation profile."
NNRTI/DOR,CV-min,184;188,P184 + P188,0.093992552101977753,4,117,M184V + Y188L,3,3/4,4,0,{},2,1,"[[""M184V"", ""Y188L""]]","largest joint count, then lexicographic tuple of source mutation strings in ascending position order",observed_training_profile,"Observed training annotation; coefficient belongs to the original position rule, not this mutation profile."
NNRTI/DOR,CV-min,103,P103,-0.05617324272592468,38,117,K103N,35,35/38,38,0,{},3,1,"[[""K103N""]]","largest joint count, then lexicographic tuple of source mutation strings in ascending position order",observed_training_profile,"Observed training annotation; coefficient belongs to the original position rule, not this mutation profile."
NNRTI/DOR,CV-min,103;190,P103 + P190,-0.040514964447343621,8,117,K103N + G190A,7,7/8,8,0,{},2,1,"[[""K103N"", ""G190A""]]","largest joint count, then lexicographic tuple of source mutation strings in ascending position order",observed_training_profile,"Observed training annotation; coefficient belongs to the original position rule, not this mutation profile."
NNRTI/DOR,CV-min,98;184;227,P98 + P184 + P227,0.034084024405389449,5,117,A98G + M184V + F227C,4,4/5,4,1,"{""mixed_amino_acid_token"": 1}",1,1,"[[""A98G"", ""M184V"", ""F227C""]]","largest joint count, then lexicographic tuple of source mutation strings in ascending position order",observed_training_profile,"Observed training annotation; coefficient belongs to the original position rule, not this mutation profile."
NNRTI/DOR,CV-min,65;106,P65 + P106,0.02401650457400548,6,117,K65R + V106A,3,3/6,5,1,"{""mixed_amino_acid_token"": 1}",2,1,"[[""K65R"", ""V106A""]]","largest joint count, then lexicographic tuple of source mutation strings in ascending position order",observed_training_profile,"Observed training annotation; coefficient belongs to the original position rule, not this mutation profile."
NNRTI/DOR,CV-min,108,P108,0.015226774734863316,13,117,V108I,10,10/13,10,3,"{""mixed_amino_acid_token"": 3}",1,1,"[[""V108I""]]","largest joint count, then lexicographic tuple of source mutation strings in ascending position order",observed_training_profile,"Observed training annotation; coefficient belongs to the original position rule, not this mutation profile."
NNRTI/EFV,CV-min,188,P188,1.5735758135324589,110,1951,Y188L,94,94/110,108,2,"{""unknown_X"": 2}",5,1,"[[""Y188L""]]","largest joint count, then lexicographic tuple of source mutation strings in ascending position order",observed_training_profile,"Observed training annotation; coefficient belongs to the original position rule, not this mutation profile."
NNRTI/EFV,CV-min,190,P190,1.5392574037062061,223,1951,G190A,161,161/223,222,1,"{""unknown_X"": 1}",7,1,"[[""G190A""]]","largest joint count, then lexicographic tuple of source mutation strings in ascending position order",observed_training_profile,"Observed training annotation; coefficient belongs to the original position rule, not this mutation profile."
NNRTI/EFV,CV-min,103,P103,1.3471584609697282,566,1951,K103N,484,484/566,552,14,"{""mixed_amino_acid_token"": 9, ""unknown_X"": 5}",5,1,"[[""K103N""]]","largest joint count, then lexicographic tuple of source mutation strings in ascending position order",observed_training_profile,"Observed training annotation; coefficient belongs to the original position rule, not this mutation profile."
NNRTI/EFV,CV-min,100,P100,0.91178958936867016,99,1951,L100I,95,95/99,96,3,"{""asterisk_special_marker"": 1, ""mixed_amino_acid_token"": 2}",2,1,"[[""L100I""]]","largest joint count, then lexicographic tuple of source mutation strings in ascending position order",observed_training_profile,"Observed training annotation; coefficient belongs to the original position rule, not this mutation profile."
NNRTI/EFV,CV-min,103;190,P103 + P190,-0.57808774386977091,45,1951,K103N + G190A,15,15/45,39,6,"{""mixed_amino_acid_token"": 4, ""unknown_X"": 2}",7,1,"[[""K103N"", ""G190A""]]","largest joint count, then lexicographic tuple of source mutation strings in ascending position order",observed_training_profile,"Observed training annotation; coefficient belongs to the original position rule, not this mutation profile."
NNRTI/EFV,CV-min,101,P101,0.54075913811121068,264,1951,K101E,89,89/264,219,45,"{""mixed_amino_acid_token"": 42, ""unknown_X"": 3}",10,1,"[[""K101E""]]","largest joint count, then lexicographic tuple of source mutation strings in ascending position order",observed_training_profile,"Observed training annotation; coefficient belongs to the original position rule, not this mutation profile."
NNRTI/EFV,CV-min,106,P106,0.29961351847045298,105,1951,V106I,50,50/105,82,23,"{""mixed_amino_acid_token"": 23}",3,1,"[[""V106I""]]","largest joint count, then lexicographic tuple of source mutation strings in ascending position order",observed_training_profile,"Observed training annotation; coefficient belongs to the original position rule, not this mutation profile."
NNRTI/EFV,CV-min,108,P108,0.28132420783455842,126,1951,V108I,94,94/126,94,32,"{""mixed_amino_acid_token"": 32}",1,1,"[[""V108I""]]","largest joint count, then lexicographic tuple of source mutation strings in ascending position order",observed_training_profile,"Observed training annotation; coefficient belongs to the original position rule, not this mutation profile."
NNRTI/EFV,CV-min,225,P225,0.25669311900545683,46,1951,P225H,35,35/46,35,11,"{""mixed_amino_acid_token"": 11}",1,1,"[[""P225H""]]","largest joint count, then lexicographic tuple of source mutation strings in ascending position order",observed_training_profile,"Observed training annotation; coefficient belongs to the original position rule, not this mutation profile."
NNRTI/EFV,CV-min,100;103,P100 + P103,0.21668359166891543,85,1951,L100I + K103N,80,80/85,85,0,{},3,1,"[[""L100I"", ""K103N""]]","largest joint count, then lexicographic tuple of source mutation strings in ascending position order",observed_training_profile,"Observed training annotation; coefficient belongs to the original position rule, not this mutation profile."
NNRTI/EFV,CV-min,74,P74,0.067383583683551754,284,1951,L74V,145,145/284,223,61,"{""mixed_amino_acid_token"": 61}",2,1,"[[""L74V""]]","largest joint count, then lexicographic tuple of source mutation strings in ascending position order",observed_training_profile,"Observed training annotation; coefficient belongs to the original position rule, not this mutation profile."
NNRTI/EFV,CV-min,102,P102,0.041716297632822766,221,1951,K102Q,110,110/221,149,72,"{""mixed_amino_acid_token"": 71, ""other_non_simple_token"": 1}",8,1,"[[""K102Q""]]","largest joint count, then lexicographic tuple of source mutation strings in ascending position order",observed_training_profile,"Observed training annotation; coefficient belongs to the original position rule, not this mutation profile."
NNRTI/EFV,CV-min,135;200,P135 + P200,0.02131384873311189,335,1951,I135T + T200A,96,96/335,231,104,"{""mixed_amino_acid_token"": 99, ""unknown_X"": 5}",24,1,"[[""I135T"", ""T200A""]]","largest joint count, then lexicographic tuple of source mutation strings in ascending position order",observed_training_profile,"Observed training annotation; coefficient belongs to the original position rule, not this mutation profile."
NNRTI/EFV,CV-min,221,P221,0.018104409291558769,112,1951,H221Y,65,65/112,71,41,"{""mixed_amino_acid_token"": 41}",2,1,"[[""H221Y""]]","largest joint count, then lexicographic tuple of source mutation strings in ascending position order",observed_training_profile,"Observed training annotation; coefficient belongs to the original position rule, not this mutation profile."
NNRTI/EFV,CV-min,135;272,P135 + P272,0.010564441441631635,330,1951,I135T + A272P,159,159/330,283,47,"{""mixed_amino_acid_token"": 46, ""unknown_X"": 1}",15,1,"[[""I135T"", ""A272P""]]","largest joint count, then lexicographic tuple of source mutation strings in ascending position order",observed_training_profile,"Observed training annotation; coefficient belongs to the original position rule, not this mutation profile."
NNRTI/EFV,CV-min,211,P211,-0.0093372275492572838,1054,1951,R211K,745,745/1054,872,182,"{""missing_or_nonunique_matching_simple_source_annotation"": 1, ""mixed_amino_acid_token"": 174, ""unknown_X"": 7}",9,1,"[[""R211K""]]","largest joint count, then lexicographic tuple of source mutation strings in ascending position order",observed_training_profile,"Observed training annotation; coefficient belongs to the original position rule, not this mutation profile."
NNRTI/EFV,CV-min,67;70;215,P67 + P70 + P215,-0.0081858904351189542,266,1951,D67N + K70R + T215F,111,111/266,211,55,"{""mixed_amino_acid_token"": 45, ""other_non_simple_token"": 1, ""unknown_X"": 12}",20,1,"[[""D67N"", ""K70R"", ""T215F""]]","largest joint count, then lexicographic tuple of source mutation strings in ascending position order",observed_training_profile,"Observed training annotation; coefficient belongs to the original position rule, not this mutation profile."
NNRTI/EFV,CV-min,184;211,P184 + P211,-0.0054399236945409032,540,1951,M184V + R211K,367,367/540,430,110,"{""mixed_amino_acid_token"": 108, ""unknown_X"": 3}",12,1,"[[""M184V"", ""R211K""]]","largest joint count, then lexicographic tuple of source mutation strings in ascending position order",observed_training_profile,"Observed training annotation; coefficient belongs to the original position rule, not this mutation profile."
NNRTI/EFV,CV-min,67;103,P67 + P103,-0.0018159233089893386,239,1951,D67N + K103N,165,165/239,214,25,"{""mixed_amino_acid_token"": 19, ""other_non_simple_token"": 1, ""unknown_X"": 5}",8,1,"[[""D67N"", ""K103N""]]","largest joint count, then lexicographic tuple of source mutation strings in ascending position order",observed_training_profile,"Observed training annotation; coefficient belongs to the original position rule, not this mutation profile."
NNRTI/ETR,CV-min,181,P181,1.189809749860288,162,898,Y181C,144,144/162,162,0,{},4,1,"[[""Y181C""]]","largest joint count, then lexicographic tuple of source mutation strings in ascending position order",observed_training_profile,"Observed training annotation; coefficient belongs to the original position rule, not this mutation profile."
NNRTI/ETR,CV-min,101;103,P101 + P103,0.91140834684686567,43,898,K101P + K103N,10,10/43,31,12,"{""mixed_amino_acid_token"": 11, ""unknown_X"": 1}",11,1,"[[""K101P"", ""K103N""]]","largest joint count, then lexicographic tuple of source mutation strings in ascending position order",observed_training_profile,"Observed training annotation; coefficient belongs to the original position rule, not this mutation profile."
NNRTI/ETR,CV-min,100,P100,0.86373010649704884,66,898,L100I,64,64/66,66,0,{},2,1,"[[""L100I""]]","largest joint count, then lexicographic tuple of source mutation strings in ascending position order",observed_training_profile,"Observed training annotation; coefficient belongs to the original position rule, not this mutation profile."
NNRTI/ETR,CV-min,179;181,P179 + P181,0.66329133531781714,54,898,V179I + Y181C,17,17/54,41,13,"{""mixed_amino_acid_token"": 12, ""unknown_X"": 1}",9,1,"[[""V179I"", ""Y181C""]]","largest joint count, then lexicographic tuple of source mutation strings in ascending position order",observed_training_profile,"Observed training annotation; coefficient belongs to the original position rule, not this mutation profile."
NNRTI/ETR,CV-min,230,P230,0.50382496240231311,18,898,M230L,16,16/18,16,2,"{""mixed_amino_acid_token"": 2}",1,1,"[[""M230L""]]","largest joint count, then lexicographic tuple of source mutation strings in ascending position order",observed_training_profile,"Observed training annotation; coefficient belongs to the original position rule, not this mutation profile."
NNRTI/ETR,CV-min,102;103;297,P102 + P103 + P297,0.4026018034979939,19,898,K102Q + K103N + E297K,4,4/19,11,8,"{""mixed_amino_acid_token"": 7, ""unknown_X"": 2}",7,1,"[[""K102Q"", ""K103N"", ""E297K""]]","largest joint count, then lexicographic tuple of source mutation strings in ascending position order",observed_training_profile,"Observed training annotation; coefficient belongs to the original position rule, not this mutation profile."
NNRTI/ETR,CV-min,122;184;219;245,P122 + P184 + P219 + P245,0.34576090976055646,42,898,K122E + M184V + K219E + V245E,6,6/42,25,17,"{""mixed_amino_acid_token"": 16, ""unknown_X"": 1}",16,1,"[[""K122E"", ""M184V"", ""K219E"", ""V245E""]]","largest joint count, then lexicographic tuple of source mutation strings in ascending position order",observed_training_profile,"Observed training annotation; coefficient belongs to the original position rule, not this mutation profile."
NNRTI/ETR,CV-min,90;122,P90 + P122,0.29496926330911671,55,898,V90I + K122E,27,27/55,29,26,"{""mixed_amino_acid_token"": 26}",3,1,"[[""V90I"", ""K122E""]]","largest joint count, then lexicographic tuple of source mutation strings in ascending position order",observed_training_profile,"Observed training annotation; coefficient belongs to the original position rule, not this mutation profile."
NNRTI/ETR,CV-min,41;200,P41 + P200,-0.27737849288287297,137,898,M41L + T200A,70,70/137,94,43,"{""mixed_amino_acid_token"": 42, ""unknown_X"": 1}",6,1,"[[""M41L"", ""T200A""]]","largest joint count, then lexicographic tuple of source mutation strings in ascending position order",observed_training_profile,"Observed training annotation; coefficient belongs to the original position rule, not this mutation profile."
NNRTI/ETR,CV-min,211;245;286,P211 + P245 + P286,0.25944629011688047,58,898,R211K + V245E + T286A,8,8/58,29,29,"{""mixed_amino_acid_token"": 26, ""unknown_X"": 3}",10,2,"[[""R211K"", ""V245E"", ""T286A""], [""R211K"", ""V245K"", ""T286A""]]","largest joint count, then lexicographic tuple of source mutation strings in ascending position order",observed_training_profile,"Observed training annotation; coefficient belongs to the original position rule, not this mutation profile."
NNRTI/ETR,CV-min,179,P179,0.25093981010913652,183,898,V179I,79,79/183,140,43,"{""mixed_amino_acid_token"": 42, ""unknown_X"": 1}",6,1,"[[""V179I""]]","largest joint count, then lexicographic tuple of source mutation strings in ascending position order",observed_training_profile,"Observed training annotation; coefficient belongs to the original position rule, not this mutation profile."
NNRTI/ETR,CV-min,118,P118,-0.21728133813038386,171,898,V118I,137,137/171,137,34,"{""mixed_amino_acid_token"": 33, ""unknown_X"": 1}",1,1,"[[""V118I""]]","largest joint count, then lexicographic tuple of source mutation strings in ascending position order",observed_training_profile,"Observed training annotation; coefficient belongs to the original position rule, not this mutation profile."
NNRTI/ETR,CV-min,272;293,P272 + P293,-0.21460114191310536,196,898,A272P + I293V,156,156/196,167,29,"{""mixed_amino_acid_token"": 29}",4,1,"[[""A272P"", ""I293V""]]","largest joint count, then lexicographic tuple of source mutation strings in ascending position order",observed_training_profile,"Observed training annotation; coefficient belongs to the original position rule, not this mutation profile."
NNRTI/ETR,CV-min,101,P101,0.20019833353696462,145,898,K101E,54,54/145,130,15,"{""mixed_amino_acid_token"": 15}",9,1,"[[""K101E""]]","largest joint count, then lexicographic tuple of source mutation strings in ascending position order",observed_training_profile,"Observed training annotation; coefficient belongs to the original position rule, not this mutation profile."
NNRTI/ETR,CV-min,67;219;297,P67 + P219 + P297,0.19709992421341688,88,898,D67N + K219Q + E297K,26,26/88,67,21,"{""mixed_amino_acid_token"": 19, ""unknown_X"": 4}",16,1,"[[""D67N"", ""K219Q"", ""E297K""]]","largest joint count, then lexicographic tuple of source mutation strings in ascending position order",observed_training_profile,"Observed training annotation; coefficient belongs to the original position rule, not this mutation profile."
NNRTI/ETR,CV-min,178;219,P178 + P219,0.19076236647927775,36,898,I178M + K219Q,6,6/36,20,16,"{""mixed_amino_acid_token"": 16, ""unknown_X"": 1}",10,1,"[[""I178M"", ""K219Q""]]","largest joint count, then lexicographic tuple of source mutation strings in ascending position order",observed_training_profile,"Observed training annotation; coefficient belongs to the original position rule, not this mutation profile."
NNRTI/ETR,CV-min,67;68;219,P67 + P68 + P219,0.18152878952649026,19,898,D67G + S68G + K219E,6,6/19,15,4,"{""mixed_amino_acid_token"": 3, ""unknown_X"": 1}",9,1,"[[""D67G"", ""S68G"", ""K219E""]]","largest joint count, then lexicographic tuple of source mutation strings in ascending position order",observed_training_profile,"Observed training annotation; coefficient belongs to the original position rule, not this mutation profile."
NNRTI/ETR,CV-min,196;211;215;245,P196 + P211 + P215 + P245,0.1732208351805177,19,898,G196E + R211K + T215Y + V245K,3,3/19,9,10,"{""mixed_amino_acid_token"": 10, ""unknown_X"": 1}",6,1,"[[""G196E"", ""R211K"", ""T215Y"", ""V245K""]]","largest joint count, then lexicographic tuple of source mutation strings in ascending position order",observed_training_profile,"Observed training annotation; coefficient belongs to the original position rule, not this mutation profile."
NNRTI/ETR,CV-min,122;184;219;228,P122 + P184 + P219 + P228,0.16641721410120042,51,898,K122E + M184V + K219E + L228H,8,8/51,36,15,"{""mixed_amino_acid_token"": 15, ""unknown_X"": 1}",15,1,"[[""K122E"", ""M184V"", ""K219E"", ""L228H""]]","largest joint count, then lexicographic tuple of source mutation strings in ascending position order",observed_training_profile,"Observed training annotation; coefficient belongs to the original position rule, not this mutation profile."
NNRTI/ETR,CV-min,277,P277,-0.14101099168494205,220,898,K277R,194,194/220,196,24,"{""mixed_amino_acid_token"": 24}",3,1,"[[""K277R""]]","largest joint count, then lexicographic tuple of source mutation strings in ascending position order",observed_training_profile,"Observed training annotation; coefficient belongs to the original position rule, not this mutation profile."
NNRTI/ETR,CV-min,122;142;179,P122 + P142 + P179,0.13985620668070078,21,898,K122E + I142V + V179I,4,4/21,11,10,"{""mixed_amino_acid_token"": 10}",8,1,"[[""K122E"", ""I142V"", ""V179I""]]","largest joint count, then lexicographic tuple of source mutation strings in ascending position order",observed_training_profile,"Observed training annotation; coefficient belongs to the original position rule, not this mutation profile."
NNRTI/ETR,CV-min,103;211;245;297,P103 + P211 + P245 + P297,0.13778618607940385,20,898,K103R + R211T + V245M + E297A,2,2/20,12,8,"{""mixed_amino_acid_token"": 6, ""unknown_X"": 3}",10,2,"[[""K103R"", ""R211T"", ""V245M"", ""E297A""], [""K103S"", ""R211K"", ""V245A"", ""E297A""]]","largest joint count, then lexicographic tuple of source mutation strings in ascending position order",observed_training_profile,"Observed training annotation; coefficient belongs to the original position rule, not this mutation profile."
NNRTI/ETR,CV-min,41;219,P41 + P219,-0.12558531533387146,125,898,M41L + K219Q,31,31/125,98,27,"{""mixed_amino_acid_token"": 26, ""unknown_X"": 1}",5,1,"[[""M41L"", ""K219Q""]]","largest joint count, then lexicographic tuple of source mutation strings in ascending position order",observed_training_profile,"Observed training annotation; coefficient belongs to the original position rule, not this mutation profile."
NNRTI/ETR,CV-min,67;70;219,P67 + P70 + P219,0.1184478141241741,131,898,D67N + K70R + K219Q,56,56/131,107,24,"{""mixed_amino_acid_token"": 21, ""unknown_X"": 5}",10,1,"[[""D67N"", ""K70R"", ""K219Q""]]","largest joint count, then lexicographic tuple of source mutation strings in ascending position order",observed_training_profile,"Observed training annotation; coefficient belongs to the original position rule, not this mutation profile."
NNRTI/ETR,CV-min,41,P41,-0.1157879197077028,276,898,M41L,261,261/276,261,15,"{""mixed_amino_acid_token"": 15}",1,1,"[[""M41L""]]","largest joint count, then lexicographic tuple of source mutation strings in ascending position order",observed_training_profile,"Observed training annotation; coefficient belongs to the original position rule, not this mutation profile."
NNRTI/ETR,CV-min,74;135,P74 + P135,0.11418490237004011,61,898,L74V + I135T,14,14/61,42,19,"{""mixed_amino_acid_token"": 17, ""unknown_X"": 2}",9,1,"[[""L74V"", ""I135T""]]","largest joint count, then lexicographic tuple of source mutation strings in ascending position order",observed_training_profile,"Observed training annotation; coefficient belongs to the original position rule, not this mutation profile."
NNRTI/ETR,CV-min,162;297,P162 + P297,-0.11296640249575285,85,898,S162C + E297K,12,12/85,65,20,"{""mixed_amino_acid_token"": 16, ""unknown_X"": 4}",23,1,"[[""S162C"", ""E297K""]]","largest joint count, then lexicographic tuple of source mutation strings in ascending position order",observed_training_profile,"Observed training annotation; coefficient belongs to the original position rule, not this mutation profile."
NNRTI/ETR,CV-min,162,P162,-0.11255770362007397,190,898,S162C,82,82/190,169,21,"{""mixed_amino_acid_token"": 16, ""unknown_X"": 5}",9,1,"[[""S162C""]]","largest joint count, then lexicographic tuple of source mutation strings in ascending position order",observed_training_profile,"Observed training annotation; coefficient belongs to the original position rule, not this mutation profile."
NNRTI/ETR,CV-min,200;219,P200 + P219,0.099073543162062142,104,898,T200A + K219Q,21,21/104,70,34,"{""mixed_amino_acid_token"": 31, ""unknown_X"": 4}",16,1,"[[""T200A"", ""K219Q""]]","largest joint count, then lexicographic tuple of source mutation strings in ascending position order",observed_training_profile,"Observed training annotation; coefficient belongs to the original position rule, not this mutation profile."
NNRTI/ETR,CV-min,162;286,P162 + P286,-0.093289241125971117,74,898,S162C + T286A,23,23/74,61,13,"{""mixed_amino_acid_token"": 12, ""unknown_X"": 2}",10,1,"[[""S162C"", ""T286A""]]","largest joint count, then lexicographic tuple of source mutation strings in ascending position order",observed_training_profile,"Observed training annotation; coefficient belongs to the original position rule, not this mutation profile."
NNRTI/ETR,CV-min,211;245;272;286,P211 + P245 + P272 + P286,0.092496579592250147,33,898,R211K + V245E + A272P + T286A,5,5/33,16,17,"{""mixed_amino_acid_token"": 16, ""unknown_X"": 1}",8,1,"[[""R211K"", ""V245E"", ""A272P"", ""T286A""]]","largest joint count, then lexicographic tuple of source mutation strings in ascending position order",observed_training_profile,"Observed training annotation; coefficient belongs to the original position rule, not this mutation profile."
NNRTI/ETR,CV-min,135;179;181,P135 + P179 + P181,0.091082390773100486,23,898,I135T + V179F + Y181C,3,3/23,15,8,"{""mixed_amino_acid_token"": 7, ""unknown_X"": 2}",11,1,"[[""I135T"", ""V179F"", ""Y181C""]]","largest joint count, then lexicographic tuple of source mutation strings in ascending position order",observed_training_profile,"Observed training annotation; coefficient belongs to the original position rule, not this mutation profile."
NNRTI/ETR,CV-min,41;200;215,P41 + P200 + P215,-0.08836163354724344,132,898,M41L + T200A + T215Y,49,49/132,84,48,"{""mixed_amino_acid_token"": 46, ""unknown_X"": 4}",17,1,"[[""M41L"", ""T200A"", ""T215Y""]]","largest joint count, then lexicographic tuple of source mutation strings in ascending position order",observed_training_profile,"Observed training annotation; coefficient belongs to the original position rule, not this mutation profile."
NNRTI/ETR,CV-min,101;103;211,P101 + P103 + P211,0.08068757543412193,26,898,K101P + K103N + R211K,4,4/26,16,10,"{""mixed_amino_acid_token"": 10}",11,1,"[[""K101P"", ""K103N"", ""R211K""]]","largest joint count, then lexicographic tuple of source mutation strings in ascending position order",observed_training_profile,"Observed training annotation; coefficient belongs to the original position rule, not this mutation profile."
NNRTI/ETR,CV-min,200;219;228;245,P200 + P219 + P228 + P245,0.070960641142067515,24,898,T200A + K219E + L228H + V245E,4,4/24,14,10,"{""mixed_amino_acid_token"": 10, ""unknown_X"": 1}",9,1,"[[""T200A"", ""K219E"", ""L228H"", ""V245E""]]","largest joint count, then lexicographic tuple of source mutation strings in ascending position order",observed_training_profile,"Observed training annotation; coefficient belongs to the original position rule, not this mutation profile."
NNRTI/ETR,CV-min,35,P35,-0.061479057114203248,301,898,V35I,99,99/301,234,67,"{""mixed_amino_acid_token"": 64, ""unknown_X"": 3}",8,1,"[[""V35I""]]","largest joint count, then lexicographic tuple of source mutation strings in ascending position order",observed_training_profile,"Observed training annotation; coefficient belongs to the original position rule, not this mutation profile."
NNRTI/ETR,CV-min,200;219;245,P200 + P219 + P245,0.061154805950446055,39,898,T200A + K219E + V245E,7,7/39,26,13,"{""mixed_amino_acid_token"": 13, ""unknown_X"": 1}",15,1,"[[""T200A"", ""K219E"", ""V245E""]]","largest joint count, then lexicographic tuple of source mutation strings in ascending position order",observed_training_profile,"Observed training annotation; coefficient belongs to the original position rule, not this mutation profile."
NNRTI/ETR,CV-min,245,P245,0.058933867944019384,268,898,V245E,94,94/268,214,54,"{""mixed_amino_acid_token"": 48, ""unknown_X"": 6}",10,1,"[[""V245E""]]","largest joint count, then lexicographic tuple of source mutation strings in ascending position order",observed_training_profile,"Observed training annotation; coefficient belongs to the original position rule, not this mutation profile."
NNRTI/ETR,CV-min,200;219;228,P200 + P219 + P228,0.053855182177164403,60,898,T200A + K219Q + L228H,7,7/60,39,21,"{""mixed_amino_acid_token"": 21, ""unknown_X"": 2}",19,1,"[[""T200A"", ""K219Q"", ""L228H""]]","largest joint count, then lexicographic tuple of source mutation strings in ascending position order",observed_training_profile,"Observed training annotation; coefficient belongs to the original position rule, not this mutation profile."
NNRTI/ETR,CV-min,138,P138,0.046415741795159476,83,898,E138A,30,30/83,69,14,"{""mixed_amino_acid_token"": 13, ""unknown_X"": 1}",4,1,"[[""E138A""]]","largest joint count, then lexicographic tuple of source mutation strings in ascending position order",observed_training_profile,"Observed training annotation; coefficient belongs to the original position rule, not this mutation profile."
NNRTI/ETR,CV-min,245;272;286,P245 + P272 + P286,0.044621005696246052,57,898,V245E + A272P + T286A,17,17/57,35,22,"{""mixed_amino_acid_token"": 21, ""unknown_X"": 1}",8,1,"[[""V245E"", ""A272P"", ""T286A""]]","largest joint count, then lexicographic tuple of source mutation strings in ascending position order",observed_training_profile,"Observed training annotation; coefficient belongs to the original position rule, not this mutation profile."
NNRTI/ETR,CV-min,41;122,P41 + P122,-0.041441684984538804,190,898,M41L + K122E,152,152/190,167,23,"{""mixed_amino_acid_token"": 22, ""unknown_X"": 1}",3,1,"[[""M41L"", ""K122E""]]","largest joint count, then lexicographic tuple of source mutation strings in ascending position order",observed_training_profile,"Observed training annotation; coefficient belongs to the original position rule, not this mutation profile."
NNRTI/ETR,CV-min,177;207,P177 + P207,-0.037759400745108022,83,898,D177E + Q207E,41,41/83,65,18,"{""mixed_amino_acid_token"": 17, ""unknown_X"": 1}",11,1,"[[""D177E"", ""Q207E""]]","largest joint count, then lexicographic tuple of source mutation strings in ascending position order",observed_training_profile,"Observed training annotation; coefficient belongs to the original position rule, not this mutation profile."
NNRTI/ETR,CV-min,20;122;245,P20 + P122 + P245,0.036947111809162429,39,898,K20R + K122E + V245E,9,9/39,22,17,"{""mixed_amino_acid_token"": 17}",8,1,"[[""K20R"", ""K122E"", ""V245E""]]","largest joint count, then lexicographic tuple of source mutation strings in ascending position order",observed_training_profile,"Observed training annotation; coefficient belongs to the original position rule, not this mutation profile."
NNRTI/ETR,CV-min,67;70;219;245,P67 + P70 + P219 + P245,0.026118914247981496,42,898,D67N + K70R + K219Q + V245E,7,7/42,32,10,"{""mixed_amino_acid_token"": 9, ""unknown_X"": 3}",14,1,"[[""D67N"", ""K70R"", ""K219Q"", ""V245E""]]","largest joint count, then lexicographic tuple of source mutation strings in ascending position order",observed_training_profile,"Observed training annotation; coefficient belongs to the original position rule, not this mutation profile."
NNRTI/ETR,CV-min,179;215;272;297,P179 + P215 + P272 + P297,0.022206416370479959,33,898,V179I + T215Y + A272P + E297K,7,7/33,21,12,"{""mixed_amino_acid_token"": 11, ""unknown_X"": 1}",12,1,"[[""V179I"", ""T215Y"", ""A272P"", ""E297K""]]","largest joint count, then lexicographic tuple of source mutation strings in ascending position order",observed_training_profile,"Observed training annotation; coefficient belongs to the original position rule, not this mutation profile."
NNRTI/ETR,CV-min,43;211,P43 + P211,-0.017916820261797951,93,898,K43E + R211K,31,31/93,67,26,"{""mixed_amino_acid_token"": 25, ""unknown_X"": 1}",9,1,"[[""K43E"", ""R211K""]]","largest joint count, then lexicographic tuple of source mutation strings in ascending position order",observed_training_profile,"Observed training annotation; coefficient belongs to the original position rule, not this mutation profile."
NNRTI/ETR,CV-min,123,P123,-0.010753968714174207,261,898,D123E,164,164/261,207,54,"{""mixed_amino_acid_token"": 51, ""unknown_X"": 3}",4,1,"[[""D123E""]]","largest joint count, then lexicographic tuple of source mutation strings in ascending position order",observed_training_profile,"Observed training annotation; coefficient belongs to the original position rule, not this mutation profile."
NNRTI/ETR,CV-min,177;272,P177 + P272,-0.004243559315987128,128,898,D177E + A272P,91,91/128,109,19,"{""mixed_amino_acid_token"": 19, ""unknown_X"": 1}",5,1,"[[""D177E"", ""A272P""]]","largest joint count, then lexicographic tuple of source mutation strings in ascending position order",observed_training_profile,"Observed training annotation; coefficient belongs to the original position rule, not this mutation profile."
NNRTI/ETR,CV-min,69,P69,-0.0011141893723339269,182,898,T69D,69,69/182,146,36,"{""insertion_or_special_marker"": 2, ""mixed_amino_acid_token"": 30, ""unknown_X"": 4}",7,1,"[[""T69D""]]","largest joint count, then lexicographic tuple of source mutation strings in ascending position order",observed_training_profile,"Observed training annotation; coefficient belongs to the original position rule, not this mutation profile."
NNRTI/NVP,CV-min,181,P181,1.3033581778495509,288,1846,Y181C,257,257/288,286,2,"{""mixed_amino_acid_token"": 1, ""unknown_X"": 1}",6,1,"[[""Y181C""]]","largest joint count, then lexicographic tuple of source mutation strings in ascending position order",observed_training_profile,"Observed training annotation; coefficient belongs to the original position rule, not this mutation profile."
NNRTI/NVP,CV-min,103,P103,1.1161176739751215,520,1846,K103N,443,443/520,504,16,"{""mixed_amino_acid_token"": 9, ""unknown_X"": 7}",5,1,"[[""K103N""]]","largest joint count, then lexicographic tuple of source mutation strings in ascending position order",observed_training_profile,"Observed training annotation; coefficient belongs to the original position rule, not this mutation profile."
NNRTI/NVP,CV-min,190,P190,1.0840717019680415,202,1846,G190A,145,145/202,201,1,"{""unknown_X"": 1}",7,1,"[[""G190A""]]","largest joint count, then lexicographic tuple of source mutation strings in ascending position order",observed_training_profile,"Observed training annotation; coefficient belongs to the original position rule, not this mutation profile."
NNRTI/NVP,CV-min,188,P188,1.0308626400567418,90,1846,Y188L,76,76/90,88,2,"{""unknown_X"": 2}",5,1,"[[""Y188L""]]","largest joint count, then lexicographic tuple of source mutation strings in ascending position order",observed_training_profile,"Observed training annotation; coefficient belongs to the original position rule, not this mutation profile."
NNRTI/NVP,CV-min,181;190,P181 + P190,-0.70742061783208887,87,1846,Y181C + G190A,68,68/87,86,1,"{""unknown_X"": 1}",4,1,"[[""Y181C"", ""G190A""]]","largest joint count, then lexicographic tuple of source mutation strings in ascending position order",observed_training_profile,"Observed training annotation; coefficient belongs to the original position rule, not this mutation profile."
NNRTI/NVP,CV-min,103;181,P103 + P181,-0.55371370442698953,85,1846,K103N + Y181C,69,69/85,82,3,"{""unknown_X"": 3}",7,1,"[[""K103N"", ""Y181C""]]","largest joint count, then lexicographic tuple of source mutation strings in ascending position order",observed_training_profile,"Observed training annotation; coefficient belongs to the original position rule, not this mutation profile."
NNRTI/NVP,CV-min,101,P101,0.25005872840224025,250,1846,K101E,78,78/250,207,43,"{""mixed_amino_acid_token"": 40, ""unknown_X"": 3}",9,1,"[[""K101E""]]","largest joint count, then lexicographic tuple of source mutation strings in ascending position order",observed_training_profile,"Observed training annotation; coefficient belongs to the original position rule, not this mutation profile."
NNRTI/NVP,CV-min,106,P106,0.2003600279161937,89,1846,V106I,38,38/89,68,21,"{""mixed_amino_acid_token"": 21}",3,1,"[[""V106I""]]","largest joint count, then lexicographic tuple of source mutation strings in ascending position order",observed_training_profile,"Observed training annotation; coefficient belongs to the original position rule, not this mutation profile."
NNRTI/NVP,CV-min,100,P100,0.11235388360826322,89,1846,L100I,85,85/89,87,2,"{""asterisk_special_marker"": 1, ""mixed_amino_acid_token"": 1}",2,1,"[[""L100I""]]","largest joint count, then lexicographic tuple of source mutation strings in ascending position order",observed_training_profile,"Observed training annotation; coefficient belongs to the original position rule, not this mutation profile."
NNRTI/NVP,CV-min,103;135,P103 + P135,0.061169774816261242,239,1846,K103N + I135T,117,117/239,206,33,"{""mixed_amino_acid_token"": 29, ""unknown_X"": 4}",13,1,"[[""K103N"", ""I135T""]]","largest joint count, then lexicographic tuple of source mutation strings in ascending position order",observed_training_profile,"Observed training annotation; coefficient belongs to the original position rule, not this mutation profile."
NNRTI/NVP,CV-min,108,P108,0.052280838498602433,116,1846,V108I,84,84/116,84,32,"{""mixed_amino_acid_token"": 32}",1,1,"[[""V108I""]]","largest joint count, then lexicographic tuple of source mutation strings in ascending position order",observed_training_profile,"Observed training annotation; coefficient belongs to the original position rule, not this mutation profile."
NNRTI/NVP,CV-min,67;103;219,P67 + P103 + P219,-0.049963743624068399,177,1846,D67N + K103N + K219Q,62,62/177,144,33,"{""asterisk_special_marker"": 1, ""mixed_amino_acid_token"": 25, ""other_non_simple_token"": 1, ""unknown_X"": 7}",17,1,"[[""D67N"", ""K103N"", ""K219Q""]]","largest joint count, then lexicographic tuple of source mutation strings in ascending position order",observed_training_profile,"Observed training annotation; coefficient belongs to the original position rule, not this mutation profile."
NNRTI/NVP,CV-min,75,P75,0.028268555283535397,175,1846,V75M,61,61/175,150,25,"{""mixed_amino_acid_token"": 21, ""unknown_X"": 4}",6,1,"[[""V75M""]]","largest joint count, then lexicographic tuple of source mutation strings in ascending position order",observed_training_profile,"Observed training annotation; coefficient belongs to the original position rule, not this mutation profile."
NNRTI/NVP,CV-min,35;215,P35 + P215,0.026909177977403123,296,1846,V35I + T215Y,59,59/296,223,73,"{""mixed_amino_acid_token"": 70, ""unknown_X"": 7}",28,1,"[[""V35I"", ""T215Y""]]","largest joint count, then lexicographic tuple of source mutation strings in ascending position order",observed_training_profile,"Observed training annotation; coefficient belongs to the original position rule, not this mutation profile."
NNRTI/NVP,CV-min,215;245,P215 + P245,0.02257214098239246,274,1846,T215Y + V245E,54,54/274,227,47,"{""mixed_amino_acid_token"": 39, ""unknown_X"": 9}",32,1,"[[""T215Y"", ""V245E""]]","largest joint count, then lexicographic tuple of source mutation strings in ascending position order",observed_training_profile,"Observed training annotation; coefficient belongs to the original position rule, not this mutation profile."
NNRTI/NVP,CV-min,74,P74,0.02180676946055406,281,1846,L74V,144,144/281,222,59,"{""mixed_amino_acid_token"": 59}",2,1,"[[""L74V""]]","largest joint count, then lexicographic tuple of source mutation strings in ascending position order",observed_training_profile,"Observed training annotation; coefficient belongs to the original position rule, not this mutation profile."
NNRTI/NVP,CV-min,181;190;215,P181 + P190 + P215,-0.018042701016098946,75,1846,Y181C + G190A + T215Y,39,39/75,72,3,"{""mixed_amino_acid_token"": 2, ""unknown_X"": 1}",10,1,"[[""Y181C"", ""G190A"", ""T215Y""]]","largest joint count, then lexicographic tuple of source mutation strings in ascending position order",observed_training_profile,"Observed training annotation; coefficient belongs to the original position rule, not this mutation profile."
NNRTI/NVP,CV-min,211;272;293,P211 + P272 + P293,-0.017695647453729788,197,1846,R211K + A272P + I293V,116,116/197,149,48,"{""mixed_amino_acid_token"": 46, ""unknown_X"": 3}",13,1,"[[""R211K"", ""A272P"", ""I293V""]]","largest joint count, then lexicographic tuple of source mutation strings in ascending position order",observed_training_profile,"Observed training annotation; coefficient belongs to the original position rule, not this mutation profile."
NNRTI/NVP,CV-min,184;211,P184 + P211,-0.01136167646918247,545,1846,M184V + R211K,375,375/545,437,108,"{""mixed_amino_acid_token"": 105, ""unknown_X"": 4}",12,1,"[[""M184V"", ""R211K""]]","largest joint count, then lexicographic tuple of source mutation strings in ascending position order",observed_training_profile,"Observed training annotation; coefficient belongs to the original position rule, not this mutation profile."
NNRTI/NVP,CV-min,179;245,P179 + P245,0.010631027278449799,127,1846,V179I + V245Q,23,23/127,89,38,"{""mixed_amino_acid_token"": 37, ""unknown_X"": 1}",20,1,"[[""V179I"", ""V245Q""]]","largest joint count, then lexicographic tuple of source mutation strings in ascending position order",observed_training_profile,"Observed training annotation; coefficient belongs to the original position rule, not this mutation profile."
NNRTI/NVP,CV-min,227,P227,0.0098524191574077651,39,1846,F227L,28,28/39,31,8,"{""mixed_amino_acid_token"": 8}",3,1,"[[""F227L""]]","largest joint count, then lexicographic tuple of source mutation strings in ascending position order",observed_training_profile,"Observed training annotation; coefficient belongs to the original position rule, not this mutation profile."
NNRTI/NVP,CV-min,90,P90,0.0081420758861689233,115,1846,V90I,77,77/115,77,38,"{""mixed_amino_acid_token"": 38}",1,1,"[[""V90I""]]","largest joint count, then lexicographic tuple of source mutation strings in ascending position order",observed_training_profile,"Observed training annotation; coefficient belongs to the original position rule, not this mutation profile."
NNRTI/NVP,CV-min,98,P98,0.0014897477575124814,256,1846,A98S,134,134/256,224,32,"{""mixed_amino_acid_token"": 32}",2,1,"[[""A98S""]]","largest joint count, then lexicographic tuple of source mutation strings in ascending position order",observed_training_profile,"Observed training annotation; coefficient belongs to the original position rule, not this mutation profile."
NNRTI/RPV,CV-min,188,P188,1.2434117901027439,24,279,Y188L,21,21/24,24,0,{},3,1,"[[""Y188L""]]","largest joint count, then lexicographic tuple of source mutation strings in ascending position order",observed_training_profile,"Observed training annotation; coefficient belongs to the original position rule, not this mutation profile."
NNRTI/RPV,CV-min,207;211;219,P207 + P211 + P219,1.169363069695631,6,279,Q207E + R211K + K219E,2,2/6,4,2,"{""mixed_amino_acid_token"": 2}",3,1,"[[""Q207E"", ""R211K"", ""K219E""]]","largest joint count, then lexicographic tuple of source mutation strings in ascending position order",observed_training_profile,"Observed training annotation; coefficient belongs to the original position rule, not this mutation profile."
NNRTI/RPV,CV-min,101;184;200;293,P101 + P184 + P200 + P293,0.92212951962689571,6,279,K101P + M184V + T200A + I293V,2,2/6,4,2,"{""mixed_amino_acid_token"": 2}",3,1,"[[""K101P"", ""M184V"", ""T200A"", ""I293V""]]","largest joint count, then lexicographic tuple of source mutation strings in ascending position order",observed_training_profile,"Observed training annotation; coefficient belongs to the original position rule, not this mutation profile."
NNRTI/RPV,CV-min,103,P103,0.61914392665064344,96,279,K103N,75,75/96,95,1,"{""mixed_amino_acid_token"": 1}",3,1,"[[""K103N""]]","largest joint count, then lexicographic tuple of source mutation strings in ascending position order",observed_training_profile,"Observed training annotation; coefficient belongs to the original position rule, not this mutation profile."
NNRTI/RPV,CV-min,100;103,P100 + P103,0.56594204584957641,18,279,L100I + K103N,15,15/18,18,0,{},3,1,"[[""L100I"", ""K103N""]]","largest joint count, then lexicographic tuple of source mutation strings in ascending position order",observed_training_profile,"Observed training annotation; coefficient belongs to the original position rule, not this mutation profile."
NNRTI/RPV,CV-min,100,P100,0.56080954287303619,22,279,L100I,22,22/22,22,0,{},1,1,"[[""L100I""]]","largest joint count, then lexicographic tuple of source mutation strings in ascending position order",observed_training_profile,"Observed training annotation; coefficient belongs to the original position rule, not this mutation profile."
NNRTI/RPV,CV-min,101,P101,0.46928187639396535,49,279,K101E,26,26/49,45,4,"{""mixed_amino_acid_token"": 4}",5,1,"[[""K101E""]]","largest joint count, then lexicographic tuple of source mutation strings in ascending position order",observed_training_profile,"Observed training annotation; coefficient belongs to the original position rule, not this mutation profile."
NNRTI/RPV,CV-min,103;188,P103 + P188,0.43066334622352004,6,279,K103N + Y188L,6,6/6,6,0,{},1,1,"[[""K103N"", ""Y188L""]]","largest joint count, then lexicographic tuple of source mutation strings in ascending position order",observed_training_profile,"Observed training annotation; coefficient belongs to the original position rule, not this mutation profile."
NNRTI/RPV,CV-min,200;293;297,P200 + P293 + P297,0.42566886457147368,12,279,T200A + I293V + E297A,2,2/12,11,1,"{""mixed_amino_acid_token"": 1}",8,3,"[[""T200A"", ""I293V"", ""E297A""], [""T200A"", ""I293V"", ""E297K""], [""T200K"", ""I293V"", ""E297A""]]","largest joint count, then lexicographic tuple of source mutation strings in ascending position order",observed_training_profile,"Observed training annotation; coefficient belongs to the original position rule, not this mutation profile."
NNRTI/RPV,CV-min,67;70;211,P67 + P70 + P211,0.33316049181693652,13,279,D67G + K70R + R211K,2,2/13,9,4,"{""mixed_amino_acid_token"": 4}",6,3,"[[""D67G"", ""K70R"", ""R211K""], [""D67N"", ""K70R"", ""R211A""], [""D67N"", ""K70R"", ""R211K""]]","largest joint count, then lexicographic tuple of source mutation strings in ascending position order",observed_training_profile,"Observed training annotation; coefficient belongs to the original position rule, not this mutation profile."
NNRTI/RPV,CV-min,103;200;245;293,P103 + P200 + P245 + P293,0.31190282859220386,6,279,K103N + T200A + V245E + I293V,1,1/6,4,2,"{""mixed_amino_acid_token"": 2}",4,4,"[[""K103N"", ""T200A"", ""V245E"", ""I293V""], [""K103N"", ""T200A"", ""V245Q"", ""I293V""], [""K103N"", ""T200I"", ""V245T"", ""I293V""], [""K103S"", ""T200A"", ""V245E"", ""I293V""]]","largest joint count, then lexicographic tuple of source mutation strings in ascending position order",observed_training_profile,"Observed training annotation; coefficient belongs to the original position rule, not this mutation profile."
NNRTI/RPV,CV-min,122;181,P122 + P181,0.29381773936604411,16,279,K122E + Y181C,10,10/16,16,0,{},4,1,"[[""K122E"", ""Y181C""]]","largest joint count, then lexicographic tuple of source mutation strings in ascending position order",observed_training_profile,"Observed training annotation; coefficient belongs to the original position rule, not this mutation profile."
NNRTI/RPV,CV-min,181,P181,0.25352535231445522,58,279,Y181C,45,45/58,58,0,{},3,1,"[[""Y181C""]]","largest joint count, then lexicographic tuple of source mutation strings in ascending position order",observed_training_profile,"Observed training annotation; coefficient belongs to the original position rule, not this mutation profile."
NNRTI/RPV,CV-min,245;248;272,P245 + P248 + P272,0.24249948552310069,5,279,V245E + E248D + A272P,1,1/5,4,1,"{""mixed_amino_acid_token"": 1}",4,4,"[[""V245E"", ""E248D"", ""A272P""], [""V245N"", ""E248D"", ""A272P""], [""V245Q"", ""E248N"", ""A272P""], [""V245T"", ""E248D"", ""A272P""]]","largest joint count, then lexicographic tuple of source mutation strings in ascending position order",observed_training_profile,"Observed training annotation; coefficient belongs to the original position rule, not this mutation profile."
NNRTI/RPV,CV-min,272;297,P272 + P297,-0.23630443701465317,28,279,A272P + E297K,14,14/28,27,1,"{""mixed_amino_acid_token"": 1}",5,1,"[[""A272P"", ""E297K""]]","largest joint count, then lexicographic tuple of source mutation strings in ascending position order",observed_training_profile,"Observed training annotation; coefficient belongs to the original position rule, not this mutation profile."
NNRTI/RPV,CV-min,68,P68,0.22900025905006458,9,279,S68G,7,7/9,7,2,"{""mixed_amino_acid_token"": 2}",1,1,"[[""S68G""]]","largest joint count, then lexicographic tuple of source mutation strings in ascending position order",observed_training_profile,"Observed training annotation; coefficient belongs to the original position rule, not this mutation profile."
NNRTI/RPV,CV-min,103;122;211,P103 + P122 + P211,0.22032345775710799,7,279,K103N + K122E + R211K,4,4/7,7,0,{},4,1,"[[""K103N"", ""K122E"", ""R211K""]]","largest joint count, then lexicographic tuple of source mutation strings in ascending position order",observed_training_profile,"Observed training annotation; coefficient belongs to the original position rule, not this mutation profile."
NNRTI/RPV,CV-min,35;181,P35 + P181,0.21126479617315758,13,279,V35I + Y181C,4,4/13,12,1,"{""mixed_amino_acid_token"": 1}",7,1,"[[""V35I"", ""Y181C""]]","largest joint count, then lexicographic tuple of source mutation strings in ascending position order",observed_training_profile,"Observed training annotation; coefficient belongs to the original position rule, not this mutation profile."
NNRTI/RPV,CV-min,74;286,P74 + P286,0.20921047227700412,5,279,L74V + T286A,2,2/5,3,2,"{""mixed_amino_acid_token"": 2}",2,1,"[[""L74V"", ""T286A""]]","largest joint count, then lexicographic tuple of source mutation strings in ascending position order",observed_training_profile,"Observed training annotation; coefficient belongs to the original position rule, not this mutation profile."
NNRTI/RPV,CV-min,211;245,P211 + P245,0.15794636871385934,41,279,R211K + V245E,12,12/41,30,11,"{""mixed_amino_acid_token"": 11}",8,1,"[[""R211K"", ""V245E""]]","largest joint count, then lexicographic tuple of source mutation strings in ascending position order",observed_training_profile,"Observed training annotation; coefficient belongs to the original position rule, not this mutation profile."
NNRTI/RPV,CV-min,74;135,P74 + P135,0.15725190313534732,8,279,L74V + I135T,3,3/8,5,3,"{""mixed_amino_acid_token"": 3}",3,1,"[[""L74V"", ""I135T""]]","largest joint count, then lexicographic tuple of source mutation strings in ascending position order",observed_training_profile,"Observed training annotation; coefficient belongs to the original position rule, not this mutation profile."
NNRTI/RPV,CV-min,74;211,P74 + P211,0.11448363104419584,14,279,L74V + R211K,5,5/14,11,3,"{""mixed_amino_acid_token"": 3}",5,1,"[[""L74V"", ""R211K""]]","largest joint count, then lexicographic tuple of source mutation strings in ascending position order",observed_training_profile,"Observed training annotation; coefficient belongs to the original position rule, not this mutation profile."
NNRTI/RPV,CV-min,135;248,P135 + P248,0.088598519460484013,8,279,I135V + E248D,4,4/8,7,1,"{""mixed_amino_acid_token"": 1}",4,1,"[[""I135V"", ""E248D""]]","largest joint count, then lexicographic tuple of source mutation strings in ascending position order",observed_training_profile,"Observed training annotation; coefficient belongs to the original position rule, not this mutation profile."
NNRTI/RPV,CV-min,60;67;178,P60 + P67 + P178,0.078128924448216938,5,279,V60I + D67G + I178M,1,1/5,3,2,"{""mixed_amino_acid_token"": 2}",3,3,"[[""V60I"", ""D67G"", ""I178M""], [""V60I"", ""D67N"", ""I178L""], [""V60I"", ""D67N"", ""I178M""]]","largest joint count, then lexicographic tuple of source mutation strings in ascending position order",observed_training_profile,"Observed training annotation; coefficient belongs to the original position rule, not this mutation profile."
NNRTI/RPV,CV-min,101;293,P101 + P293,0.076521008944612168,16,279,K101E + I293V,4,4/16,13,3,"{""mixed_amino_acid_token"": 3}",4,2,"[[""K101E"", ""I293V""], [""K101Q"", ""I293V""]]","largest joint count, then lexicographic tuple of source mutation strings in ascending position order",observed_training_profile,"Observed training annotation; coefficient belongs to the original position rule, not this mutation profile."
NNRTI/RPV,CV-min,135;248;272,P135 + P248 + P272,0.054403524582226775,5,279,I135V + E248D + A272P,3,3/5,5,0,{},3,1,"[[""I135V"", ""E248D"", ""A272P""]]","largest joint count, then lexicographic tuple of source mutation strings in ascending position order",observed_training_profile,"Observed training annotation; coefficient belongs to the original position rule, not this mutation profile."
NNRTI/RPV,CV-min,35;177,P35 + P177,-0.047673946568470571,26,279,V35I + D177E,7,7/26,22,4,"{""mixed_amino_acid_token"": 4}",8,1,"[[""V35I"", ""D177E""]]","largest joint count, then lexicographic tuple of source mutation strings in ascending position order",observed_training_profile,"Observed training annotation; coefficient belongs to the original position rule, not this mutation profile."
NNRTI/RPV,CV-min,67;101;219,P67 + P101 + P219,0.030169734375384911,13,279,D67N + K101E + K219Q,4,4/13,13,0,{},9,1,"[[""D67N"", ""K101E"", ""K219Q""]]","largest joint count, then lexicographic tuple of source mutation strings in ascending position order",observed_training_profile,"Observed training annotation; coefficient belongs to the original position rule, not this mutation profile."
NNRTI/RPV,CV-min,101;103;184,P101 + P103 + P184,0.024933776941984429,7,279,K101P + K103N + M184V,3,3/7,7,0,{},5,1,"[[""K101P"", ""K103N"", ""M184V""]]","largest joint count, then lexicographic tuple of source mutation strings in ascending position order",observed_training_profile,"Observed training annotation; coefficient belongs to the original position rule, not this mutation profile."
NNRTI/RPV,CV-min,74;211;245,P74 + P211 + P245,0.021946583970500505,5,279,L74I + R211K + V245K,1,1/5,4,1,"{""mixed_amino_acid_token"": 1}",4,4,"[[""L74I"", ""R211K"", ""V245K""], [""L74I"", ""R211K"", ""V245M""], [""L74V"", ""R211A"", ""V245E""], [""L74V"", ""R211K"", ""V245L""]]","largest joint count, then lexicographic tuple of source mutation strings in ascending position order",observed_training_profile,"Observed training annotation; coefficient belongs to the original position rule, not this mutation profile."
NNRTI/RPV,CV-min,138;211;245,P138 + P211 + P245,0.016925924667952456,5,279,E138A + R211A + V245E,1,1/5,5,0,{},5,5,"[[""E138A"", ""R211A"", ""V245E""], [""E138A"", ""R211K"", ""V245E""], [""E138A"", ""R211K"", ""V245I""], [""E138G"", ""R211K"", ""V245M""], [""E138K"", ""R211K"", ""V245K""]]","largest joint count, then lexicographic tuple of source mutation strings in ascending position order",observed_training_profile,"Observed training annotation; coefficient belongs to the original position rule, not this mutation profile."
NNRTI/RPV,CV-min,211;219,P211 + P219,0.00954016084825033,17,279,R211K + K219E,4,4/17,15,2,"{""mixed_amino_acid_token"": 2}",9,1,"[[""R211K"", ""K219E""]]","largest joint count, then lexicographic tuple of source mutation strings in ascending position order",observed_training_profile,"Observed training annotation; coefficient belongs to the original position rule, not this mutation profile."
NNRTI/RPV,CV-min,230,P230,8.2116879103738343e-05,8,279,M230L,7,7/8,7,1,"{""mixed_amino_acid_token"": 1}",1,1,"[[""M230L""]]","largest joint count, then lexicographic tuple of source mutation strings in ascending position order",observed_training_profile,"Observed training annotation; coefficient belongs to the original position rule, not this mutation profile."
PI/ATV,CV-min,48;82,P48 + P82,0.61469181232869174,70,1354,G48V + V82A,44,44/70,70,0,{},11,1,"[[""G48V"", ""V82A""]]","largest joint count, then lexicographic tuple of source mutation strings in ascending position order",observed_training_profile,"Observed training annotation; coefficient belongs to the original position rule, not this mutation profile."
PI/ATV,CV-min,54,P54,0.59668638995028234,528,1354,I54V,323,323/528,528,0,{},7,1,"[[""I54V""]]","largest joint count, then lexicographic tuple of source mutation strings in ascending position order",observed_training_profile,"Observed training annotation; coefficient belongs to the original position rule, not this mutation profile."
PI/ATV,CV-min,84,P84,0.54257955124459534,277,1354,I84V,269,269/277,277,0,{},3,1,"[[""I84V""]]","largest joint count, then lexicographic tuple of source mutation strings in ascending position order",observed_training_profile,"Observed training annotation; coefficient belongs to the original position rule, not this mutation profile."
PI/ATV,CV-min,71,P71,0.48841105607362373,699,1354,A71V,448,448/699,629,70,"{""mixed_amino_acid_token"": 67, ""unknown_X"": 3}",6,1,"[[""A71V""]]","largest joint count, then lexicographic tuple of source mutation strings in ascending position order",observed_training_profile,"Observed training annotation; coefficient belongs to the original position rule, not this mutation profile."
PI/ATV,CV-min,33,P33,0.38453282648083292,392,1354,L33F,284,284/392,353,39,"{""asterisk_special_marker"": 1, ""mixed_amino_acid_token"": 38}",4,1,"[[""L33F""]]","largest joint count, then lexicographic tuple of source mutation strings in ascending position order",observed_training_profile,"Observed training annotation; coefficient belongs to the original position rule, not this mutation profile."
PI/ATV,CV-min,10,P10,0.36425999404135789,789,1354,L10I,424,424/789,704,85,"{""mixed_amino_acid_token"": 84, ""unknown_X"": 1}",7,1,"[[""L10I""]]","largest joint count, then lexicographic tuple of source mutation strings in ascending position order",observed_training_profile,"Observed training annotation; coefficient belongs to the original position rule, not this mutation profile."
PI/ATV,CV-min,46,P46,0.3272078538018709,530,1354,M46I,348,348/530,484,46,"{""mixed_amino_acid_token"": 46}",3,1,"[[""M46I""]]","largest joint count, then lexicographic tuple of source mutation strings in ascending position order",observed_training_profile,"Observed training annotation; coefficient belongs to the original position rule, not this mutation profile."
PI/ATV,CV-min,73,P73,0.31498788510410991,266,1354,G73S,149,149/266,232,34,"{""mixed_amino_acid_token"": 33, ""unknown_X"": 1}",6,1,"[[""G73S""]]","largest joint count, then lexicographic tuple of source mutation strings in ascending position order",observed_training_profile,"Observed training annotation; coefficient belongs to the original position rule, not this mutation profile."
PI/ATV,CV-min,63;90,P63 + P90,0.28280683215767299,477,1354,L63P + L90M,427,427/477,444,33,"{""mixed_amino_acid_token"": 33, ""unknown_X"": 1}",8,1,"[[""L63P"", ""L90M""]]","largest joint count, then lexicographic tuple of source mutation strings in ascending position order",observed_training_profile,"Observed training annotation; coefficient belongs to the original position rule, not this mutation profile."
PI/ATV,CV-min,20;63,P20 + P63,0.22171361523904931,421,1354,K20R + L63P,155,155/421,355,66,"{""mixed_amino_acid_token"": 62, ""unknown_X"": 4}",27,1,"[[""K20R"", ""L63P""]]","largest joint count, then lexicographic tuple of source mutation strings in ascending position order",observed_training_profile,"Observed training annotation; coefficient belongs to the original position rule, not this mutation profile."
PI/ATV,CV-min,10;43,P10 + P43,0.21776410698787987,156,1354,L10I + K43T,62,62/156,117,39,"{""mixed_amino_acid_token"": 38, ""unknown_X"": 1}",16,1,"[[""L10I"", ""K43T""]]","largest joint count, then lexicographic tuple of source mutation strings in ascending position order",observed_training_profile,"Observed training annotation; coefficient belongs to the original position rule, not this mutation profile."
PI/ATV,CV-min,24;63,P24 + P63,0.20983300916922523,106,1354,L24I + L63P,67,67/106,92,14,"{""asterisk_special_marker"": 1, ""mixed_amino_acid_token"": 13}",9,1,"[[""L24I"", ""L63P""]]","largest joint count, then lexicographic tuple of source mutation strings in ascending position order",observed_training_profile,"Observed training annotation; coefficient belongs to the original position rule, not this mutation profile."
PI/ATV,CV-min,32,P32,0.20475401486781253,172,1354,V32I,170,170/172,172,0,{},2,1,"[[""V32I""]]","largest joint count, then lexicographic tuple of source mutation strings in ascending position order",observed_training_profile,"Observed training annotation; coefficient belongs to the original position rule, not this mutation profile."
PI/ATV,CV-min,76,P76,-0.16278458654641606,56,1354,L76V,56,56/56,56,0,{},1,1,"[[""L76V""]]","largest joint count, then lexicographic tuple of source mutation strings in ascending position order",observed_training_profile,"Observed training annotation; coefficient belongs to the original position rule, not this mutation profile."
PI/ATV,CV-min,10;33;46;54,P10 + P33 + P46 + P54,-0.14625220789112522,191,1354,L10F + L33F + M46I + I54V,18,18/191,140,51,"{""asterisk_special_marker"": 1, ""mixed_amino_acid_token"": 50}",35,1,"[[""L10F"", ""L33F"", ""M46I"", ""I54V""]]","largest joint count, then lexicographic tuple of source mutation strings in ascending position order",observed_training_profile,"Observed training annotation; coefficient belongs to the original position rule, not this mutation profile."
PI/ATV,CV-min,54;62,P54 + P62,0.14265582850090294,298,1354,I54V + I62V,174,174/298,267,31,"{""mixed_amino_acid_token"": 31}",6,1,"[[""I54V"", ""I62V""]]","largest joint count, then lexicographic tuple of source mutation strings in ascending position order",observed_training_profile,"Observed training annotation; coefficient belongs to the original position rule, not this mutation profile."
PI/ATV,CV-min,48;54,P48 + P54,0.13058228218770174,71,1354,G48V + I54V,22,22/71,71,0,{},18,1,"[[""G48V"", ""I54V""]]","largest joint count, then lexicographic tuple of source mutation strings in ascending position order",observed_training_profile,"Observed training annotation; coefficient belongs to the original position rule, not this mutation profile."
PI/ATV,CV-min,20;54;62;71,P20 + P54 + P62 + P71,-0.1213329511236505,145,1354,K20R + I54V + I62V + A71V,33,33/145,117,28,"{""mixed_amino_acid_token"": 28, ""unknown_X"": 1}",33,1,"[[""K20R"", ""I54V"", ""I62V"", ""A71V""]]","largest joint count, then lexicographic tuple of source mutation strings in ascending position order",observed_training_profile,"Observed training annotation; coefficient belongs to the original position rule, not this mutation profile."
PI/ATV,CV-min,74;82,P74 + P82,0.1165081207358261,80,1354,T74S + V82A,26,26/80,72,8,"{""mixed_amino_acid_token"": 7, ""unknown_X"": 1}",19,1,"[[""T74S"", ""V82A""]]","largest joint count, then lexicographic tuple of source mutation strings in ascending position order",observed_training_profile,"Observed training annotation; coefficient belongs to the original position rule, not this mutation profile."
PI/ATV,CV-min,63;88,P63 + P88,0.11601182951434175,93,1354,L63P + N88D,68,68/93,91,2,"{""mixed_amino_acid_token"": 2}",7,1,"[[""L63P"", ""N88D""]]","largest joint count, then lexicographic tuple of source mutation strings in ascending position order",observed_training_profile,"Observed training annotation; coefficient belongs to the original position rule, not this mutation profile."
PI/ATV,CV-min,36,P36,0.090185899582877108,621,1354,M36I,469,469/621,533,88,"{""mixed_amino_acid_token"": 88}",5,1,"[[""M36I""]]","largest joint count, then lexicographic tuple of source mutation strings in ascending position order",observed_training_profile,"Observed training annotation; coefficient belongs to the original position rule, not this mutation profile."
PI/ATV,CV-min,46;72,P46 + P72,0.082087459518250736,192,1354,M46I + I72V,36,36/192,138,54,"{""mixed_amino_acid_token"": 53, ""unknown_X"": 1}",17,1,"[[""M46I"", ""I72V""]]","largest joint count, then lexicographic tuple of source mutation strings in ascending position order",observed_training_profile,"Observed training annotation; coefficient belongs to the original position rule, not this mutation profile."
PI/ATV,CV-min,35;36,P35 + P36,0.080511227797416318,385,1354,E35D + M36I,268,268/385,336,49,"{""mixed_amino_acid_token"": 49}",11,1,"[[""E35D"", ""M36I""]]","largest joint count, then lexicographic tuple of source mutation strings in ascending position order",observed_training_profile,"Observed training annotation; coefficient belongs to the original position rule, not this mutation profile."
PI/ATV,CV-min,36;37;63,P36 + P37 + P63,0.077991341035599182,259,1354,M36I + N37D + L63P,74,74/259,180,79,"{""mixed_amino_acid_token"": 77, ""unknown_X"": 8}",31,1,"[[""M36I"", ""N37D"", ""L63P""]]","largest joint count, then lexicographic tuple of source mutation strings in ascending position order",observed_training_profile,"Observed training annotation; coefficient belongs to the original position rule, not this mutation profile."
PI/ATV,CV-min,10;46;47;54,P10 + P46 + P47 + P54,-0.077696787763332956,67,1354,L10I + M46I + I47V + I54M,12,12/67,52,15,"{""mixed_amino_acid_token"": 15}",15,1,"[[""L10I"", ""M46I"", ""I47V"", ""I54M""]]","largest joint count, then lexicographic tuple of source mutation strings in ascending position order",observed_training_profile,"Observed training annotation; coefficient belongs to the original position rule, not this mutation profile."
PI/ATV,CV-min,20;53,P20 + P53,0.075151095823253453,70,1354,K20R + F53L,27,27/70,50,20,"{""mixed_amino_acid_token"": 19, ""unknown_X"": 1}",9,1,"[[""K20R"", ""F53L""]]","largest joint count, then lexicographic tuple of source mutation strings in ascending position order",observed_training_profile,"Observed training annotation; coefficient belongs to the original position rule, not this mutation profile."
PI/ATV,CV-min,46;54;63;82,P46 + P54 + P63 + P82,-0.069034258701611839,247,1354,M46I + I54V + L63P + V82A,47,47/247,223,24,"{""mixed_amino_acid_token"": 22, ""unknown_X"": 3}",56,1,"[[""M46I"", ""I54V"", ""L63P"", ""V82A""]]","largest joint count, then lexicographic tuple of source mutation strings in ascending position order",observed_training_profile,"Observed training annotation; coefficient belongs to the original position rule, not this mutation profile."
PI/ATV,CV-min,10;54;74,P10 + P54 + P74,0.065252707152518463,89,1354,L10I + I54V + T74S,12,12/89,75,14,"{""mixed_amino_acid_token"": 14}",25,1,"[[""L10I"", ""I54V"", ""T74S""]]","largest joint count, then lexicographic tuple of source mutation strings in ascending position order",observed_training_profile,"Observed training annotation; coefficient belongs to the original position rule, not this mutation profile."
PI/ATV,CV-min,74,P74,0.064123256053650615,139,1354,T74S,64,64/139,120,19,"{""mixed_amino_acid_token"": 19}",6,1,"[[""T74S""]]","largest joint count, then lexicographic tuple of source mutation strings in ascending position order",observed_training_profile,"Observed training annotation; coefficient belongs to the original position rule, not this mutation profile."
PI/ATV,CV-min,20;74,P20 + P74,0.063805533564043476,66,1354,K20I + T74S,10,10/66,49,17,"{""mixed_amino_acid_token"": 17}",14,2,"[[""K20I"", ""T74S""], [""K20R"", ""T74S""]]","largest joint count, then lexicographic tuple of source mutation strings in ascending position order",observed_training_profile,"Observed training annotation; coefficient belongs to the original position rule, not this mutation profile."
PI/ATV,CV-min,15;35;63,P15 + P35 + P63,0.059685213620820507,132,1354,I15V + E35D + L63P,66,66/132,96,36,"{""mixed_amino_acid_token"": 36}",12,1,"[[""I15V"", ""E35D"", ""L63P""]]","largest joint count, then lexicographic tuple of source mutation strings in ascending position order",observed_training_profile,"Observed training annotation; coefficient belongs to the original position rule, not this mutation profile."
PI/ATV,CV-min,10;15;63,P10 + P15 + P63,0.058356913950865223,194,1354,L10I + I15V + L63P,52,52/194,133,61,"{""mixed_amino_acid_token"": 59, ""unknown_X"": 2}",20,1,"[[""L10I"", ""I15V"", ""L63P""]]","largest joint count, then lexicographic tuple of source mutation strings in ascending position order",observed_training_profile,"Observed training annotation; coefficient belongs to the original position rule, not this mutation profile."
PI/ATV,CV-min,10;33;54;84,P10 + P33 + P54 + P84,-0.050821231495391805,119,1354,L10I + L33F + I54L + I84V,20,20/119,100,19,"{""asterisk_special_marker"": 1, ""mixed_amino_acid_token"": 18}",20,1,"[[""L10I"", ""L33F"", ""I54L"", ""I84V""]]","largest joint count, then lexicographic tuple of source mutation strings in ascending position order",observed_training_profile,"Observed training annotation; coefficient belongs to the original position rule, not this mutation profile."
PI/ATV,CV-min,10;63;95,P10 + P63 + P95,0.050528091187603978,28,1354,L10F + L63P + C95F,9,9/28,21,7,"{""mixed_amino_acid_token"": 6, ""unknown_X"": 1}",6,1,"[[""L10F"", ""L63P"", ""C95F""]]","largest joint count, then lexicographic tuple of source mutation strings in ascending position order",observed_training_profile,"Observed training annotation; coefficient belongs to the original position rule, not this mutation profile."
PI/ATV,CV-min,20,P20,0.0426909235898979,451,1354,K20R,183,183/451,389,62,"{""mixed_amino_acid_token"": 59, ""unknown_X"": 3}",8,1,"[[""K20R""]]","largest joint count, then lexicographic tuple of source mutation strings in ascending position order",observed_training_profile,"Observed training annotation; coefficient belongs to the original position rule, not this mutation profile."
PI/ATV,CV-min,47;54;63;82,P47 + P54 + P63 + P82,-0.040240804507943921,50,1354,I47V + I54M + L63P + V82A,11,11/50,48,2,"{""mixed_amino_acid_token"": 1, ""unknown_X"": 1}",21,1,"[[""I47V"", ""I54M"", ""L63P"", ""V82A""]]","largest joint count, then lexicographic tuple of source mutation strings in ascending position order",observed_training_profile,"Observed training annotation; coefficient belongs to the original position rule, not this mutation profile."
PI/ATV,CV-min,11;43;63,P11 + P43 + P63,-0.040125214809369827,36,1354,V11I + K43T + L63P,15,15/36,22,14,"{""mixed_amino_acid_token"": 13, ""unknown_X"": 1}",5,1,"[[""V11I"", ""K43T"", ""L63P""]]","largest joint count, then lexicographic tuple of source mutation strings in ascending position order",observed_training_profile,"Observed training annotation; coefficient belongs to the original position rule, not this mutation profile."
PI/ATV,CV-min,36;63;82;93,P36 + P63 + P82 + P93,0.038754322365226586,128,1354,M36I + L63P + V82A + I93L,55,55/128,104,24,"{""mixed_amino_acid_token"": 24, ""unknown_X"": 1}",20,1,"[[""M36I"", ""L63P"", ""V82A"", ""I93L""]]","largest joint count, then lexicographic tuple of source mutation strings in ascending position order",observed_training_profile,"Observed training annotation; coefficient belongs to the original position rule, not this mutation profile."
PI/ATV,CV-min,53;63,P53 + P63,0.038301423673715598,107,1354,F53L + L63P,69,69/107,89,18,"{""mixed_amino_acid_token"": 17, ""unknown_X"": 1}",9,1,"[[""F53L"", ""L63P""]]","largest joint count, then lexicographic tuple of source mutation strings in ascending position order",observed_training_profile,"Observed training annotation; coefficient belongs to the original position rule, not this mutation profile."
PI/ATV,CV-min,10;11;54;63,P10 + P11 + P54 + P63,-0.037950908236325749,89,1354,L10I + V11I + I54V + L63P,12,12/89,62,27,"{""mixed_amino_acid_token"": 27}",18,1,"[[""L10I"", ""V11I"", ""I54V"", ""L63P""]]","largest joint count, then lexicographic tuple of source mutation strings in ascending position order",observed_training_profile,"Observed training annotation; coefficient belongs to the original position rule, not this mutation profile."
PI/ATV,CV-min,36;46,P36 + P46,0.037392421011365945,298,1354,M36I + M46I,145,145/298,236,62,"{""mixed_amino_acid_token"": 62}",11,1,"[[""M36I"", ""M46I""]]","largest joint count, then lexicographic tuple of source mutation strings in ascending position order",observed_training_profile,"Observed training annotation; coefficient belongs to the original position rule, not this mutation profile."
PI/ATV,CV-min,37;62;63,P37 + P62 + P63,0.02022723105014124,218,1354,N37D + I62V + L63P,54,54/218,138,80,"{""mixed_amino_acid_token"": 77, ""unknown_X"": 8}",18,1,"[[""N37D"", ""I62V"", ""L63P""]]","largest joint count, then lexicographic tuple of source mutation strings in ascending position order",observed_training_profile,"Observed training annotation; coefficient belongs to the original position rule, not this mutation profile."
PI/ATV,CV-min,37;46;54;82,P37 + P46 + P54 + P82,-0.019781995355378744,116,1354,N37D + M46I + I54V + V82A,13,13/116,78,38,"{""mixed_amino_acid_token"": 36, ""unknown_X"": 2}",36,1,"[[""N37D"", ""M46I"", ""I54V"", ""V82A""]]","largest joint count, then lexicographic tuple of source mutation strings in ascending position order",observed_training_profile,"Observed training annotation; coefficient belongs to the original position rule, not this mutation profile."
PI/ATV,CV-min,33;36;37;41,P33 + P36 + P37 + P41,0.017140816964219038,37,1354,L33F + M36I + N37S + R41K,5,5/37,18,19,"{""mixed_amino_acid_token"": 19, ""unknown_X"": 1}",7,1,"[[""L33F"", ""M36I"", ""N37S"", ""R41K""]]","largest joint count, then lexicographic tuple of source mutation strings in ascending position order",observed_training_profile,"Observed training annotation; coefficient belongs to the original position rule, not this mutation profile."
PI/ATV,CV-min,48;54;82,P48 + P54 + P82,0.013966811942957472,66,1354,G48V + I54V + V82A,20,20/66,66,0,{},21,1,"[[""G48V"", ""I54V"", ""V82A""]]","largest joint count, then lexicographic tuple of source mutation strings in ascending position order",observed_training_profile,"Observed training annotation; coefficient belongs to the original position rule, not this mutation profile."
PI/ATV,CV-min,33;35;41,P33 + P35 + P41,0.013717154283996856,60,1354,L33F + E35D + R41K,35,35/60,45,15,"{""mixed_amino_acid_token"": 15}",8,1,"[[""L33F"", ""E35D"", ""R41K""]]","largest joint count, then lexicographic tuple of source mutation strings in ascending position order",observed_training_profile,"Observed training annotation; coefficient belongs to the original position rule, not this mutation profile."
PI/ATV,CV-min,11;33;46;63,P11 + P33 + P46 + P63,-0.010440508915095533,53,1354,V11I + L33F + M46L + L63P,9,9/53,34,19,"{""mixed_amino_acid_token"": 19}",11,1,"[[""V11I"", ""L33F"", ""M46L"", ""L63P""]]","largest joint count, then lexicographic tuple of source mutation strings in ascending position order",observed_training_profile,"Observed training annotation; coefficient belongs to the original position rule, not this mutation profile."
PI/ATV,CV-min,46;54;82,P46 + P54 + P82,-0.009487713792605372,252,1354,M46I + I54V + V82A,62,62/252,234,18,"{""mixed_amino_acid_token"": 15, ""unknown_X"": 3}",40,1,"[[""M46I"", ""I54V"", ""V82A""]]","largest joint count, then lexicographic tuple of source mutation strings in ascending position order",observed_training_profile,"Observed training annotation; coefficient belongs to the original position rule, not this mutation profile."
PI/ATV,CV-min,13;60;63;90,P13 + P60 + P63 + P90,-0.0063415745631717974,39,1354,I13V + D60E + L63P + L90M,29,29/39,33,6,"{""mixed_amino_acid_token"": 6}",4,1,"[[""I13V"", ""D60E"", ""L63P"", ""L90M""]]","largest joint count, then lexicographic tuple of source mutation strings in ascending position order",observed_training_profile,"Observed training annotation; coefficient belongs to the original position rule, not this mutation profile."
PI/ATV,CV-min,20;53;63,P20 + P53 + P63,0.002128368728131747,66,1354,K20R + F53L + L63P,25,25/66,48,18,"{""mixed_amino_acid_token"": 17, ""unknown_X"": 1}",12,1,"[[""K20R"", ""F53L"", ""L63P""]]","largest joint count, then lexicographic tuple of source mutation strings in ascending position order",observed_training_profile,"Observed training annotation; coefficient belongs to the original position rule, not this mutation profile."
PI/ATV,CV-min,36;37;41,P36 + P37 + P41,0.0015920855058965844,83,1354,M36I + N37D + R41K,22,22/83,47,36,"{""mixed_amino_acid_token"": 35, ""unknown_X"": 5}",8,1,"[[""M36I"", ""N37D"", ""R41K""]]","largest joint count, then lexicographic tuple of source mutation strings in ascending position order",observed_training_profile,"Observed training annotation; coefficient belongs to the original position rule, not this mutation profile."
PI/ATV,CV-min,55;71,P55 + P71,0.00095757496150676558,125,1354,K55R + A71V,60,60/125,81,44,"{""mixed_amino_acid_token"": 44}",6,1,"[[""K55R"", ""A71V""]]","largest joint count, then lexicographic tuple of source mutation strings in ascending position order",observed_training_profile,"Observed training annotation; coefficient belongs to the original position rule, not this mutation profile."
PI/ATV,CV-min,15;63,P15 + P63,0.00023104067993978046,283,1354,I15V + L63P,167,167/283,212,71,"{""mixed_amino_acid_token"": 67, ""unknown_X"": 5}",11,1,"[[""I15V"", ""L63P""]]","largest joint count, then lexicographic tuple of source mutation strings in ascending position order",observed_training_profile,"Observed training annotation; coefficient belongs to the original position rule, not this mutation profile."
PI/DRV,CV-min,32;63,P32 + P63,1.1348494381205492,113,893,V32I + L63P,99,99/113,107,6,"{""mixed_amino_acid_token"": 6}",6,1,"[[""V32I"", ""L63P""]]","largest joint count, then lexicographic tuple of source mutation strings in ascending position order",observed_training_profile,"Observed training annotation; coefficient belongs to the original position rule, not this mutation profile."
PI/DRV,CV-min,10;33,P10 + P33,0.59138089768026747,223,893,L10I + L33F,70,70/223,181,42,"{""mixed_amino_acid_token"": 42}",13,1,"[[""L10I"", ""L33F""]]","largest joint count, then lexicographic tuple of source mutation strings in ascending position order",observed_training_profile,"Observed training annotation; coefficient belongs to the original position rule, not this mutation profile."
PI/DRV,CV-min,54,P54,0.46789058810424938,324,893,I54V,188,188/324,324,0,{},6,1,"[[""I54V""]]","largest joint count, then lexicographic tuple of source mutation strings in ascending position order",observed_training_profile,"Observed training annotation; coefficient belongs to the original position rule, not this mutation profile."
PI/DRV,CV-min,84,P84,0.46299182523953114,177,893,I84V,177,177/177,177,0,{},1,1,"[[""I84V""]]","largest joint count, then lexicographic tuple of source mutation strings in ascending position order",observed_training_profile,"Observed training annotation; coefficient belongs to the original position rule, not this mutation profile."
PI/DRV,CV-min,10;89,P10 + P89,0.35920146434468908,97,893,L10F + L89V,22,22/97,78,19,"{""mixed_amino_acid_token"": 19}",15,1,"[[""L10F"", ""L89V""]]","largest joint count, then lexicographic tuple of source mutation strings in ascending position order",observed_training_profile,"Observed training annotation; coefficient belongs to the original position rule, not this mutation profile."
PI/DRV,CV-min,10;63;73,P10 + P63 + P73,0.22417443417366661,157,893,L10I + L63P + G73S,37,37/157,122,35,"{""mixed_amino_acid_token"": 35}",15,1,"[[""L10I"", ""L63P"", ""G73S""]]","largest joint count, then lexicographic tuple of source mutation strings in ascending position order",observed_training_profile,"Observed training annotation; coefficient belongs to the original position rule, not this mutation profile."
PI/DRV,CV-min,46,P46,0.22322383226932757,310,893,M46I,196,196/310,281,29,"{""mixed_amino_acid_token"": 29}",3,1,"[[""M46I""]]","largest joint count, then lexicographic tuple of source mutation strings in ascending position order",observed_training_profile,"Observed training annotation; coefficient belongs to the original position rule, not this mutation profile."
PI/DRV,CV-min,10;71,P10 + P71,0.12341993380274197,341,893,L10I + A71V,119,119/341,281,60,"{""mixed_amino_acid_token"": 59, ""unknown_X"": 1}",17,1,"[[""L10I"", ""A71V""]]","largest joint count, then lexicographic tuple of source mutation strings in ascending position order",observed_training_profile,"Observed training annotation; coefficient belongs to the original position rule, not this mutation profile."
PI/DRV,CV-min,32,P32,0.093678057527306319,116,893,V32I,115,115/116,116,0,{},2,1,"[[""V32I""]]","largest joint count, then lexicographic tuple of source mutation strings in ascending position order",observed_training_profile,"Observed training annotation; coefficient belongs to the original position rule, not this mutation profile."
PI/DRV,CV-min,33,P33,0.075533207234867825,252,893,L33F,179,179/252,227,25,"{""mixed_amino_acid_token"": 25}",4,1,"[[""L33F""]]","largest joint count, then lexicographic tuple of source mutation strings in ascending position order",observed_training_profile,"Observed training annotation; coefficient belongs to the original position rule, not this mutation profile."
PI/DRV,CV-min,32;54,P32 + P54,0.062193934475993723,87,893,V32I + I54L,37,37/87,87,0,{},4,1,"[[""V32I"", ""I54L""]]","largest joint count, then lexicographic tuple of source mutation strings in ascending position order",observed_training_profile,"Observed training annotation; coefficient belongs to the original position rule, not this mutation profile."
PI/DRV,CV-min,10;20;63;71,P10 + P20 + P63 + P71,0.057227371841291827,186,893,L10I + K20R + L63P + A71V,30,30/186,145,41,"{""mixed_amino_acid_token"": 40, ""unknown_X"": 2}",47,1,"[[""L10I"", ""K20R"", ""L63P"", ""A71V""]]","largest joint count, then lexicographic tuple of source mutation strings in ascending position order",observed_training_profile,"Observed training annotation; coefficient belongs to the original position rule, not this mutation profile."
PI/DRV,CV-min,10;13;90,P10 + P13 + P90,0.030831135482495504,145,893,L10I + I13V + L90M,45,45/145,107,38,"{""mixed_amino_acid_token"": 38}",9,1,"[[""L10I"", ""I13V"", ""L90M""]]","largest joint count, then lexicographic tuple of source mutation strings in ascending position order",observed_training_profile,"Observed training annotation; coefficient belongs to the original position rule, not this mutation profile."
PI/DRV,CV-min,11;63;71,P11 + P63 + P71,0.01741600226617316,81,893,V11I + L63P + A71V,31,31/81,59,22,"{""mixed_amino_acid_token"": 22}",9,1,"[[""V11I"", ""L63P"", ""A71V""]]","largest joint count, then lexicographic tuple of source mutation strings in ascending position order",observed_training_profile,"Observed training annotation; coefficient belongs to the original position rule, not this mutation profile."
PI/DRV,CV-min,10;35;71,P10 + P35 + P71,0.012676912975993059,175,893,L10I + E35D + A71V,49,49/175,140,35,"{""mixed_amino_acid_token"": 34, ""unknown_X"": 1}",22,1,"[[""L10I"", ""E35D"", ""A71V""]]","largest joint count, then lexicographic tuple of source mutation strings in ascending position order",observed_training_profile,"Observed training annotation; coefficient belongs to the original position rule, not this mutation profile."
PI/DRV,CV-min,54;63,P54 + P63,0.011253797617578486,312,893,I54V + L63P,165,165/312,304,8,"{""mixed_amino_acid_token"": 8}",20,1,"[[""I54V"", ""L63P""]]","largest joint count, then lexicographic tuple of source mutation strings in ascending position order",observed_training_profile,"Observed training annotation; coefficient belongs to the original position rule, not this mutation profile."
PI/DRV,CV-min,10;13,P10 + P13,0.0083604827667291878,239,893,L10I + I13V,80,80/239,178,61,"{""mixed_amino_acid_token"": 61}",10,1,"[[""L10I"", ""I13V""]]","largest joint count, then lexicographic tuple of source mutation strings in ascending position order",observed_training_profile,"Observed training annotation; coefficient belongs to the original position rule, not this mutation profile."
PI/FPV,CV-min,10,P10,0.78756921021752668,1006,1846,L10I,556,556/1006,903,103,"{""mixed_amino_acid_token"": 102, ""unknown_X"": 1}",9,1,"[[""L10I""]]","largest joint count, then lexicographic tuple of source mutation strings in ascending position order",observed_training_profile,"Observed training annotation; coefficient belongs to the original position rule, not this mutation profile."
PI/FPV,CV-min,84,P84,0.52338809458770963,372,1846,I84V,347,347/372,372,0,{},4,1,"[[""I84V""]]","largest joint count, then lexicographic tuple of source mutation strings in ascending position order",observed_training_profile,"Observed training annotation; coefficient belongs to the original position rule, not this mutation profile."
PI/FPV,CV-min,54,P54,0.39432151702483687,650,1846,I54V,419,419/650,650,0,{},7,1,"[[""I54V""]]","largest joint count, then lexicographic tuple of source mutation strings in ascending position order",observed_training_profile,"Observed training annotation; coefficient belongs to the original position rule, not this mutation profile."
PI/FPV,CV-min,33,P33,0.37937909594390556,437,1846,L33F,313,313/437,394,43,"{""asterisk_special_marker"": 1, ""mixed_amino_acid_token"": 42}",4,1,"[[""L33F""]]","largest joint count, then lexicographic tuple of source mutation strings in ascending position order",observed_training_profile,"Observed training annotation; coefficient belongs to the original position rule, not this mutation profile."
PI/FPV,CV-min,10;33,P10 + P33,0.35052976419970061,383,1846,L10I + L33F,143,143/383,316,67,"{""asterisk_special_marker"": 1, ""mixed_amino_acid_token"": 66}",15,1,"[[""L10I"", ""L33F""]]","largest joint count, then lexicographic tuple of source mutation strings in ascending position order",observed_training_profile,"Observed training annotation; coefficient belongs to the original position rule, not this mutation profile."
PI/FPV,CV-min,46,P46,0.34947474855015098,679,1846,M46I,435,435/679,616,63,"{""mixed_amino_acid_token"": 63}",3,1,"[[""M46I""]]","largest joint count, then lexicographic tuple of source mutation strings in ascending position order",observed_training_profile,"Observed training annotation; coefficient belongs to the original position rule, not this mutation profile."
PI/FPV,CV-min,32,P32,0.31725640336125099,167,1846,V32I,166,166/167,167,0,{},2,1,"[[""V32I""]]","largest joint count, then lexicographic tuple of source mutation strings in ascending position order",observed_training_profile,"Observed training annotation; coefficient belongs to the original position rule, not this mutation profile."
PI/FPV,CV-min,10;89,P10 + P89,0.22929833384666287,162,1846,L10I + L89V,32,32/162,136,26,"{""mixed_amino_acid_token"": 26}",17,1,"[[""L10I"", ""L89V""]]","largest joint count, then lexicographic tuple of source mutation strings in ascending position order",observed_training_profile,"Observed training annotation; coefficient belongs to the original position rule, not this mutation profile."
PI/FPV,CV-min,47,P47,0.22616745843008054,107,1846,I47V,99,99/107,107,0,{},3,1,"[[""I47V""]]","largest joint count, then lexicographic tuple of source mutation strings in ascending position order",observed_training_profile,"Observed training annotation; coefficient belongs to the original position rule, not this mutation profile."
PI/FPV,CV-min,32;63,P32 + P63,0.17271734412897902,161,1846,V32I + L63P,145,145/161,156,5,"{""mixed_amino_acid_token"": 5}",8,1,"[[""V32I"", ""L63P""]]","largest joint count, then lexicographic tuple of source mutation strings in ascending position order",observed_training_profile,"Observed training annotation; coefficient belongs to the original position rule, not this mutation profile."
PI/FPV,CV-min,50,P50,0.14799619655738475,80,1846,I50V,46,46/80,80,0,{},2,1,"[[""I50V""]]","largest joint count, then lexicographic tuple of source mutation strings in ascending position order",observed_training_profile,"Observed training annotation; coefficient belongs to the original position rule, not this mutation profile."
PI/FPV,CV-min,10;20;36,P10 + P20 + P36,0.12973405863370263,383,1846,L10I + K20R + M36I,108,108/383,304,79,"{""mixed_amino_acid_token"": 77, ""unknown_X"": 2}",31,1,"[[""L10I"", ""K20R"", ""M36I""]]","largest joint count, then lexicographic tuple of source mutation strings in ascending position order",observed_training_profile,"Observed training annotation; coefficient belongs to the original position rule, not this mutation profile."
PI/FPV,CV-min,10;13,P10 + P13,0.079113749725337495,409,1846,L10I + I13V,163,163/409,328,81,"{""mixed_amino_acid_token"": 80, ""unknown_X"": 1}",16,1,"[[""L10I"", ""I13V""]]","largest joint count, then lexicographic tuple of source mutation strings in ascending position order",observed_training_profile,"Observed training annotation; coefficient belongs to the original position rule, not this mutation profile."
PI/FPV,CV-min,34,P34,0.072870307416112931,95,1846,E34Q,45,45/95,73,22,"{""mixed_amino_acid_token"": 21, ""unknown_X"": 1}",10,1,"[[""E34Q""]]","largest joint count, then lexicographic tuple of source mutation strings in ascending position order",observed_training_profile,"Observed training annotation; coefficient belongs to the original position rule, not this mutation profile."
PI/FPV,CV-min,10;20,P10 + P20,0.065676052490644149,446,1846,L10I + K20R,121,121/446,363,83,"{""mixed_amino_acid_token"": 80, ""unknown_X"": 4}",25,1,"[[""L10I"", ""K20R""]]","largest joint count, then lexicographic tuple of source mutation strings in ascending position order",observed_training_profile,"Observed training annotation; coefficient belongs to the original position rule, not this mutation profile."
PI/FPV,CV-min,10;71,P10 + P71,0.062609778535060515,715,1846,L10I + A71V,286,286/715,613,102,"{""mixed_amino_acid_token"": 100, ""unknown_X"": 2}",24,1,"[[""L10I"", ""A71V""]]","largest joint count, then lexicographic tuple of source mutation strings in ascending position order",observed_training_profile,"Observed training annotation; coefficient belongs to the original position rule, not this mutation profile."
PI/FPV,CV-min,43;63,P43 + P63,0.060691477858988228,194,1846,K43T + L63P,101,101/194,145,49,"{""mixed_amino_acid_token"": 46, ""unknown_X"": 3}",13,1,"[[""K43T"", ""L63P""]]","largest joint count, then lexicographic tuple of source mutation strings in ascending position order",observed_training_profile,"Observed training annotation; coefficient belongs to the original position rule, not this mutation profile."
PI/FPV,CV-min,73,P73,0.047095502242323922,320,1846,G73S,174,174/320,270,50,"{""mixed_amino_acid_token"": 49, ""unknown_X"": 1}",7,1,"[[""G73S""]]","largest joint count, then lexicographic tuple of source mutation strings in ascending position order",observed_training_profile,"Observed training annotation; coefficient belongs to the original position rule, not this mutation profile."
PI/FPV,CV-min,10;15;63,P10 + P15 + P63,0.043192847752760818,215,1846,L10I + I15V + L63P,65,65/215,154,61,"{""mixed_amino_acid_token"": 61}",21,1,"[[""L10I"", ""I15V"", ""L63P""]]","largest joint count, then lexicographic tuple of source mutation strings in ascending position order",observed_training_profile,"Observed training annotation; coefficient belongs to the original position rule, not this mutation profile."
PI/FPV,CV-min,10;15;36;63,P10 + P15 + P36 + P63,0.03576445479492199,149,1846,L10I + I15V + M36I + L63P,38,38/149,105,44,"{""mixed_amino_acid_token"": 44}",22,1,"[[""L10I"", ""I15V"", ""M36I"", ""L63P""]]","largest joint count, then lexicographic tuple of source mutation strings in ascending position order",observed_training_profile,"Observed training annotation; coefficient belongs to the original position rule, not this mutation profile."
PI/FPV,CV-min,10;33;41,P10 + P33 + P41,0.035381550176218579,112,1846,L10I + L33F + R41K,30,30/112,69,43,"{""asterisk_special_marker"": 1, ""mixed_amino_acid_token"": 42}",12,1,"[[""L10I"", ""L33F"", ""R41K""]]","largest joint count, then lexicographic tuple of source mutation strings in ascending position order",observed_training_profile,"Observed training annotation; coefficient belongs to the original position rule, not this mutation profile."
PI/FPV,CV-min,10;63;89,P10 + P63 + P89,0.03258713628795739,148,1846,L10I + L63P + L89V,31,31/148,115,33,"{""mixed_amino_acid_token"": 30, ""unknown_X"": 3}",30,1,"[[""L10I"", ""L63P"", ""L89V""]]","largest joint count, then lexicographic tuple of source mutation strings in ascending position order",observed_training_profile,"Observed training annotation; coefficient belongs to the original position rule, not this mutation profile."
PI/FPV,CV-min,76,P76,0.032200515753033392,61,1846,L76V,61,61/61,61,0,{},1,1,"[[""L76V""]]","largest joint count, then lexicographic tuple of source mutation strings in ascending position order",observed_training_profile,"Observed training annotation; coefficient belongs to the original position rule, not this mutation profile."
PI/FPV,CV-min,13;90,P13 + P90,0.020210354801976284,260,1846,I13V + L90M,207,207/260,219,41,"{""mixed_amino_acid_token"": 41}",4,1,"[[""I13V"", ""L90M""]]","largest joint count, then lexicographic tuple of source mutation strings in ascending position order",observed_training_profile,"Observed training annotation; coefficient belongs to the original position rule, not this mutation profile."
PI/FPV,CV-min,20;35;63,P20 + P35 + P63,0.0077741018115904106,312,1846,K20R + E35D + L63P,139,139/312,253,59,"{""mixed_amino_acid_token"": 57, ""unknown_X"": 3}",36,1,"[[""K20R"", ""E35D"", ""L63P""]]","largest joint count, then lexicographic tuple of source mutation strings in ascending position order",observed_training_profile,"Observed training annotation; coefficient belongs to the original position rule, not this mutation profile."
PI/IDV,CV-min,10,P10,0.86928132475887998,1023,1888,L10I,576,576/1023,919,104,"{""mixed_amino_acid_token"": 102, ""unknown_X"": 2}",9,1,"[[""L10I""]]","largest joint count, then lexicographic tuple of source mutation strings in ascending position order",observed_training_profile,"Observed training annotation; coefficient belongs to the original position rule, not this mutation profile."
PI/IDV,CV-min,54,P54,0.53230681274799396,655,1888,I54V,424,424/655,655,0,{},7,1,"[[""I54V""]]","largest joint count, then lexicographic tuple of source mutation strings in ascending position order",observed_training_profile,"Observed training annotation; coefficient belongs to the original position rule, not this mutation profile."
PI/IDV,CV-min,48;54;82,P48 + P54 + P82,0.51468987350947737,83,1888,G48V + I54V + V82A,28,28/83,83,0,{},22,1,"[[""G48V"", ""I54V"", ""V82A""]]","largest joint count, then lexicographic tuple of source mutation strings in ascending position order",observed_training_profile,"Observed training annotation; coefficient belongs to the original position rule, not this mutation profile."
PI/IDV,CV-min,84,P84,0.44367675746055119,365,1888,I84V,342,342/365,365,0,{},3,1,"[[""I84V""]]","largest joint count, then lexicographic tuple of source mutation strings in ascending position order",observed_training_profile,"Observed training annotation; coefficient belongs to the original position rule, not this mutation profile."
PI/IDV,CV-min,82;84,P82 + P84,-0.41606749524032738,124,1888,V82A + I84V,63,63/124,123,1,"{""unknown_X"": 1}",9,1,"[[""V82A"", ""I84V""]]","largest joint count, then lexicographic tuple of source mutation strings in ascending position order",observed_training_profile,"Observed training annotation; coefficient belongs to the original position rule, not this mutation profile."
PI/IDV,CV-min,10;48;54;71,P10 + P48 + P54 + P71,0.4061353841319727,68,1888,L10I + G48V + I54V + A71V,13,13/68,63,5,"{""mixed_amino_acid_token"": 5}",25,1,"[[""L10I"", ""G48V"", ""I54V"", ""A71V""]]","largest joint count, then lexicographic tuple of source mutation strings in ascending position order",observed_training_profile,"Observed training annotation; coefficient belongs to the original position rule, not this mutation profile."
PI/IDV,CV-min,71,P71,0.39390488312608829,880,1888,A71V,566,566/880,794,86,"{""mixed_amino_acid_token"": 82, ""unknown_X"": 4}",6,1,"[[""A71V""]]","largest joint count, then lexicographic tuple of source mutation strings in ascending position order",observed_training_profile,"Observed training annotation; coefficient belongs to the original position rule, not this mutation profile."
PI/IDV,CV-min,82,P82,0.37781506315041535,621,1888,V82A,400,400/621,618,3,"{""unknown_X"": 3}",8,1,"[[""V82A""]]","largest joint count, then lexicographic tuple of source mutation strings in ascending position order",observed_training_profile,"Observed training annotation; coefficient belongs to the original position rule, not this mutation profile."
PI/IDV,CV-min,46;63,P46 + P63,0.32870422501184693,659,1888,M46I + L63P,367,367/659,575,84,"{""mixed_amino_acid_token"": 82, ""unknown_X"": 2}",18,1,"[[""M46I"", ""L63P""]]","largest joint count, then lexicographic tuple of source mutation strings in ascending position order",observed_training_profile,"Observed training annotation; coefficient belongs to the original position rule, not this mutation profile."
PI/IDV,CV-min,73,P73,0.28071455183280608,323,1888,G73S,170,170/323,274,49,"{""mixed_amino_acid_token"": 48, ""unknown_X"": 1}",7,1,"[[""G73S""]]","largest joint count, then lexicographic tuple of source mutation strings in ascending position order",observed_training_profile,"Observed training annotation; coefficient belongs to the original position rule, not this mutation profile."
PI/IDV,CV-min,46,P46,0.26099890272622339,699,1888,M46I,440,440/699,632,67,"{""mixed_amino_acid_token"": 67}",3,1,"[[""M46I""]]","largest joint count, then lexicographic tuple of source mutation strings in ascending position order",observed_training_profile,"Observed training annotation; coefficient belongs to the original position rule, not this mutation profile."
PI/IDV,CV-min,90,P90,0.19509746650375651,662,1888,L90M,627,627/662,628,34,"{""mixed_amino_acid_token"": 34}",2,1,"[[""L90M""]]","largest joint count, then lexicographic tuple of source mutation strings in ascending position order",observed_training_profile,"Observed training annotation; coefficient belongs to the original position rule, not this mutation profile."
PI/IDV,CV-min,10;33;46;54,P10 + P33 + P46 + P54,-0.19131074924831065,222,1888,L10F + L33F + M46I + I54V,20,20/222,167,55,"{""asterisk_special_marker"": 1, ""mixed_amino_acid_token"": 54}",37,2,"[[""L10F"", ""L33F"", ""M46I"", ""I54V""], [""L10I"", ""L33F"", ""M46L"", ""I54V""]]","largest joint count, then lexicographic tuple of source mutation strings in ascending position order",observed_training_profile,"Observed training annotation; coefficient belongs to the original position rule, not this mutation profile."
PI/IDV,CV-min,46;50,P46 + P50,-0.18034165972046134,46,1888,M46I + I50V,23,23/46,40,6,"{""mixed_amino_acid_token"": 6}",5,1,"[[""M46I"", ""I50V""]]","largest joint count, then lexicographic tuple of source mutation strings in ascending position order",observed_training_profile,"Observed training annotation; coefficient belongs to the original position rule, not this mutation profile."
PI/IDV,CV-min,54;62;64,P54 + P62 + P64,0.15314318978106942,64,1888,I54V + I62V + I64V,29,29/64,44,20,"{""mixed_amino_acid_token"": 20}",10,1,"[[""I54V"", ""I62V"", ""I64V""]]","largest joint count, then lexicographic tuple of source mutation strings in ascending position order",observed_training_profile,"Observed training annotation; coefficient belongs to the original position rule, not this mutation profile."
PI/IDV,CV-min,46;84,P46 + P84,0.13811315010923883,251,1888,M46I + I84V,152,152/251,235,16,"{""mixed_amino_acid_token"": 16}",7,1,"[[""M46I"", ""I84V""]]","largest joint count, then lexicographic tuple of source mutation strings in ascending position order",observed_training_profile,"Observed training annotation; coefficient belongs to the original position rule, not this mutation profile."
PI/IDV,CV-min,19;20;36;46,P19 + P20 + P36 + P46,0.12423334246198954,66,1888,L19I + K20R + M36I + M46I,9,9/66,38,28,"{""mixed_amino_acid_token"": 28}",19,1,"[[""L19I"", ""K20R"", ""M36I"", ""M46I""]]","largest joint count, then lexicographic tuple of source mutation strings in ascending position order",observed_training_profile,"Observed training annotation; coefficient belongs to the original position rule, not this mutation profile."
PI/IDV,CV-min,20,P20,0.12171203318207559,591,1888,K20R,228,228/591,514,77,"{""mixed_amino_acid_token"": 73, ""unknown_X"": 4}",9,1,"[[""K20R""]]","largest joint count, then lexicographic tuple of source mutation strings in ascending position order",observed_training_profile,"Observed training annotation; coefficient belongs to the original position rule, not this mutation profile."
PI/IDV,CV-min,10;54;62;74,P10 + P54 + P62 + P74,0.11073387822108403,61,1888,L10I + I54V + I62V + T74S,10,10/61,51,10,"{""mixed_amino_acid_token"": 10}",20,1,"[[""L10I"", ""I54V"", ""I62V"", ""T74S""]]","largest joint count, then lexicographic tuple of source mutation strings in ascending position order",observed_training_profile,"Observed training annotation; coefficient belongs to the original position rule, not this mutation profile."
PI/IDV,CV-min,46;54;71;90,P46 + P54 + P71 + P90,-0.1101663454038075,228,1888,M46I + I54V + A71V + L90M,53,53/228,193,35,"{""mixed_amino_acid_token"": 35}",27,1,"[[""M46I"", ""I54V"", ""A71V"", ""L90M""]]","largest joint count, then lexicographic tuple of source mutation strings in ascending position order",observed_training_profile,"Observed training annotation; coefficient belongs to the original position rule, not this mutation profile."
PI/IDV,CV-min,72;90,P72 + P90,0.10514590536149701,214,1888,I72T + L90M,44,44/214,156,58,"{""mixed_amino_acid_token"": 57, ""unknown_X"": 1}",8,1,"[[""I72T"", ""L90M""]]","largest joint count, then lexicographic tuple of source mutation strings in ascending position order",observed_training_profile,"Observed training annotation; coefficient belongs to the original position rule, not this mutation profile."
PI/IDV,CV-min,10;82;89,P10 + P82 + P89,0.10476481825053541,90,1888,L10I + V82A + L89V,12,12/90,72,18,"{""mixed_amino_acid_token"": 17, ""unknown_X"": 1}",26,1,"[[""L10I"", ""V82A"", ""L89V""]]","largest joint count, then lexicographic tuple of source mutation strings in ascending position order",observed_training_profile,"Observed training annotation; coefficient belongs to the original position rule, not this mutation profile."
PI/IDV,CV-min,10;19;37,P10 + P19 + P37,0.10455618602793375,67,1888,L10F + L19I + N37D,6,6/67,29,38,"{""asterisk_special_marker"": 1, ""mixed_amino_acid_token"": 35, ""unknown_X"": 3}",19,1,"[[""L10F"", ""L19I"", ""N37D""]]","largest joint count, then lexicographic tuple of source mutation strings in ascending position order",observed_training_profile,"Observed training annotation; coefficient belongs to the original position rule, not this mutation profile."
PI/IDV,CV-min,20;61,P20 + P61,0.10372652259497879,38,1888,K20R + Q61E,8,8/38,24,14,"{""asterisk_special_marker"": 1, ""mixed_amino_acid_token"": 13}",10,1,"[[""K20R"", ""Q61E""]]","largest joint count, then lexicographic tuple of source mutation strings in ascending position order",observed_training_profile,"Observed training annotation; coefficient belongs to the original position rule, not this mutation profile."
PI/IDV,CV-min,35;72,P35 + P72,0.090882838767880392,171,1888,E35D + I72V,45,45/171,118,53,"{""mixed_amino_acid_token"": 50, ""unknown_X"": 3}",10,1,"[[""E35D"", ""I72V""]]","largest joint count, then lexicographic tuple of source mutation strings in ascending position order",observed_training_profile,"Observed training annotation; coefficient belongs to the original position rule, not this mutation profile."
PI/IDV,CV-min,46;63;76,P46 + P63 + P76,0.089708054437319829,45,1888,M46I + L63P + L76V,30,30/45,43,2,"{""mixed_amino_acid_token"": 2}",6,1,"[[""M46I"", ""L63P"", ""L76V""]]","largest joint count, then lexicographic tuple of source mutation strings in ascending position order",observed_training_profile,"Observed training annotation; coefficient belongs to the original position rule, not this mutation profile."
PI/IDV,CV-min,48;54;77;82,P48 + P54 + P77 + P82,0.086325980168303257,39,1888,G48V + I54V + V77I + V82A,17,17/39,38,1,"{""mixed_amino_acid_token"": 1}",11,1,"[[""G48V"", ""I54V"", ""V77I"", ""V82A""]]","largest joint count, then lexicographic tuple of source mutation strings in ascending position order",observed_training_profile,"Observed training annotation; coefficient belongs to the original position rule, not this mutation profile."
PI/IDV,CV-min,10;35;62;74,P10 + P35 + P62 + P74,0.084790509559824895,44,1888,L10I + E35D + I62V + T74S,11,11/44,34,10,"{""mixed_amino_acid_token"": 10}",11,1,"[[""L10I"", ""E35D"", ""I62V"", ""T74S""]]","largest joint count, then lexicographic tuple of source mutation strings in ascending position order",observed_training_profile,"Observed training annotation; coefficient belongs to the original position rule, not this mutation profile."
PI/IDV,CV-min,46;54;71;93,P46 + P54 + P71 + P93,-0.082965404788205813,183,1888,M46I + I54V + A71V + I93L,47,47/183,153,30,"{""mixed_amino_acid_token"": 29, ""unknown_X"": 1}",31,1,"[[""M46I"", ""I54V"", ""A71V"", ""I93L""]]","largest joint count, then lexicographic tuple of source mutation strings in ascending position order",observed_training_profile,"Observed training annotation; coefficient belongs to the original position rule, not this mutation profile."
PI/IDV,CV-min,33;46;54;71,P33 + P46 + P54 + P71,-0.075499175396283841,200,1888,L33F + M46L + I54V + A71V,27,27/200,157,43,"{""mixed_amino_acid_token"": 43}",37,1,"[[""L33F"", ""M46L"", ""I54V"", ""A71V""]]","largest joint count, then lexicographic tuple of source mutation strings in ascending position order",observed_training_profile,"Observed training annotation; coefficient belongs to the original position rule, not this mutation profile."
PI/IDV,CV-min,33;36;37;41,P33 + P36 + P37 + P41,0.074006058477128281,39,1888,L33F + M36I + N37S + R41K,6,6/39,22,17,"{""mixed_amino_acid_token"": 17, ""unknown_X"": 1}",11,1,"[[""L33F"", ""M36I"", ""N37S"", ""R41K""]]","largest joint count, then lexicographic tuple of source mutation strings in ascending position order",observed_training_profile,"Observed training annotation; coefficient belongs to the original position rule, not this mutation profile."
PI/IDV,CV-min,10;54;63;69,P10 + P54 + P63 + P69,0.072213359049140127,59,1888,L10I + I54V + L63P + H69Y,5,5/59,37,22,"{""mixed_amino_acid_token"": 22}",27,1,"[[""L10I"", ""I54V"", ""L63P"", ""H69Y""]]","largest joint count, then lexicographic tuple of source mutation strings in ascending position order",observed_training_profile,"Observed training annotation; coefficient belongs to the original position rule, not this mutation profile."
PI/IDV,CV-min,46;76,P46 + P76,0.068105448518694711,47,1888,M46I + L76V,38,38/47,46,1,"{""mixed_amino_acid_token"": 1}",3,1,"[[""M46I"", ""L76V""]]","largest joint count, then lexicographic tuple of source mutation strings in ascending position order",observed_training_profile,"Observed training annotation; coefficient belongs to the original position rule, not this mutation profile."
PI/IDV,CV-min,57;71;82,P57 + P71 + P82,0.066761161753848927,106,1888,R57K + A71V + V82A,39,39/106,82,24,"{""mixed_amino_acid_token"": 24, ""unknown_X"": 1}",19,1,"[[""R57K"", ""A71V"", ""V82A""]]","largest joint count, then lexicographic tuple of source mutation strings in ascending position order",observed_training_profile,"Observed training annotation; coefficient belongs to the original position rule, not this mutation profile."
PI/IDV,CV-min,63;67;90,P63 + P67 + P90,0.065920656491220558,53,1888,L63P + C67F + L90M,23,23/53,40,13,"{""mixed_amino_acid_token"": 13}",8,1,"[[""L63P"", ""C67F"", ""L90M""]]","largest joint count, then lexicographic tuple of source mutation strings in ascending position order",observed_training_profile,"Observed training annotation; coefficient belongs to the original position rule, not this mutation profile."
PI/IDV,CV-min,10;57;82,P10 + P57 + P82,0.063476874318802418,115,1888,L10I + R57K + V82A,36,36/115,87,28,"{""mixed_amino_acid_token"": 28, ""unknown_X"": 1}",19,1,"[[""L10I"", ""R57K"", ""V82A""]]","largest joint count, then lexicographic tuple of source mutation strings in ascending position order",observed_training_profile,"Observed training annotation; coefficient belongs to the original position rule, not this mutation profile."
PI/IDV,CV-min,13;33;54;82,P13 + P33 + P54 + P82,0.062495624537872697,136,1888,I13V + L33F + I54V + V82A,39,39/136,112,24,"{""asterisk_special_marker"": 1, ""mixed_amino_acid_token"": 23}",26,1,"[[""I13V"", ""L33F"", ""I54V"", ""V82A""]]","largest joint count, then lexicographic tuple of source mutation strings in ascending position order",observed_training_profile,"Observed training annotation; coefficient belongs to the original position rule, not this mutation profile."
PI/IDV,CV-min,46;63;82;84,P46 + P63 + P82 + P84,-0.057413536317736935,83,1888,M46L + L63P + V82A + I84V,22,22/83,77,6,"{""mixed_amino_acid_token"": 6, ""unknown_X"": 1}",18,1,"[[""M46L"", ""L63P"", ""V82A"", ""I84V""]]","largest joint count, then lexicographic tuple of source mutation strings in ascending position order",observed_training_profile,"Observed training annotation; coefficient belongs to the original position rule, not this mutation profile."
PI/IDV,CV-min,10;36;37,P10 + P36 + P37,0.056694152647150019,240,1888,L10I + M36I + N37D,48,48/240,167,73,"{""mixed_amino_acid_token"": 71, ""unknown_X"": 2}",31,1,"[[""L10I"", ""M36I"", ""N37D""]]","largest joint count, then lexicographic tuple of source mutation strings in ascending position order",observed_training_profile,"Observed training annotation; coefficient belongs to the original position rule, not this mutation profile."
PI/IDV,CV-min,24;63,P24 + P63,0.05539644566425684,135,1888,L24I + L63P,85,85/135,114,21,"{""asterisk_special_marker"": 1, ""mixed_amino_acid_token"": 20}",9,1,"[[""L24I"", ""L63P""]]","largest joint count, then lexicographic tuple of source mutation strings in ascending position order",observed_training_profile,"Observed training annotation; coefficient belongs to the original position rule, not this mutation profile."
PI/IDV,CV-min,10;72;73;84,P10 + P72 + P73 + P84,0.054989322492871112,70,1888,L10F + I72L + G73S + I84V,5,5/70,44,26,"{""mixed_amino_acid_token"": 25, ""unknown_X"": 1}",24,1,"[[""L10F"", ""I72L"", ""G73S"", ""I84V""]]","largest joint count, then lexicographic tuple of source mutation strings in ascending position order",observed_training_profile,"Observed training annotation; coefficient belongs to the original position rule, not this mutation profile."
PI/IDV,CV-min,16;82,P16 + P82,0.054430676201249903,83,1888,G16A + V82A,21,21/83,49,34,"{""mixed_amino_acid_token"": 33, ""unknown_X"": 1}",9,1,"[[""G16A"", ""V82A""]]","largest joint count, then lexicographic tuple of source mutation strings in ascending position order",observed_training_profile,"Observed training annotation; coefficient belongs to the original position rule, not this mutation profile."
PI/IDV,CV-min,33;63;77;82,P33 + P63 + P77 + P82,0.052745623723789013,61,1888,L33F + L63P + V77I + V82A,30,30/61,51,10,"{""mixed_amino_acid_token"": 10}",9,1,"[[""L33F"", ""L63P"", ""V77I"", ""V82A""]]","largest joint count, then lexicographic tuple of source mutation strings in ascending position order",observed_training_profile,"Observed training annotation; coefficient belongs to the original position rule, not this mutation profile."
PI/IDV,CV-min,13;43,P13 + P43,0.050804968176361688,107,1888,I13V + K43T,55,55/107,75,32,"{""mixed_amino_acid_token"": 31, ""unknown_X"": 1}",7,1,"[[""I13V"", ""K43T""]]","largest joint count, then lexicographic tuple of source mutation strings in ascending position order",observed_training_profile,"Observed training annotation; coefficient belongs to the original position rule, not this mutation profile."
PI/IDV,CV-min,35;54;62,P35 + P54 + P62,0.047861860007494671,190,1888,E35D + I54V + I62V,103,103/190,165,25,"{""mixed_amino_acid_token"": 24, ""unknown_X"": 1}",11,1,"[[""E35D"", ""I54V"", ""I62V""]]","largest joint count, then lexicographic tuple of source mutation strings in ascending position order",observed_training_profile,"Observed training annotation; coefficient belongs to the original position rule, not this mutation profile."
PI/IDV,CV-min,20;41;46;71,P20 + P41 + P46 + P71,-0.044296479635885934,71,1888,K20R + R41K + M46L + A71V,7,7/71,46,25,"{""mixed_amino_acid_token"": 25}",21,1,"[[""K20R"", ""R41K"", ""M46L"", ""A71V""]]","largest joint count, then lexicographic tuple of source mutation strings in ascending position order",observed_training_profile,"Observed training annotation; coefficient belongs to the original position rule, not this mutation profile."
PI/IDV,CV-min,10;63;66;84,P10 + P63 + P66 + P84,0.041806120968233489,47,1888,L10F + L63P + I66V + I84V,10,10/47,26,21,"{""mixed_amino_acid_token"": 21}",9,1,"[[""L10F"", ""L63P"", ""I66V"", ""I84V""]]","largest joint count, then lexicographic tuple of source mutation strings in ascending position order",observed_training_profile,"Observed training annotation; coefficient belongs to the original position rule, not this mutation profile."
PI/IDV,CV-min,33;82,P33 + P82,0.041531901031777202,260,1888,L33F + V82A,144,144/260,235,25,"{""asterisk_special_marker"": 1, ""mixed_amino_acid_token"": 22, ""unknown_X"": 2}",21,1,"[[""L33F"", ""V82A""]]","largest joint count, then lexicographic tuple of source mutation strings in ascending position order",observed_training_profile,"Observed training annotation; coefficient belongs to the original position rule, not this mutation profile."
PI/IDV,CV-min,36;54,P36 + P54,0.040562629135767796,406,1888,M36I + I54V,227,227/406,372,34,"{""mixed_amino_acid_token"": 34}",18,1,"[[""M36I"", ""I54V""]]","largest joint count, then lexicographic tuple of source mutation strings in ascending position order",observed_training_profile,"Observed training annotation; coefficient belongs to the original position rule, not this mutation profile."
PI/IDV,CV-min,47,P47,0.039398519831577314,114,1888,I47V,105,105/114,114,0,{},3,1,"[[""I47V""]]","largest joint count, then lexicographic tuple of source mutation strings in ascending position order",observed_training_profile,"Observed training annotation; coefficient belongs to the original position rule, not this mutation profile."
PI/IDV,CV-min,20;36,P20 + P36,0.039360958807096474,498,1888,K20R + M36I,194,194/498,420,78,"{""mixed_amino_acid_token"": 75, ""unknown_X"": 3}",15,1,"[[""K20R"", ""M36I""]]","largest joint count, then lexicographic tuple of source mutation strings in ascending position order",observed_training_profile,"Observed training annotation; coefficient belongs to the original position rule, not this mutation profile."
PI/IDV,CV-min,54;62,P54 + P62,0.035427443122082229,336,1888,I54V + I62V,202,202/336,302,34,"{""mixed_amino_acid_token"": 34}",6,1,"[[""I54V"", ""I62V""]]","largest joint count, then lexicographic tuple of source mutation strings in ascending position order",observed_training_profile,"Observed training annotation; coefficient belongs to the original position rule, not this mutation profile."
PI/IDV,CV-min,54;74;82,P54 + P74 + P82,0.035244425523510425,74,1888,I54V + T74S + V82A,21,21/74,69,5,"{""mixed_amino_acid_token"": 4, ""unknown_X"": 1}",30,1,"[[""I54V"", ""T74S"", ""V82A""]]","largest joint count, then lexicographic tuple of source mutation strings in ascending position order",observed_training_profile,"Observed training annotation; coefficient belongs to the original position rule, not this mutation profile."
PI/IDV,CV-min,14,P14,-0.035096877585889905,231,1888,K14R,148,148/231,155,76,"{""asterisk_special_marker"": 6, ""mixed_amino_acid_token"": 70}",5,1,"[[""K14R""]]","largest joint count, then lexicographic tuple of source mutation strings in ascending position order",observed_training_profile,"Observed training annotation; coefficient belongs to the original position rule, not this mutation profile."
PI/IDV,CV-min,33;46;62;71,P33 + P46 + P62 + P71,-0.02987515045844296,134,1888,L33F + M46I + I62V + A71V,25,25/134,93,41,"{""mixed_amino_acid_token"": 41}",15,2,"[[""L33F"", ""M46I"", ""I62V"", ""A71V""], [""L33F"", ""M46L"", ""I62V"", ""A71V""]]","largest joint count, then lexicographic tuple of source mutation strings in ascending position order",observed_training_profile,"Observed training annotation; coefficient belongs to the original position rule, not this mutation profile."
PI/IDV,CV-min,36;82,P36 + P82,0.028243365990884485,357,1888,M36I + V82A,178,178/357,324,33,"{""mixed_amino_acid_token"": 31, ""unknown_X"": 2}",18,1,"[[""M36I"", ""V82A""]]","largest joint count, then lexicographic tuple of source mutation strings in ascending position order",observed_training_profile,"Observed training annotation; coefficient belongs to the original position rule, not this mutation profile."
PI/IDV,CV-min,10;35;54;74,P10 + P35 + P54 + P74,0.027487650520355376,41,1888,L10I + E35D + I54V + T74S,8,8/41,35,6,"{""mixed_amino_acid_token"": 6}",20,1,"[[""L10I"", ""E35D"", ""I54V"", ""T74S""]]","largest joint count, then lexicographic tuple of source mutation strings in ascending position order",observed_training_profile,"Observed training annotation; coefficient belongs to the original position rule, not this mutation profile."
PI/IDV,CV-min,10;62;63;66,P10 + P62 + P63 + P66,0.027344738497637352,47,1888,L10F + I62V + L63P + I66V,7,7/47,25,22,"{""mixed_amino_acid_token"": 22}",9,1,"[[""L10F"", ""I62V"", ""L63P"", ""I66V""]]","largest joint count, then lexicographic tuple of source mutation strings in ascending position order",observed_training_profile,"Observed training annotation; coefficient belongs to the original position rule, not this mutation profile."
PI/IDV,CV-min,46;73,P46 + P73,0.024888771957362076,222,1888,M46I + G73S,68,68/222,174,48,"{""mixed_amino_acid_token"": 47, ""unknown_X"": 1}",13,1,"[[""M46I"", ""G73S""]]","largest joint count, then lexicographic tuple of source mutation strings in ascending position order",observed_training_profile,"Observed training annotation; coefficient belongs to the original position rule, not this mutation profile."
PI/IDV,CV-min,11;33;63,P11 + P33 + P63,-0.024002989440862571,70,1888,V11I + L33F + L63P,25,25/70,48,22,"{""mixed_amino_acid_token"": 22}",7,1,"[[""V11I"", ""L33F"", ""L63P""]]","largest joint count, then lexicographic tuple of source mutation strings in ascending position order",observed_training_profile,"Observed training annotation; coefficient belongs to the original position rule, not this mutation profile."
PI/IDV,CV-min,13;90,P13 + P90,0.020451367303078425,260,1888,I13V + L90M,209,209/260,218,42,"{""mixed_amino_acid_token"": 42}",3,1,"[[""I13V"", ""L90M""]]","largest joint count, then lexicographic tuple of source mutation strings in ascending position order",observed_training_profile,"Observed training annotation; coefficient belongs to the original position rule, not this mutation profile."
PI/IDV,CV-min,10;15,P10 + P15,0.01965302869850416,225,1888,L10I + I15V,89,89/225,164,61,"{""mixed_amino_acid_token"": 59, ""unknown_X"": 2}",8,1,"[[""L10I"", ""I15V""]]","largest joint count, then lexicographic tuple of source mutation strings in ascending position order",observed_training_profile,"Observed training annotation; coefficient belongs to the original position rule, not this mutation profile."
PI/IDV,CV-min,20;36;82,P20 + P36 + P82,0.018599979552040673,279,1888,K20R + M36I + V82A,103,103/279,244,35,"{""mixed_amino_acid_token"": 33, ""unknown_X"": 3}",37,1,"[[""K20R"", ""M36I"", ""V82A""]]","largest joint count, then lexicographic tuple of source mutation strings in ascending position order",observed_training_profile,"Observed training annotation; coefficient belongs to the original position rule, not this mutation profile."
PI/IDV,CV-min,62;71;82;90,P62 + P71 + P82 + P90,-0.01739799900956154,138,1888,I62V + A71V + V82A + L90M,49,49/138,120,18,"{""mixed_amino_acid_token"": 17, ""unknown_X"": 1}",19,1,"[[""I62V"", ""A71V"", ""V82A"", ""L90M""]]","largest joint count, then lexicographic tuple of source mutation strings in ascending position order",observed_training_profile,"Observed training annotation; coefficient belongs to the original position rule, not this mutation profile."
PI/IDV,CV-min,24;63;71,P24 + P63 + P71,0.017370129699611377,100,1888,L24I + L63P + A71V,52,52/100,84,16,"{""mixed_amino_acid_token"": 16}",8,1,"[[""L24I"", ""L63P"", ""A71V""]]","largest joint count, then lexicographic tuple of source mutation strings in ascending position order",observed_training_profile,"Observed training annotation; coefficient belongs to the original position rule, not this mutation profile."
PI/IDV,CV-min,10;46;71;90,P10 + P46 + P71 + P90,-0.016567377724159706,310,1888,L10I + M46I + A71V + L90M,55,55/310,247,63,"{""mixed_amino_acid_token"": 63}",26,1,"[[""L10I"", ""M46I"", ""A71V"", ""L90M""]]","largest joint count, then lexicographic tuple of source mutation strings in ascending position order",observed_training_profile,"Observed training annotation; coefficient belongs to the original position rule, not this mutation profile."
PI/IDV,CV-min,10;16;71,P10 + P16 + P71,0.014601128418927786,85,1888,L10F + G16A + A71V,13,13/85,49,36,"{""mixed_amino_acid_token"": 36}",13,1,"[[""L10F"", ""G16A"", ""A71V""]]","largest joint count, then lexicographic tuple of source mutation strings in ascending position order",observed_training_profile,"Observed training annotation; coefficient belongs to the original position rule, not this mutation profile."
PI/IDV,CV-min,19;36;46,P19 + P36 + P46,0.014366852275146974,80,1888,L19I + M36I + M46I,21,21/80,51,29,"{""mixed_amino_acid_token"": 29}",15,1,"[[""L19I"", ""M36I"", ""M46I""]]","largest joint count, then lexicographic tuple of source mutation strings in ascending position order",observed_training_profile,"Observed training annotation; coefficient belongs to the original position rule, not this mutation profile."
PI/IDV,CV-min,54;63;64;93,P54 + P63 + P64 + P93,0.012607903322761701,49,1888,I54V + L63P + I64V + I93L,14,14/49,29,20,"{""mixed_amino_acid_token"": 20}",11,1,"[[""I54V"", ""L63P"", ""I64V"", ""I93L""]]","largest joint count, then lexicographic tuple of source mutation strings in ascending position order",observed_training_profile,"Observed training annotation; coefficient belongs to the original position rule, not this mutation profile."
PI/IDV,CV-min,32;33;54;73,P32 + P33 + P54 + P73,-0.012576364082409964,46,1888,V32I + L33F + I54L + G73S,12,12/46,42,4,"{""mixed_amino_acid_token"": 3, ""unknown_X"": 1}",13,1,"[[""V32I"", ""L33F"", ""I54L"", ""G73S""]]","largest joint count, then lexicographic tuple of source mutation strings in ascending position order",observed_training_profile,"Observed training annotation; coefficient belongs to the original position rule, not this mutation profile."
PI/IDV,CV-min,10;63;69,P10 + P63 + P69,0.010358570568059668,92,1888,L10I + L63P + H69Q,14,14/92,60,32,"{""mixed_amino_acid_token"": 31, ""unknown_X"": 1}",20,1,"[[""L10I"", ""L63P"", ""H69Q""]]","largest joint count, then lexicographic tuple of source mutation strings in ascending position order",observed_training_profile,"Observed training annotation; coefficient belongs to the original position rule, not this mutation profile."
PI/IDV,CV-min,36;63;82,P36 + P63 + P82,0.0093380211523030731,331,1888,M36I + L63P + V82A,150,150/331,287,44,"{""mixed_amino_acid_token"": 42, ""unknown_X"": 3}",34,1,"[[""M36I"", ""L63P"", ""V82A""]]","largest joint count, then lexicographic tuple of source mutation strings in ascending position order",observed_training_profile,"Observed training annotation; coefficient belongs to the original position rule, not this mutation profile."
PI/IDV,CV-min,46;72,P46 + P72,0.0090959222035694506,215,1888,M46I + I72V,34,34/215,147,68,"{""mixed_amino_acid_token"": 66, ""unknown_X"": 2}",16,1,"[[""M46I"", ""I72V""]]","largest joint count, then lexicographic tuple of source mutation strings in ascending position order",observed_training_profile,"Observed training annotation; coefficient belongs to the original position rule, not this mutation profile."
PI/IDV,CV-min,10;66;84,P10 + P66 + P84,0.007787786498731861,51,1888,L10F + I66V + I84V,10,10/51,31,20,"{""mixed_amino_acid_token"": 20}",9,1,"[[""L10F"", ""I66V"", ""I84V""]]","largest joint count, then lexicographic tuple of source mutation strings in ascending position order",observed_training_profile,"Observed training annotation; coefficient belongs to the original position rule, not this mutation profile."
PI/IDV,CV-min,54;82,P54 + P82,0.0069677685639513457,464,1888,I54V + V82A,245,245/464,462,2,"{""unknown_X"": 2}",30,1,"[[""I54V"", ""V82A""]]","largest joint count, then lexicographic tuple of source mutation strings in ascending position order",observed_training_profile,"Observed training annotation; coefficient belongs to the original position rule, not this mutation profile."
PI/IDV,CV-min,36;90,P36 + P90,0.0054067737997036923,364,1888,M36I + L90M,282,282/364,323,41,"{""mixed_amino_acid_token"": 41}",6,1,"[[""M36I"", ""L90M""]]","largest joint count, then lexicographic tuple of source mutation strings in ascending position order",observed_training_profile,"Observed training annotation; coefficient belongs to the original position rule, not this mutation profile."
PI/IDV,CV-min,13;35;36;54,P13 + P35 + P36 + P54,0.0052903886465251642,138,1888,I13V + E35D + M36I + I54V,51,51/138,110,28,"{""mixed_amino_acid_token"": 28}",19,1,"[[""I13V"", ""E35D"", ""M36I"", ""I54V""]]","largest joint count, then lexicographic tuple of source mutation strings in ascending position order",observed_training_profile,"Observed training annotation; coefficient belongs to the original position rule, not this mutation profile."
PI/IDV,CV-min,10;62;64,P10 + P62 + P64,0.0044037127355980882,107,1888,L10I + I62V + I64V,31,31/107,67,40,"{""mixed_amino_acid_token"": 39, ""unknown_X"": 1}",9,1,"[[""L10I"", ""I62V"", ""I64V""]]","largest joint count, then lexicographic tuple of source mutation strings in ascending position order",observed_training_profile,"Observed training annotation; coefficient belongs to the original position rule, not this mutation profile."
PI/IDV,CV-min,10;13;33;82,P10 + P13 + P33 + P82,0.0041516720813311982,148,1888,L10I + I13V + L33F + V82A,38,38/148,106,42,"{""asterisk_special_marker"": 1, ""mixed_amino_acid_token"": 41}",25,1,"[[""L10I"", ""I13V"", ""L33F"", ""V82A""]]","largest joint count, then lexicographic tuple of source mutation strings in ascending position order",observed_training_profile,"Observed training annotation; coefficient belongs to the original position rule, not this mutation profile."
PI/IDV,CV-min,10;37;72,P10 + P37 + P72,0.0031072496859918335,125,1888,L10I + N37D + I72V,10,10/125,65,60,"{""mixed_amino_acid_token"": 58, ""unknown_X"": 2}",28,1,"[[""L10I"", ""N37D"", ""I72V""]]","largest joint count, then lexicographic tuple of source mutation strings in ascending position order",observed_training_profile,"Observed training annotation; coefficient belongs to the original position rule, not this mutation profile."
PI/IDV,CV-min,16;71,P16 + P71,0.0025188332988083637,92,1888,G16A + A71V,31,31/92,53,39,"{""mixed_amino_acid_token"": 39}",8,1,"[[""G16A"", ""A71V""]]","largest joint count, then lexicographic tuple of source mutation strings in ascending position order",observed_training_profile,"Observed training annotation; coefficient belongs to the original position rule, not this mutation profile."
PI/IDV,CV-min,10;36;82,P10 + P36 + P82,0.0017891770268308091,305,1888,L10I + M36I + V82A,101,101/305,249,56,"{""mixed_amino_acid_token"": 53, ""unknown_X"": 3}",36,1,"[[""L10I"", ""M36I"", ""V82A""]]","largest joint count, then lexicographic tuple of source mutation strings in ascending position order",observed_training_profile,"Observed training annotation; coefficient belongs to the original position rule, not this mutation profile."
PI/IDV,CV-min,77;93,P77 + P93,-0.0016999825576131562,310,1888,V77I + I93L,265,265/310,276,34,"{""mixed_amino_acid_token"": 34}",5,1,"[[""V77I"", ""I93L""]]","largest joint count, then lexicographic tuple of source mutation strings in ascending position order",observed_training_profile,"Observed training annotation; coefficient belongs to the original position rule, not this mutation profile."
PI/LPV,CV-min,54,P54,1.0261751272218682,633,1626,I54V,409,409/633,633,0,{},7,1,"[[""I54V""]]","largest joint count, then lexicographic tuple of source mutation strings in ascending position order",observed_training_profile,"Observed training annotation; coefficient belongs to the original position rule, not this mutation profile."
PI/LPV,CV-min,10,P10,0.78864461130807595,954,1626,L10I,525,525/954,849,105,"{""mixed_amino_acid_token"": 104, ""unknown_X"": 1}",8,1,"[[""L10I""]]","largest joint count, then lexicographic tuple of source mutation strings in ascending position order",observed_training_profile,"Observed training annotation; coefficient belongs to the original position rule, not this mutation profile."
PI/LPV,CV-min,82,P82,0.62980840589243237,579,1626,V82A,382,382/579,575,4,"{""unknown_X"": 4}",8,1,"[[""V82A""]]","largest joint count, then lexicographic tuple of source mutation strings in ascending position order",observed_training_profile,"Observed training annotation; coefficient belongs to the original position rule, not this mutation profile."
PI/LPV,CV-min,46,P46,0.62184620426455905,646,1626,M46I,412,412/646,586,60,"{""mixed_amino_acid_token"": 60}",3,1,"[[""M46I""]]","largest joint count, then lexicographic tuple of source mutation strings in ascending position order",observed_training_profile,"Observed training annotation; coefficient belongs to the original position rule, not this mutation profile."
PI/LPV,CV-min,47,P47,0.49134755223170262,112,1626,I47V,103,103/112,112,0,{},3,1,"[[""I47V""]]","largest joint count, then lexicographic tuple of source mutation strings in ascending position order",observed_training_profile,"Observed training annotation; coefficient belongs to the original position rule, not this mutation profile."
PI/LPV,CV-min,33,P33,0.4764969638484734,423,1626,L33F,312,312/423,385,38,"{""mixed_amino_acid_token"": 38}",4,1,"[[""L33F""]]","largest joint count, then lexicographic tuple of source mutation strings in ascending position order",observed_training_profile,"Observed training annotation; coefficient belongs to the original position rule, not this mutation profile."
PI/LPV,CV-min,84,P84,0.43062879111036911,341,1626,I84V,321,321/341,341,0,{},4,1,"[[""I84V""]]","largest joint count, then lexicographic tuple of source mutation strings in ascending position order",observed_training_profile,"Observed training annotation; coefficient belongs to the original position rule, not this mutation profile."
PI/LPV,CV-min,48;54;82,P48 + P54 + P82,0.41790383649940027,79,1626,G48V + I54V + V82A,23,23/79,79,0,{},21,1,"[[""G48V"", ""I54V"", ""V82A""]]","largest joint count, then lexicographic tuple of source mutation strings in ascending position order",observed_training_profile,"Observed training annotation; coefficient belongs to the original position rule, not this mutation profile."
PI/LPV,CV-min,76,P76,0.39473621700380418,62,1626,L76V,62,62/62,62,0,{},1,1,"[[""L76V""]]","largest joint count, then lexicographic tuple of source mutation strings in ascending position order",observed_training_profile,"Observed training annotation; coefficient belongs to the original position rule, not this mutation profile."
PI/LPV,CV-min,63;82;84,P63 + P82 + P84,-0.3251659464176424,115,1626,L63P + V82A + I84V,48,48/115,113,2,"{""mixed_amino_acid_token"": 2, ""unknown_X"": 1}",17,1,"[[""L63P"", ""V82A"", ""I84V""]]","largest joint count, then lexicographic tuple of source mutation strings in ascending position order",observed_training_profile,"Observed training annotation; coefficient belongs to the original position rule, not this mutation profile."
PI/LPV,CV-min,10;33;46;54,P10 + P33 + P46 + P54,-0.24948053759458957,221,1626,L10I + L33F + M46L + I54V,20,20/221,166,55,"{""mixed_amino_acid_token"": 55}",37,1,"[[""L10I"", ""L33F"", ""M46L"", ""I54V""]]","largest joint count, then lexicographic tuple of source mutation strings in ascending position order",observed_training_profile,"Observed training annotation; coefficient belongs to the original position rule, not this mutation profile."
PI/LPV,CV-min,20;36,P20 + P36,0.20370945942448029,455,1626,K20R + M36I,192,192/455,385,70,"{""mixed_amino_acid_token"": 68, ""unknown_X"": 2}",13,1,"[[""K20R"", ""M36I""]]","largest joint count, then lexicographic tuple of source mutation strings in ascending position order",observed_training_profile,"Observed training annotation; coefficient belongs to the original position rule, not this mutation profile."
PI/LPV,CV-min,10;46;54;82,P10 + P46 + P54 + P82,-0.20113017427071259,293,1626,L10I + M46L + I54V + V82A,39,39/293,243,50,"{""mixed_amino_acid_token"": 47, ""unknown_X"": 4}",56,1,"[[""L10I"", ""M46L"", ""I54V"", ""V82A""]]","largest joint count, then lexicographic tuple of source mutation strings in ascending position order",observed_training_profile,"Observed training annotation; coefficient belongs to the original position rule, not this mutation profile."
PI/LPV,CV-min,71,P71,0.11554188521033304,825,1626,A71V,532,532/825,751,74,"{""mixed_amino_acid_token"": 72, ""unknown_X"": 2}",6,1,"[[""A71V""]]","largest joint count, then lexicographic tuple of source mutation strings in ascending position order",observed_training_profile,"Observed training annotation; coefficient belongs to the original position rule, not this mutation profile."
PI/LPV,CV-min,24;63;71,P24 + P63 + P71,0.1075661415798301,97,1626,L24I + L63P + A71V,53,53/97,82,15,"{""mixed_amino_acid_token"": 15}",9,1,"[[""L24I"", ""L63P"", ""A71V""]]","largest joint count, then lexicographic tuple of source mutation strings in ascending position order",observed_training_profile,"Observed training annotation; coefficient belongs to the original position rule, not this mutation profile."
PI/LPV,CV-min,73,P73,0.10740824867051109,307,1626,G73S,167,167/307,259,48,"{""mixed_amino_acid_token"": 47, ""unknown_X"": 1}",6,1,"[[""G73S""]]","largest joint count, then lexicographic tuple of source mutation strings in ascending position order",observed_training_profile,"Observed training annotation; coefficient belongs to the original position rule, not this mutation profile."
PI/LPV,CV-min,46;84,P46 + P84,0.089496095206723456,233,1626,M46I + I84V,143,143/233,221,12,"{""mixed_amino_acid_token"": 12}",8,1,"[[""M46I"", ""I84V""]]","largest joint count, then lexicographic tuple of source mutation strings in ascending position order",observed_training_profile,"Observed training annotation; coefficient belongs to the original position rule, not this mutation profile."
PI/LPV,CV-min,19;46,P19 + P46,0.08708023258434977,126,1626,L19I + M46I,44,44/126,88,38,"{""mixed_amino_acid_token"": 37, ""unknown_X"": 1}",12,1,"[[""L19I"", ""M46I""]]","largest joint count, then lexicographic tuple of source mutation strings in ascending position order",observed_training_profile,"Observed training annotation; coefficient belongs to the original position rule, not this mutation profile."
PI/LPV,CV-min,10;89,P10 + P89,0.085448050798046751,161,1626,L10I + L89V,32,32/161,133,28,"{""mixed_amino_acid_token"": 28}",15,1,"[[""L10I"", ""L89V""]]","largest joint count, then lexicographic tuple of source mutation strings in ascending position order",observed_training_profile,"Observed training annotation; coefficient belongs to the original position rule, not this mutation profile."
PI/LPV,CV-min,71;72;90,P71 + P72 + P90,0.079663946184923978,177,1626,A71V + I72L + L90M,21,21/177,123,54,"{""mixed_amino_acid_token"": 54}",22,1,"[[""A71V"", ""I72L"", ""L90M""]]","largest joint count, then lexicographic tuple of source mutation strings in ascending position order",observed_training_profile,"Observed training annotation; coefficient belongs to the original position rule, not this mutation profile."
PI/LPV,CV-min,57;82,P57 + P82,0.079382528192262505,131,1626,R57K + V82A,65,65/131,110,21,"{""mixed_amino_acid_token"": 21, ""unknown_X"": 1}",13,1,"[[""R57K"", ""V82A""]]","largest joint count, then lexicographic tuple of source mutation strings in ascending position order",observed_training_profile,"Observed training annotation; coefficient belongs to the original position rule, not this mutation profile."
PI/LPV,CV-min,53,P53,0.077472551274782642,133,1626,F53L,96,96/133,103,30,"{""mixed_amino_acid_token"": 29, ""unknown_X"": 1}",3,1,"[[""F53L""]]","largest joint count, then lexicographic tuple of source mutation strings in ascending position order",observed_training_profile,"Observed training annotation; coefficient belongs to the original position rule, not this mutation profile."
PI/LPV,CV-min,10;62,P10 + P62,0.075742153930219713,454,1626,L10I + I62V,215,215/454,347,107,"{""mixed_amino_acid_token"": 107}",8,1,"[[""L10I"", ""I62V""]]","largest joint count, then lexicographic tuple of source mutation strings in ascending position order",observed_training_profile,"Observed training annotation; coefficient belongs to the original position rule, not this mutation profile."
PI/LPV,CV-min,63;67,P63 + P67,0.062597538109848805,74,1626,L63P + C67F,22,22/74,52,22,"{""mixed_amino_acid_token"": 20, ""unknown_X"": 2}",12,1,"[[""L63P"", ""C67F""]]","largest joint count, then lexicographic tuple of source mutation strings in ascending position order",observed_training_profile,"Observed training annotation; coefficient belongs to the original position rule, not this mutation profile."
PI/LPV,CV-min,47;54;62;63,P47 + P54 + P62 + P63,-0.061195244434756102,34,1626,I47V + I54M + I62V + L63P,12,12/34,30,4,"{""mixed_amino_acid_token"": 4}",5,1,"[[""I47V"", ""I54M"", ""I62V"", ""L63P""]]","largest joint count, then lexicographic tuple of source mutation strings in ascending position order",observed_training_profile,"Observed training annotation; coefficient belongs to the original position rule, not this mutation profile."
PI/LPV,CV-min,10;91,P10 + P91,0.053657514919416241,46,1626,L10F + T91S,15,15/46,37,9,"{""mixed_amino_acid_token"": 9}",8,1,"[[""L10F"", ""T91S""]]","largest joint count, then lexicographic tuple of source mutation strings in ascending position order",observed_training_profile,"Observed training annotation; coefficient belongs to the original position rule, not this mutation profile."
PI/LPV,CV-min,36;47;54,P36 + P47 + P54,-0.048845553864769284,54,1626,M36I + I47V + I54M,16,16/54,47,7,"{""mixed_amino_acid_token"": 7}",10,1,"[[""M36I"", ""I47V"", ""I54M""]]","largest joint count, then lexicographic tuple of source mutation strings in ascending position order",observed_training_profile,"Observed training annotation; coefficient belongs to the original position rule, not this mutation profile."
PI/LPV,CV-min,36;37;63;82,P36 + P37 + P63 + P82,0.042412747814059015,152,1626,M36I + N37D + L63P + V82A,32,32/152,109,43,"{""mixed_amino_acid_token"": 42, ""unknown_X"": 1}",32,1,"[[""M36I"", ""N37D"", ""L63P"", ""V82A""]]","largest joint count, then lexicographic tuple of source mutation strings in ascending position order",observed_training_profile,"Observed training annotation; coefficient belongs to the original position rule, not this mutation profile."
PI/LPV,CV-min,46;72,P46 + P72,0.041529727900177581,211,1626,M46I + I72V,33,33/211,145,66,"{""mixed_amino_acid_token"": 65, ""unknown_X"": 1}",17,1,"[[""M46I"", ""I72V""]]","largest joint count, then lexicographic tuple of source mutation strings in ascending position order",observed_training_profile,"Observed training annotation; coefficient belongs to the original position rule, not this mutation profile."
PI/LPV,CV-min,10;20;32;54,P10 + P20 + P32 + P54,-0.041454843643383137,69,1626,L10I + K20R + V32I + I54M,9,9/69,60,9,"{""mixed_amino_acid_token"": 9}",25,2,"[[""L10I"", ""K20R"", ""V32I"", ""I54M""], [""L10I"", ""K20R"", ""V32I"", ""I54V""]]","largest joint count, then lexicographic tuple of source mutation strings in ascending position order",observed_training_profile,"Observed training annotation; coefficient belongs to the original position rule, not this mutation profile."
PI/LPV,CV-min,10;15,P10 + P15,0.039951001823752073,234,1626,L10I + I15V,94,94/234,173,61,"{""mixed_amino_acid_token"": 60, ""unknown_X"": 1}",7,1,"[[""L10I"", ""I15V""]]","largest joint count, then lexicographic tuple of source mutation strings in ascending position order",observed_training_profile,"Observed training annotation; coefficient belongs to the original position rule, not this mutation profile."
PI/LPV,CV-min,10;92,P10 + P92,0.039483159723292888,68,1626,L10I + Q92K,22,22/68,55,13,"{""mixed_amino_acid_token"": 13}",10,1,"[[""L10I"", ""Q92K""]]","largest joint count, then lexicographic tuple of source mutation strings in ascending position order",observed_training_profile,"Observed training annotation; coefficient belongs to the original position rule, not this mutation profile."
PI/LPV,CV-min,46;57,P46 + P57,0.039433476511082713,129,1626,M46I + R57K,65,65/129,100,29,"{""mixed_amino_acid_token"": 29}",5,1,"[[""M46I"", ""R57K""]]","largest joint count, then lexicographic tuple of source mutation strings in ascending position order",observed_training_profile,"Observed training annotation; coefficient belongs to the original position rule, not this mutation profile."
PI/LPV,CV-min,10;77;82,P10 + P77 + P82,0.039335349174561565,139,1626,L10I + V77I + V82A,55,55/139,117,22,"{""mixed_amino_acid_token"": 22}",20,1,"[[""L10I"", ""V77I"", ""V82A""]]","largest joint count, then lexicographic tuple of source mutation strings in ascending position order",observed_training_profile,"Observed training annotation; coefficient belongs to the original position rule, not this mutation profile."
PI/LPV,CV-min,13,P13,0.037675846432653509,537,1626,I13V,443,443/537,458,79,"{""mixed_amino_acid_token"": 78, ""unknown_X"": 1}",4,1,"[[""I13V""]]","largest joint count, then lexicographic tuple of source mutation strings in ascending position order",observed_training_profile,"Observed training annotation; coefficient belongs to the original position rule, not this mutation profile."
PI/LPV,CV-min,20;33;46;54,P20 + P33 + P46 + P54,-0.035202340298931781,101,1626,K20R + L33F + M46L + I54V,13,13/101,81,20,"{""mixed_amino_acid_token"": 20}",29,1,"[[""K20R"", ""L33F"", ""M46L"", ""I54V""]]","largest joint count, then lexicographic tuple of source mutation strings in ascending position order",observed_training_profile,"Observed training annotation; coefficient belongs to the original position rule, not this mutation profile."
PI/LPV,CV-min,36;90,P36 + P90,0.034279546775895564,335,1626,M36I + L90M,263,263/335,300,35,"{""mixed_amino_acid_token"": 35}",6,1,"[[""M36I"", ""L90M""]]","largest joint count, then lexicographic tuple of source mutation strings in ascending position order",observed_training_profile,"Observed training annotation; coefficient belongs to the original position rule, not this mutation profile."
PI/LPV,CV-min,10;57,P10 + P57,0.030779131685696213,205,1626,L10I + R57K,65,65/205,149,56,"{""mixed_amino_acid_token"": 56}",10,1,"[[""L10I"", ""R57K""]]","largest joint count, then lexicographic tuple of source mutation strings in ascending position order",observed_training_profile,"Observed training annotation; coefficient belongs to the original position rule, not this mutation profile."
PI/LPV,CV-min,16,P16,0.030052882321923591,152,1626,G16A,52,52/152,103,49,"{""mixed_amino_acid_token"": 47, ""unknown_X"": 2}",4,1,"[[""G16A""]]","largest joint count, then lexicographic tuple of source mutation strings in ascending position order",observed_training_profile,"Observed training annotation; coefficient belongs to the original position rule, not this mutation profile."
PI/LPV,CV-min,14,P14,-0.029072572945501314,200,1626,K14R,125,125/200,132,68,"{""asterisk_special_marker"": 4, ""mixed_amino_acid_token"": 64}",5,1,"[[""K14R""]]","largest joint count, then lexicographic tuple of source mutation strings in ascending position order",observed_training_profile,"Observed training annotation; coefficient belongs to the original position rule, not this mutation profile."
PI/LPV,CV-min,10;36,P10 + P36,0.027512161265789634,506,1626,L10I + M36I,212,212/506,409,97,"{""mixed_amino_acid_token"": 96, ""unknown_X"": 1}",15,1,"[[""L10I"", ""M36I""]]","largest joint count, then lexicographic tuple of source mutation strings in ascending position order",observed_training_profile,"Observed training annotation; coefficient belongs to the original position rule, not this mutation profile."
PI/LPV,CV-min,84;90,P84 + P90,0.027402324011431264,202,1626,I84V + L90M,198,198/202,199,3,"{""mixed_amino_acid_token"": 3}",2,1,"[[""I84V"", ""L90M""]]","largest joint count, then lexicographic tuple of source mutation strings in ascending position order",observed_training_profile,"Observed training annotation; coefficient belongs to the original position rule, not this mutation profile."
PI/LPV,CV-min,33;82,P33 + P82,0.025696961878990576,262,1626,L33F + V82A,148,148/262,241,21,"{""mixed_amino_acid_token"": 19, ""unknown_X"": 2}",20,1,"[[""L33F"", ""V82A""]]","largest joint count, then lexicographic tuple of source mutation strings in ascending position order",observed_training_profile,"Observed training annotation; coefficient belongs to the original position rule, not this mutation profile."
PI/LPV,CV-min,24;63;73,P24 + P63 + P73,0.025346618349490896,41,1626,L24I + L63P + G73S,9,9/41,28,13,"{""asterisk_special_marker"": 1, ""mixed_amino_acid_token"": 12}",10,1,"[[""L24I"", ""L63P"", ""G73S""]]","largest joint count, then lexicographic tuple of source mutation strings in ascending position order",observed_training_profile,"Observed training annotation; coefficient belongs to the original position rule, not this mutation profile."
PI/LPV,CV-min,10;20;33;46,P10 + P20 + P33 + P46,-0.025141198952631668,116,1626,L10I + K20R + L33F + M46I,13,13/116,85,31,"{""mixed_amino_acid_token"": 31}",31,1,"[[""L10I"", ""K20R"", ""L33F"", ""M46I""]]","largest joint count, then lexicographic tuple of source mutation strings in ascending position order",observed_training_profile,"Observed training annotation; coefficient belongs to the original position rule, not this mutation profile."
PI/LPV,CV-min,33;46;54;93,P33 + P46 + P54 + P93,-0.024791584280467027,117,1626,L33F + M46I + I54V + I93L,23,23/117,94,23,"{""mixed_amino_acid_token"": 23}",17,1,"[[""L33F"", ""M46I"", ""I54V"", ""I93L""]]","largest joint count, then lexicographic tuple of source mutation strings in ascending position order",observed_training_profile,"Observed training annotation; coefficient belongs to the original position rule, not this mutation profile."
PI/LPV,CV-min,32;33;36;46,P32 + P33 + P36 + P46,-0.023846862516751353,54,1626,V32I + L33F + M36I + M46I,21,21/54,43,11,"{""mixed_amino_acid_token"": 11}",11,1,"[[""V32I"", ""L33F"", ""M36I"", ""M46I""]]","largest joint count, then lexicographic tuple of source mutation strings in ascending position order",observed_training_profile,"Observed training annotation; coefficient belongs to the original position rule, not this mutation profile."
PI/LPV,CV-min,16;41,P16 + P41,0.023604062335638557,47,1626,G16E + R41K,17,17/47,28,19,"{""mixed_amino_acid_token"": 17, ""unknown_X"": 2}",4,1,"[[""G16E"", ""R41K""]]","largest joint count, then lexicographic tuple of source mutation strings in ascending position order",observed_training_profile,"Observed training annotation; coefficient belongs to the original position rule, not this mutation profile."
PI/LPV,CV-min,61,P61,0.022036821893213925,108,1626,Q61E,51,51/108,87,21,"{""asterisk_special_marker"": 1, ""mixed_amino_acid_token"": 20}",7,1,"[[""Q61E""]]","largest joint count, then lexicographic tuple of source mutation strings in ascending position order",observed_training_profile,"Observed training annotation; coefficient belongs to the original position rule, not this mutation profile."
PI/LPV,CV-min,10;72;84;90,P10 + P72 + P84 + P90,0.020462988421222884,77,1626,L10F + I72L + I84V + L90M,9,9/77,54,23,"{""mixed_amino_acid_token"": 23}",16,2,"[[""L10F"", ""I72L"", ""I84V"", ""L90M""], [""L10I"", ""I72L"", ""I84V"", ""L90M""]]","largest joint count, then lexicographic tuple of source mutation strings in ascending position order",observed_training_profile,"Observed training annotation; coefficient belongs to the original position rule, not this mutation profile."
PI/LPV,CV-min,54;63;64,P54 + P63 + P64,0.01788674051018976,100,1626,I54V + L63P + I64V,36,36/100,79,21,"{""mixed_amino_acid_token"": 20, ""unknown_X"": 1}",23,1,"[[""I54V"", ""L63P"", ""I64V""]]","largest joint count, then lexicographic tuple of source mutation strings in ascending position order",observed_training_profile,"Observed training annotation; coefficient belongs to the original position rule, not this mutation profile."
PI/LPV,CV-min,72;90,P72 + P90,0.017646393595307733,206,1626,I72T + L90M,41,41/206,149,57,"{""mixed_amino_acid_token"": 57}",8,1,"[[""I72T"", ""L90M""]]","largest joint count, then lexicographic tuple of source mutation strings in ascending position order",observed_training_profile,"Observed training annotation; coefficient belongs to the original position rule, not this mutation profile."
PI/LPV,CV-min,20;61,P20 + P61,0.017030836231769118,42,1626,K20R + Q61E,10,10/42,30,12,"{""mixed_amino_acid_token"": 11, ""unknown_X"": 1}",11,1,"[[""K20R"", ""Q61E""]]","largest joint count, then lexicographic tuple of source mutation strings in ascending position order",observed_training_profile,"Observed training annotation; coefficient belongs to the original position rule, not this mutation profile."
PI/LPV,CV-min,13;20;71;82,P13 + P20 + P71 + P82,-0.012696170475085301,100,1626,I13V + K20R + A71V + V82A,16,16/100,76,24,"{""mixed_amino_acid_token"": 24}",33,1,"[[""I13V"", ""K20R"", ""A71V"", ""V82A""]]","largest joint count, then lexicographic tuple of source mutation strings in ascending position order",observed_training_profile,"Observed training annotation; coefficient belongs to the original position rule, not this mutation profile."
PI/LPV,CV-min,33;46;54;63,P33 + P46 + P54 + P63,-0.012437313871861897,224,1626,L33F + M46I + I54V + L63P,46,46/224,183,41,"{""mixed_amino_acid_token"": 40, ""unknown_X"": 1}",28,1,"[[""L33F"", ""M46I"", ""I54V"", ""L63P""]]","largest joint count, then lexicographic tuple of source mutation strings in ascending position order",observed_training_profile,"Observed training annotation; coefficient belongs to the original position rule, not this mutation profile."
PI/LPV,CV-min,36;62;63,P36 + P62 + P63,0.012114624811164461,365,1626,M36I + I62V + L63P,209,209/365,276,89,"{""mixed_amino_acid_token"": 88, ""unknown_X"": 2}",17,1,"[[""M36I"", ""I62V"", ""L63P""]]","largest joint count, then lexicographic tuple of source mutation strings in ascending position order",observed_training_profile,"Observed training annotation; coefficient belongs to the original position rule, not this mutation profile."
PI/LPV,CV-min,33;35;46;54,P33 + P35 + P46 + P54,-0.0085358881847733981,102,1626,L33F + E35D + M46L + I54V,17,17/102,82,20,"{""mixed_amino_acid_token"": 19, ""unknown_X"": 1}",20,1,"[[""L33F"", ""E35D"", ""M46L"", ""I54V""]]","largest joint count, then lexicographic tuple of source mutation strings in ascending position order",observed_training_profile,"Observed training annotation; coefficient belongs to the original position rule, not this mutation profile."
PI/LPV,CV-min,13;35,P13 + P35,0.0080701761763452354,227,1626,I13V + E35D,149,149/227,184,43,"{""mixed_amino_acid_token"": 42, ""unknown_X"": 1}",12,1,"[[""I13V"", ""E35D""]]","largest joint count, then lexicographic tuple of source mutation strings in ascending position order",observed_training_profile,"Observed training annotation; coefficient belongs to the original position rule, not this mutation profile."
PI/LPV,CV-min,10;37;74,P10 + P37 + P74,0.006507278362908403,43,1626,L10F + N37D + T74S,5,5/43,29,14,"{""mixed_amino_acid_token"": 12, ""unknown_X"": 2}",16,1,"[[""L10F"", ""N37D"", ""T74S""]]","largest joint count, then lexicographic tuple of source mutation strings in ascending position order",observed_training_profile,"Observed training annotation; coefficient belongs to the original position rule, not this mutation profile."
PI/LPV,CV-min,10;32;46;54,P10 + P32 + P46 + P54,-0.0052234872003136196,87,1626,L10I + V32I + M46I + I54M,15,15/87,73,14,"{""mixed_amino_acid_token"": 14}",19,1,"[[""L10I"", ""V32I"", ""M46I"", ""I54M""]]","largest joint count, then lexicographic tuple of source mutation strings in ascending position order",observed_training_profile,"Observed training annotation; coefficient belongs to the original position rule, not this mutation profile."
PI/LPV,CV-min,20;33;47;63,P20 + P33 + P47 + P63,-0.0050982687911761033,32,1626,K20R + L33F + I47V + L63P,14,14/32,27,5,"{""mixed_amino_acid_token"": 5}",8,1,"[[""K20R"", ""L33F"", ""I47V"", ""L63P""]]","largest joint count, then lexicographic tuple of source mutation strings in ascending position order",observed_training_profile,"Observed training annotation; coefficient belongs to the original position rule, not this mutation profile."
PI/LPV,CV-min,24;63,P24 + P63,0.0039588981885808061,127,1626,L24I + L63P,82,82/127,108,19,"{""asterisk_special_marker"": 1, ""mixed_amino_acid_token"": 18}",10,1,"[[""L24I"", ""L63P""]]","largest joint count, then lexicographic tuple of source mutation strings in ascending position order",observed_training_profile,"Observed training annotation; coefficient belongs to the original position rule, not this mutation profile."
PI/LPV,CV-min,10;37,P10 + P37,0.0033602644418089401,352,1626,L10I + N37D,79,79/352,249,103,"{""mixed_amino_acid_token"": 98, ""unknown_X"": 9}",28,1,"[[""L10I"", ""N37D""]]","largest joint count, then lexicographic tuple of source mutation strings in ascending position order",observed_training_profile,"Observed training annotation; coefficient belongs to the original position rule, not this mutation profile."
PI/LPV,CV-min,13;62,P13 + P62,0.0025831505804698794,238,1626,I13V + I62V,159,159/238,168,70,"{""mixed_amino_acid_token"": 69, ""unknown_X"": 1}",4,1,"[[""I13V"", ""I62V""]]","largest joint count, then lexicographic tuple of source mutation strings in ascending position order",observed_training_profile,"Observed training annotation; coefficient belongs to the original position rule, not this mutation profile."
PI/LPV,CV-min,10;13;41;82,P10 + P13 + P41 + P82,0.0023235303844066583,48,1626,L10I + I13V + R41K + V82A,13,13/48,30,18,"{""mixed_amino_acid_token"": 18}",13,1,"[[""L10I"", ""I13V"", ""R41K"", ""V82A""]]","largest joint count, then lexicographic tuple of source mutation strings in ascending position order",observed_training_profile,"Observed training annotation; coefficient belongs to the original position rule, not this mutation profile."
PI/LPV,CV-min,20;33;62;71,P20 + P33 + P62 + P71,-0.0018577201563598359,102,1626,K20R + L33F + I62V + A71V,28,28/102,74,28,"{""mixed_amino_acid_token"": 28, ""unknown_X"": 1}",19,1,"[[""K20R"", ""L33F"", ""I62V"", ""A71V""]]","largest joint count, then lexicographic tuple of source mutation strings in ascending position order",observed_training_profile,"Observed training annotation; coefficient belongs to the original position rule, not this mutation profile."
PI/LPV,CV-min,24;33;63,P24 + P33 + P63,0.0018255407063794472,66,1626,L24I + L33F + L63P,37,37/66,56,10,"{""mixed_amino_acid_token"": 10}",7,1,"[[""L24I"", ""L33F"", ""L63P""]]","largest joint count, then lexicographic tuple of source mutation strings in ascending position order",observed_training_profile,"Observed training annotation; coefficient belongs to the original position rule, not this mutation profile."
PI/LPV,CV-min,15;57,P15 + P57,0.00059441173869591898,97,1626,I15V + R57K,48,48/97,71,26,"{""mixed_amino_acid_token"": 26}",3,1,"[[""I15V"", ""R57K""]]","largest joint count, then lexicographic tuple of source mutation strings in ascending position order",observed_training_profile,"Observed training annotation; coefficient belongs to the original position rule, not this mutation profile."
PI/NFV,CV-min,30,P30,1.0467787830431254,102,1919,D30N,102,102/102,102,0,{},1,1,"[[""D30N""]]","largest joint count, then lexicographic tuple of source mutation strings in ascending position order",observed_training_profile,"Observed training annotation; coefficient belongs to the original position rule, not this mutation profile."
PI/NFV,CV-min,48;54;82,P48 + P54 + P82,0.58877142036346142,86,1919,G48V + I54V + V82A,30,30/86,86,0,{},20,1,"[[""G48V"", ""I54V"", ""V82A""]]","largest joint count, then lexicographic tuple of source mutation strings in ascending position order",observed_training_profile,"Observed training annotation; coefficient belongs to the original position rule, not this mutation profile."
PI/NFV,CV-min,10,P10,0.5528697018824511,1037,1919,L10I,578,578/1037,923,114,"{""mixed_amino_acid_token"": 112, ""unknown_X"": 2}",9,1,"[[""L10I""]]","largest joint count, then lexicographic tuple of source mutation strings in ascending position order",observed_training_profile,"Observed training annotation; coefficient belongs to the original position rule, not this mutation profile."
PI/NFV,CV-min,90,P90,0.4772009876108706,685,1919,L90M,644,644/685,645,40,"{""mixed_amino_acid_token"": 40}",2,1,"[[""L90M""]]","largest joint count, then lexicographic tuple of source mutation strings in ascending position order",observed_training_profile,"Observed training annotation; coefficient belongs to the original position rule, not this mutation profile."
PI/NFV,CV-min,54,P54,0.46731123887645259,672,1919,I54V,429,429/672,672,0,{},7,1,"[[""I54V""]]","largest joint count, then lexicographic tuple of source mutation strings in ascending position order",observed_training_profile,"Observed training annotation; coefficient belongs to the original position rule, not this mutation profile."
PI/NFV,CV-min,46,P46,0.37616256550649951,712,1919,M46I,462,462/712,642,70,"{""mixed_amino_acid_token"": 70}",3,1,"[[""M46I""]]","largest joint count, then lexicographic tuple of source mutation strings in ascending position order",observed_training_profile,"Observed training annotation; coefficient belongs to the original position rule, not this mutation profile."
PI/NFV,CV-min,71,P71,0.30473770752804413,909,1919,A71V,587,587/909,822,87,"{""mixed_amino_acid_token"": 83, ""unknown_X"": 4}",6,1,"[[""A71V""]]","largest joint count, then lexicographic tuple of source mutation strings in ascending position order",observed_training_profile,"Observed training annotation; coefficient belongs to the original position rule, not this mutation profile."
PI/NFV,CV-min,84,P84,0.29758905427894566,373,1919,I84V,351,351/373,373,0,{},3,1,"[[""I84V""]]","largest joint count, then lexicographic tuple of source mutation strings in ascending position order",observed_training_profile,"Observed training annotation; coefficient belongs to the original position rule, not this mutation profile."
PI/NFV,CV-min,88,P88,0.28866874598983555,158,1919,N88D,108,108/158,158,0,{},4,1,"[[""N88D""]]","largest joint count, then lexicographic tuple of source mutation strings in ascending position order",observed_training_profile,"Observed training annotation; coefficient belongs to the original position rule, not this mutation profile."
PI/NFV,CV-min,20,P20,0.23353384007315903,599,1919,K20R,233,233/599,521,78,"{""mixed_amino_acid_token"": 72, ""unknown_X"": 6}",9,1,"[[""K20R""]]","largest joint count, then lexicographic tuple of source mutation strings in ascending position order",observed_training_profile,"Observed training annotation; coefficient belongs to the original position rule, not this mutation profile."
PI/NFV,CV-min,24;63,P24 + P63,0.23152119935516782,132,1919,L24I + L63P,80,80/132,110,22,"{""asterisk_special_marker"": 1, ""mixed_amino_acid_token"": 21}",10,1,"[[""L24I"", ""L63P""]]","largest joint count, then lexicographic tuple of source mutation strings in ascending position order",observed_training_profile,"Observed training annotation; coefficient belongs to the original position rule, not this mutation profile."
PI/NFV,CV-min,10;54;63;88,P10 + P54 + P63 + P88,-0.22994261690812859,47,1919,L10F + I54L + L63P + N88D,13,13/47,43,4,"{""mixed_amino_acid_token"": 4}",14,1,"[[""L10F"", ""I54L"", ""L63P"", ""N88D""]]","largest joint count, then lexicographic tuple of source mutation strings in ascending position order",observed_training_profile,"Observed training annotation; coefficient belongs to the original position rule, not this mutation profile."
PI/NFV,CV-min,73,P73,0.14612391276646755,336,1919,G73S,183,183/336,285,51,"{""mixed_amino_acid_token"": 50, ""unknown_X"": 1}",7,1,"[[""G73S""]]","largest joint count, then lexicographic tuple of source mutation strings in ascending position order",observed_training_profile,"Observed training annotation; coefficient belongs to the original position rule, not this mutation profile."
PI/NFV,CV-min,35;36,P35 + P36,0.14294847657644355,494,1919,E35D + M36I,343,343/494,434,60,"{""mixed_amino_acid_token"": 60}",12,1,"[[""E35D"", ""M36I""]]","largest joint count, then lexicographic tuple of source mutation strings in ascending position order",observed_training_profile,"Observed training annotation; coefficient belongs to the original position rule, not this mutation profile."
PI/NFV,CV-min,63;88,P63 + P88,0.12375913195717954,149,1919,L63P + N88D,99,99/149,146,3,"{""mixed_amino_acid_token"": 2, ""unknown_X"": 1}",9,1,"[[""L63P"", ""N88D""]]","largest joint count, then lexicographic tuple of source mutation strings in ascending position order",observed_training_profile,"Observed training annotation; coefficient belongs to the original position rule, not this mutation profile."
PI/NFV,CV-min,74,P74,0.1148123274952538,165,1919,T74S,83,83/165,144,21,"{""mixed_amino_acid_token"": 21}",7,1,"[[""T74S""]]","largest joint count, then lexicographic tuple of source mutation strings in ascending position order",observed_training_profile,"Observed training annotation; coefficient belongs to the original position rule, not this mutation profile."
PI/NFV,CV-min,63;82;84,P63 + P82 + P84,-0.10271403583610288,121,1919,L63P + V82A + I84V,51,51/121,118,3,"{""mixed_amino_acid_token"": 3, ""unknown_X"": 1}",15,1,"[[""L63P"", ""V82A"", ""I84V""]]","largest joint count, then lexicographic tuple of source mutation strings in ascending position order",observed_training_profile,"Observed training annotation; coefficient belongs to the original position rule, not this mutation profile."
PI/NFV,CV-min,10;33;46;54,P10 + P33 + P46 + P54,-0.072567838558368486,219,1919,L10I + L33F + M46L + I54V,19,19/219,164,55,"{""asterisk_special_marker"": 1, ""mixed_amino_acid_token"": 54}",36,1,"[[""L10I"", ""L33F"", ""M46L"", ""I54V""]]","largest joint count, then lexicographic tuple of source mutation strings in ascending position order",observed_training_profile,"Observed training annotation; coefficient belongs to the original position rule, not this mutation profile."
PI/NFV,CV-min,33;36;82,P33 + P36 + P82,0.071277905455508841,165,1919,L33F + M36I + V82A,59,59/165,134,31,"{""asterisk_special_marker"": 1, ""mixed_amino_acid_token"": 28, ""unknown_X"": 2}",26,1,"[[""L33F"", ""M36I"", ""V82A""]]","largest joint count, then lexicographic tuple of source mutation strings in ascending position order",observed_training_profile,"Observed training annotation; coefficient belongs to the original position rule, not this mutation profile."
PI/NFV,CV-min,10;46;71;90,P10 + P46 + P71 + P90,-0.070550437033189597,307,1919,L10I + M46I + A71V + L90M,57,57/307,241,66,"{""mixed_amino_acid_token"": 66}",27,1,"[[""L10I"", ""M46I"", ""A71V"", ""L90M""]]","largest joint count, then lexicographic tuple of source mutation strings in ascending position order",observed_training_profile,"Observed training annotation; coefficient belongs to the original position rule, not this mutation profile."
PI/NFV,CV-min,46;63,P46 + P63,0.05190583976562476,671,1919,M46I + L63P,388,388/671,585,86,"{""mixed_amino_acid_token"": 84, ""unknown_X"": 2}",18,1,"[[""M46I"", ""L63P""]]","largest joint count, then lexicographic tuple of source mutation strings in ascending position order",observed_training_profile,"Observed training annotation; coefficient belongs to the original position rule, not this mutation profile."
PI/NFV,CV-min,54;82,P54 + P82,0.046461671209685286,472,1919,I54V + V82A,247,247/472,469,3,"{""unknown_X"": 3}",30,1,"[[""I54V"", ""V82A""]]","largest joint count, then lexicographic tuple of source mutation strings in ascending position order",observed_training_profile,"Observed training annotation; coefficient belongs to the original position rule, not this mutation profile."
PI/NFV,CV-min,13;43,P13 + P43,0.0437888705168945,113,1919,I13V + K43T,60,60/113,83,30,"{""mixed_amino_acid_token"": 29, ""unknown_X"": 1}",9,1,"[[""I13V"", ""K43T""]]","largest joint count, then lexicographic tuple of source mutation strings in ascending position order",observed_training_profile,"Observed training annotation; coefficient belongs to the original position rule, not this mutation profile."
PI/NFV,CV-min,36;90,P36 + P90,0.039524136948010151,374,1919,M36I + L90M,288,288/374,332,42,"{""mixed_amino_acid_token"": 42}",6,1,"[[""M36I"", ""L90M""]]","largest joint count, then lexicographic tuple of source mutation strings in ascending position order",observed_training_profile,"Observed training annotation; coefficient belongs to the original position rule, not this mutation profile."
PI/NFV,CV-min,10;33;46;63,P10 + P33 + P46 + P63,-0.038600216328226272,256,1919,L10I + L33F + M46I + L63P,42,42/256,181,75,"{""asterisk_special_marker"": 1, ""mixed_amino_acid_token"": 73, ""unknown_X"": 1}",25,1,"[[""L10I"", ""L33F"", ""M46I"", ""L63P""]]","largest joint count, then lexicographic tuple of source mutation strings in ascending position order",observed_training_profile,"Observed training annotation; coefficient belongs to the original position rule, not this mutation profile."
PI/NFV,CV-min,46;84,P46 + P84,0.037999127043132325,254,1919,M46I + I84V,159,159/254,239,15,"{""mixed_amino_acid_token"": 15}",6,1,"[[""M46I"", ""I84V""]]","largest joint count, then lexicographic tuple of source mutation strings in ascending position order",observed_training_profile,"Observed training annotation; coefficient belongs to the original position rule, not this mutation profile."
PI/NFV,CV-min,36;72;82,P36 + P72 + P82,0.034592126691268404,109,1919,M36I + I72V + V82A,13,13/109,72,37,"{""mixed_amino_acid_token"": 36, ""unknown_X"": 1}",30,1,"[[""M36I"", ""I72V"", ""V82A""]]","largest joint count, then lexicographic tuple of source mutation strings in ascending position order",observed_training_profile,"Observed training annotation; coefficient belongs to the original position rule, not this mutation profile."
PI/NFV,CV-min,36;41;54;72,P36 + P41 + P54 + P72,0.033279833870691118,47,1919,M36I + R41K + I54V + I72T,6,6/47,25,22,"{""mixed_amino_acid_token"": 22}",15,1,"[[""M36I"", ""R41K"", ""I54V"", ""I72T""]]","largest joint count, then lexicographic tuple of source mutation strings in ascending position order",observed_training_profile,"Observed training annotation; coefficient belongs to the original position rule, not this mutation profile."
PI/NFV,CV-min,33;54;62;82,P33 + P54 + P62 + P82,0.031921966233529449,146,1919,L33F + I54V + I62V + V82A,44,44/146,123,23,"{""mixed_amino_acid_token"": 21, ""unknown_X"": 2}",27,1,"[[""L33F"", ""I54V"", ""I62V"", ""V82A""]]","largest joint count, then lexicographic tuple of source mutation strings in ascending position order",observed_training_profile,"Observed training annotation; coefficient belongs to the original position rule, not this mutation profile."
PI/NFV,CV-min,10;74,P10 + P74,0.028037929073167368,138,1919,L10I + T74S,41,41/138,114,24,"{""mixed_amino_acid_token"": 24}",15,1,"[[""L10I"", ""T74S""]]","largest joint count, then lexicographic tuple of source mutation strings in ascending position order",observed_training_profile,"Observed training annotation; coefficient belongs to the original position rule, not this mutation profile."
PI/NFV,CV-min,12,P12,-0.027968258520040121,259,1919,T12S,68,68/259,203,56,"{""mixed_amino_acid_token"": 54, ""unknown_X"": 2}",12,1,"[[""T12S""]]","largest joint count, then lexicographic tuple of source mutation strings in ascending position order",observed_training_profile,"Observed training annotation; coefficient belongs to the original position rule, not this mutation profile."
PI/NFV,CV-min,14,P14,-0.025664724972194172,226,1919,K14R,144,144/226,152,74,"{""asterisk_special_marker"": 6, ""mixed_amino_acid_token"": 67, ""unknown_X"": 1}",5,1,"[[""K14R""]]","largest joint count, then lexicographic tuple of source mutation strings in ascending position order",observed_training_profile,"Observed training annotation; coefficient belongs to the original position rule, not this mutation profile."
PI/NFV,CV-min,36;73,P36 + P73,0.022838839953091786,169,1919,M36I + G73S,84,84/169,135,34,"{""mixed_amino_acid_token"": 34}",13,1,"[[""M36I"", ""G73S""]]","largest joint count, then lexicographic tuple of source mutation strings in ascending position order",observed_training_profile,"Observed training annotation; coefficient belongs to the original position rule, not this mutation profile."
PI/NFV,CV-min,54;62;82,P54 + P62 + P82,0.022376663078897959,249,1919,I54V + I62V + V82A,108,108/249,221,28,"{""mixed_amino_acid_token"": 26, ""unknown_X"": 2}",24,1,"[[""I54V"", ""I62V"", ""V82A""]]","largest joint count, then lexicographic tuple of source mutation strings in ascending position order",observed_training_profile,"Observed training annotation; coefficient belongs to the original position rule, not this mutation profile."
PI/NFV,CV-min,37;46;63;71,P37 + P46 + P63 + P71,-0.020660654199230657,198,1919,N37D + M46I + L63P + A71V,33,33/198,134,64,"{""mixed_amino_acid_token"": 59, ""unknown_X"": 5}",34,1,"[[""N37D"", ""M46I"", ""L63P"", ""A71V""]]","largest joint count, then lexicographic tuple of source mutation strings in ascending position order",observed_training_profile,"Observed training annotation; coefficient belongs to the original position rule, not this mutation profile."
PI/NFV,CV-min,36;37;63,P36 + P37 + P63,0.019822405174541396,314,1919,M36I + N37D + L63P,94,94/314,221,93,"{""mixed_amino_acid_token"": 91, ""unknown_X"": 8}",29,1,"[[""M36I"", ""N37D"", ""L63P""]]","largest joint count, then lexicographic tuple of source mutation strings in ascending position order",observed_training_profile,"Observed training annotation; coefficient belongs to the original position rule, not this mutation profile."
PI/NFV,CV-min,48;54;77;82,P48 + P54 + P77 + P82,0.016343730527744457,43,1919,G48V + I54V + V77I + V82A,18,18/43,42,1,"{""mixed_amino_acid_token"": 1}",10,1,"[[""G48V"", ""I54V"", ""V77I"", ""V82A""]]","largest joint count, then lexicographic tuple of source mutation strings in ascending position order",observed_training_profile,"Observed training annotation; coefficient belongs to the original position rule, not this mutation profile."
PI/NFV,CV-min,37;46;71;90,P37 + P46 + P71 + P90,-0.015323915750491621,139,1919,N37D + M46I + A71V + L90M,24,24/139,96,43,"{""mixed_amino_acid_token"": 42, ""unknown_X"": 1}",22,1,"[[""N37D"", ""M46I"", ""A71V"", ""L90M""]]","largest joint count, then lexicographic tuple of source mutation strings in ascending position order",observed_training_profile,"Observed training annotation; coefficient belongs to the original position rule, not this mutation profile."
PI/NFV,CV-min,46;63;71;93,P46 + P63 + P71 + P93,-0.01235850017689768,261,1919,M46I + L63P + A71V + I93L,97,97/261,212,49,"{""mixed_amino_acid_token"": 48, ""unknown_X"": 1}",24,1,"[[""M46I"", ""L63P"", ""A71V"", ""I93L""]]","largest joint count, then lexicographic tuple of source mutation strings in ascending position order",observed_training_profile,"Observed training annotation; coefficient belongs to the original position rule, not this mutation profile."
PI/NFV,CV-min,46;63;72,P46 + P63 + P72,0.0088628018072709983,214,1919,M46I + L63P + I72V,36,36/214,143,71,"{""mixed_amino_acid_token"": 69, ""unknown_X"": 2}",25,1,"[[""M46I"", ""L63P"", ""I72V""]]","largest joint count, then lexicographic tuple of source mutation strings in ascending position order",observed_training_profile,"Observed training annotation; coefficient belongs to the original position rule, not this mutation profile."
PI/NFV,CV-min,54;62,P54 + P62,0.0088225527668119048,347,1919,I54V + I62V,204,204/347,315,32,"{""mixed_amino_acid_token"": 32}",6,1,"[[""I54V"", ""I62V""]]","largest joint count, then lexicographic tuple of source mutation strings in ascending position order",observed_training_profile,"Observed training annotation; coefficient belongs to the original position rule, not this mutation profile."
PI/NFV,CV-min,10;46;47;54,P10 + P46 + P47 + P54,-0.0070167576626835836,72,1919,L10I + M46I + I47V + I54M,12,12/72,57,15,"{""mixed_amino_acid_token"": 15}",15,1,"[[""L10I"", ""M46I"", ""I47V"", ""I54M""]]","largest joint count, then lexicographic tuple of source mutation strings in ascending position order",observed_training_profile,"Observed training annotation; coefficient belongs to the original position rule, not this mutation profile."
PI/NFV,CV-min,10;54;62;64,P10 + P54 + P62 + P64,0.0031556662304898816,69,1919,L10I + I54V + I62V + I64V,17,17/69,44,25,"{""mixed_amino_acid_token"": 25}",13,1,"[[""L10I"", ""I54V"", ""I62V"", ""I64V""]]","largest joint count, then lexicographic tuple of source mutation strings in ascending position order",observed_training_profile,"Observed training annotation; coefficient belongs to the original position rule, not this mutation profile."
PI/NFV,CV-min,10;15;90,P10 + P15 + P90,0.0024458330926545257,138,1919,L10I + I15V + L90M,44,44/138,96,42,"{""mixed_amino_acid_token"": 41, ""unknown_X"": 2}",5,1,"[[""L10I"", ""I15V"", ""L90M""]]","largest joint count, then lexicographic tuple of source mutation strings in ascending position order",observed_training_profile,"Observed training annotation; coefficient belongs to the original position rule, not this mutation profile."
PI/SQV,CV-min,48;82,P48 + P82,1.0084772941307023,82,1875,G48V + V82A,56,56/82,82,0,{},11,1,"[[""G48V"", ""V82A""]]","largest joint count, then lexicographic tuple of source mutation strings in ascending position order",observed_training_profile,"Observed training annotation; coefficient belongs to the original position rule, not this mutation profile."
PI/SQV,CV-min,84,P84,0.91255093255700859,363,1875,I84V,343,343/363,363,0,{},3,1,"[[""I84V""]]","largest joint count, then lexicographic tuple of source mutation strings in ascending position order",observed_training_profile,"Observed training annotation; coefficient belongs to the original position rule, not this mutation profile."
PI/SQV,CV-min,10,P10,0.65013755095420078,1012,1875,L10I,567,567/1012,901,111,"{""mixed_amino_acid_token"": 110, ""unknown_X"": 1}",9,1,"[[""L10I""]]","largest joint count, then lexicographic tuple of source mutation strings in ascending position order",observed_training_profile,"Observed training annotation; coefficient belongs to the original position rule, not this mutation profile."
PI/SQV,CV-min,54,P54,0.62585844612136543,658,1875,I54V,428,428/658,658,0,{},7,1,"[[""I54V""]]","largest joint count, then lexicographic tuple of source mutation strings in ascending position order",observed_training_profile,"Observed training annotation; coefficient belongs to the original position rule, not this mutation profile."
PI/SQV,CV-min,90,P90,0.41242758068473728,647,1875,L90M,608,608/647,609,38,"{""mixed_amino_acid_token"": 38}",2,1,"[[""L90M""]]","largest joint count, then lexicographic tuple of source mutation strings in ascending position order",observed_training_profile,"Observed training annotation; coefficient belongs to the original position rule, not this mutation profile."
PI/SQV,CV-min,71,P71,0.32486732497582649,882,1875,A71V,561,561/882,792,90,"{""mixed_amino_acid_token"": 86, ""unknown_X"": 4}",6,1,"[[""A71V""]]","largest joint count, then lexicographic tuple of source mutation strings in ascending position order",observed_training_profile,"Observed training annotation; coefficient belongs to the original position rule, not this mutation profile."
PI/SQV,CV-min,88;90,P88 + P90,0.28076557699350724,67,1875,N88D + L90M,51,51/67,65,2,"{""mixed_amino_acid_token"": 2}",4,1,"[[""N88D"", ""L90M""]]","largest joint count, then lexicographic tuple of source mutation strings in ascending position order",observed_training_profile,"Observed training annotation; coefficient belongs to the original position rule, not this mutation profile."
PI/SQV,CV-min,48,P48,0.23387522010308587,91,1875,G48V,65,65/91,90,1,"{""unknown_X"": 1}",9,1,"[[""G48V""]]","largest joint count, then lexicographic tuple of source mutation strings in ascending position order",observed_training_profile,"Observed training annotation; coefficient belongs to the original position rule, not this mutation profile."
PI/SQV,CV-min,53;63,P53 + P63,0.22629906779575243,128,1875,F53L + L63P,84,84/128,101,27,"{""mixed_amino_acid_token"": 26, ""unknown_X"": 1}",10,1,"[[""F53L"", ""L63P""]]","largest joint count, then lexicographic tuple of source mutation strings in ascending position order",observed_training_profile,"Observed training annotation; coefficient belongs to the original position rule, not this mutation profile."
PI/SQV,CV-min,10;32;33;54,P10 + P32 + P33 + P54,-0.20109339846961727,89,1875,L10I + V32I + L33F + I54M,15,15/89,75,14,"{""mixed_amino_acid_token"": 14}",17,1,"[[""L10I"", ""V32I"", ""L33F"", ""I54M""]]","largest joint count, then lexicographic tuple of source mutation strings in ascending position order",observed_training_profile,"Observed training annotation; coefficient belongs to the original position rule, not this mutation profile."
PI/SQV,CV-min,73,P73,0.19451345549408919,325,1875,G73S,179,179/325,276,49,"{""mixed_amino_acid_token"": 48, ""unknown_X"": 1}",7,1,"[[""G73S""]]","largest joint count, then lexicographic tuple of source mutation strings in ascending position order",observed_training_profile,"Observed training annotation; coefficient belongs to the original position rule, not this mutation profile."
PI/SQV,CV-min,20,P20,0.19149873159269482,576,1875,K20R,227,227/576,505,71,"{""mixed_amino_acid_token"": 65, ""unknown_X"": 6}",9,1,"[[""K20R""]]","largest joint count, then lexicographic tuple of source mutation strings in ascending position order",observed_training_profile,"Observed training annotation; coefficient belongs to the original position rule, not this mutation profile."
PI/SQV,CV-min,24;63,P24 + P63,0.11976613940963646,136,1875,L24I + L63P,86,86/136,116,20,"{""asterisk_special_marker"": 1, ""mixed_amino_acid_token"": 19}",10,1,"[[""L24I"", ""L63P""]]","largest joint count, then lexicographic tuple of source mutation strings in ascending position order",observed_training_profile,"Observed training annotation; coefficient belongs to the original position rule, not this mutation profile."
PI/SQV,CV-min,46;73,P46 + P73,0.069815636222685662,219,1875,M46I + G73S,77,77/219,175,44,"{""mixed_amino_acid_token"": 43, ""unknown_X"": 1}",13,1,"[[""M46I"", ""G73S""]]","largest joint count, then lexicographic tuple of source mutation strings in ascending position order",observed_training_profile,"Observed training annotation; coefficient belongs to the original position rule, not this mutation profile."
PI/SQV,CV-min,36;71,P36 + P71,0.060635128837566457,483,1875,M36I + A71V,253,253/483,401,82,"{""mixed_amino_acid_token"": 80, ""unknown_X"": 2}",13,1,"[[""M36I"", ""A71V""]]","largest joint count, then lexicographic tuple of source mutation strings in ascending position order",observed_training_profile,"Observed training annotation; coefficient belongs to the original position rule, not this mutation profile."
PI/SQV,CV-min,35;36;63,P35 + P36 + P63,0.05200611116608083,443,1875,E35D + M36I + L63P,257,257/443,369,74,"{""mixed_amino_acid_token"": 74}",22,1,"[[""E35D"", ""M36I"", ""L63P""]]","largest joint count, then lexicographic tuple of source mutation strings in ascending position order",observed_training_profile,"Observed training annotation; coefficient belongs to the original position rule, not this mutation profile."
PI/SQV,CV-min,36;90,P36 + P90,0.045683631763131373,356,1875,M36I + L90M,274,274/356,314,42,"{""mixed_amino_acid_token"": 42}",6,1,"[[""M36I"", ""L90M""]]","largest joint count, then lexicographic tuple of source mutation strings in ascending position order",observed_training_profile,"Observed training annotation; coefficient belongs to the original position rule, not this mutation profile."
PI/SQV,CV-min,10;32,P10 + P32,-0.038974917580461316,155,1875,L10I + V32I,67,67/155,136,19,"{""mixed_amino_acid_token"": 19}",6,1,"[[""L10I"", ""V32I""]]","largest joint count, then lexicographic tuple of source mutation strings in ascending position order",observed_training_profile,"Observed training annotation; coefficient belongs to the original position rule, not this mutation profile."
PI/SQV,CV-min,33;63,P33 + P63,0.037994351444613272,406,1875,L33F + L63P,278,278/406,355,51,"{""asterisk_special_marker"": 1, ""mixed_amino_acid_token"": 48, ""unknown_X"": 2}",12,1,"[[""L33F"", ""L63P""]]","largest joint count, then lexicographic tuple of source mutation strings in ascending position order",observed_training_profile,"Observed training annotation; coefficient belongs to the original position rule, not this mutation profile."
PI/SQV,CV-min,46;84,P46 + P84,0.035205071996805067,244,1875,M46I + I84V,152,152/244,229,15,"{""mixed_amino_acid_token"": 15}",7,1,"[[""M46I"", ""I84V""]]","largest joint count, then lexicographic tuple of source mutation strings in ascending position order",observed_training_profile,"Observed training annotation; coefficient belongs to the original position rule, not this mutation profile."
PI/SQV,CV-min,36;37;63,P36 + P37 + P63,0.011569482716218018,305,1875,M36I + N37D + L63P,94,94/305,219,86,"{""mixed_amino_acid_token"": 84, ""unknown_X"": 8}",29,1,"[[""M36I"", ""N37D"", ""L63P""]]","largest joint count, then lexicographic tuple of source mutation strings in ascending position order",observed_training_profile,"Observed training annotation; coefficient belongs to the original position rule, not this mutation profile."
PI/SQV,CV-min,35;36;37;63,P35 + P36 + P37 + P63,0.0047374912253829865,229,1875,E35D + M36I + N37D + L63P,60,60/229,166,63,"{""mixed_amino_acid_token"": 61, ""unknown_X"": 5}",28,1,"[[""E35D"", ""M36I"", ""N37D"", ""L63P""]]","largest joint count, then lexicographic tuple of source mutation strings in ascending position order",observed_training_profile,"Observed training annotation; coefficient belongs to the original position rule, not this mutation profile."
PI/SQV,CV-min,46;63,P46 + P63,0.00015420704484563053,657,1875,M46I + L63P,376,376/657,575,82,"{""mixed_amino_acid_token"": 80, ""unknown_X"": 2}",17,1,"[[""M46I"", ""L63P""]]","largest joint count, then lexicographic tuple of source mutation strings in ascending position order",observed_training_profile,"Observed training annotation; coefficient belongs to the original position rule, not this mutation profile."
PI/TPV,CV-min,63;84,P63 + P84,0.73724398350972553,222,1103,L63P + I84V,200,200/222,217,5,"{""mixed_amino_acid_token"": 5}",8,1,"[[""L63P"", ""I84V""]]","largest joint count, then lexicographic tuple of source mutation strings in ascending position order",observed_training_profile,"Observed training annotation; coefficient belongs to the original position rule, not this mutation profile."
PI/TPV,CV-min,10;13;33;82,P10 + P13 + P33 + P82,0.416034505485321,120,1103,L10I + I13V + L33F + V82A,26,26/120,84,36,"{""asterisk_special_marker"": 1, ""mixed_amino_acid_token"": 35}",22,1,"[[""L10I"", ""I13V"", ""L33F"", ""V82A""]]","largest joint count, then lexicographic tuple of source mutation strings in ascending position order",observed_training_profile,"Observed training annotation; coefficient belongs to the original position rule, not this mutation profile."
PI/TPV,CV-min,47,P47,0.30741000440866778,100,1103,I47V,95,95/100,100,0,{},2,1,"[[""I47V""]]","largest joint count, then lexicographic tuple of source mutation strings in ascending position order",observed_training_profile,"Observed training annotation; coefficient belongs to the original position rule, not this mutation profile."
PI/TPV,CV-min,47;71,P47 + P71,0.29600991974313628,85,1103,I47V + A71V,56,56/85,79,6,"{""mixed_amino_acid_token"": 5, ""unknown_X"": 1}",6,1,"[[""I47V"", ""A71V""]]","largest joint count, then lexicographic tuple of source mutation strings in ascending position order",observed_training_profile,"Observed training annotation; coefficient belongs to the original position rule, not this mutation profile."
PI/TPV,CV-min,36;46,P36 + P46,0.20549720876285543,264,1103,M36I + M46I,122,122/264,207,57,"{""mixed_amino_acid_token"": 57}",11,1,"[[""M36I"", ""M46I""]]","largest joint count, then lexicographic tuple of source mutation strings in ascending position order",observed_training_profile,"Observed training annotation; coefficient belongs to the original position rule, not this mutation profile."
PI/TPV,CV-min,89;90,P89 + P90,0.19045586997538044,88,1103,L89V + L90M,54,54/88,74,14,"{""mixed_amino_acid_token"": 14}",6,1,"[[""L89V"", ""L90M""]]","largest joint count, then lexicographic tuple of source mutation strings in ascending position order",observed_training_profile,"Observed training annotation; coefficient belongs to the original position rule, not this mutation profile."
PI/TPV,CV-min,35;36;84,P35 + P36 + P84,0.18857452964308702,97,1103,E35D + M36I + I84V,65,65/97,91,6,"{""mixed_amino_acid_token"": 6}",7,1,"[[""E35D"", ""M36I"", ""I84V""]]","largest joint count, then lexicographic tuple of source mutation strings in ascending position order",observed_training_profile,"Observed training annotation; coefficient belongs to the original position rule, not this mutation profile."
PI/TPV,CV-min,34;46;63,P34 + P46 + P63,0.18111164508408462,59,1103,E34Q + M46I + L63P,20,20/59,44,15,"{""mixed_amino_acid_token"": 14, ""unknown_X"": 1}",11,1,"[[""E34Q"", ""M46I"", ""L63P""]]","largest joint count, then lexicographic tuple of source mutation strings in ascending position order",observed_training_profile,"Observed training annotation; coefficient belongs to the original position rule, not this mutation profile."
PI/TPV,CV-min,33,P33,0.17611905934088504,344,1103,L33F,256,256/344,313,31,"{""asterisk_special_marker"": 1, ""mixed_amino_acid_token"": 30}",4,1,"[[""L33F""]]","largest joint count, then lexicographic tuple of source mutation strings in ascending position order",observed_training_profile,"Observed training annotation; coefficient belongs to the original position rule, not this mutation profile."
PI/TPV,CV-min,36;46;71,P36 + P46 + P71,0.15175692283795233,228,1103,M36I + M46I + A71V,67,67/228,175,53,"{""mixed_amino_acid_token"": 52, ""unknown_X"": 1}",22,1,"[[""M36I"", ""M46I"", ""A71V""]]","largest joint count, then lexicographic tuple of source mutation strings in ascending position order",observed_training_profile,"Observed training annotation; coefficient belongs to the original position rule, not this mutation profile."
PI/TPV,CV-min,36;63;71,P36 + P63 + P71,0.13150267811230631,335,1103,M36I + L63P + A71V,154,154/335,270,65,"{""mixed_amino_acid_token"": 63, ""unknown_X"": 2}",24,1,"[[""M36I"", ""L63P"", ""A71V""]]","largest joint count, then lexicographic tuple of source mutation strings in ascending position order",observed_training_profile,"Observed training annotation; coefficient belongs to the original position rule, not this mutation profile."
PI/TPV,CV-min,10;15;54;82,P10 + P15 + P54 + P82,0.13056917177703473,92,1103,L10I + I15V + I54V + V82A,18,18/92,64,28,"{""mixed_amino_acid_token"": 28, ""unknown_X"": 1}",24,1,"[[""L10I"", ""I15V"", ""I54V"", ""V82A""]]","largest joint count, then lexicographic tuple of source mutation strings in ascending position order",observed_training_profile,"Observed training annotation; coefficient belongs to the original position rule, not this mutation profile."
PI/TPV,CV-min,10;63;82;84,P10 + P63 + P82 + P84,0.12733244884080969,72,1103,L10I + L63P + V82A + I84V,21,21/72,68,4,"{""mixed_amino_acid_token"": 4}",20,1,"[[""L10I"", ""L63P"", ""V82A"", ""I84V""]]","largest joint count, then lexicographic tuple of source mutation strings in ascending position order",observed_training_profile,"Observed training annotation; coefficient belongs to the original position rule, not this mutation profile."
PI/TPV,CV-min,36;46;63;71,P36 + P46 + P63 + P71,0.12671363738522126,224,1103,M36I + M46I + L63P + A71V,58,58/224,166,58,"{""mixed_amino_acid_token"": 57, ""unknown_X"": 1}",30,1,"[[""M36I"", ""M46I"", ""L63P"", ""A71V""]]","largest joint count, then lexicographic tuple of source mutation strings in ascending position order",observed_training_profile,"Observed training annotation; coefficient belongs to the original position rule, not this mutation profile."
PI/TPV,CV-min,35;36;63,P35 + P36 + P63,0.12546037011773084,316,1103,E35D + M36I + L63P,176,176/316,262,54,"{""mixed_amino_acid_token"": 53, ""unknown_X"": 1}",24,1,"[[""E35D"", ""M36I"", ""L63P""]]","largest joint count, then lexicographic tuple of source mutation strings in ascending position order",observed_training_profile,"Observed training annotation; coefficient belongs to the original position rule, not this mutation profile."
PI/TPV,CV-min,54;63;84,P54 + P63 + P84,0.11515600225768687,165,1103,I54V + L63P + I84V,90,90/165,163,2,"{""mixed_amino_acid_token"": 2}",12,1,"[[""I54V"", ""L63P"", ""I84V""]]","largest joint count, then lexicographic tuple of source mutation strings in ascending position order",observed_training_profile,"Observed training annotation; coefficient belongs to the original position rule, not this mutation profile."
PI/TPV,CV-min,36;47;71,P36 + P47 + P71,0.10607671561439803,62,1103,M36I + I47V + A71V,32,32/62,52,10,"{""mixed_amino_acid_token"": 9, ""unknown_X"": 1}",10,1,"[[""M36I"", ""I47V"", ""A71V""]]","largest joint count, then lexicographic tuple of source mutation strings in ascending position order",observed_training_profile,"Observed training annotation; coefficient belongs to the original position rule, not this mutation profile."
PI/TPV,CV-min,13;71,P13 + P71,0.09753729387565048,251,1103,I13V + A71V,120,120/251,201,50,"{""mixed_amino_acid_token"": 49, ""unknown_X"": 2}",12,1,"[[""I13V"", ""A71V""]]","largest joint count, then lexicographic tuple of source mutation strings in ascending position order",observed_training_profile,"Observed training annotation; coefficient belongs to the original position rule, not this mutation profile."
PI/TPV,CV-min,35;36;54,P35 + P36 + P54,0.061330543026625196,228,1103,E35D + M36I + I54V,99,99/228,202,26,"{""mixed_amino_acid_token"": 26}",25,1,"[[""E35D"", ""M36I"", ""I54V""]]","largest joint count, then lexicographic tuple of source mutation strings in ascending position order",observed_training_profile,"Observed training annotation; coefficient belongs to the original position rule, not this mutation profile."
PI/TPV,CV-min,36;46;47;71,P36 + P46 + P47 + P71,0.061127703713179361,57,1103,M36I + M46I + I47V + A71V,24,24/57,47,10,"{""mixed_amino_acid_token"": 9, ""unknown_X"": 1}",13,1,"[[""M36I"", ""M46I"", ""I47V"", ""A71V""]]","largest joint count, then lexicographic tuple of source mutation strings in ascending position order",observed_training_profile,"Observed training annotation; coefficient belongs to the original position rule, not this mutation profile."
PI/TPV,CV-min,34;36;46;63,P34 + P36 + P46 + P63,0.053743434913200425,36,1103,E34Q + M36I + M46I + L63P,5,5/36,26,10,"{""mixed_amino_acid_token"": 9, ""unknown_X"": 1}",16,1,"[[""E34Q"", ""M36I"", ""M46I"", ""L63P""]]","largest joint count, then lexicographic tuple of source mutation strings in ascending position order",observed_training_profile,"Observed training annotation; coefficient belongs to the original position rule, not this mutation profile."
PI/TPV,CV-min,37;54,P37 + P54,0.050949824621764318,200,1103,N37D + I54V,58,58/200,158,42,"{""mixed_amino_acid_token"": 39, ""unknown_X"": 3}",27,1,"[[""N37D"", ""I54V""]]","largest joint count, then lexicographic tuple of source mutation strings in ascending position order",observed_training_profile,"Observed training annotation; coefficient belongs to the original position rule, not this mutation profile."
PI/TPV,CV-min,10;33;82,P10 + P33 + P82,0.048531519021464534,195,1103,L10I + L33F + V82A,61,61/195,158,37,"{""asterisk_special_marker"": 1, ""mixed_amino_acid_token"": 35, ""unknown_X"": 1}",28,1,"[[""L10I"", ""L33F"", ""V82A""]]","largest joint count, then lexicographic tuple of source mutation strings in ascending position order",observed_training_profile,"Observed training annotation; coefficient belongs to the original position rule, not this mutation profile."
PI/TPV,CV-min,33;63;71,P33 + P63 + P71,0.018289576205487764,268,1103,L33F + L63P + A71V,138,138/268,227,41,"{""mixed_amino_acid_token"": 41}",17,1,"[[""L33F"", ""L63P"", ""A71V""]]","largest joint count, then lexicographic tuple of source mutation strings in ascending position order",observed_training_profile,"Observed training annotation; coefficient belongs to the original position rule, not this mutation profile."
PI/TPV,CV-min,33;89;90,P33 + P89 + P90,0.012363483975231617,63,1103,L33F + L89V + L90M,26,26/63,49,14,"{""mixed_amino_acid_token"": 14}",9,1,"[[""L33F"", ""L89V"", ""L90M""]]","largest joint count, then lexicographic tuple of source mutation strings in ascending position order",observed_training_profile,"Observed training annotation; coefficient belongs to the original position rule, not this mutation profile."
PI/TPV,CV-min,15;54;82,P15 + P54 + P82,0.010497778351157734,96,1103,I15V + I54V + V82A,35,35/96,76,20,"{""mixed_amino_acid_token"": 19, ""unknown_X"": 1}",17,1,"[[""I15V"", ""I54V"", ""V82A""]]","largest joint count, then lexicographic tuple of source mutation strings in ascending position order",observed_training_profile,"Observed training annotation; coefficient belongs to the original position rule, not this mutation profile."
PI/TPV,CV-min,63;71;90,P63 + P71 + P90,0.0089131659380648105,339,1103,L63P + A71V + L90M,209,209/339,307,32,"{""mixed_amino_acid_token"": 32, ""unknown_X"": 1}",14,1,"[[""L63P"", ""A71V"", ""L90M""]]","largest joint count, then lexicographic tuple of source mutation strings in ascending position order",observed_training_profile,"Observed training annotation; coefficient belongs to the original position rule, not this mutation profile."
PI/TPV,CV-min,63;89;90,P63 + P89 + P90,0.0057551273887554129,86,1103,L63P + L89V + L90M,51,51/86,69,17,"{""mixed_amino_acid_token"": 17}",9,1,"[[""L63P"", ""L89V"", ""L90M""]]","largest joint count, then lexicographic tuple of source mutation strings in ascending position order",observed_training_profile,"Observed training annotation; coefficient belongs to the original position rule, not this mutation profile."
PI/TPV,CV-min,33;82,P33 + P82,0.0042681802830934349,208,1103,L33F + V82A,113,113/208,188,20,"{""asterisk_special_marker"": 1, ""mixed_amino_acid_token"": 18, ""unknown_X"": 1}",17,1,"[[""L33F"", ""V82A""]]","largest joint count, then lexicographic tuple of source mutation strings in ascending position order",observed_training_profile,"Observed training annotation; coefficient belongs to the original position rule, not this mutation profile."
INI/BIC,CV-min,138,P138,0.99673311780389262,38,258,E138K,30,30/38,36,2,"{""mixed_amino_acid_token"": 2}",2,1,"[[""E138K""]]","largest joint count, then lexicographic tuple of source mutation strings in ascending position order",observed_training_profile,"Observed training annotation; coefficient belongs to the original position rule, not this mutation profile."
INI/BIC,CV-min,148,P148,0.4023389278806847,93,258,Q148H,45,45/93,93,0,{},3,1,"[[""Q148H""]]","largest joint count, then lexicographic tuple of source mutation strings in ascending position order",observed_training_profile,"Observed training annotation; coefficient belongs to the original position rule, not this mutation profile."
INI/BIC,CV-min,74,P74,0.24503783860838421,29,258,L74M,17,17/29,27,2,"{""mixed_amino_acid_token"": 2}",2,1,"[[""L74M""]]","largest joint count, then lexicographic tuple of source mutation strings in ascending position order",observed_training_profile,"Observed training annotation; coefficient belongs to the original position rule, not this mutation profile."
INI/BIC,CV-min,140;148,P140 + P148,0.097941051501130499,70,258,G140S + Q148H,44,44/70,70,0,{},6,1,"[[""G140S"", ""Q148H""]]","largest joint count, then lexicographic tuple of source mutation strings in ascending position order",observed_training_profile,"Observed training annotation; coefficient belongs to the original position rule, not this mutation profile."
INI/CAB,CV-min,138;140;148,P138 + P140 + P148,0.98931308545342911,14,57,E138K + G140S + Q148H,7,7/14,14,0,{},4,1,"[[""E138K"", ""G140S"", ""Q148H""]]","largest joint count, then lexicographic tuple of source mutation strings in ascending position order",observed_training_profile,"Observed training annotation; coefficient belongs to the original position rule, not this mutation profile."
INI/DTG,CV-min,118,P118,1.8308896438699274,16,333,G118R,16,16/16,16,0,{},1,1,"[[""G118R""]]","largest joint count, then lexicographic tuple of source mutation strings in ascending position order",observed_training_profile,"Observed training annotation; coefficient belongs to the original position rule, not this mutation profile."
INI/DTG,CV-min,138,P138,0.71890823013710203,27,333,E138K,19,19/27,25,2,"{""mixed_amino_acid_token"": 2}",3,1,"[[""E138K""]]","largest joint count, then lexicographic tuple of source mutation strings in ascending position order",observed_training_profile,"Observed training annotation; coefficient belongs to the original position rule, not this mutation profile."
INI/DTG,CV-min,155,P155,0.71426790848543509,26,333,N155H,26,26/26,26,0,{},1,1,"[[""N155H""]]","largest joint count, then lexicographic tuple of source mutation strings in ascending position order",observed_training_profile,"Observed training annotation; coefficient belongs to the original position rule, not this mutation profile."
INI/DTG,CV-min,140;148,P140 + P148,0.71351169651812296,45,333,G140S + Q148H,34,34/45,45,0,{},7,1,"[[""G140S"", ""Q148H""]]","largest joint count, then lexicographic tuple of source mutation strings in ascending position order",observed_training_profile,"Observed training annotation; coefficient belongs to the original position rule, not this mutation profile."
INI/DTG,CV-min,101;112;124,P101 + P112 + P124,0.57462923190016613,17,333,L101I + T112V + T124A,8,8/17,15,2,"{""mixed_amino_acid_token"": 1, ""unknown_X"": 1}",6,1,"[[""L101I"", ""T112V"", ""T124A""]]","largest joint count, then lexicographic tuple of source mutation strings in ascending position order",observed_training_profile,"Observed training annotation; coefficient belongs to the original position rule, not this mutation profile."
INI/DTG,CV-min,147,P147,0.50204072744373218,8,333,S147G,8,8/8,8,0,{},1,1,"[[""S147G""]]","largest joint count, then lexicographic tuple of source mutation strings in ascending position order",observed_training_profile,"Observed training annotation; coefficient belongs to the original position rule, not this mutation profile."
INI/DTG,CV-min,148,P148,0.47707339800387816,75,333,Q148H,37,37/75,75,0,{},4,1,"[[""Q148H""]]","largest joint count, then lexicographic tuple of source mutation strings in ascending position order",observed_training_profile,"Observed training annotation; coefficient belongs to the original position rule, not this mutation profile."
INI/DTG,CV-min,74,P74,0.46705365120748155,31,333,L74M,18,18/31,28,3,"{""mixed_amino_acid_token"": 3}",3,1,"[[""L74M""]]","largest joint count, then lexicographic tuple of source mutation strings in ascending position order",observed_training_profile,"Observed training annotation; coefficient belongs to the original position rule, not this mutation profile."
INI/DTG,CV-min,97;143,P97 + P143,0.46063768276224332,6,333,T97A + Y143R,4,4/6,6,0,{},2,1,"[[""T97A"", ""Y143R""]]","largest joint count, then lexicographic tuple of source mutation strings in ascending position order",observed_training_profile,"Observed training annotation; coefficient belongs to the original position rule, not this mutation profile."
INI/DTG,CV-min,140,P140,0.45822392374146048,56,333,G140S,41,41/56,55,1,"{""mixed_amino_acid_token"": 1}",5,1,"[[""G140S""]]","largest joint count, then lexicographic tuple of source mutation strings in ascending position order",observed_training_profile,"Observed training annotation; coefficient belongs to the original position rule, not this mutation profile."
INI/DTG,CV-min,124;140;148,P124 + P140 + P148,0.44604965213086045,14,333,T124N + G140S + Q148H,6,6/14,13,1,"{""mixed_amino_acid_token"": 1}",4,1,"[[""T124N"", ""G140S"", ""Q148H""]]","largest joint count, then lexicographic tuple of source mutation strings in ascending position order",observed_training_profile,"Observed training annotation; coefficient belongs to the original position rule, not this mutation profile."
INI/DTG,CV-min,119;140,P119 + P140,0.38931378031443836,6,333,S119P + G140S,3,3/6,5,1,"{""mixed_amino_acid_token"": 1}",3,1,"[[""S119P"", ""G140S""]]","largest joint count, then lexicographic tuple of source mutation strings in ascending position order",observed_training_profile,"Observed training annotation; coefficient belongs to the original position rule, not this mutation profile."
INI/DTG,CV-min,138;148,P138 + P148,0.36821698942109349,18,333,E138K + Q148H,4,4/18,16,2,"{""mixed_amino_acid_token"": 2}",6,3,"[[""E138K"", ""Q148H""], [""E138K"", ""Q148K""], [""E138K"", ""Q148R""]]","largest joint count, then lexicographic tuple of source mutation strings in ascending position order",observed_training_profile,"Observed training annotation; coefficient belongs to the original position rule, not this mutation profile."
INI/DTG,CV-min,97,P97,0.3514430587916107,37,333,T97A,34,34/37,37,0,{},4,1,"[[""T97A""]]","largest joint count, then lexicographic tuple of source mutation strings in ascending position order",observed_training_profile,"Observed training annotation; coefficient belongs to the original position rule, not this mutation profile."
INI/DTG,CV-min,101;124;156,P101 + P124 + P156,0.2117178076481406,6,333,L101I + T124A + K156N,5,5/6,6,0,{},2,1,"[[""L101I"", ""T124A"", ""K156N""]]","largest joint count, then lexicographic tuple of source mutation strings in ascending position order",observed_training_profile,"Observed training annotation; coefficient belongs to the original position rule, not this mutation profile."
INI/DTG,CV-min,157,P157,0.2048438717407251,15,333,E157Q,11,11/15,13,2,"{""mixed_amino_acid_token"": 2}",2,1,"[[""E157Q""]]","largest joint count, then lexicographic tuple of source mutation strings in ascending position order",observed_training_profile,"Observed training annotation; coefficient belongs to the original position rule, not this mutation profile."
INI/DTG,CV-min,218,P218,-0.172369274013042,14,333,T218I,10,10/14,13,1,"{""mixed_amino_acid_token"": 1}",2,1,"[[""T218I""]]","largest joint count, then lexicographic tuple of source mutation strings in ascending position order",observed_training_profile,"Observed training annotation; coefficient belongs to the original position rule, not this mutation profile."
INI/DTG,CV-min,201,P201,-0.16445344342076271,40,333,V201I,38,38/40,38,2,"{""mixed_amino_acid_token"": 2}",1,1,"[[""V201I""]]","largest joint count, then lexicographic tuple of source mutation strings in ascending position order",observed_training_profile,"Observed training annotation; coefficient belongs to the original position rule, not this mutation profile."
INI/DTG,CV-min,17;119;124;125,P17 + P119 + P124 + P125,0.15002776243207869,6,333,S17N + S119P + T124N + T125A,1,1/6,3,3,"{""mixed_amino_acid_token"": 3}",3,3,"[[""S17N"", ""S119P"", ""T124N"", ""T125A""], [""S17N"", ""S119P"", ""T124S"", ""T125A""], [""S17N"", ""S119T"", ""T124A"", ""T125A""]]","largest joint count, then lexicographic tuple of source mutation strings in ascending position order",observed_training_profile,"Observed training annotation; coefficient belongs to the original position rule, not this mutation profile."
INI/DTG,CV-min,72;118,P72 + P118,0.1475299668784768,7,333,I72V + G118R,5,5/7,7,0,{},2,1,"[[""I72V"", ""G118R""]]","largest joint count, then lexicographic tuple of source mutation strings in ascending position order",observed_training_profile,"Observed training annotation; coefficient belongs to the original position rule, not this mutation profile."
INI/DTG,CV-min,24;125,P24 + P125,-0.12224624747485356,10,333,S24N + T125A,7,7/10,8,2,"{""mixed_amino_acid_token"": 2}",2,1,"[[""S24N"", ""T125A""]]","largest joint count, then lexicographic tuple of source mutation strings in ascending position order",observed_training_profile,"Observed training annotation; coefficient belongs to the original position rule, not this mutation profile."
INI/DTG,CV-min,17;119;124,P17 + P119 + P124,0.12154427535262267,10,333,S17N + S119P + T124A,2,2/10,7,3,"{""mixed_amino_acid_token"": 3}",4,3,"[[""S17N"", ""S119P"", ""T124A""], [""S17N"", ""S119P"", ""T124N""], [""S17N"", ""S119T"", ""T124A""]]","largest joint count, then lexicographic tuple of source mutation strings in ascending position order",observed_training_profile,"Observed training annotation; coefficient belongs to the original position rule, not this mutation profile."
INI/DTG,CV-min,125;140,P125 + P140,0.11765253979545416,10,333,T125A + G140S,4,4/10,5,5,"{""mixed_amino_acid_token"": 5}",2,1,"[[""T125A"", ""G140S""]]","largest joint count, then lexicographic tuple of source mutation strings in ascending position order",observed_training_profile,"Observed training annotation; coefficient belongs to the original position rule, not this mutation profile."
INI/DTG,CV-min,113,P113,0.052128713918911163,25,333,I113V,21,21/25,22,3,"{""mixed_amino_acid_token"": 3}",2,1,"[[""I113V""]]","largest joint count, then lexicographic tuple of source mutation strings in ascending position order",observed_training_profile,"Observed training annotation; coefficient belongs to the original position rule, not this mutation profile."
INI/DTG,CV-min,101;112,P101 + P112,0.048769431041001308,23,333,L101I + T112V,11,11/23,21,2,"{""mixed_amino_acid_token"": 1, ""unknown_X"": 1}",5,1,"[[""L101I"", ""T112V""]]","largest joint count, then lexicographic tuple of source mutation strings in ascending position order",observed_training_profile,"Observed training annotation; coefficient belongs to the original position rule, not this mutation profile."
INI/DTG,CV-min,74;119,P74 + P119,-0.002689602048941908,13,333,L74M + S119R,4,4/13,12,1,"{""mixed_amino_acid_token"": 1}",6,1,"[[""L74M"", ""S119R""]]","largest joint count, then lexicographic tuple of source mutation strings in ascending position order",observed_training_profile,"Observed training annotation; coefficient belongs to the original position rule, not this mutation profile."
INI/DTG,CV-min,17;125,P17 + P125,0.0022175780077475032,17,333,S17N + T125A,11,11/17,14,3,"{""mixed_amino_acid_token"": 3}",3,1,"[[""S17N"", ""T125A""]]","largest joint count, then lexicographic tuple of source mutation strings in ascending position order",observed_training_profile,"Observed training annotation; coefficient belongs to the original position rule, not this mutation profile."
INI/EVG,CV-min,148,P148,1.8533090006958801,117,678,Q148H,54,54/117,117,0,{},4,1,"[[""Q148H""]]","largest joint count, then lexicographic tuple of source mutation strings in ascending position order",observed_training_profile,"Observed training annotation; coefficient belongs to the original position rule, not this mutation profile."
INI/EVG,CV-min,92,P92,1.246496727981752,38,678,E92Q,32,32/38,37,1,"{""mixed_amino_acid_token"": 1}",2,1,"[[""E92Q""]]","largest joint count, then lexicographic tuple of source mutation strings in ascending position order",observed_training_profile,"Observed training annotation; coefficient belongs to the original position rule, not this mutation profile."
INI/EVG,CV-min,155,P155,1.1555872058862922,44,678,N155H,44,44/44,44,0,{},1,1,"[[""N155H""]]","largest joint count, then lexicographic tuple of source mutation strings in ascending position order",observed_training_profile,"Observed training annotation; coefficient belongs to the original position rule, not this mutation profile."
INI/EVG,CV-min,66,P66,0.48264239101281725,27,678,T66I,21,21/27,26,1,"{""mixed_amino_acid_token"": 1}",3,1,"[[""T66I""]]","largest joint count, then lexicographic tuple of source mutation strings in ascending position order",observed_training_profile,"Observed training annotation; coefficient belongs to the original position rule, not this mutation profile."
INI/EVG,CV-min,140;148,P140 + P148,0.45311897744099811,77,678,G140S + Q148H,50,50/77,77,0,{},7,1,"[[""G140S"", ""Q148H""]]","largest joint count, then lexicographic tuple of source mutation strings in ascending position order",observed_training_profile,"Observed training annotation; coefficient belongs to the original position rule, not this mutation profile."
INI/EVG,CV-min,97,P97,0.44684080317266578,73,678,T97A,70,70/73,72,1,"{""mixed_amino_acid_token"": 1}",3,1,"[[""T97A""]]","largest joint count, then lexicographic tuple of source mutation strings in ascending position order",observed_training_profile,"Observed training annotation; coefficient belongs to the original position rule, not this mutation profile."
INI/EVG,CV-min,101,P101,-0.19216683406063823,174,678,L101I,157,157/174,158,16,"{""mixed_amino_acid_token"": 16}",2,1,"[[""L101I""]]","largest joint count, then lexicographic tuple of source mutation strings in ascending position order",observed_training_profile,"Observed training annotation; coefficient belongs to the original position rule, not this mutation profile."
INI/EVG,CV-min,232,P232,0.10593822864373802,95,678,D232N,79,79/95,88,7,"{""mixed_amino_acid_token"": 7}",2,1,"[[""D232N""]]","largest joint count, then lexicographic tuple of source mutation strings in ascending position order",observed_training_profile,"Observed training annotation; coefficient belongs to the original position rule, not this mutation profile."
INI/EVG,CV-min,201,P201,-0.090777673850948065,146,678,V201I,136,136/146,136,10,"{""mixed_amino_acid_token"": 10}",1,1,"[[""V201I""]]","largest joint count, then lexicographic tuple of source mutation strings in ascending position order",observed_training_profile,"Observed training annotation; coefficient belongs to the original position rule, not this mutation profile."
INI/EVG,CV-min,138;148,P138 + P148,0.054331077801542393,33,678,E138K + Q148R,11,11/33,31,2,"{""mixed_amino_acid_token"": 2}",5,1,"[[""E138K"", ""Q148R""]]","largest joint count, then lexicographic tuple of source mutation strings in ascending position order",observed_training_profile,"Observed training annotation; coefficient belongs to the original position rule, not this mutation profile."
INI/EVG,CV-min,125,P125,-0.051369613368183104,116,678,T125A,87,87/116,97,19,"{""mixed_amino_acid_token"": 18, ""unknown_X"": 1}",5,1,"[[""T125A""]]","largest joint count, then lexicographic tuple of source mutation strings in ascending position order",observed_training_profile,"Observed training annotation; coefficient belongs to the original position rule, not this mutation profile."
INI/RAL,CV-min,148,P148,1.7365395551198679,104,677,Q148H,46,46/104,104,0,{},4,1,"[[""Q148H""]]","largest joint count, then lexicographic tuple of source mutation strings in ascending position order",observed_training_profile,"Observed training annotation; coefficient belongs to the original position rule, not this mutation profile."
INI/RAL,CV-min,155,P155,1.0003912302529523,44,677,N155H,44,44/44,44,0,{},1,1,"[[""N155H""]]","largest joint count, then lexicographic tuple of source mutation strings in ascending position order",observed_training_profile,"Observed training annotation; coefficient belongs to the original position rule, not this mutation profile."
INI/RAL,CV-min,97;143,P97 + P143,0.95898072954038038,46,677,T97A + Y143R,11,11/46,46,0,{},6,1,"[[""T97A"", ""Y143R""]]","largest joint count, then lexicographic tuple of source mutation strings in ascending position order",observed_training_profile,"Observed training annotation; coefficient belongs to the original position rule, not this mutation profile."
INI/RAL,CV-min,140;148,P140 + P148,0.64613634560193356,56,677,G140S + Q148H,37,37/56,56,0,{},8,1,"[[""G140S"", ""Q148H""]]","largest joint count, then lexicographic tuple of source mutation strings in ascending position order",observed_training_profile,"Observed training annotation; coefficient belongs to the original position rule, not this mutation profile."
INI/RAL,CV-min,143,P143,0.52728707550130194,91,677,Y143R,22,22/91,91,0,{},6,1,"[[""Y143R""]]","largest joint count, then lexicographic tuple of source mutation strings in ascending position order",observed_training_profile,"Observed training annotation; coefficient belongs to the original position rule, not this mutation profile."
INI/RAL,CV-min,97,P97,0.29750905204143518,77,677,T97A,73,73/77,75,2,"{""mixed_amino_acid_token"": 2}",3,1,"[[""T97A""]]","largest joint count, then lexicographic tuple of source mutation strings in ascending position order",observed_training_profile,"Observed training annotation; coefficient belongs to the original position rule, not this mutation profile."
INI/RAL,CV-min,124,P124,-0.2121621018602248,253,677,T124A,164,164/253,230,23,"{""mixed_amino_acid_token"": 20, ""unknown_X"": 3}",4,1,"[[""T124A""]]","largest joint count, then lexicographic tuple of source mutation strings in ascending position order",observed_training_profile,"Observed training annotation; coefficient belongs to the original position rule, not this mutation profile."
INI/RAL,CV-min,143;230,P143 + P230,0.025088701212681367,22,677,Y143C + S230R,5,5/22,22,0,{},6,1,"[[""Y143C"", ""S230R""]]","largest joint count, then lexicographic tuple of source mutation strings in ascending position order",observed_training_profile,"Observed training annotation; coefficient belongs to the original position rule, not this mutation profile."
CAI/LEN,CV-min,66,P66,1.7566440443656808,37,126,M66I,37,37/37,37,0,{},1,1,"[[""M66I""]]","largest joint count, then lexicographic tuple of source mutation strings in ascending position order",observed_training_profile,"Observed training annotation; coefficient belongs to the original position rule, not this mutation profile."
CAI/LEN,CV-min,56,P56,1.3497938293627363,2,126,L56I,2,2/2,2,0,{},1,1,"[[""L56I""]]","largest joint count, then lexicographic tuple of source mutation strings in ascending position order",observed_training_profile,"Observed training annotation; coefficient belongs to the original position rule, not this mutation profile."
CAI/LEN,CV-min,67;107,P67 + P107,0.8748146379812789,7,126,Q67H + T107N,4,4/7,7,0,{},2,1,"[[""Q67H"", ""T107N""]]","largest joint count, then lexicographic tuple of source mutation strings in ascending position order",observed_training_profile,"Observed training annotation; coefficient belongs to the original position rule, not this mutation profile."
CAI/LEN,CV-min,70;74,P70 + P74,0.63795097741814355,2,126,K70N + N74K,2,2/2,2,0,{},1,1,"[[""K70N"", ""N74K""]]","largest joint count, then lexicographic tuple of source mutation strings in ascending position order",observed_training_profile,"Observed training annotation; coefficient belongs to the original position rule, not this mutation profile."
CAI/LEN,CV-min,67;74,P67 + P74,0.50513785238864328,7,126,Q67H + N74D,5,5/7,7,0,{},2,1,"[[""Q67H"", ""N74D""]]","largest joint count, then lexicographic tuple of source mutation strings in ascending position order",observed_training_profile,"Observed training annotation; coefficient belongs to the original position rule, not this mutation profile."
CAI/LEN,CV-min,74,P74,0.40680394378234164,21,126,N74D,16,16/21,21,0,{},3,1,"[[""N74D""]]","largest joint count, then lexicographic tuple of source mutation strings in ascending position order",observed_training_profile,"Observed training annotation; coefficient belongs to the original position rule, not this mutation profile."
CAI/LEN,CV-min,66;74,P66 + P74,-0.33515982803925026,8,126,M66I + N74D,8,8/8,8,0,{},1,1,"[[""M66I"", ""N74D""]]","largest joint count, then lexicographic tuple of source mutation strings in ascending position order",observed_training_profile,"Observed training annotation; coefficient belongs to the original position rule, not this mutation profile."
CAI/LEN,CV-min,70,P70,0.30532599580066222,40,126,K70R,32,32/40,40,0,{},3,1,"[[""K70R""]]","largest joint count, then lexicographic tuple of source mutation strings in ascending position order",observed_training_profile,"Observed training annotation; coefficient belongs to the original position rule, not this mutation profile."
CAI/LEN,CV-min,66;67;74,P66 + P67 + P74,-0.15756157209614957,2,126,M66I + Q67H + N74D,2,2/2,2,0,{},1,1,"[[""M66I"", ""Q67H"", ""N74D""]]","largest joint count, then lexicographic tuple of source mutation strings in ascending position order",observed_training_profile,"Observed training annotation; coefficient belongs to the original position rule, not this mutation profile."
CAI/LEN,CV-min,66;67,P66 + P67,-0.025524277115612559,9,126,M66I + Q67H,9,9/9,9,0,{},1,1,"[[""M66I"", ""Q67H""]]","largest joint count, then lexicographic tuple of source mutation strings in ascending position order",observed_training_profile,"Observed training annotation; coefficient belongs to the original position rule, not this mutation profile."
