endpoint,rank_abs_coefficient,selection,tau,lambda_value,intercept,positions,length,coefficient,exp_coefficient,training_support,training_fraction,cv_fold_presence,cv_folds
NRTI/3TC,1,CV-min,0.018197008586099836,705.6172605971511,1.6339079136994723,P184,1,2.9372701980825884,18.864280213361962,789,0.47702539298669894,3,3
NRTI/3TC,2,CV-min,0.018197008586099836,705.6172605971511,1.6339079136994723,P65,1,0.02428683112383306,1.0245841583729167,64,0.03869407496977025,3,3
NRTI/3TC,3,CV-min,0.018197008586099836,705.6172605971511,1.6339079136994723,P219,1,0.005946976543148465,1.0059646949143166,494,0.29866989117291415,3,3
NRTI/3TC,4,CV-min,0.018197008586099836,705.6172605971511,1.6339079136994723,P118,1,0.005138677203881142,1.0051519028499885,367,0.2218863361547763,2,3
NRTI/3TC,5,CV-min,0.018197008586099836,705.6172605971511,1.6339079136994723,P215,1,0.004254347072466425,1.0042634096542047,814,0.4921402660217654,2,3
NRTI/3TC,6,CV-min,0.018197008586099836,705.6172605971511,1.6339079136994723,P69,1,0.0016724342276077699,1.0016738335256998,345,0.20858524788391777,2,3
NRTI/ABC,1,CV-min,0.015848931924611134,27.523460799049698,0.28964671631539574,P151,1,1.0157679655597667,2.7614833073370786,38,0.024405908798972382,3,3
NRTI/ABC,2,CV-min,0.015848931924611134,27.523460799049698,0.28964671631539574,P184,1,0.9362446769560582,2.5503858895488345,770,0.4945407835581246,3,3
NRTI/ABC,3,CV-min,0.015848931924611134,27.523460799049698,0.28964671631539574,P115,1,0.745171578726052,2.1068028865264554,37,0.023763648041104687,3,3
NRTI/ABC,4,CV-min,0.015848931924611134,27.523460799049698,0.28964671631539574,P65,1,0.6733639901637399,1.960822425664455,58,0.037251123956326265,3,3
NRTI/ABC,5,CV-min,0.015848931924611134,27.523460799049698,0.28964671631539574,P69 & P215,2,0.6673860808462896,1.9491357726942973,224,0.1438664097623635,3,3
NRTI/ABC,6,CV-min,0.015848931924611134,27.523460799049698,0.28964671631539574,P215,1,0.5129374026454628,1.6701900170915625,748,0.48041104688503533,3,3
NRTI/ABC,7,CV-min,0.015848931924611134,27.523460799049698,0.28964671631539574,P74,1,0.394877263985929,1.4842020147019905,199,0.12780989081567115,3,3
NRTI/ABC,8,CV-min,0.015848931924611134,27.523460799049698,0.28964671631539574,P69 & P215 & P219,3,-0.32638953039324925,0.7215240771272644,145,0.09312780989081568,3,3
NRTI/ABC,9,CV-min,0.015848931924611134,27.523460799049698,0.28964671631539574,P41 & P75 & P210 & P215,4,-0.32266170435564917,0.724218813001355,71,0.045600513808606295,3,3
NRTI/ABC,10,CV-min,0.015848931924611134,27.523460799049698,0.28964671631539574,P75,1,0.3076378232136848,1.3602082638580197,130,0.08349389852280026,3,3
NRTI/ABC,11,CV-min,0.015848931924611134,27.523460799049698,0.28964671631539574,P68 & P122 & P135,3,0.2545815808685213,1.2899217799900304,40,0.02569043031470777,1,3
NRTI/ABC,12,CV-min,0.015848931924611134,27.523460799049698,0.28964671631539574,P69 & P122 & P215 & P228,4,0.21461157425272384,1.2393803962019145,83,0.05330764290301863,1,3
NRTI/ABC,13,CV-min,0.015848931924611134,27.523460799049698,0.28964671631539574,P188 & P200,2,0.211276547920537,1.2352539147318635,36,0.023121387283236993,2,3
NRTI/ABC,14,CV-min,0.015848931924611134,27.523460799049698,0.28964671631539574,P67 & P69 & P215,3,-0.20842550632266252,0.8118615109994081,182,0.11689145793192036,1,3
NRTI/ABC,15,CV-min,0.015848931924611134,27.523460799049698,0.28964671631539574,P184 & P215,2,-0.2009304459603473,0.8179693226460358,505,0.3243416827231856,3,3
NRTI/ABC,16,CV-min,0.015848931924611134,27.523460799049698,0.28964671631539574,P68 & P162,2,0.1799431867910351,1.1971493472936998,32,0.020552344251766216,2,3
NRTI/ABC,17,CV-min,0.015848931924611134,27.523460799049698,0.28964671631539574,P69 & P135 & P215,3,0.17064816112992404,1.1860733688868035,117,0.07514450867052024,2,3
NRTI/ABC,18,CV-min,0.015848931924611134,27.523460799049698,0.28964671631539574,P101 & P135 & P228,3,0.16904409255751418,1.1841723509603712,31,0.01991008349389852,1,3
NRTI/ABC,19,CV-min,0.015848931924611134,27.523460799049698,0.28964671631539574,P138 & P215,2,0.15726537848331187,1.17030614676496,37,0.023763648041104687,2,3
NRTI/ABC,20,CV-min,0.015848931924611134,27.523460799049698,0.28964671631539574,P43 & P211 & P215 & P219,4,0.1549460590969551,1.167594978278946,93,0.05973025048169557,3,3
NRTI/ABC,21,CV-min,0.015848931924611134,27.523460799049698,0.28964671631539574,P35 & P69 & P211 & P215,4,-0.15234169969168723,0.8586948148518886,53,0.0340398201669878,2,3
NRTI/ABC,22,CV-min,0.015848931924611134,27.523460799049698,0.28964671631539574,P88,1,0.1377741891337028,1.1477163541864313,35,0.0224791265253693,0,3
NRTI/ABC,23,CV-min,0.015848931924611134,27.523460799049698,0.28964671631539574,P98 & P103 & P211,3,0.12877068070971345,1.1374292597856523,51,0.03275529865125241,3,3
NRTI/ABC,24,CV-min,0.015848931924611134,27.523460799049698,0.28964671631539574,P218 & P219,2,0.12858800676310603,1.1372215000705017,93,0.05973025048169557,2,3
NRTI/ABC,25,CV-min,0.015848931924611134,27.523460799049698,0.28964671631539574,P118 & P200 & P207,3,0.12668376169218443,1.13505801219377,73,0.046885035324341684,2,3
NRTI/ABC,26,CV-min,0.015848931924611134,27.523460799049698,0.28964671631539574,P35 & P122 & P177 & P178,4,0.12623107251696766,1.1345443000031534,43,0.027617212588310854,2,3
NRTI/ABC,27,CV-min,0.015848931924611134,27.523460799049698,0.28964671631539574,P68 & P177,2,0.12497138581651814,1.1331160294129685,41,0.026332691072575465,2,3
NRTI/ABC,28,CV-min,0.015848931924611134,27.523460799049698,0.28964671631539574,P35 & P135 & P174,3,0.12469433899078868,1.1328021466959493,50,0.03211303789338472,1,3
NRTI/ABC,29,CV-min,0.015848931924611134,27.523460799049698,0.28964671631539574,P101 & P181,2,-0.1211879371970371,0.8858674565005823,79,0.05073859987154785,2,3
NRTI/ABC,30,CV-min,0.015848931924611134,27.523460799049698,0.28964671631539574,P35 & P68 & P122,3,0.11951985978275524,1.1269556249388515,31,0.01991008349389852,1,3
NRTI/ABC,31,CV-min,0.015848931924611134,27.523460799049698,0.28964671631539574,P69 & P184,2,-0.11896112527036444,0.8878423147210291,182,0.11689145793192036,1,3
NRTI/ABC,32,CV-min,0.015848931924611134,27.523460799049698,0.28964671631539574,P228,1,0.11785919370314753,1.1250856810652194,312,0.2003853564547206,2,3
NRTI/ABC,33,CV-min,0.015848931924611134,27.523460799049698,0.28964671631539574,P69 & P135,2,0.11608612323715221,1.1230925923379402,155,0.09955041746949261,3,3
NRTI/ABC,34,CV-min,0.015848931924611134,27.523460799049698,0.28964671631539574,P44 & P122 & P162 & P215,4,-0.11552244213832483,0.8909005782987137,48,0.030828516377649325,2,3
NRTI/ABC,35,CV-min,0.015848931924611134,27.523460799049698,0.28964671631539574,P41 & P215,2,0.11497915650259613,1.1218500540495528,578,0.37122671804752727,3,3
NRTI/ABC,36,CV-min,0.015848931924611134,27.523460799049698,0.28964671631539574,P35 & P68 & P215,3,0.11129409290553369,1.1177235730960797,31,0.01991008349389852,1,3
NRTI/ABC,37,CV-min,0.015848931924611134,27.523460799049698,0.28964671631539574,P41 & P69 & P208 & P215,4,0.11068372292713403,1.1170415563453608,59,0.03789338471419396,3,3
NRTI/ABC,38,CV-min,0.015848931924611134,27.523460799049698,0.28964671631539574,P67 & P69 & P210 & P215,4,-0.10979237797486747,0.8960201495035364,86,0.05523442517662171,2,3
NRTI/ABC,39,CV-min,0.015848931924611134,27.523460799049698,0.28964671631539574,P35 & P135 & P215,3,0.10612611625087046,1.1119621041555383,114,0.07321772639691715,3,3
NRTI/ABC,40,CV-min,0.015848931924611134,27.523460799049698,0.28964671631539574,P41 & P202,2,-0.10562149848366349,0.8997651461044962,75,0.04816955684007707,2,3
NRTI/ABC,41,CV-min,0.015848931924611134,27.523460799049698,0.28964671631539574,P118,1,0.1018234541136665,1.1071879849881037,344,0.22093770070648683,3,3
NRTI/ABC,42,CV-min,0.015848931924611134,27.523460799049698,0.28964671631539574,P74 & P103 & P215,3,-0.0980775095943461,0.9065786324885604,91,0.05844572896596018,2,3
NRTI/ABC,43,CV-min,0.015848931924611134,27.523460799049698,0.28964671631539574,P210,1,0.09660884315723077,1.1014294576794463,426,0.27360308285163776,2,3
NRTI/ABC,44,CV-min,0.015848931924611134,27.523460799049698,0.28964671631539574,P39 & P122 & P123,3,0.09627252699640941,1.1010590914363916,66,0.04238921001926782,2,3
NRTI/ABC,45,CV-min,0.015848931924611134,27.523460799049698,0.28964671631539574,P39 & P69 & P122 & P215,4,-0.0959256377183438,0.9085315740375948,58,0.037251123956326265,1,3
NRTI/ABC,46,CV-min,0.015848931924611134,27.523460799049698,0.28964671631539574,P123 & P211 & P215 & P228,4,-0.09578828737092647,0.9086563697350984,65,0.04174694926140013,1,3
NRTI/ABC,47,CV-min,0.015848931924611134,27.523460799049698,0.28964671631539574,P67 & P210 & P219,3,0.09560736516003075,1.1003269524716135,151,0.09698137443802184,1,3
NRTI/ABC,48,CV-min,0.015848931924611134,27.523460799049698,0.28964671631539574,P122 & P135 & P207,3,-0.09049154638303183,0.9134820560957221,106,0.0680796403339756,2,3
NRTI/ABC,49,CV-min,0.015848931924611134,27.523460799049698,0.28964671631539574,P118 & P211 & P219,3,0.08937067659197105,1.0934859108433082,126,0.08092485549132948,1,3
NRTI/ABC,50,CV-min,0.015848931924611134,27.523460799049698,0.28964671631539574,P74 & P179 & P215,3,-0.08916791135020621,0.9146919735149205,44,0.028259473346178548,2,3
NRTI/ABC,51,CV-min,0.015848931924611134,27.523460799049698,0.28964671631539574,P83,1,-0.08808732129115177,0.9156809147924242,204,0.13102119460500963,3,3
NRTI/ABC,52,CV-min,0.015848931924611134,27.523460799049698,0.28964671631539574,P69 & P135 & P184 & P215,4,-0.08787765455936676,0.9158729227453233,78,0.05009633911368015,2,3
NRTI/ABC,53,CV-min,0.015848931924611134,27.523460799049698,0.28964671631539574,P177 & P178 & P215,3,0.08692785439778708,1.090817979159351,62,0.03982016698779704,1,3
NRTI/ABC,54,CV-min,0.015848931924611134,27.523460799049698,0.28964671631539574,P135 & P174 & P215,3,0.08653408226700691,1.0903885299975091,40,0.02569043031470777,1,3
NRTI/ABC,55,CV-min,0.015848931924611134,27.523460799049698,0.28964671631539574,P122 & P135 & P162 & P215,4,0.0841938337076569,1.087839733383116,68,0.04367373153500321,1,3
NRTI/ABC,56,CV-min,0.015848931924611134,27.523460799049698,0.28964671631539574,P181,1,-0.08039899530213387,0.9227481007701254,250,0.16056518946692358,2,3
NRTI/ABC,57,CV-min,0.015848931924611134,27.523460799049698,0.28964671631539574,P69,1,0.07983852842576263,1.0831121617283395,311,0.19974309569685292,3,3
NRTI/ABC,58,CV-min,0.015848931924611134,27.523460799049698,0.28964671631539574,P173,1,-0.07880078696460355,0.9242240235801279,131,0.08413615928066795,3,3
NRTI/ABC,59,CV-min,0.015848931924611134,27.523460799049698,0.28964671631539574,P41 & P74 & P211 & P215,4,-0.07864108522635098,0.9243716355498588,116,0.07450224791265253,1,3
NRTI/ABC,60,CV-min,0.015848931924611134,27.523460799049698,0.28964671631539574,P135 & P215,2,0.07777553517320081,1.0808800118936082,336,0.21579961464354527,3,3
NRTI/ABC,61,CV-min,0.015848931924611134,27.523460799049698,0.28964671631539574,P90 & P123,2,-0.0777256298622784,0.9252182439790078,41,0.026332691072575465,1,3
NRTI/ABC,62,CV-min,0.015848931924611134,27.523460799049698,0.28964671631539574,P135 & P208,2,0.07732415687010467,1.080392236201953,75,0.04816955684007707,1,3
NRTI/ABC,63,CV-min,0.015848931924611134,27.523460799049698,0.28964671631539574,P6,1,-0.07540873666017348,0.9273643610409334,120,0.07707129094412331,3,3
NRTI/ABC,64,CV-min,0.015848931924611134,27.523460799049698,0.28964671631539574,P35 & P162 & P215,3,0.07539277039216556,1.078307595017999,67,0.04303147077713552,1,3
NRTI/ABC,65,CV-min,0.015848931924611134,27.523460799049698,0.28964671631539574,P69 & P177 & P228,3,0.07414407261505326,1.0769619550447271,32,0.020552344251766216,2,3
NRTI/ABC,66,CV-min,0.015848931924611134,27.523460799049698,0.28964671631539574,P41 & P67 & P135 & P179,4,0.07360300791817806,1.0763794065633951,41,0.026332691072575465,1,3
NRTI/ABC,67,CV-min,0.015848931924611134,27.523460799049698,0.28964671631539574,P41 & P67 & P69,3,-0.0728275201390541,0.9297611812759738,130,0.08349389852280026,1,3
NRTI/ABC,68,CV-min,0.015848931924611134,27.523460799049698,0.28964671631539574,P67 & P184 & P215,3,-0.07137645436965076,0.9311113052222642,305,0.19588953114964675,2,3
NRTI/ABC,69,CV-min,0.015848931924611134,27.523460799049698,0.28964671631539574,P43 & P211 & P215,3,0.06967788281370522,1.0721627635720654,195,0.1252408477842004,3,3
NRTI/ABC,70,CV-min,0.015848931924611134,27.523460799049698,0.28964671631539574,P103 & P122 & P135 & P211,4,-0.06893685441394669,0.9333856173991909,73,0.046885035324341684,0,3
NRTI/ABC,71,CV-min,0.015848931924611134,27.523460799049698,0.28964671631539574,P67,1,0.06850913288266898,1.070910405405399,561,0.3603082851637765,3,3
NRTI/ABC,72,CV-min,0.015848931924611134,27.523460799049698,0.28964671631539574,P69 & P118 & P184 & P215,4,-0.06747607705831274,0.9347500823202591,76,0.048811817597944764,0,3
NRTI/ABC,73,CV-min,0.015848931924611134,27.523460799049698,0.28964671631539574,P39 & P135 & P228,3,-0.06643623785304337,0.9357225776347348,48,0.030828516377649325,1,3
NRTI/ABC,74,CV-min,0.015848931924611134,27.523460799049698,0.28964671631539574,P67 & P178 & P210 & P215,4,0.0657316814171455,1.0679401305370544,49,0.03147077713551702,1,3
NRTI/ABC,75,CV-min,0.015848931924611134,27.523460799049698,0.28964671631539574,P135 & P177 & P211,3,-0.06413681903549547,0.9378766713704715,111,0.07129094412331406,1,3
NRTI/ABC,76,CV-min,0.015848931924611134,27.523460799049698,0.28964671631539574,P41 & P208,2,0.06348164143232833,1.065539923835104,163,0.10468850353243417,0,3
NRTI/ABC,77,CV-min,0.015848931924611134,27.523460799049698,0.28964671631539574,P60 & P69 & P118,3,-0.06006208979175634,0.9417060614357555,40,0.02569043031470777,1,3
NRTI/ABC,78,CV-min,0.015848931924611134,27.523460799049698,0.28964671631539574,P41 & P122 & P228,3,-0.05987624253008096,0.9418810911924732,144,0.09248554913294797,0,3
NRTI/ABC,79,CV-min,0.015848931924611134,27.523460799049698,0.28964671631539574,P210 & P215,2,0.059081866290413045,1.0608620860288827,417,0.2678227360308285,2,3
NRTI/ABC,80,CV-min,0.015848931924611134,27.523460799049698,0.28964671631539574,P70 & P203,2,0.05876134947946697,1.060522116382119,41,0.026332691072575465,1,3
NRTI/ABC,81,CV-min,0.015848931924611134,27.523460799049698,0.28964671631539574,P43 & P228,2,-0.05851085213929555,0.9431680049535596,104,0.06679511881824021,2,3
NRTI/ABC,82,CV-min,0.015848931924611134,27.523460799049698,0.28964671631539574,P35 & P122 & P200,3,-0.05794630636384835,0.9437006167940295,153,0.09826589595375723,1,3
NRTI/ABC,83,CV-min,0.015848931924611134,27.523460799049698,0.28964671631539574,P67 & P69 & P103 & P215,4,-0.05533232078994611,0.9461706635191958,63,0.04046242774566474,1,3
NRTI/ABC,84,CV-min,0.015848931924611134,27.523460799049698,0.28964671631539574,P69 & P200 & P211,3,-0.054737126519901404,0.9467339865032829,66,0.04238921001926782,1,3
NRTI/ABC,85,CV-min,0.015848931924611134,27.523460799049698,0.28964671631539574,P179 & P184 & P215,3,-0.05433947440763993,0.9471105321348867,134,0.08606294155427104,2,3
NRTI/ABC,86,CV-min,0.015848931924611134,27.523460799049698,0.28964671631539574,P102 & P184,2,0.05362088110802678,1.0550845238456308,68,0.04367373153500321,2,3
NRTI/ABC,87,CV-min,0.015848931924611134,27.523460799049698,0.28964671631539574,P41 & P68 & P184,3,-0.05260644090836802,0.9487533295148702,52,0.033397559409120106,0,3
NRTI/ABC,88,CV-min,0.015848931924611134,27.523460799049698,0.28964671631539574,P41 & P118 & P135 & P215,4,-0.05155848227060853,0.9497481049123336,139,0.0892742453436095,1,3
NRTI/ABC,89,CV-min,0.015848931924611134,27.523460799049698,0.28964671631539574,P74 & P122 & P208 & P215,4,-0.05016637896932246,0.9510711730946944,46,0.029543994861913937,0,3
NRTI/ABC,90,CV-min,0.015848931924611134,27.523460799049698,0.28964671631539574,P41 & P69 & P215 & P228,4,-0.04976172227291664,0.9514561082916956,90,0.057803468208092484,0,3
NRTI/ABC,91,CV-min,0.015848931924611134,27.523460799049698,0.28964671631539574,P35 & P101 & P190,3,-0.04973401292349414,0.9514824728867316,37,0.023763648041104687,0,3
NRTI/ABC,92,CV-min,0.015848931924611134,27.523460799049698,0.28964671631539574,P41 & P60 & P67 & P179,4,0.048575171896882534,1.0497742823784646,31,0.01991008349389852,0,3
NRTI/ABC,93,CV-min,0.015848931924611134,27.523460799049698,0.28964671631539574,P64 & P67,2,0.0461899748780342,1.0472733476863436,66,0.04238921001926782,1,3
NRTI/ABC,94,CV-min,0.015848931924611134,27.523460799049698,0.28964671631539574,P41 & P67 & P184,3,-0.045060070408873915,0.9559400563982857,245,0.1573538856775851,1,3
NRTI/ABC,95,CV-min,0.015848931924611134,27.523460799049698,0.28964671631539574,P67 & P75 & P135,3,0.04436890305254448,1.045367923183305,31,0.01991008349389852,0,3
NRTI/ABC,96,CV-min,0.015848931924611134,27.523460799049698,0.28964671631539574,P70 & P181 & P184,3,0.04420720019647996,1.0451988978707942,35,0.0224791265253693,0,3
NRTI/ABC,97,CV-min,0.015848931924611134,27.523460799049698,0.28964671631539574,P75 & P162,2,0.04389667332835993,1.0448743859179237,42,0.02697495183044316,2,3
NRTI/ABC,98,CV-min,0.015848931924611134,27.523460799049698,0.28964671631539574,P123 & P178,2,-0.043291537998808874,0.9576321632019328,118,0.07578676942838793,1,3
NRTI/ABC,99,CV-min,0.015848931924611134,27.523460799049698,0.28964671631539574,P68 & P211,2,-0.04320158733207158,0.9577183067277776,96,0.06165703275529865,1,3
NRTI/ABC,100,CV-min,0.015848931924611134,27.523460799049698,0.28964671631539574,P202,1,-0.04290151759223733,0.9580057321325884,174,0.11175337186897881,3,3
NRTI/ABC,101,CV-min,0.015848931924611134,27.523460799049698,0.28964671631539574,P135 & P162 & P184,3,-0.04274922584905153,0.9581516396054865,88,0.056518946692357096,2,3
NRTI/ABC,102,CV-min,0.015848931924611134,27.523460799049698,0.28964671631539574,P39 & P67 & P211 & P219,4,0.04106587482212735,1.0419207396282195,76,0.048811817597944764,0,3
NRTI/ABC,103,CV-min,0.015848931924611134,27.523460799049698,0.28964671631539574,P70 & P123 & P184 & P200,4,0.039273822232433184,1.0400552349090426,43,0.027617212588310854,1,3
NRTI/ABC,104,CV-min,0.015848931924611134,27.523460799049698,0.28964671631539574,P69 & P181,2,-0.038597973336847106,0.962137436306856,80,0.05138086062941554,1,3
NRTI/ABC,105,CV-min,0.015848931924611134,27.523460799049698,0.28964671631539574,P67 & P162 & P184 & P215,4,-0.038299990157168465,0.9624241797996617,83,0.05330764290301863,1,3
NRTI/ABC,106,CV-min,0.015848931924611134,27.523460799049698,0.28964671631539574,P200 & P215 & P219,3,-0.0382684214518787,0.9624545627645303,148,0.09505459216441875,2,3
NRTI/ABC,107,CV-min,0.015848931924611134,27.523460799049698,0.28964671631539574,P67 & P70 & P184 & P219,4,0.038167505558020315,1.0389052407065265,162,0.10404624277456648,0,3
NRTI/ABC,108,CV-min,0.015848931924611134,27.523460799049698,0.28964671631539574,P122 & P179 & P211 & P215,4,-0.03776733785702776,0.9629369538057463,86,0.05523442517662171,1,3
NRTI/ABC,109,CV-min,0.015848931924611134,27.523460799049698,0.28964671631539574,P98 & P103 & P210 & P215,4,0.03653206102651233,1.037207557423675,41,0.026332691072575465,2,3
NRTI/ABC,110,CV-min,0.015848931924611134,27.523460799049698,0.28964671631539574,P43 & P196 & P211,3,0.03637316650299294,1.037042763915787,71,0.045600513808606295,0,3
NRTI/ABC,111,CV-min,0.015848931924611134,27.523460799049698,0.28964671631539574,P123 & P135 & P211,3,-0.035783818122425065,0.9648488537756182,129,0.08285163776493257,2,3
NRTI/ABC,112,CV-min,0.015848931924611134,27.523460799049698,0.28964671631539574,P122 & P123 & P196,3,0.03453172783631145,1.0351348704448375,65,0.04174694926140013,1,3
NRTI/ABC,113,CV-min,0.015848931924611134,27.523460799049698,0.28964671631539574,P41 & P68 & P184 & P211,4,-0.034245100422974455,0.9663346265835264,41,0.026332691072575465,1,3
NRTI/ABC,114,CV-min,0.015848931924611134,27.523460799049698,0.28964671631539574,P39 & P41 & P67 & P215,4,0.03402497275846424,1.0346104434822188,145,0.09312780989081568,0,3
NRTI/ABC,115,CV-min,0.015848931924611134,27.523460799049698,0.28964671631539574,P211,1,-0.034002236062959955,0.9665693433251834,876,0.5626204238921002,2,3
NRTI/ABC,116,CV-min,0.015848931924611134,27.523460799049698,0.28964671631539574,P123 & P211 & P228,3,-0.03397709373680369,0.9665936454323704,70,0.0449582530507386,1,3
NRTI/ABC,117,CV-min,0.015848931924611134,27.523460799049698,0.28964671631539574,P41 & P75 & P208,3,0.033277430353640884,1.0338373173115443,32,0.020552344251766216,0,3
NRTI/ABC,118,CV-min,0.015848931924611134,27.523460799049698,0.28964671631539574,P162 & P215 & P219,3,-0.03287794155797418,0.9676566630458306,97,0.06229929351316635,2,3
NRTI/ABC,119,CV-min,0.015848931924611134,27.523460799049698,0.28964671631539574,P67 & P122 & P210 & P219,4,0.03274137769665447,1.0332832745820135,124,0.07964033397559409,0,3
NRTI/ABC,120,CV-min,0.015848931924611134,27.523460799049698,0.28964671631539574,P118 & P122 & P184 & P215,4,-0.03263137509852945,0.9678952841399663,166,0.10661528580603725,1,3
NRTI/ABC,121,CV-min,0.015848931924611134,27.523460799049698,0.28964671631539574,P101 & P122 & P228,3,0.0325936379169618,1.0331306288148703,50,0.03211303789338472,0,3
NRTI/ABC,122,CV-min,0.015848931924611134,27.523460799049698,0.28964671631539574,P20 & P135 & P215 & P228,4,-0.0324032872055244,0.9681160745148237,34,0.021836865767501604,1,3
NRTI/ABC,123,CV-min,0.015848931924611134,27.523460799049698,0.28964671631539574,P118 & P135 & P203,3,-0.032403279465838535,0.9681160820077381,58,0.037251123956326265,0,3
NRTI/ABC,124,CV-min,0.015848931924611134,27.523460799049698,0.28964671631539574,P184 & P196 & P211,3,0.03189022558570048,1.0324041675216278,120,0.07707129094412331,0,3
NRTI/ABC,125,CV-min,0.015848931924611134,27.523460799049698,0.28964671631539574,P69 & P101 & P215 & P228,4,0.03182591103025947,1.032337771041711,31,0.01991008349389852,2,3
NRTI/ABC,126,CV-min,0.015848931924611134,27.523460799049698,0.28964671631539574,P123 & P215 & P228,3,-0.03168252788669378,0.9688141047229102,91,0.05844572896596018,1,3
NRTI/ABC,127,CV-min,0.015848931924611134,27.523460799049698,0.28964671631539574,P118 & P214 & P215,3,-0.03082812529925539,0.9696422157204447,44,0.028259473346178548,1,3
NRTI/ABC,128,CV-min,0.015848931924611134,27.523460799049698,0.28964671631539574,P68 & P122 & P211,3,-0.030736809939334628,0.969730762991169,55,0.035324341682723186,0,3
NRTI/ABC,129,CV-min,0.015848931924611134,27.523460799049698,0.28964671631539574,P41 & P69 & P118,3,-0.030643279189663964,0.9698214668781454,93,0.05973025048169557,0,3
NRTI/ABC,130,CV-min,0.015848931924611134,27.523460799049698,0.28964671631539574,P39 & P69 & P215,3,-0.030615323763577614,0.9698485790294438,76,0.048811817597944764,1,3
NRTI/ABC,131,CV-min,0.015848931924611134,27.523460799049698,0.28964671631539574,P135 & P178 & P211 & P215,4,-0.029872103087727277,0.970569658473206,39,0.025048169556840076,1,3
NRTI/ABC,132,CV-min,0.015848931924611134,27.523460799049698,0.28964671631539574,P41 & P69 & P228,3,-0.028610466539768786,0.9717949373924826,91,0.05844572896596018,1,3
NRTI/ABC,133,CV-min,0.015848931924611134,27.523460799049698,0.28964671631539574,P118 & P184 & P215,3,-0.02773622325889615,0.9726448940672048,216,0.13872832369942195,1,3
NRTI/ABC,134,CV-min,0.015848931924611134,27.523460799049698,0.28964671631539574,P103 & P200 & P215 & P219,4,-0.0276616722948947,0.972717408384661,59,0.03789338471419396,1,3
NRTI/ABC,135,CV-min,0.015848931924611134,27.523460799049698,0.28964671631539574,P122 & P184 & P196 & P211,4,0.027323446920933008,1.02770015546229,72,0.046242774566473986,1,3
NRTI/ABC,136,CV-min,0.015848931924611134,27.523460799049698,0.28964671631539574,P41 & P75 & P123,3,-0.027236468556558736,0.9731310994083027,37,0.023763648041104687,1,3
NRTI/ABC,137,CV-min,0.015848931924611134,27.523460799049698,0.28964671631539574,P67 & P118,2,0.027174466713732984,1.0275470598845784,243,0.15606936416184972,1,3
NRTI/ABC,138,CV-min,0.015848931924611134,27.523460799049698,0.28964671631539574,P135 & P215 & P219,3,-0.026625815203543405,0.9737255266531033,178,0.11432241490044959,0,3
NRTI/ABC,139,CV-min,0.015848931924611134,27.523460799049698,0.28964671631539574,P162 & P184 & P215,3,-0.02619036382732029,0.9741496291050447,123,0.0789980732177264,0,3
NRTI/ABC,140,CV-min,0.015848931924611134,27.523460799049698,0.28964671631539574,P20 & P67 & P103 & P122,4,-0.02563167505645485,0.9746940276244779,44,0.028259473346178548,1,3
NRTI/ABC,141,CV-min,0.015848931924611134,27.523460799049698,0.28964671631539574,P101 & P118 & P211 & P219,4,0.025419125321204723,1.0257449461227586,37,0.023763648041104687,0,3
NRTI/ABC,142,CV-min,0.015848931924611134,27.523460799049698,0.28964671631539574,P69 & P177 & P184,3,-0.025418180462348252,0.974902141745113,52,0.033397559409120106,1,3
NRTI/ABC,143,CV-min,0.015848931924611134,27.523460799049698,0.28964671631539574,P35 & P43 & P215 & P219,4,0.025241279058362185,1.0255625374382933,44,0.028259473346178548,0,3
NRTI/ABC,144,CV-min,0.015848931924611134,27.523460799049698,0.28964671631539574,P62,1,0.025153101884681263,1.0254721102191757,71,0.045600513808606295,2,3
NRTI/ABC,145,CV-min,0.015848931924611134,27.523460799049698,0.28964671631539574,P20 & P41 & P200,3,0.024446309177663265,1.0247475700904243,68,0.04367373153500321,1,3
NRTI/ABC,146,CV-min,0.015848931924611134,27.523460799049698,0.28964671631539574,P123 & P211,2,-0.024376825646367895,0.9759178895706824,298,0.1913937058445729,2,3
NRTI/ABC,147,CV-min,0.015848931924611134,27.523460799049698,0.28964671631539574,P69 & P196 & P215,3,-0.023177079840663882,0.9770894456096011,69,0.04431599229287091,0,3
NRTI/ABC,148,CV-min,0.015848931924611134,27.523460799049698,0.28964671631539574,P178 & P184,2,-0.02306382054814431,0.977200116336065,120,0.07707129094412331,1,3
NRTI/ABC,149,CV-min,0.015848931924611134,27.523460799049698,0.28964671631539574,P69 & P123 & P135 & P211,4,-0.022509484819705435,0.9777419634431148,33,0.02119460500963391,0,3
NRTI/ABC,150,CV-min,0.015848931924611134,27.523460799049698,0.28964671631539574,P215 & P219 & P228,3,-0.022421429252515817,0.9778280628569817,172,0.11046885035324341,0,3
NRTI/ABC,151,CV-min,0.015848931924611134,27.523460799049698,0.28964671631539574,P122 & P123 & P200,3,0.022350483511927206,1.0226021268549457,117,0.07514450867052024,0,3
NRTI/ABC,152,CV-min,0.015848931924611134,27.523460799049698,0.28964671631539574,P118 & P207,2,0.021992743556127816,1.0222363666427061,146,0.09377007064868337,0,3
NRTI/ABC,153,CV-min,0.015848931924611134,27.523460799049698,0.28964671631539574,P20 & P67 & P122 & P135,4,-0.021942691660617672,0.9782962979810191,50,0.03211303789338472,0,3
NRTI/ABC,154,CV-min,0.015848931924611134,27.523460799049698,0.28964671631539574,P122 & P123 & P184,3,0.021589707584896617,1.021824451629708,124,0.07964033397559409,1,3
NRTI/ABC,155,CV-min,0.015848931924611134,27.523460799049698,0.28964671631539574,P103 & P122 & P135 & P215,4,-0.0210030939484329,0.9792159349211654,86,0.05523442517662171,0,3
NRTI/ABC,156,CV-min,0.015848931924611134,27.523460799049698,0.28964671631539574,P122 & P174 & P228,3,0.020573289598453316,1.020786378525541,31,0.01991008349389852,1,3
NRTI/ABC,157,CV-min,0.015848931924611134,27.523460799049698,0.28964671631539574,P135 & P184 & P215,3,-0.02026643526875734,0.979937548597758,232,0.14900449582530506,0,3
NRTI/ABC,158,CV-min,0.015848931924611134,27.523460799049698,0.28964671631539574,P200,1,-0.020091754554972155,0.980108739739672,614,0.3943481053307643,1,3
NRTI/ABC,159,CV-min,0.015848931924611134,27.523460799049698,0.28964671631539574,P35 & P184 & P215,3,-0.019291388615401153,0.9808934993975938,173,0.1111111111111111,1,3
NRTI/ABC,160,CV-min,0.015848931924611134,27.523460799049698,0.28964671631539574,P135 & P162 & P215,3,0.01919491208444889,1.0193803187979527,97,0.06229929351316635,0,3
NRTI/ABC,161,CV-min,0.015848931924611134,27.523460799049698,0.28964671631539574,P70 & P184 & P218 & P219,4,0.018907394528638793,1.0190872711904355,41,0.026332691072575465,1,3
NRTI/ABC,162,CV-min,0.015848931924611134,27.523460799049698,0.28964671631539574,P35 & P102,2,-0.01887166748018897,0.9813052875427319,45,0.028901734104046242,0,3
NRTI/ABC,163,CV-min,0.015848931924611134,27.523460799049698,0.28964671631539574,P122 & P162 & P207 & P211,4,-0.01873072491379547,0.9814436049755517,50,0.03211303789338472,0,3
NRTI/ABC,164,CV-min,0.015848931924611134,27.523460799049698,0.28964671631539574,P122 & P177 & P178 & P215,4,0.01861742641575236,1.0187918112165977,46,0.029543994861913937,1,3
NRTI/ABC,165,CV-min,0.015848931924611134,27.523460799049698,0.28964671631539574,P67 & P123 & P184 & P200,4,0.018587415992771465,1.018761237302184,68,0.04367373153500321,1,3
NRTI/ABC,166,CV-min,0.015848931924611134,27.523460799049698,0.28964671631539574,P41 & P122 & P184 & P211,4,-0.018271983566036945,0.9818939370227149,192,0.1233140655105973,1,3
NRTI/ABC,167,CV-min,0.015848931924611134,27.523460799049698,0.28964671631539574,P41 & P190 & P211 & P215,4,0.01826067313982008,1.0184284187250383,66,0.04238921001926782,1,3
NRTI/ABC,168,CV-min,0.015848931924611134,27.523460799049698,0.28964671631539574,P69 & P179 & P184 & P215,4,-0.01807917746221814,0.9820832704188062,47,0.03018625561978163,1,3
NRTI/ABC,169,CV-min,0.015848931924611134,27.523460799049698,0.28964671631539574,P103 & P118 & P211,3,0.016809594284216012,1.0169516704788812,87,0.055876685934489405,0,3
NRTI/ABC,170,CV-min,0.015848931924611134,27.523460799049698,0.28964671631539574,P67 & P122 & P179 & P211,4,-0.016728609489656755,0.983410536710146,62,0.03982016698779704,2,3
NRTI/ABC,171,CV-min,0.015848931924611134,27.523460799049698,0.28964671631539574,P35 & P122 & P135 & P219,4,-0.01625670496792817,0.9838747221061145,58,0.037251123956326265,1,3
NRTI/ABC,172,CV-min,0.015848931924611134,27.523460799049698,0.28964671631539574,P74 & P184,2,0.01622541923163677,1.0163577661722383,156,0.1001926782273603,1,3
NRTI/ABC,173,CV-min,0.015848931924611134,27.523460799049698,0.28964671631539574,P103 & P122 & P135,3,-0.016109157279970813,0.9840199012567615,131,0.08413615928066795,1,3
NRTI/ABC,174,CV-min,0.015848931924611134,27.523460799049698,0.28964671631539574,P118 & P177 & P207,3,0.015809626733231847,1.0159352600808869,48,0.030828516377649325,0,3
NRTI/ABC,175,CV-min,0.015848931924611134,27.523460799049698,0.28964671631539574,P41 & P100 & P215,3,-0.015407367820197016,0.9847107184274229,33,0.02119460500963391,1,3
NRTI/ABC,176,CV-min,0.015848931924611134,27.523460799049698,0.28964671631539574,P122 & P179 & P215,3,-0.01533783017390332,0.9847791952738942,116,0.07450224791265253,1,3
NRTI/ABC,177,CV-min,0.015848931924611134,27.523460799049698,0.28964671631539574,P179 & P200 & P207,3,0.015248491970965035,1.0153653434052263,59,0.03789338471419396,1,3
NRTI/ABC,178,CV-min,0.015848931924611134,27.523460799049698,0.28964671631539574,P41 & P122 & P162 & P196,4,0.014679003084731215,1.0147872687458603,33,0.02119460500963391,1,3
NRTI/ABC,179,CV-min,0.015848931924611134,27.523460799049698,0.28964671631539574,P67 & P74 & P122 & P228,4,-0.014345823915029098,0.9857565871084714,38,0.024405908798972382,0,3
NRTI/ABC,180,CV-min,0.015848931924611134,27.523460799049698,0.28964671631539574,P41 & P103 & P208,3,0.014019552177772263,1.01411828696568,58,0.037251123956326265,1,3
NRTI/ABC,181,CV-min,0.015848931924611134,27.523460799049698,0.28964671631539574,P35 & P135 & P162 & P215,4,0.012648783269283953,1.0127291174810686,34,0.021836865767501604,1,3
NRTI/ABC,182,CV-min,0.015848931924611134,27.523460799049698,0.28964671631539574,P35 & P118 & P211 & P219,4,0.012535662981234909,1.0126145637508812,47,0.03018625561978163,0,3
NRTI/ABC,183,CV-min,0.015848931924611134,27.523460799049698,0.28964671631539574,P41 & P135 & P184 & P200,4,-0.01228650372888186,0.9877886671805506,91,0.05844572896596018,0,3
NRTI/ABC,184,CV-min,0.015848931924611134,27.523460799049698,0.28964671631539574,P122 & P190,2,0.011554141736318689,1.0116211486524136,101,0.06486833654463713,1,3
NRTI/ABC,185,CV-min,0.015848931924611134,27.523460799049698,0.28964671631539574,P35 & P135 & P211,3,-0.011460325240601272,0.9886050941390987,124,0.07964033397559409,1,3
NRTI/ABC,186,CV-min,0.015848931924611134,27.523460799049698,0.28964671631539574,P69 & P179 & P184,3,-0.011335696219553562,0.9887283107022043,55,0.035324341682723186,1,3
NRTI/ABC,187,CV-min,0.015848931924611134,27.523460799049698,0.28964671631539574,P200 & P211 & P215,3,-0.011188160057660974,0.9888741946436337,197,0.12652536929993577,2,3
NRTI/ABC,188,CV-min,0.015848931924611134,27.523460799049698,0.28964671631539574,P39 & P135 & P211,3,-0.011135350353108671,0.9889264181766347,97,0.06229929351316635,2,3
NRTI/ABC,189,CV-min,0.015848931924611134,27.523460799049698,0.28964671631539574,P69 & P135 & P219,3,-0.011106364473317462,0.988955083494357,93,0.05973025048169557,0,3
NRTI/ABC,190,CV-min,0.015848931924611134,27.523460799049698,0.28964671631539574,P69 & P200 & P219,3,-0.010975717031273723,0.9890842963867948,76,0.048811817597944764,1,3
NRTI/ABC,191,CV-min,0.015848931924611134,27.523460799049698,0.28964671631539574,P103 & P122,2,-0.010562198953463562,0.9894933852008095,262,0.1682723185613359,2,3
NRTI/ABC,192,CV-min,0.015848931924611134,27.523460799049698,0.28964671631539574,P39 & P41 & P215 & P219,4,0.010345774971447879,1.0103994775397787,113,0.07257546563904946,0,3
NRTI/ABC,193,CV-min,0.015848931924611134,27.523460799049698,0.28964671631539574,P68 & P123 & P200,3,0.010000385868640466,1.010050556830928,32,0.020552344251766216,1,3
NRTI/ABC,194,CV-min,0.015848931924611134,27.523460799049698,0.28964671631539574,P35 & P122 & P135 & P200,4,-0.009653783765461516,0.9903926644179613,74,0.047527296082209375,1,3
NRTI/ABC,195,CV-min,0.015848931924611134,27.523460799049698,0.28964671631539574,P118 & P184 & P200 & P215,4,-0.009469019083870538,0.9905756709093,98,0.06294155427103404,0,3
NRTI/ABC,196,CV-min,0.015848931924611134,27.523460799049698,0.28964671631539574,P174 & P211,2,-0.009049636635172638,0.9909911880840014,140,0.0899165061014772,0,3
NRTI/ABC,197,CV-min,0.015848931924611134,27.523460799049698,0.28964671631539574,P135 & P181 & P200,3,-0.008885811611838044,0.9911535505376668,57,0.036608863198458574,1,3
NRTI/ABC,198,CV-min,0.015848931924611134,27.523460799049698,0.28964671631539574,P67 & P74 & P122,3,-0.008697803232848095,0.9913399132283583,73,0.046885035324341684,1,3
NRTI/ABC,199,CV-min,0.015848931924611134,27.523460799049698,0.28964671631539574,P35 & P207 & P211 & P219,4,0.007887841752481098,1.0079190327321395,37,0.023763648041104687,2,3
NRTI/ABC,200,CV-min,0.015848931924611134,27.523460799049698,0.28964671631539574,P43 & P122 & P200,3,-0.007819306308638405,0.9922111849417018,78,0.05009633911368015,0,3
NRTI/ABC,201,CV-min,0.015848931924611134,27.523460799049698,0.28964671631539574,P67 & P122 & P211 & P219,4,0.0074657208217178556,1.0074936587978454,140,0.0899165061014772,1,3
NRTI/ABC,202,CV-min,0.015848931924611134,27.523460799049698,0.28964671631539574,P60,1,-0.007200572072961652,0.9928252899351468,302,0.19396274887604367,2,3
NRTI/ABC,203,CV-min,0.015848931924611134,27.523460799049698,0.28964671631539574,P35 & P177 & P228,3,0.007179910000183497,1.0072057473535967,38,0.024405908798972382,1,3
NRTI/ABC,204,CV-min,0.015848931924611134,27.523460799049698,0.28964671631539574,P41 & P43 & P67 & P118,4,0.006969839307684997,1.0069941851670472,123,0.0789980732177264,0,3
NRTI/ABC,205,CV-min,0.015848931924611134,27.523460799049698,0.28964671631539574,P75 & P101,2,-0.006374476631828117,0.9936457972430158,35,0.0224791265253693,0,3
NRTI/ABC,206,CV-min,0.015848931924611134,27.523460799049698,0.28964671631539574,P178,1,-0.006360655484117739,0.9936595306632569,295,0.1894669235709698,1,3
NRTI/ABC,207,CV-min,0.015848931924611134,27.523460799049698,0.28964671631539574,P178 & P200,2,-0.006235324017113437,0.9937840752744541,138,0.08863198458574181,1,3
NRTI/ABC,208,CV-min,0.015848931924611134,27.523460799049698,0.28964671631539574,P41 & P118 & P135 & P208,4,-0.005977837191503307,0.9940399945278425,50,0.03211303789338472,1,3
NRTI/ABC,209,CV-min,0.015848931924611134,27.523460799049698,0.28964671631539574,P35 & P211,2,-0.005920995658151903,0.9940964988912262,323,0.20745022479126526,1,3
NRTI/ABC,210,CV-min,0.015848931924611134,27.523460799049698,0.28964671631539574,P214 & P215,2,-0.00556268272511446,0.994452760346198,73,0.046885035324341684,1,3
NRTI/ABC,211,CV-min,0.015848931924611134,27.523460799049698,0.28964671631539574,P103 & P200 & P219,3,-0.005558071804981758,0.994457345699023,73,0.046885035324341684,1,3
NRTI/ABC,212,CV-min,0.015848931924611134,27.523460799049698,0.28964671631539574,P122 & P184 & P196,3,0.005445238838651714,1.0054600910974516,111,0.07129094412331406,1,3
NRTI/ABC,213,CV-min,0.015848931924611134,27.523460799049698,0.28964671631539574,P41 & P74 & P122 & P211,4,-0.005186006303290873,0.9948274178115246,81,0.05202312138728324,0,3
NRTI/ABC,214,CV-min,0.015848931924611134,27.523460799049698,0.28964671631539574,P103 & P184 & P215,3,-0.005150462998062791,0.9948627778944886,172,0.11046885035324341,1,3
NRTI/ABC,215,CV-min,0.015848931924611134,27.523460799049698,0.28964671631539574,P39 & P135 & P203 & P215,4,-0.005077243232843769,0.9949356241803726,34,0.021836865767501604,1,3
NRTI/ABC,216,CV-min,0.015848931924611134,27.523460799049698,0.28964671631539574,P135 & P211 & P215,3,-0.004977541281491825,0.9950348261488057,200,0.12845215157353887,0,3
NRTI/ABC,217,CV-min,0.015848931924611134,27.523460799049698,0.28964671631539574,P39 & P67 & P103 & P211,4,0.0048965933951381786,1.0049086012998525,42,0.02697495183044316,0,3
NRTI/ABC,218,CV-min,0.015848931924611134,27.523460799049698,0.28964671631539574,P181 & P215,2,-0.0038353508771340333,0.9961719946871019,167,0.10725754656390495,3,3
NRTI/ABC,219,CV-min,0.015848931924611134,27.523460799049698,0.28964671631539574,P203 & P228,2,0.0036924444953077324,1.003699269966789,86,0.05523442517662171,0,3
NRTI/ABC,220,CV-min,0.015848931924611134,27.523460799049698,0.28964671631539574,P103 & P118 & P135 & P215,4,-0.0034026855299990866,0.9966030970437896,56,0.03596660244059088,0,3
NRTI/ABC,221,CV-min,0.015848931924611134,27.523460799049698,0.28964671631539574,P41 & P67 & P211 & P215,4,0.0030659556837316615,1.0030706605329165,234,0.15028901734104047,1,3
NRTI/ABC,222,CV-min,0.015848931924611134,27.523460799049698,0.28964671631539574,P41 & P118 & P122 & P208,4,-0.0027185447590955193,0.9972851471374217,87,0.055876685934489405,1,3
NRTI/ABC,223,CV-min,0.015848931924611134,27.523460799049698,0.28964671631539574,P68 & P184,2,-0.002582997575456825,0.9974203354923943,91,0.05844572896596018,0,3
NRTI/ABC,224,CV-min,0.015848931924611134,27.523460799049698,0.28964671631539574,P39 & P215 & P228,3,-0.0023389188450450953,0.9976638142943578,91,0.05844572896596018,1,3
NRTI/ABC,225,CV-min,0.015848931924611134,27.523460799049698,0.28964671631539574,P43 & P67 & P211 & P215,4,0.0022632580869572224,1.0022658211888302,130,0.08349389852280026,1,3
NRTI/ABC,226,CV-min,0.015848931924611134,27.523460799049698,0.28964671631539574,P218,1,0.0022119853293549106,1.002214433573731,104,0.06679511881824021,0,3
NRTI/ABC,227,CV-min,0.015848931924611134,27.523460799049698,0.28964671631539574,P41 & P75 & P200,3,-0.0020444796984074526,0.997957608826653,31,0.01991008349389852,0,3
NRTI/ABC,228,CV-min,0.015848931924611134,27.523460799049698,0.28964671631539574,P118 & P200 & P215 & P219,4,-0.001996855860611118,0.9980051365296602,66,0.04238921001926782,0,3
NRTI/ABC,229,CV-min,0.015848931924611134,27.523460799049698,0.28964671631539574,P135 & P184 & P196 & P219,4,0.0017990411965231616,1.0018006604420207,49,0.03147077713551702,1,3
NRTI/ABC,230,CV-min,0.015848931924611134,27.523460799049698,0.28964671631539574,P35 & P177 & P178,3,0.0017212746014726983,1.001722756844927,69,0.04431599229287091,1,3
NRTI/ABC,231,CV-min,0.015848931924611134,27.523460799049698,0.28964671631539574,P90 & P122,2,-0.0014949987967023996,0.9985061181573144,69,0.04431599229287091,1,3
NRTI/ABC,232,CV-min,0.015848931924611134,27.523460799049698,0.28964671631539574,P177 & P179 & P215,3,-0.0013518638950857898,0.9986490494612854,54,0.03468208092485549,0,3
NRTI/ABC,233,CV-min,0.015848931924611134,27.523460799049698,0.28964671631539574,P20 & P135 & P228,3,-0.0011108443418614,0.9988897724173189,39,0.025048169556840076,0,3
NRTI/ABC,234,CV-min,0.015848931924611134,27.523460799049698,0.28964671631539574,P74 & P122 & P215,3,-0.0009612814984546878,0.9990391803845932,107,0.06872190109184328,0,3
NRTI/ABC,235,CV-min,0.015848931924611134,27.523460799049698,0.28964671631539574,P67 & P118 & P211 & P219,4,0.0006931372719574715,1.0006933775471076,100,0.06422607578676943,2,3
NRTI/ABC,236,CV-min,0.015848931924611134,27.523460799049698,0.28964671631539574,P75 & P184 & P215 & P228,4,0.00022060796897647327,1.000220632304704,36,0.023121387283236993,0,3
NRTI/ABC,237,CV-min,0.015848931924611134,27.523460799049698,0.28964671631539574,P74 & P122 & P211 & P215,4,-0.00015177706940258467,0.9998482344481541,82,0.05266538214515093,0,3
NRTI/ABC,238,CV-min,0.015848931924611134,27.523460799049698,0.28964671631539574,P35 & P40,2,0.00014342834973246605,1.00014343863607,33,0.02119460500963391,0,3
NRTI/AZT,1,CV-min,0.06918309709189366,1008.9487535799459,1.6251731555129805,P215,1,1.05065374485974,2.8595199035804333,823,0.4937012597480504,3,3
NRTI/AZT,2,CV-min,0.06918309709189366,1008.9487535799459,1.6251731555129805,P151,1,0.7148084119430248,2.043795078018554,46,0.027594481103779243,3,3
NRTI/AZT,3,CV-min,0.06918309709189366,1008.9487535799459,1.6251731555129805,P67,1,0.45992210771944875,1.5839506026645565,613,0.3677264547090582,3,3
NRTI/AZT,4,CV-min,0.06918309709189366,1008.9487535799459,1.6251731555129805,P41,1,0.4430990165108148,1.5575265475510662,645,0.3869226154769046,3,3
NRTI/AZT,5,CV-min,0.06918309709189366,1008.9487535799459,1.6251731555129805,P184,1,-0.3937422836055401,0.674527870732868,805,0.4829034193161368,3,3
NRTI/AZT,6,CV-min,0.06918309709189366,1008.9487535799459,1.6251731555129805,P77,1,0.2829003810052384,1.3269729635198342,33,0.01979604079184163,1,3
NRTI/AZT,7,CV-min,0.06918309709189366,1008.9487535799459,1.6251731555129805,P41 & P210,2,0.24311691723394283,1.2752177103302826,440,0.26394721055788845,2,3
NRTI/AZT,8,CV-min,0.06918309709189366,1008.9487535799459,1.6251731555129805,P210,1,0.24070678357973496,1.2721479659432489,473,0.28374325134973005,2,3
NRTI/AZT,9,CV-min,0.06918309709189366,1008.9487535799459,1.6251731555129805,P69,1,0.21488900108951303,1.239724281284081,348,0.20875824835032994,3,3
NRTI/AZT,10,CV-min,0.06918309709189366,1008.9487535799459,1.6251731555129805,P135 & P215,2,0.20235960994375052,1.2242881951677917,373,0.22375524895020996,2,3
NRTI/AZT,11,CV-min,0.06918309709189366,1008.9487535799459,1.6251731555129805,P70,1,0.1711783949856217,1.1867024319028445,348,0.20875824835032994,3,3
NRTI/AZT,12,CV-min,0.06918309709189366,1008.9487535799459,1.6251731555129805,P184 & P215,2,-0.16473461551349952,0.848118751783945,525,0.3149370125974805,2,3
NRTI/AZT,13,CV-min,0.06918309709189366,1008.9487535799459,1.6251731555129805,P74 & P215,2,-0.1562193372120318,0.8553715549819381,183,0.10977804439112178,1,3
NRTI/AZT,14,CV-min,0.06918309709189366,1008.9487535799459,1.6251731555129805,P67 & P69 & P210 & P215,4,-0.14795293633858667,0.8624717050631837,98,0.05878824235152969,2,3
NRTI/AZT,15,CV-min,0.06918309709189366,1008.9487535799459,1.6251731555129805,P43 & P211,2,0.14252677728485466,1.1531839596793216,224,0.13437312537492502,2,3
NRTI/AZT,16,CV-min,0.06918309709189366,1008.9487535799459,1.6251731555129805,P75,1,0.13376387171931373,1.1431228641373143,149,0.08938212357528494,3,3
NRTI/AZT,17,CV-min,0.06918309709189366,1008.9487535799459,1.6251731555129805,P70 & P219,2,0.12280875252245942,1.1306681628346615,275,0.16496700659868027,1,3
NRTI/AZT,18,CV-min,0.06918309709189366,1008.9487535799459,1.6251731555129805,P219,1,0.08918862844916606,1.0932868618828522,502,0.3011397720455909,3,3
NRTI/AZT,19,CV-min,0.06918309709189366,1008.9487535799459,1.6251731555129805,P98 & P215,2,0.0817338440628932,1.0851669477641779,149,0.08938212357528494,3,3
NRTI/AZT,20,CV-min,0.06918309709189366,1008.9487535799459,1.6251731555129805,P62,1,0.07786562883953213,1.0809773967235563,75,0.04499100179964007,1,3
NRTI/AZT,21,CV-min,0.06918309709189366,1008.9487535799459,1.6251731555129805,P181 & P215,2,-0.07041652551769328,0.932005534958326,192,0.11517696460707859,1,3
NRTI/AZT,22,CV-min,0.06918309709189366,1008.9487535799459,1.6251731555129805,P184 & P200 & P215,3,-0.03846358632442329,0.9622667437708896,240,0.14397120575884823,2,3
NRTI/AZT,23,CV-min,0.06918309709189366,1008.9487535799459,1.6251731555129805,P75 & P211,2,0.03653056579838705,1.037206006562923,90,0.05398920215956809,1,3
NRTI/AZT,24,CV-min,0.06918309709189366,1008.9487535799459,1.6251731555129805,P122 & P184,2,-0.026631449287646936,0.9737200406170468,450,0.2699460107978404,0,3
NRTI/AZT,25,CV-min,0.06918309709189366,1008.9487535799459,1.6251731555129805,P181,1,-0.02315429091382712,0.9771117126832105,277,0.16616676664667065,2,3
NRTI/AZT,26,CV-min,0.06918309709189366,1008.9487535799459,1.6251731555129805,P122 & P184 & P215,3,-0.02053055475342472,0.9796787621741889,331,0.1985602879424115,1,3
NRTI/AZT,27,CV-min,0.06918309709189366,1008.9487535799459,1.6251731555129805,P41 & P210 & P211,3,0.012521111572799535,1.0125998288899833,341,0.20455908818236354,1,3
NRTI/AZT,28,CV-min,0.06918309709189366,1008.9487535799459,1.6251731555129805,P67 & P70 & P123 & P135,4,0.007013960616863387,1.007038616048999,58,0.03479304139172166,2,3
NRTI/AZT,29,CV-min,0.06918309709189366,1008.9487535799459,1.6251731555129805,P203,1,0.0024440858485611024,1.00244707506118,212,0.1271745650869826,2,3
NRTI/D4T,1,CV-min,0.07943282347242814,66.65096791636049,0.20740065985883938,P151,1,1.1758052541532644,3.2407515220356062,46,0.027694160144491272,3,3
NRTI/D4T,2,CV-min,0.07943282347242814,66.65096791636049,0.20740065985883938,P35 & P174 & P215,3,0.6995808150292777,2.0129087495003604,35,0.02107164358819988,2,3
NRTI/D4T,3,CV-min,0.07943282347242814,66.65096791636049,0.20740065985883938,P88,1,0.390849503308646,1.4782360270407258,34,0.020469596628537028,1,3
NRTI/D4T,4,CV-min,0.07943282347242814,66.65096791636049,0.20740065985883938,P215,1,0.3463624941651399,1.4139150588921054,821,0.4942805538832029,3,3
NRTI/D4T,5,CV-min,0.07943282347242814,66.65096791636049,0.20740065985883938,P69 & P135 & P162 & P215,4,0.31557569194795193,1.371048385319006,46,0.027694160144491272,2,3
NRTI/D4T,6,CV-min,0.07943282347242814,66.65096791636049,0.20740065985883938,P35 & P135 & P174,3,0.2932787172904773,1.3408164470841364,47,0.028296207104154123,2,3
NRTI/D4T,7,CV-min,0.07943282347242814,66.65096791636049,0.20740065985883938,P62,1,0.24495790361118217,1.2775675310933483,74,0.044551475015051176,3,3
NRTI/D4T,8,CV-min,0.07943282347242814,66.65096791636049,0.20740065985883938,P69 & P215,2,0.23695876396735446,1.2673888546095449,266,0.16014449127031907,2,3
NRTI/D4T,9,CV-min,0.07943282347242814,66.65096791636049,0.20740065985883938,P116 & P151,2,0.22757938924445872,1.2555571135281811,34,0.020469596628537028,2,3
NRTI/D4T,10,CV-min,0.07943282347242814,66.65096791636049,0.20740065985883938,P69,1,0.20261206032729806,1.2245973062081934,355,0.21372667068031306,3,3
NRTI/D4T,11,CV-min,0.07943282347242814,66.65096791636049,0.20740065985883938,P184,1,-0.18790877333082193,0.8286903024405505,799,0.4810355207706201,3,3
NRTI/D4T,12,CV-min,0.07943282347242814,66.65096791636049,0.20740065985883938,P67 & P210 & P211 & P219,4,0.18020269800069824,1.1974600612841013,131,0.07886815171583383,3,3
NRTI/D4T,13,CV-min,0.07943282347242814,66.65096791636049,0.20740065985883938,P68,1,0.1755209220583677,1.1918669246997695,165,0.09933774834437085,2,3
NRTI/D4T,14,CV-min,0.07943282347242814,66.65096791636049,0.20740065985883938,P77,1,0.1593136671599236,1.1727057282724118,38,0.022877784467188442,2,3
NRTI/D4T,15,CV-min,0.07943282347242814,66.65096791636049,0.20740065985883938,P35 & P211,2,-0.15786963641535065,0.8539611001425716,308,0.18543046357615894,2,3
NRTI/D4T,16,CV-min,0.07943282347242814,66.65096791636049,0.20740065985883938,P135 & P138,2,0.13209730846593098,1.141219364169961,46,0.027694160144491272,2,3
NRTI/D4T,17,CV-min,0.07943282347242814,66.65096791636049,0.20740065985883938,P75,1,0.12745354413968862,1.1359320963125992,149,0.0897049969897652,3,3
NRTI/D4T,18,CV-min,0.07943282347242814,66.65096791636049,0.20740065985883938,P122 & P177 & P178 & P215,4,0.12680721787903118,1.1351981507781148,44,0.026490066225165563,2,3
NRTI/D4T,19,CV-min,0.07943282347242814,66.65096791636049,0.20740065985883938,P122 & P135 & P215 & P228,4,0.12286814059930071,1.130735313036339,102,0.061408789885611076,2,3
NRTI/D4T,20,CV-min,0.07943282347242814,66.65096791636049,0.20740065985883938,P35 & P135 & P215,3,0.1193106426713948,1.1267198712010884,113,0.06803130644190247,1,3
NRTI/D4T,21,CV-min,0.07943282347242814,66.65096791636049,0.20740065985883938,P67 & P69 & P211 & P215,4,-0.11785550754042345,0.888824471770652,118,0.07104154124021674,2,3
NRTI/D4T,22,CV-min,0.07943282347242814,66.65096791636049,0.20740065985883938,P35 & P68,2,0.1094124439405683,1.1156223871587736,56,0.03371462974111981,0,3
NRTI/D4T,23,CV-min,0.07943282347242814,66.65096791636049,0.20740065985883938,P43 & P118 & P215,3,0.10734829626522675,1.1133219528366294,191,0.11499096929560505,1,3
NRTI/D4T,24,CV-min,0.07943282347242814,66.65096791636049,0.20740065985883938,P69 & P188,2,0.10511275586019858,1.1108358565469958,34,0.020469596628537028,1,3
NRTI/D4T,25,CV-min,0.07943282347242814,66.65096791636049,0.20740065985883938,P210 & P215,2,0.10446432904978625,1.1101157942747144,466,0.2805538832028898,3,3
NRTI/D4T,26,CV-min,0.07943282347242814,66.65096791636049,0.20740065985883938,P43 & P215,2,0.10288972773590524,1.1083691799579636,269,0.16195063214930763,1,3
NRTI/D4T,27,CV-min,0.07943282347242814,66.65096791636049,0.20740065985883938,P67 & P69 & P103 & P215,4,-0.10059337159663821,0.904300672473056,77,0.046357615894039736,1,3
NRTI/D4T,28,CV-min,0.07943282347242814,66.65096791636049,0.20740065985883938,P65,1,0.09535731223582118,1.1000518468964715,54,0.0325105358217941,2,3
NRTI/D4T,29,CV-min,0.07943282347242814,66.65096791636049,0.20740065985883938,P41,1,0.09279875335181262,1.097240896994572,635,0.3822998193859121,2,3
NRTI/D4T,30,CV-min,0.07943282347242814,66.65096791636049,0.20740065985883938,P69 & P215 & P219,3,-0.08943775303176199,0.914445184793121,172,0.10355207706201083,2,3
NRTI/D4T,31,CV-min,0.07943282347242814,66.65096791636049,0.20740065985883938,P208 & P211 & P215,3,0.08401295295862489,1.087642981912128,175,0.1053582179409994,1,3
NRTI/D4T,32,CV-min,0.07943282347242814,66.65096791636049,0.20740065985883938,P190,1,0.0803674246074537,1.0836851671318484,182,0.10957254665863937,2,3
NRTI/D4T,33,CV-min,0.07943282347242814,66.65096791636049,0.20740065985883938,P116,1,0.0782153796097443,1.081355535523956,35,0.02107164358819988,1,3
NRTI/D4T,34,CV-min,0.07943282347242814,66.65096791636049,0.20740065985883938,P68 & P122,2,0.0770670416082156,1.0801144865775627,89,0.05358217940999398,1,3
NRTI/D4T,35,CV-min,0.07943282347242814,66.65096791636049,0.20740065985883938,P69 & P162 & P215,3,0.07368625999599775,1.076469021115761,88,0.052980132450331126,2,3
NRTI/D4T,36,CV-min,0.07943282347242814,66.65096791636049,0.20740065985883938,P41 & P67 & P118 & P215,4,0.07174616519978988,1.0743825937574827,241,0.14509331727874775,1,3
NRTI/D4T,37,CV-min,0.07943282347242814,66.65096791636049,0.20740065985883938,P41 & P67,2,0.07168668783027747,1.0743186942072636,388,0.23359422034918723,1,3
NRTI/D4T,38,CV-min,0.07943282347242814,66.65096791636049,0.20740065985883938,P67 & P69 & P215 & P219,4,-0.06985597183248228,0.9325281205505398,152,0.09151113786875377,1,3
NRTI/D4T,39,CV-min,0.07943282347242814,66.65096791636049,0.20740065985883938,P67 & P69 & P184 & P215,4,-0.06349857927173745,0.9384754526183161,136,0.08187838651414811,1,3
NRTI/D4T,40,CV-min,0.07943282347242814,66.65096791636049,0.20740065985883938,P115,1,0.06315775171435033,1.065194862293638,42,0.025285972305839857,2,3
NRTI/D4T,41,CV-min,0.07943282347242814,66.65096791636049,0.20740065985883938,P135 & P174 & P215,3,0.062021581172663535,1.063985306530873,45,0.027092113184828417,1,3
NRTI/D4T,42,CV-min,0.07943282347242814,66.65096791636049,0.20740065985883938,P67 & P118 & P200,3,0.06169520255132188,1.0636381011366909,108,0.0650210716435882,1,3
NRTI/D4T,43,CV-min,0.07943282347242814,66.65096791636049,0.20740065985883938,P162 & P174,2,0.058779306733479274,1.0605411606181392,59,0.03552077062010837,2,3
NRTI/D4T,44,CV-min,0.07943282347242814,66.65096791636049,0.20740065985883938,P60,1,-0.058184360697466735,0.9434759915101353,330,0.1986754966887417,2,3
NRTI/D4T,45,CV-min,0.07943282347242814,66.65096791636049,0.20740065985883938,P208,1,0.05751031940053489,1.0591962008681772,207,0.12462372065021071,1,3
NRTI/D4T,46,CV-min,0.07943282347242814,66.65096791636049,0.20740065985883938,P101 & P215 & P228,3,0.052447559742556084,1.0538472966059416,70,0.04214328717639976,0,3
NRTI/D4T,47,CV-min,0.07943282347242814,66.65096791636049,0.20740065985883938,P68 & P177,2,0.05003208096533854,1.0513048227086121,44,0.026490066225165563,0,3
NRTI/D4T,48,CV-min,0.07943282347242814,66.65096791636049,0.20740065985883938,P135 & P207 & P211,3,-0.04351464571731469,0.9574185319071146,130,0.07826610475617098,1,3
NRTI/D4T,49,CV-min,0.07943282347242814,66.65096791636049,0.20740065985883938,P122 & P215 & P228,3,0.04128058723130842,1.042144476959132,206,0.12402167369054787,0,3
NRTI/D4T,50,CV-min,0.07943282347242814,66.65096791636049,0.20740065985883938,P122 & P228,2,0.03766409747502381,1.0383823790283269,242,0.1456953642384106,1,3
NRTI/D4T,51,CV-min,0.07943282347242814,66.65096791636049,0.20740065985883938,P123,1,-0.03760556855963734,0.9630927400405698,515,0.31005418422636966,1,3
NRTI/D4T,52,CV-min,0.07943282347242814,66.65096791636049,0.20740065985883938,P179 & P211,2,-0.036157144038870444,0.9644887179212578,187,0.11258278145695365,2,3
NRTI/D4T,53,CV-min,0.07943282347242814,66.65096791636049,0.20740065985883938,P43 & P118,2,0.034241278492589226,1.0348342598592397,193,0.11619506321493077,0,3
NRTI/D4T,54,CV-min,0.07943282347242814,66.65096791636049,0.20740065985883938,P39 & P43 & P118 & P215,4,0.03099939167499423,1.0314848764082885,90,0.054184226369656835,1,3
NRTI/D4T,55,CV-min,0.07943282347242814,66.65096791636049,0.20740065985883938,P39 & P41 & P67 & P215,4,0.028712776343241545,1.0291289618371247,157,0.09452137266706803,1,3
NRTI/D4T,56,CV-min,0.07943282347242814,66.65096791636049,0.20740065985883938,P174 & P211,2,-0.026128829860932606,0.9742095742398906,141,0.08488862131246237,1,3
NRTI/D4T,57,CV-min,0.07943282347242814,66.65096791636049,0.20740065985883938,P122 & P177 & P178,3,0.02589481801440833,1.0262330015717218,81,0.04876580373269115,1,3
NRTI/D4T,58,CV-min,0.07943282347242814,66.65096791636049,0.20740065985883938,P41 & P43 & P67 & P118,4,0.023317667586274824,1.023591649794711,140,0.08428657435279951,0,3
NRTI/D4T,59,CV-min,0.07943282347242814,66.65096791636049,0.20740065985883938,P67 & P122 & P135 & P215,4,-0.022897593041572767,0.9773625673763665,191,0.11499096929560505,0,3
NRTI/D4T,60,CV-min,0.07943282347242814,66.65096791636049,0.20740065985883938,P35 & P67 & P69 & P122,4,-0.022394464883592043,0.977854429729094,58,0.034918723660445516,2,3
NRTI/D4T,61,CV-min,0.07943282347242814,66.65096791636049,0.20740065985883938,P122 & P200,2,-0.018175548715458033,0.9819886303836126,379,0.22817579771222155,1,3
NRTI/D4T,62,CV-min,0.07943282347242814,66.65096791636049,0.20740065985883938,P177 & P178,2,0.0165328511237246,1.0166702749984593,132,0.07947019867549669,0,3
NRTI/D4T,63,CV-min,0.07943282347242814,66.65096791636049,0.20740065985883938,P39 & P43 & P67 & P215,4,0.01610938423708236,1.016239839946292,77,0.046357615894039736,1,3
NRTI/D4T,64,CV-min,0.07943282347242814,66.65096791636049,0.20740065985883938,P43 & P67 & P118 & P215,4,0.012812386290075646,1.0128948165779992,143,0.08609271523178808,1,3
NRTI/D4T,65,CV-min,0.07943282347242814,66.65096791636049,0.20740065985883938,P118 & P122 & P184 & P215,4,-0.010511114469413472,0.9895439342509886,184,0.11077664057796509,1,3
NRTI/D4T,66,CV-min,0.07943282347242814,66.65096791636049,0.20740065985883938,P41 & P67 & P69 & P210,4,-0.006340424656401015,0.9936796334213779,100,0.060204695966285374,0,3
NRTI/D4T,67,CV-min,0.07943282347242814,66.65096791636049,0.20740065985883938,P118 & P211 & P219,3,0.006187795244916589,1.0062069791982928,147,0.0885009030704395,0,3
NRTI/D4T,68,CV-min,0.07943282347242814,66.65096791636049,0.20740065985883938,P210,1,0.0047514817031634096,1.0047627878923089,475,0.2859723058398555,1,3
NRTI/D4T,69,CV-min,0.07943282347242814,66.65096791636049,0.20740065985883938,P60 & P69,2,-0.0022225132065123838,0.9977799547472723,108,0.0650210716435882,1,3
NRTI/D4T,70,CV-min,0.07943282347242814,66.65096791636049,0.20740065985883938,P35 & P211 & P215,3,-0.002046496506332348,0.9979555961398684,159,0.09572546658639373,0,3
NRTI/D4T,71,CV-min,0.07943282347242814,66.65096791636049,0.20740065985883938,P196 & P210,2,0.0007545485275418288,1.000754833270895,153,0.09211318482841661,0,3
NRTI/D4T,72,CV-min,0.07943282347242814,66.65096791636049,0.20740065985883938,P35 & P69 & P211,3,-0.0004130593508636767,0.9995870259464054,63,0.037928958458759786,0,3
NRTI/DDI,1,CV-min,0.017378008287493755,11.66762195003651,0.09682438445446095,P151,1,1.6038808989930367,4.972291990986764,44,0.026474127557160047,3,3
NRTI/DDI,2,CV-min,0.017378008287493755,11.66762195003651,0.09682438445446095,P65,1,0.5692398500960874,1.7669234141520704,57,0.03429602888086643,3,3
NRTI/DDI,3,CV-min,0.017378008287493755,11.66762195003651,0.09682438445446095,P75 & P77,2,0.45076129205023896,1.5695065836745106,34,0.02045728038507822,2,3
NRTI/DDI,4,CV-min,0.017378008287493755,11.66762195003651,0.09682438445446095,P184,1,0.29916899873063596,1.3487375391457153,804,0.48375451263537905,3,3
NRTI/DDI,5,CV-min,0.017378008287493755,11.66762195003651,0.09682438445446095,P74,1,0.22482596998452883,1.252104793413293,229,0.13778580024067388,3,3
NRTI/DDI,6,CV-min,0.017378008287493755,11.66762195003651,0.09682438445446095,P75 & P181,2,0.17473188063963582,1.190926863253046,43,0.025872442839951864,2,3
NRTI/DDI,7,CV-min,0.017378008287493755,11.66762195003651,0.09682438445446095,P62 & P215,2,0.17272281444991847,1.1885366142458804,43,0.025872442839951864,2,3
NRTI/DDI,8,CV-min,0.017378008287493755,11.66762195003651,0.09682438445446095,P41 & P75 & P215,3,-0.1687376894081524,0.8447304560728399,102,0.061371841155234655,2,3
NRTI/DDI,9,CV-min,0.017378008287493755,11.66762195003651,0.09682438445446095,P75,1,0.16843421618256557,1.1834503724008647,153,0.09205776173285199,2,3
NRTI/DDI,10,CV-min,0.017378008287493755,11.66762195003651,0.09682438445446095,P69,1,0.16395653273048305,1.1781631024465844,351,0.2111913357400722,3,3
NRTI/DDI,11,CV-min,0.017378008287493755,11.66762195003651,0.09682438445446095,P68 & P69,2,0.15762626929606052,1.1707285757222108,36,0.021660649819494584,2,3
NRTI/DDI,12,CV-min,0.017378008287493755,11.66762195003651,0.09682438445446095,P69 & P214,2,-0.14294255170985212,0.8668038638650299,75,0.04512635379061372,1,3
NRTI/DDI,13,CV-min,0.017378008287493755,11.66762195003651,0.09682438445446095,P122 & P139,2,0.13263174074680384,1.1418294316430857,35,0.0210589651022864,2,3
NRTI/DDI,14,CV-min,0.017378008287493755,11.66762195003651,0.09682438445446095,P202 & P207,2,0.1273582373157734,1.13582383939121,43,0.025872442839951864,2,3
NRTI/DDI,15,CV-min,0.017378008287493755,11.66762195003651,0.09682438445446095,P184 & P214,2,0.12163405359244484,1.1293407479626367,123,0.0740072202166065,3,3
NRTI/DDI,16,CV-min,0.017378008287493755,11.66762195003651,0.09682438445446095,P200 & P202,2,0.10766326318015126,1.1136726676463133,68,0.04091456077015644,3,3
NRTI/DDI,17,CV-min,0.017378008287493755,11.66762195003651,0.09682438445446095,P75 & P207,2,0.09977187235936982,1.1049188267972014,60,0.036101083032490974,1,3
NRTI/DDI,18,CV-min,0.017378008287493755,11.66762195003651,0.09682438445446095,P118 & P214,2,-0.09906669726418453,0.9056822994774331,80,0.048134777376654635,1,3
NRTI/DDI,19,CV-min,0.017378008287493755,11.66762195003651,0.09682438445446095,P70 & P181 & P228,3,0.09699569505980783,1.101855630188212,46,0.027677496991576414,0,3
NRTI/DDI,20,CV-min,0.017378008287493755,11.66762195003651,0.09682438445446095,P68,1,0.09563771874589956,1.1003603518471419,162,0.09747292418772563,3,3
NRTI/DDI,21,CV-min,0.017378008287493755,11.66762195003651,0.09682438445446095,P69 & P215,2,0.09137927648923788,1.0956844938290935,253,0.15222623345367028,3,3
NRTI/DDI,22,CV-min,0.017378008287493755,11.66762195003651,0.09682438445446095,P69 & P162 & P215,3,0.09080376103145037,1.095054091886468,83,0.04993983152827918,2,3
NRTI/DDI,23,CV-min,0.017378008287493755,11.66762195003651,0.09682438445446095,P118,1,0.08838200794311732,1.0924053498516995,378,0.22743682310469315,2,3
NRTI/DDI,24,CV-min,0.017378008287493755,11.66762195003651,0.09682438445446095,P35 & P174 & P215,3,0.0870029194522692,1.0908998645437138,36,0.021660649819494584,2,3
NRTI/DDI,25,CV-min,0.017378008287493755,11.66762195003651,0.09682438445446095,P69 & P184 & P215,3,-0.08651309408776327,0.9171235398099625,153,0.09205776173285199,2,3
NRTI/DDI,26,CV-min,0.017378008287493755,11.66762195003651,0.09682438445446095,P210 & P215,2,0.08535176432108162,1.0891001058840257,468,0.2815884476534296,2,3
NRTI/DDI,27,CV-min,0.017378008287493755,11.66762195003651,0.09682438445446095,P35 & P69,2,-0.08071783723688605,0.9224539368787711,115,0.06919374247894103,2,3
NRTI/DDI,28,CV-min,0.017378008287493755,11.66762195003651,0.09682438445446095,P68 & P181,2,0.07735735226258797,1.0804281008415366,39,0.023465703971119134,1,3
NRTI/DDI,29,CV-min,0.017378008287493755,11.66762195003651,0.09682438445446095,P202 & P215,2,-0.07516585736421802,0.9275896259990271,105,0.0631768953068592,3,3
NRTI/DDI,30,CV-min,0.017378008287493755,11.66762195003651,0.09682438445446095,P122 & P179,2,-0.07446708495388281,0.928238026553614,183,0.11010830324909747,2,3
NRTI/DDI,31,CV-min,0.017378008287493755,11.66762195003651,0.09682438445446095,P69 & P103 & P123,3,0.07409653057737468,1.0769107552959618,36,0.021660649819494584,2,3
NRTI/DDI,32,CV-min,0.017378008287493755,11.66762195003651,0.09682438445446095,P70 & P214 & P228,3,0.07161182062865679,1.074238265983735,44,0.026474127557160047,1,3
NRTI/DDI,33,CV-min,0.017378008287493755,11.66762195003651,0.09682438445446095,P41 & P75 & P210 & P215,4,-0.06930511252139265,0.9330419538605362,84,0.05054151624548736,0,3
NRTI/DDI,34,CV-min,0.017378008287493755,11.66762195003651,0.09682438445446095,P122 & P190 & P215 & P228,4,0.0686476556209019,1.0710587611222406,46,0.027677496991576414,1,3
NRTI/DDI,35,CV-min,0.017378008287493755,11.66762195003651,0.09682438445446095,P35 & P174,2,0.06836512486051839,1.0707561968199193,97,0.05836341756919374,2,3
NRTI/DDI,36,CV-min,0.017378008287493755,11.66762195003651,0.09682438445446095,P123 & P179 & P200,3,0.06623235735212209,1.0684749563364413,57,0.03429602888086643,1,3
NRTI/DDI,37,CV-min,0.017378008287493755,11.66762195003651,0.09682438445446095,P135 & P190 & P215,3,0.06366346371408235,1.0657336803494477,60,0.036101083032490974,1,3
NRTI/DDI,38,CV-min,0.017378008287493755,11.66762195003651,0.09682438445446095,P215,1,0.06150606633146089,1.0634369476702445,828,0.4981949458483754,3,3
NRTI/DDI,39,CV-min,0.017378008287493755,11.66762195003651,0.09682438445446095,P43 & P118 & P215,3,0.06096541266348957,1.0628621519805308,187,0.1125150421179302,1,3
NRTI/DDI,40,CV-min,0.017378008287493755,11.66762195003651,0.09682438445446095,P177 & P178 & P215,3,0.056442973861757915,1.0580662756460837,62,0.03730445246690734,1,3
NRTI/DDI,41,CV-min,0.017378008287493755,11.66762195003651,0.09682438445446095,P41 & P179 & P210 & P215,4,-0.04950358466928571,0.9517017465943274,109,0.06558363417569193,2,3
NRTI/DDI,42,CV-min,0.017378008287493755,11.66762195003651,0.09682438445446095,P122 & P190,2,0.04735970171696628,1.048499088179846,119,0.07160048134777376,1,3
NRTI/DDI,43,CV-min,0.017378008287493755,11.66762195003651,0.09682438445446095,P67 & P69 & P211,3,-0.04619324961910319,0.9548574185273644,120,0.07220216606498195,0,3
NRTI/DDI,44,CV-min,0.017378008287493755,11.66762195003651,0.09682438445446095,P62,1,0.044750137303316555,1.0457665292165894,80,0.048134777376654635,3,3
NRTI/DDI,45,CV-min,0.017378008287493755,11.66762195003651,0.09682438445446095,P162 & P184,2,-0.04411895670584208,0.9568401281531378,200,0.12033694344163658,2,3
NRTI/DDI,46,CV-min,0.017378008287493755,11.66762195003651,0.09682438445446095,P41 & P162 & P211 & P215,4,0.04342466768055574,1.044381315681647,123,0.0740072202166065,1,3
NRTI/DDI,47,CV-min,0.017378008287493755,11.66762195003651,0.09682438445446095,P68 & P219,2,-0.04329622100387574,0.9576276786161609,47,0.028279181708784597,0,3
NRTI/DDI,48,CV-min,0.017378008287493755,11.66762195003651,0.09682438445446095,P35 & P70 & P122,3,0.04297217164152815,1.0439088441768705,74,0.044524669073405534,1,3
NRTI/DDI,49,CV-min,0.017378008287493755,11.66762195003651,0.09682438445446095,P83,1,-0.04217719522648456,0.9586998884770255,217,0.1305655836341757,3,3
NRTI/DDI,50,CV-min,0.017378008287493755,11.66762195003651,0.09682438445446095,P69 & P215 & P219,3,-0.04174972596992029,0.9591097908097019,165,0.09927797833935018,2,3
NRTI/DDI,51,CV-min,0.017378008287493755,11.66762195003651,0.09682438445446095,P35 & P135 & P207 & P215,4,0.04155530873903648,1.0424308157910296,35,0.0210589651022864,1,3
NRTI/DDI,52,CV-min,0.017378008287493755,11.66762195003651,0.09682438445446095,P69 & P188,2,0.040821660299241655,1.0416663185198358,33,0.019855595667870037,1,3
NRTI/DDI,53,CV-min,0.017378008287493755,11.66762195003651,0.09682438445446095,P123 & P215 & P228,3,-0.03930586546378577,0.961456587802741,95,0.057160048134777375,0,3
NRTI/DDI,54,CV-min,0.017378008287493755,11.66762195003651,0.09682438445446095,P103 & P200 & P215,3,-0.03928103069849109,0.9614804656479392,124,0.07460890493381468,3,3
NRTI/DDI,55,CV-min,0.017378008287493755,11.66762195003651,0.09682438445446095,P68 & P207 & P211,3,-0.03900052169111605,0.9617502074096967,38,0.02286401925391095,0,3
NRTI/DDI,56,CV-min,0.017378008287493755,11.66762195003651,0.09682438445446095,P139,1,0.03885052425568319,1.0396150747984119,59,0.035499398315282794,1,3
NRTI/DDI,57,CV-min,0.017378008287493755,11.66762195003651,0.09682438445446095,P67 & P69 & P103,3,-0.03749519583063026,0.9631990450810558,91,0.05475330926594465,2,3
NRTI/DDI,58,CV-min,0.017378008287493755,11.66762195003651,0.09682438445446095,P35 & P68 & P215,3,0.03724106285815309,1.0379432002369147,33,0.019855595667870037,0,3
NRTI/DDI,59,CV-min,0.017378008287493755,11.66762195003651,0.09682438445446095,P39 & P122 & P135 & P207,4,-0.03681273714993398,0.9638566129865505,40,0.024067388688327317,1,3
NRTI/DDI,60,CV-min,0.017378008287493755,11.66762195003651,0.09682438445446095,P196 & P210 & P215 & P228,4,0.03677016839782384,1.037454553593315,59,0.035499398315282794,1,3
NRTI/DDI,61,CV-min,0.017378008287493755,11.66762195003651,0.09682438445446095,P118 & P177 & P207,3,0.0367430666376066,1.0374264371297717,49,0.029482551143200964,1,3
NRTI/DDI,62,CV-min,0.017378008287493755,11.66762195003651,0.09682438445446095,P177 & P181 & P219,3,-0.036219336856987694,0.9644287355151048,38,0.02286401925391095,0,3
NRTI/DDI,63,CV-min,0.017378008287493755,11.66762195003651,0.09682438445446095,P200 & P214,2,-0.036195855491067325,0.9644513818850303,108,0.06498194945848375,2,3
NRTI/DDI,64,CV-min,0.017378008287493755,11.66762195003651,0.09682438445446095,P41 & P67 & P211 & P219,4,0.03583588836201679,1.0364857331611017,154,0.09265944645006016,0,3
NRTI/DDI,65,CV-min,0.017378008287493755,11.66762195003651,0.09682438445446095,P103 & P118 & P179,3,0.035602004565786764,1.0362433442896113,36,0.021660649819494584,0,3
NRTI/DDI,66,CV-min,0.017378008287493755,11.66762195003651,0.09682438445446095,P69 & P179 & P200,3,0.03545750865480653,1.0360936221809578,45,0.02707581227436823,1,3
NRTI/DDI,67,CV-min,0.017378008287493755,11.66762195003651,0.09682438445446095,P41 & P162 & P211,3,0.03535204868893082,1.0359843615443312,124,0.07460890493381468,1,3
NRTI/DDI,68,CV-min,0.017378008287493755,11.66762195003651,0.09682438445446095,P207 & P211,2,-0.034825041645642534,0.9657743717718119,343,0.20637785800240674,2,3
NRTI/DDI,69,CV-min,0.017378008287493755,11.66762195003651,0.09682438445446095,P202 & P210 & P215,3,-0.03470416729190546,0.965891116180416,49,0.029482551143200964,2,3
NRTI/DDI,70,CV-min,0.017378008287493755,11.66762195003651,0.09682438445446095,P35 & P135 & P215,3,0.03390581996807721,1.0344871741050052,120,0.07220216606498195,0,3
NRTI/DDI,71,CV-min,0.017378008287493755,11.66762195003651,0.09682438445446095,P179 & P200 & P207,3,0.03367788903812141,1.0342514093514446,63,0.03790613718411552,0,3
NRTI/DDI,72,CV-min,0.017378008287493755,11.66762195003651,0.09682438445446095,P98 & P208 & P210 & P215,4,0.03278746028842015,1.033330892050494,46,0.027677496991576414,1,3
NRTI/DDI,73,CV-min,0.017378008287493755,11.66762195003651,0.09682438445446095,P68 & P177,2,0.03256571749116237,1.033101783770492,44,0.026474127557160047,2,3
NRTI/DDI,74,CV-min,0.017378008287493755,11.66762195003651,0.09682438445446095,P122 & P135 & P215 & P228,4,0.031580322977975306,1.0320842723486208,96,0.05776173285198556,2,3
NRTI/DDI,75,CV-min,0.017378008287493755,11.66762195003651,0.09682438445446095,P32,1,0.03150036296822444,1.0320017501794208,46,0.027677496991576414,0,3
NRTI/DDI,76,CV-min,0.017378008287493755,11.66762195003651,0.09682438445446095,P181 & P202,2,0.031195071527890188,1.0316867369665466,37,0.022262334536702767,1,3
NRTI/DDI,77,CV-min,0.017378008287493755,11.66762195003651,0.09682438445446095,P103 & P123 & P207,3,0.030772852437031577,1.031251231076334,37,0.022262334536702767,0,3
NRTI/DDI,78,CV-min,0.017378008287493755,11.66762195003651,0.09682438445446095,P68 & P211,2,-0.030497301827955934,0.969963049190863,100,0.06016847172081829,1,3
NRTI/DDI,79,CV-min,0.017378008287493755,11.66762195003651,0.09682438445446095,P69 & P118 & P228,3,-0.030102105140734563,0.9703464511292282,68,0.04091456077015644,0,3
NRTI/DDI,80,CV-min,0.017378008287493755,11.66762195003651,0.09682438445446095,P67 & P169,2,0.030064168272537845,1.0305206585624178,48,0.02888086642599278,1,3
NRTI/DDI,81,CV-min,0.017378008287493755,11.66762195003651,0.09682438445446095,P135 & P215,2,0.029847184633960615,1.0302970766979742,375,0.22563176895306858,2,3
NRTI/DDI,82,CV-min,0.017378008287493755,11.66762195003651,0.09682438445446095,P118 & P122 & P179,3,-0.029265543639596183,0.9711585452489861,77,0.04632972322503008,1,3
NRTI/DDI,83,CV-min,0.017378008287493755,11.66762195003651,0.09682438445446095,P41 & P202 & P210 & P215,4,-0.02894389612441876,0.9714709662239305,47,0.028279181708784597,1,3
NRTI/DDI,84,CV-min,0.017378008287493755,11.66762195003651,0.09682438445446095,P67 & P122 & P135 & P207,4,-0.028125055240025447,0.9722667721438216,59,0.035499398315282794,1,3
NRTI/DDI,85,CV-min,0.017378008287493755,11.66762195003651,0.09682438445446095,P135 & P228,2,0.028083344998511364,1.0284813996301296,159,0.09566787003610108,1,3
NRTI/DDI,86,CV-min,0.017378008287493755,11.66762195003651,0.09682438445446095,P41 & P208,2,0.027961784755309492,1.0283563847796338,183,0.11010830324909747,0,3
NRTI/DDI,87,CV-min,0.017378008287493755,11.66762195003651,0.09682438445446095,P103 & P181 & P200,3,0.02775905499010042,1.0281479274621617,42,0.02527075812274368,1,3
NRTI/DDI,88,CV-min,0.017378008287493755,11.66762195003651,0.09682438445446095,P202 & P211,2,-0.025509957414365864,0.9748126723037073,120,0.07220216606498195,1,3
NRTI/DDI,89,CV-min,0.017378008287493755,11.66762195003651,0.09682438445446095,P165,1,-0.025468911783637214,0.9748526849258503,52,0.031287605294825514,1,3
NRTI/DDI,90,CV-min,0.017378008287493755,11.66762195003651,0.09682438445446095,P20 & P69 & P228,3,-0.025306165849814467,0.9750113511471892,44,0.026474127557160047,1,3
NRTI/DDI,91,CV-min,0.017378008287493755,11.66762195003651,0.09682438445446095,P70 & P203,2,0.02407650433787728,1.0243686835408037,47,0.028279181708784597,1,3
NRTI/DDI,92,CV-min,0.017378008287493755,11.66762195003651,0.09682438445446095,P118 & P184 & P200 & P215,4,-0.023790783600255307,0.9764899861074632,111,0.06678700361010831,1,3
NRTI/DDI,93,CV-min,0.017378008287493755,11.66762195003651,0.09682438445446095,P101 & P122 & P207,3,-0.023758765862962994,0.9765212516078295,39,0.023465703971119134,2,3
NRTI/DDI,94,CV-min,0.017378008287493755,11.66762195003651,0.09682438445446095,P41 & P215,2,0.02375031275618055,1.0240345975906535,632,0.3802647412755716,1,3
NRTI/DDI,95,CV-min,0.017378008287493755,11.66762195003651,0.09682438445446095,P41 & P210,2,0.023657609128650635,1.0239396702688621,443,0.266546329723225,0,3
NRTI/DDI,96,CV-min,0.017378008287493755,11.66762195003651,0.09682438445446095,P103 & P118 & P207,3,0.022981624605212844,1.0232477367933352,55,0.03309265944645006,1,3
NRTI/DDI,97,CV-min,0.017378008287493755,11.66762195003651,0.09682438445446095,P188 & P215,2,0.022420294324563706,1.0226735180323343,55,0.03309265944645006,1,3
NRTI/DDI,98,CV-min,0.017378008287493755,11.66762195003651,0.09682438445446095,P123 & P178,2,-0.022251810421344016,0.9779939349772103,125,0.07521058965102287,1,3
NRTI/DDI,99,CV-min,0.017378008287493755,11.66762195003651,0.09682438445446095,P169 & P184,2,0.021608875418700248,1.0218440379786866,55,0.03309265944645006,1,3
NRTI/DDI,100,CV-min,0.017378008287493755,11.66762195003651,0.09682438445446095,P135 & P190,2,0.021320651884789685,1.021549560918603,76,0.0457280385078219,2,3
NRTI/DDI,101,CV-min,0.017378008287493755,11.66762195003651,0.09682438445446095,P69 & P200 & P211,3,-0.020260680548666914,0.9799431878802825,78,0.04693140794223827,0,3
NRTI/DDI,102,CV-min,0.017378008287493755,11.66762195003651,0.09682438445446095,P184 & P200 & P215,3,-0.020070905240763253,0.9801291745477709,246,0.148014440433213,1,3
NRTI/DDI,103,CV-min,0.017378008287493755,11.66762195003651,0.09682438445446095,P184 & P210,2,-0.01973847104773026,0.9804550571632408,315,0.18953068592057762,0,3
NRTI/DDI,104,CV-min,0.017378008287493755,11.66762195003651,0.09682438445446095,P177 & P181 & P184,3,-0.01954857877436563,0.9806412556812477,36,0.021660649819494584,1,3
NRTI/DDI,105,CV-min,0.017378008287493755,11.66762195003651,0.09682438445446095,P67 & P181,2,-0.019490514170946303,0.9806981978800027,139,0.08363417569193743,0,3
NRTI/DDI,106,CV-min,0.017378008287493755,11.66762195003651,0.09682438445446095,P181 & P211,2,-0.018425689124692585,0.9817430260648078,173,0.10409145607701564,1,3
NRTI/DDI,107,CV-min,0.017378008287493755,11.66762195003651,0.09682438445446095,P39 & P67 & P200,3,0.018081961066815852,1.0182464295334388,82,0.049338146811071,1,3
NRTI/DDI,108,CV-min,0.017378008287493755,11.66762195003651,0.09682438445446095,P118 & P200 & P207,3,0.01740654246201829,1.0175589191554495,79,0.04753309265944645,2,3
NRTI/DDI,109,CV-min,0.017378008287493755,11.66762195003651,0.09682438445446095,P123 & P162,2,-0.017246995696256227,0.9829008823627958,117,0.0703971119133574,2,3
NRTI/DDI,110,CV-min,0.017378008287493755,11.66762195003651,0.09682438445446095,P41 & P43 & P67 & P118,4,0.016461192603942517,1.0165974245216562,136,0.08182912154031288,1,3
NRTI/DDI,111,CV-min,0.017378008287493755,11.66762195003651,0.09682438445446095,P178 & P200,2,-0.016246209590321,0.9838850482970296,146,0.08784596871239471,1,3
NRTI/DDI,112,CV-min,0.017378008287493755,11.66762195003651,0.09682438445446095,P43 & P101 & P211 & P215,4,0.016110174598148324,1.0162406431430124,48,0.02888086642599278,0,3
NRTI/DDI,113,CV-min,0.017378008287493755,11.66762195003651,0.09682438445446095,P41 & P43 & P118 & P135,4,0.015871829360848008,1.015998455889004,84,0.05054151624548736,1,3
NRTI/DDI,114,CV-min,0.017378008287493755,11.66762195003651,0.09682438445446095,P67 & P184 & P218,3,0.015427770800806625,1.0155473932342063,68,0.04091456077015644,1,3
NRTI/DDI,115,CV-min,0.017378008287493755,11.66762195003651,0.09682438445446095,P41 & P208 & P211,3,0.01442111573150097,1.0145256016847948,159,0.09566787003610108,0,3
NRTI/DDI,116,CV-min,0.017378008287493755,11.66762195003651,0.09682438445446095,P39 & P67,2,0.01417119296361942,1.0142720803200354,196,0.11793020457280386,0,3
NRTI/DDI,117,CV-min,0.017378008287493755,11.66762195003651,0.09682438445446095,P70 & P122 & P190,3,0.013419296361068532,1.0135097392255357,37,0.022262334536702767,0,3
NRTI/DDI,118,CV-min,0.017378008287493755,11.66762195003651,0.09682438445446095,P118 & P184 & P215,3,-0.013229437469783153,0.9868576869127192,229,0.13778580024067388,1,3
NRTI/DDI,119,CV-min,0.017378008287493755,11.66762195003651,0.09682438445446095,P122 & P215 & P228,3,0.01283676389435904,1.012919508827986,196,0.11793020457280386,1,3
NRTI/DDI,120,CV-min,0.017378008287493755,11.66762195003651,0.09682438445446095,P196,1,-0.012734997694891451,0.9873457492540605,374,0.2250300842358604,3,3
NRTI/DDI,121,CV-min,0.017378008287493755,11.66762195003651,0.09682438445446095,P118 & P123 & P207,3,0.012213060103362169,1.0122879440654973,43,0.025872442839951864,0,3
NRTI/DDI,122,CV-min,0.017378008287493755,11.66762195003651,0.09682438445446095,P43 & P208 & P211 & P215,4,0.011447815843987953,1.0115135928491672,94,0.056558363417569195,0,3
NRTI/DDI,123,CV-min,0.017378008287493755,11.66762195003651,0.09682438445446095,P69 & P70,2,-0.01112300753521364,0.9889386243906553,162,0.09747292418772563,0,3
NRTI/DDI,124,CV-min,0.017378008287493755,11.66762195003651,0.09682438445446095,P35 & P211 & P215,3,-0.010742808747889515,0.9893146891415376,166,0.09987966305655836,1,3
NRTI/DDI,125,CV-min,0.017378008287493755,11.66762195003651,0.09682438445446095,P43 & P118 & P215 & P219,4,0.010566854005013856,1.01062288037372,96,0.05776173285198556,0,3
NRTI/DDI,126,CV-min,0.017378008287493755,11.66762195003651,0.09682438445446095,P43 & P98 & P208 & P215,4,0.010540391513272612,1.0105961371279426,34,0.02045728038507822,0,3
NRTI/DDI,127,CV-min,0.017378008287493755,11.66762195003651,0.09682438445446095,P75 & P135 & P184 & P215,4,0.010250380168814905,1.0103030952782948,34,0.02045728038507822,0,3
NRTI/DDI,128,CV-min,0.017378008287493755,11.66762195003651,0.09682438445446095,P67 & P178 & P210 & P215,4,0.010066472596440302,1.0101173099728655,58,0.03489771359807461,0,3
NRTI/DDI,129,CV-min,0.017378008287493755,11.66762195003651,0.09682438445446095,P39 & P122 & P207,3,-0.009885664681298468,0.9901630378839322,93,0.05595667870036101,0,3
NRTI/DDI,130,CV-min,0.017378008287493755,11.66762195003651,0.09682438445446095,P122 & P135 & P207 & P219,4,-0.009718013026000026,0.9903290542723211,49,0.029482551143200964,0,3
NRTI/DDI,131,CV-min,0.017378008287493755,11.66762195003651,0.09682438445446095,P108 & P184,2,-0.009338383009976615,0.9907050842786855,71,0.04271961492178099,1,3
NRTI/DDI,132,CV-min,0.017378008287493755,11.66762195003651,0.09682438445446095,P184 & P190 & P228,3,0.009021560607663246,1.009062377537363,33,0.019855595667870037,0,3
NRTI/DDI,133,CV-min,0.017378008287493755,11.66762195003651,0.09682438445446095,P123 & P200 & P207,3,0.008782754070586997,1.0088214356156875,80,0.048134777376654635,2,3
NRTI/DDI,134,CV-min,0.017378008287493755,11.66762195003651,0.09682438445446095,P41 & P188 & P215,3,0.008259596630022912,1.0082938012054126,34,0.02045728038507822,2,3
NRTI/DDI,135,CV-min,0.017378008287493755,11.66762195003651,0.09682438445446095,P69 & P162 & P184,3,-0.008160254034042318,0.9918729504584909,59,0.035499398315282794,1,3
NRTI/DDI,136,CV-min,0.017378008287493755,11.66762195003651,0.09682438445446095,P69 & P207 & P211,3,-0.008003379022751457,0.9920285627443136,66,0.039711191335740074,1,3
NRTI/DDI,137,CV-min,0.017378008287493755,11.66762195003651,0.09682438445446095,P67 & P103 & P215,3,-0.007718977281142853,0.9923107375188803,186,0.11191335740072202,1,3
NRTI/DDI,138,CV-min,0.017378008287493755,11.66762195003651,0.09682438445446095,P41 & P142 & P184,3,0.007477159816770667,1.0075051835787399,85,0.05114320096269555,0,3
NRTI/DDI,139,CV-min,0.017378008287493755,11.66762195003651,0.09682438445446095,P228,1,0.007015249723092965,1.0070399142295892,349,0.20998796630565583,2,3
NRTI/DDI,140,CV-min,0.017378008287493755,11.66762195003651,0.09682438445446095,P43 & P98 & P211 & P215,4,0.006962660176867654,1.0069869558500097,56,0.03369434416365824,0,3
NRTI/DDI,141,CV-min,0.017378008287493755,11.66762195003651,0.09682438445446095,P69 & P177 & P200,3,0.006844500323743818,1.0068679774485825,40,0.024067388688327317,0,3
NRTI/DDI,142,CV-min,0.017378008287493755,11.66762195003651,0.09682438445446095,P35 & P70,2,0.006709066265796659,1.0067316224663423,119,0.07160048134777376,1,3
NRTI/DDI,143,CV-min,0.017378008287493755,11.66762195003651,0.09682438445446095,P162 & P210 & P215,3,0.006566471238565588,1.006588077777845,131,0.07882069795427196,1,3
NRTI/DDI,144,CV-min,0.017378008287493755,11.66762195003651,0.09682438445446095,P181 & P184 & P211,3,-0.00621785702419286,0.993801433845462,87,0.052346570397111915,0,3
NRTI/DDI,145,CV-min,0.017378008287493755,11.66762195003651,0.09682438445446095,P70 & P122 & P215,3,0.006161608049138704,1.0061806298041454,140,0.0842358604091456,0,3
NRTI/DDI,146,CV-min,0.017378008287493755,11.66762195003651,0.09682438445446095,P41 & P211,2,0.006012968445935779,1.0060310826291725,429,0.2581227436823105,0,3
NRTI/DDI,147,CV-min,0.017378008287493755,11.66762195003651,0.09682438445446095,P123 & P211,2,-0.005673314895796916,0.9943427479642463,310,0.1865222623345367,0,3
NRTI/DDI,148,CV-min,0.017378008287493755,11.66762195003651,0.09682438445446095,P41 & P190 & P203 & P215,4,-0.00547439993761906,0.994540557283336,36,0.021660649819494584,0,3
NRTI/DDI,149,CV-min,0.017378008287493755,11.66762195003651,0.09682438445446095,P179 & P181 & P200,3,0.005347713275600987,1.0053620378173707,40,0.024067388688327317,1,3
NRTI/DDI,150,CV-min,0.017378008287493755,11.66762195003651,0.09682438445446095,P69 & P203 & P215,3,-0.00509631364000977,0.9949166505338337,66,0.039711191335740074,1,3
NRTI/DDI,151,CV-min,0.017378008287493755,11.66762195003651,0.09682438445446095,P67 & P218,2,0.004872365811322898,1.0048842550874137,107,0.06438026474127558,0,3
NRTI/DDI,152,CV-min,0.017378008287493755,11.66762195003651,0.09682438445446095,P41 & P43 & P142 & P215,4,0.004677460354457281,1.0046884167481793,51,0.030685920577617327,0,3
NRTI/DDI,153,CV-min,0.017378008287493755,11.66762195003651,0.09682438445446095,P103 & P177 & P200,3,0.0043632335734501955,1.0043727663365731,70,0.0421179302045728,1,3
NRTI/DDI,154,CV-min,0.017378008287493755,11.66762195003651,0.09682438445446095,P35 & P179,2,-0.004357144621508466,0.9956523339616017,121,0.07280385078219014,0,3
NRTI/DDI,155,CV-min,0.017378008287493755,11.66762195003651,0.09682438445446095,P41 & P69 & P162,3,0.004176078058658057,1.004184810023525,68,0.04091456077015644,0,3
NRTI/DDI,156,CV-min,0.017378008287493755,11.66762195003651,0.09682438445446095,P41 & P74 & P200 & P215,4,0.003944103273935295,1.0039518914850565,69,0.04151624548736462,0,3
NRTI/DDI,157,CV-min,0.017378008287493755,11.66762195003651,0.09682438445446095,P60,1,-0.0036585344035886744,0.9963481498793582,325,0.19554753309265946,1,3
NRTI/DDI,158,CV-min,0.017378008287493755,11.66762195003651,0.09682438445446095,P20 & P69,2,-0.0032269016254887865,0.9967782992258456,100,0.06016847172081829,1,3
NRTI/DDI,159,CV-min,0.017378008287493755,11.66762195003651,0.09682438445446095,P135 & P184 & P228,3,0.0031947131106513124,1.0031998216452331,98,0.05896510228640193,0,3
NRTI/DDI,160,CV-min,0.017378008287493755,11.66762195003651,0.09682438445446095,P41 & P135 & P208 & P215,4,0.003147152704023674,1.003152110188384,78,0.04693140794223827,1,3
NRTI/DDI,161,CV-min,0.017378008287493755,11.66762195003651,0.09682438445446095,P20 & P122 & P179,3,-0.0029323112778769124,0.9970719837476953,51,0.030685920577617327,0,3
NRTI/DDI,162,CV-min,0.017378008287493755,11.66762195003651,0.09682438445446095,P67 & P208 & P211 & P219,4,0.0029184292432097576,1.0029226920036798,92,0.05535499398315283,0,3
NRTI/DDI,163,CV-min,0.017378008287493755,11.66762195003651,0.09682438445446095,P139 & P215,2,0.00286068309627239,1.00286477875469,37,0.022262334536702767,1,3
NRTI/DDI,164,CV-min,0.017378008287493755,11.66762195003651,0.09682438445446095,P43 & P208 & P211,3,0.002813873799874163,1.0028178364586906,95,0.057160048134777375,0,3
NRTI/DDI,165,CV-min,0.017378008287493755,11.66762195003651,0.09682438445446095,P118 & P210 & P215 & P219,4,0.002231528373359439,1.0022340200858977,153,0.09205776173285199,1,3
NRTI/DDI,166,CV-min,0.017378008287493755,11.66762195003651,0.09682438445446095,P69 & P181 & P211,3,-0.0018127929262787789,0.9981888491903956,54,0.032490974729241874,0,3
NRTI/DDI,167,CV-min,0.017378008287493755,11.66762195003651,0.09682438445446095,P118 & P207,2,0.0015713338531867021,1.0015725690451074,155,0.09326113116726835,2,3
NRTI/DDI,168,CV-min,0.017378008287493755,11.66762195003651,0.09682438445446095,P69 & P118 & P179,3,0.0014167038589523986,1.0014177078579314,40,0.024067388688327317,1,3
NRTI/DDI,169,CV-min,0.017378008287493755,11.66762195003651,0.09682438445446095,P179 & P211 & P215,3,-0.0012461580734698552,0.9987546180590741,130,0.07821901323706378,0,3
NRTI/DDI,170,CV-min,0.017378008287493755,11.66762195003651,0.09682438445446095,P67 & P122 & P210 & P215,4,0.0012275345973533176,1.001228288326325,228,0.1371841155234657,1,3
NRTI/DDI,171,CV-min,0.017378008287493755,11.66762195003651,0.09682438445446095,P35 & P135 & P174,3,0.0008964393399689616,1.0008968412618047,52,0.031287605294825514,1,3
NRTI/DDI,172,CV-min,0.017378008287493755,11.66762195003651,0.09682438445446095,P39 & P41 & P67 & P215,4,0.0005151238029621948,1.0005152565020128,159,0.09566787003610108,1,3
NRTI/DDI,173,CV-min,0.017378008287493755,11.66762195003651,0.09682438445446095,P122 & P184 & P203 & P207,4,0.0002735900709438754,1.0002736275001207,60,0.036101083032490974,0,3
NRTI/DDI,174,CV-min,0.017378008287493755,11.66762195003651,0.09682438445446095,P39 & P69 & P211,3,-0.000171560720559036,0.9998284539951399,65,0.03910950661853189,0,3
NRTI/DDI,175,CV-min,0.017378008287493755,11.66762195003651,0.09682438445446095,P41,1,0.00016941961626269056,1.0001694339685765,648,0.3898916967509025,1,3
NRTI/TDF,1,CV-min,0.013182567385564075,6.103739582767744,-0.010759265323657452,P69,1,0.8911679664316225,2.4379754625617394,319,0.22883787661406027,3,3
NRTI/TDF,2,CV-min,0.013182567385564075,6.103739582767744,-0.010759265323657452,P65,1,0.7666327305894195,2.152505969471244,60,0.043041606886657105,3,3
NRTI/TDF,3,CV-min,0.013182567385564075,6.103739582767744,-0.010759265323657452,P184,1,-0.5006634104895352,0.6061284143524038,653,0.4684361549497848,3,3
NRTI/TDF,4,CV-min,0.013182567385564075,6.103739582767744,-0.010759265323657452,P41,1,0.3836775052350691,1.4676720488003556,546,0.3916786226685796,3,3
NRTI/TDF,5,CV-min,0.013182567385564075,6.103739582767744,-0.010759265323657452,P69 & P177 & P228,3,0.35446836015566513,1.4254226413332411,36,0.02582496413199426,1,3
NRTI/TDF,6,CV-min,0.013182567385564075,6.103739582767744,-0.010759265323657452,P69 & P122 & P215 & P228,4,0.32136229026651736,1.379005090526327,92,0.06599713055954089,3,3
NRTI/TDF,7,CV-min,0.013182567385564075,6.103739582767744,-0.010759265323657452,P151,1,0.3101667437645151,1.3636524757233797,37,0.02654232424677188,3,3
NRTI/TDF,8,CV-min,0.013182567385564075,6.103739582767744,-0.010759265323657452,P67 & P69 & P190 & P215,4,0.3037074907619069,1.3548726853445423,34,0.024390243902439025,2,3
NRTI/TDF,9,CV-min,0.013182567385564075,6.103739582767744,-0.010759265323657452,P41 & P67 & P69,3,-0.30074367073595387,0.7402675006529011,133,0.09540889526542325,1,3
NRTI/TDF,10,CV-min,0.013182567385564075,6.103739582767744,-0.010759265323657452,P210 & P215,2,0.290396643062348,1.336957677858037,409,0.2934002869440459,3,3
NRTI/TDF,11,CV-min,0.013182567385564075,6.103739582767744,-0.010759265323657452,P215,1,0.28651227263881,1.3317745121814797,697,0.5,3,3
NRTI/TDF,12,CV-min,0.013182567385564075,6.103739582767744,-0.010759265323657452,P115,1,0.2854645423239404,1.3303799023675627,39,0.027977044476327116,3,3
NRTI/TDF,13,CV-min,0.013182567385564075,6.103739582767744,-0.010759265323657452,P69 & P162 & P210 & P215,4,0.2762882221010553,1.318227751650919,42,0.03012912482065997,2,3
NRTI/TDF,14,CV-min,0.013182567385564075,6.103739582767744,-0.010759265323657452,P69 & P178,2,-0.2665674757233825,0.7660043152870681,59,0.04232424677187949,3,3
NRTI/TDF,15,CV-min,0.013182567385564075,6.103739582767744,-0.010759265323657452,P74 & P135 & P184 & P207,4,0.2621922409456566,1.2997763886553722,27,0.019368723098995694,0,3
NRTI/TDF,16,CV-min,0.013182567385564075,6.103739582767744,-0.010759265323657452,P62,1,0.2413956260242875,1.2730245773468498,63,0.04519368723098996,2,3
NRTI/TDF,17,CV-min,0.013182567385564075,6.103739582767744,-0.010759265323657452,P67 & P70 & P219,3,0.24092915956924596,1.2724308925628574,231,0.16571018651362984,3,3
NRTI/TDF,18,CV-min,0.013182567385564075,6.103739582767744,-0.010759265323657452,P69 & P123,2,-0.2352756365905485,0.7903529694044173,104,0.0746054519368723,3,3
NRTI/TDF,19,CV-min,0.013182567385564075,6.103739582767744,-0.010759265323657452,P75 & P77,2,0.23148611581752682,1.2604718258352876,28,0.020086083213773313,2,3
NRTI/TDF,20,CV-min,0.013182567385564075,6.103739582767744,-0.010759265323657452,P67 & P122 & P135 & P207,4,-0.23120733752425507,0.7935749111192454,50,0.035868005738880916,2,3
NRTI/TDF,21,CV-min,0.013182567385564075,6.103739582767744,-0.010759265323657452,P122 & P174 & P177,3,0.2303081364450397,1.2589878902192222,39,0.027977044476327116,2,3
NRTI/TDF,22,CV-min,0.013182567385564075,6.103739582767744,-0.010759265323657452,P75 & P118 & P184 & P211,4,0.21463944358272563,1.2394149373844916,32,0.02295552367288379,1,3
NRTI/TDF,23,CV-min,0.013182567385564075,6.103739582767744,-0.010759265323657452,P41 & P122 & P179 & P196,4,-0.21341525482247878,0.8078206161513849,35,0.025107604017216643,1,3
NRTI/TDF,24,CV-min,0.013182567385564075,6.103739582767744,-0.010759265323657452,P69 & P122,2,-0.2073356636413211,0.8127467946477609,204,0.14634146341463414,2,3
NRTI/TDF,25,CV-min,0.013182567385564075,6.103739582767744,-0.010759265323657452,P188 & P211 & P215,3,0.20097940804343298,1.2225995958463403,32,0.02295552367288379,1,3
NRTI/TDF,26,CV-min,0.013182567385564075,6.103739582767744,-0.010759265323657452,P69 & P202,2,-0.20086460848924265,0.8180231774504927,43,0.03084648493543759,2,3
NRTI/TDF,27,CV-min,0.013182567385564075,6.103739582767744,-0.010759265323657452,P68 & P162,2,0.1992823260646493,1.220526503706174,33,0.023672883787661407,2,3
NRTI/TDF,28,CV-min,0.013182567385564075,6.103739582767744,-0.010759265323657452,P41 & P90 & P215,3,0.1969090544628895,1.2176332973559463,39,0.027977044476327116,2,3
NRTI/TDF,29,CV-min,0.013182567385564075,6.103739582767744,-0.010759265323657452,P41 & P75 & P215,3,-0.1938165267678186,0.8238090373104946,91,0.06527977044476327,1,3
NRTI/TDF,30,CV-min,0.013182567385564075,6.103739582767744,-0.010759265323657452,P98 & P103 & P210 & P215,4,0.18694503118426364,1.2055610149672569,40,0.028694404591104734,2,3
NRTI/TDF,31,CV-min,0.013182567385564075,6.103739582767744,-0.010759265323657452,P181,1,-0.18386291260627902,0.8320498595553841,250,0.1793400286944046,3,3
NRTI/TDF,32,CV-min,0.013182567385564075,6.103739582767744,-0.010759265323657452,P67 & P69 & P103 & P215,4,-0.1837333541161931,0.8321576656623118,63,0.04519368723098996,2,3
NRTI/TDF,33,CV-min,0.013182567385564075,6.103739582767744,-0.010759265323657452,P20 & P41 & P123 & P215,4,0.18055847825201668,1.1978861697216376,51,0.036585365853658534,1,3
NRTI/TDF,34,CV-min,0.013182567385564075,6.103739582767744,-0.010759265323657452,P135 & P138 & P211,3,0.17969479588874904,1.196852023214981,28,0.020086083213773313,2,3
NRTI/TDF,35,CV-min,0.013182567385564075,6.103739582767744,-0.010759265323657452,P122 & P135 & P174 & P184,4,0.17922020923861062,1.196284147986232,29,0.02080344332855093,1,3
NRTI/TDF,36,CV-min,0.013182567385564075,6.103739582767744,-0.010759265323657452,P39 & P68 & P184,3,-0.1700577704264242,0.8436160791279755,32,0.02295552367288379,1,3
NRTI/TDF,37,CV-min,0.013182567385564075,6.103739582767744,-0.010759265323657452,P32,1,0.1685879030884387,1.1836322672039201,34,0.024390243902439025,2,3
NRTI/TDF,38,CV-min,0.013182567385564075,6.103739582767744,-0.010759265323657452,P162 & P196 & P215 & P228,4,0.16858403900954588,1.183627693564296,27,0.019368723098995694,0,3
NRTI/TDF,39,CV-min,0.013182567385564075,6.103739582767744,-0.010759265323657452,P69 & P179 & P219,3,-0.16547424770352803,0.8474916877811062,57,0.040889526542324243,1,3
NRTI/TDF,40,CV-min,0.013182567385564075,6.103739582767744,-0.010759265323657452,P68 & P210 & P215,3,0.16503547360558288,1.1794349567797802,52,0.03730272596843615,1,3
NRTI/TDF,41,CV-min,0.013182567385564075,6.103739582767744,-0.010759265323657452,P101 & P181,2,-0.1621832836247943,0.8502853468771054,87,0.062410329985652796,2,3
NRTI/TDF,42,CV-min,0.013182567385564075,6.103739582767744,-0.010759265323657452,P69 & P122 & P190 & P215,4,0.16089943107249155,1.1745668379466445,30,0.021520803443328552,1,3
NRTI/TDF,43,CV-min,0.013182567385564075,6.103739582767744,-0.010759265323657452,P43 & P211 & P215 & P219,4,0.1593663944243609,1.1727675634676398,96,0.06886657101865136,3,3
NRTI/TDF,44,CV-min,0.013182567385564075,6.103739582767744,-0.010759265323657452,P41 & P74 & P103 & P118,4,-0.15795373009894811,0.8538892904274258,48,0.03443328550932568,1,3
NRTI/TDF,45,CV-min,0.013182567385564075,6.103739582767744,-0.010759265323657452,P69 & P184,2,-0.1559898396890904,0.8555678831625548,183,0.13127690100430417,2,3
NRTI/TDF,46,CV-min,0.013182567385564075,6.103739582767744,-0.010759265323657452,P69 & P215,2,0.14582385655635594,1.1569923734800882,225,0.16140602582496413,1,3
NRTI/TDF,47,CV-min,0.013182567385564075,6.103739582767744,-0.010759265323657452,P69 & P70,2,-0.14542353296160296,0.8646560052300584,145,0.10401721664275466,2,3
NRTI/TDF,48,CV-min,0.013182567385564075,6.103739582767744,-0.010759265323657452,P162 & P181,2,-0.13623190763210333,0.8726402370900459,60,0.043041606886657105,3,3
NRTI/TDF,49,CV-min,0.013182567385564075,6.103739582767744,-0.010759265323657452,P101 & P122 & P200 & P211,4,0.13592270154293343,1.1455933375748637,28,0.020086083213773313,1,3
NRTI/TDF,50,CV-min,0.013182567385564075,6.103739582767744,-0.010759265323657452,P43 & P122 & P135 & P211,4,0.13463059089551677,1.144114060126655,63,0.04519368723098996,1,3
NRTI/TDF,51,CV-min,0.013182567385564075,6.103739582767744,-0.010759265323657452,P39 & P135 & P181,3,0.13431733504667306,1.143755715835229,41,0.029411764705882353,1,3
NRTI/TDF,52,CV-min,0.013182567385564075,6.103739582767744,-0.010759265323657452,P67,1,0.133732961140479,1.1430875300940053,531,0.38091822094691535,3,3
NRTI/TDF,53,CV-min,0.013182567385564075,6.103739582767744,-0.010759265323657452,P39 & P44 & P135 & P215,4,-0.13220241411167274,0.8761636292466112,39,0.027977044476327116,0,3
NRTI/TDF,54,CV-min,0.013182567385564075,6.103739582767744,-0.010759265323657452,P138 & P211 & P215,3,0.13217730060776442,1.1413106564024846,29,0.02080344332855093,1,3
NRTI/TDF,55,CV-min,0.013182567385564075,6.103739582767744,-0.010759265323657452,P118 & P122 & P142 & P215,4,0.13121940056021872,1.140217918320938,56,0.040172166427546625,0,3
NRTI/TDF,56,CV-min,0.013182567385564075,6.103739582767744,-0.010759265323657452,P67 & P135 & P178 & P211,4,-0.13046585646897985,0.8776864597520139,30,0.021520803443328552,1,3
NRTI/TDF,57,CV-min,0.013182567385564075,6.103739582767744,-0.010759265323657452,P70 & P122 & P200,3,0.1299471829310149,1.1387682353357718,73,0.05236728837876614,0,3
NRTI/TDF,58,CV-min,0.013182567385564075,6.103739582767744,-0.010759265323657452,P202 & P215,2,-0.12926441748227743,0.8787415801873558,91,0.06527977044476327,2,3
NRTI/TDF,59,CV-min,0.013182567385564075,6.103739582767744,-0.010759265323657452,P74 & P223,2,-0.12849045338181964,0.879421957883993,38,0.027259684361549498,0,3
NRTI/TDF,60,CV-min,0.013182567385564075,6.103739582767744,-0.010759265323657452,P184 & P215,2,-0.12513960455725628,0.8823737105945118,451,0.3235294117647059,2,3
NRTI/TDF,61,CV-min,0.013182567385564075,6.103739582767744,-0.010759265323657452,P179 & P181 & P200,3,0.12512333333369377,1.1332882166616909,39,0.027977044476327116,1,3
NRTI/TDF,62,CV-min,0.013182567385564075,6.103739582767744,-0.010759265323657452,P101 & P210 & P215 & P219,4,0.12352715491627088,1.1314807293893803,50,0.035868005738880916,0,3
NRTI/TDF,63,CV-min,0.013182567385564075,6.103739582767744,-0.010759265323657452,P44 & P135 & P215,3,-0.12228365877110696,0.8848973240113396,77,0.055236728837876614,1,3
NRTI/TDF,64,CV-min,0.013182567385564075,6.103739582767744,-0.010759265323657452,P67 & P122 & P203 & P211,4,0.122248227057654,1.1300345721256002,64,0.04591104734576758,1,3
NRTI/TDF,65,CV-min,0.013182567385564075,6.103739582767744,-0.010759265323657452,P68 & P123 & P200,3,0.12216509913711467,1.129940638605785,30,0.021520803443328552,2,3
NRTI/TDF,66,CV-min,0.013182567385564075,6.103739582767744,-0.010759265323657452,P69 & P188,2,0.12113230484526386,1.1287742447902194,35,0.025107604017216643,1,3
NRTI/TDF,67,CV-min,0.013182567385564075,6.103739582767744,-0.010759265323657452,P43 & P67 & P211 & P219,4,0.11853688838219162,1.125848404062213,75,0.05380200860832138,3,3
NRTI/TDF,68,CV-min,0.013182567385564075,6.103739582767744,-0.010759265323657452,P35 & P69,2,-0.11643168856865789,0.8900908982832281,99,0.07101865136298421,1,3
NRTI/TDF,69,CV-min,0.013182567385564075,6.103739582767744,-0.010759265323657452,P41 & P60 & P123 & P215,4,0.11442302149132634,1.1212263274112875,48,0.03443328550932568,2,3
NRTI/TDF,70,CV-min,0.013182567385564075,6.103739582767744,-0.010759265323657452,P69 & P101,2,-0.11439129020195037,0.8919088923836764,68,0.04878048780487805,1,3
NRTI/TDF,71,CV-min,0.013182567385564075,6.103739582767744,-0.010759265323657452,P35 & P177 & P228,3,0.11434858631483637,1.121142871837775,33,0.023672883787661407,1,3
NRTI/TDF,72,CV-min,0.013182567385564075,6.103739582767744,-0.010759265323657452,P43 & P67 & P118 & P219,4,0.11285160439913063,1.1194657968223836,73,0.05236728837876614,2,3
NRTI/TDF,73,CV-min,0.013182567385564075,6.103739582767744,-0.010759265323657452,P64 & P228,2,0.10914153640923514,1.115320197586532,35,0.025107604017216643,1,3
NRTI/TDF,74,CV-min,0.013182567385564075,6.103739582767744,-0.010759265323657452,P44 & P67 & P177 & P210,4,0.10713939374464986,1.113089401365608,35,0.025107604017216643,0,3
NRTI/TDF,75,CV-min,0.013182567385564075,6.103739582767744,-0.010759265323657452,P67 & P69,2,-0.10524719327552291,0.9001019959231744,220,0.15781922525107603,1,3
NRTI/TDF,76,CV-min,0.013182567385564075,6.103739582767744,-0.010759265323657452,P20 & P200 & P219,3,-0.10493382449406588,0.9003841039884456,40,0.028694404591104734,1,3
NRTI/TDF,77,CV-min,0.013182567385564075,6.103739582767744,-0.010759265323657452,P68 & P122 & P135,3,0.10464071983960592,1.1103116257473842,37,0.02654232424677188,0,3
NRTI/TDF,78,CV-min,0.013182567385564075,6.103739582767744,-0.010759265323657452,P100 & P122,2,-0.10382571635435442,0.9013823799396468,46,0.03299856527977044,1,3
NRTI/TDF,79,CV-min,0.013182567385564075,6.103739582767744,-0.010759265323657452,P74 & P98 & P215,3,0.10376360515257688,1.1093381820865362,32,0.02295552367288379,1,3
NRTI/TDF,80,CV-min,0.013182567385564075,6.103739582767744,-0.010759265323657452,P69 & P184 & P210 & P215,4,-0.10229280353854867,0.9027651801270844,81,0.05810616929698709,1,3
NRTI/TDF,81,CV-min,0.013182567385564075,6.103739582767744,-0.010759265323657452,P43 & P200 & P207 & P211,4,-0.10163324635273333,0.9033608017904231,44,0.03156384505021521,0,3
NRTI/TDF,82,CV-min,0.013182567385564075,6.103739582767744,-0.010759265323657452,P69 & P215 & P219,3,-0.0981646623984442,0.906499625061513,149,0.10688665710186514,2,3
NRTI/TDF,83,CV-min,0.013182567385564075,6.103739582767744,-0.010759265323657452,P68,1,0.09799825006004861,1.102960854991554,145,0.10401721664275466,1,3
NRTI/TDF,84,CV-min,0.013182567385564075,6.103739582767744,-0.010759265323657452,P67 & P135 & P142,3,0.09798374924297214,1.1029448612739146,40,0.028694404591104734,2,3
NRTI/TDF,85,CV-min,0.013182567385564075,6.103739582767744,-0.010759265323657452,P211,1,-0.09658942841149164,0.9079286993477582,777,0.5573888091822095,2,3
NRTI/TDF,86,CV-min,0.013182567385564075,6.103739582767744,-0.010759265323657452,P41 & P43 & P67 & P162,4,-0.0952045227031328,0.9091869660755456,61,0.04375896700143472,0,3
NRTI/TDF,87,CV-min,0.013182567385564075,6.103739582767744,-0.010759265323657452,P122 & P181 & P228,3,-0.0936175168478101,0.9106309966537055,83,0.05954088952654232,1,3
NRTI/TDF,88,CV-min,0.013182567385564075,6.103739582767744,-0.010759265323657452,P122 & P139,2,0.0934735928828045,1.097981608429453,37,0.02654232424677188,1,3
NRTI/TDF,89,CV-min,0.013182567385564075,6.103739582767744,-0.010759265323657452,P135 & P177 & P178,3,0.09197604720466779,1.096338561393134,49,0.0351506456241033,1,3
NRTI/TDF,90,CV-min,0.013182567385564075,6.103739582767744,-0.010759265323657452,P74 & P215,2,-0.0914022414977463,0.9126505311401837,164,0.11764705882352941,1,3
NRTI/TDF,91,CV-min,0.013182567385564075,6.103739582767744,-0.010759265323657452,P35 & P135 & P215,3,0.09116494838847031,1.0954496830166671,95,0.06814921090387374,0,3
NRTI/TDF,92,CV-min,0.013182567385564075,6.103739582767744,-0.010759265323657452,P122 & P169 & P210 & P215,4,0.08836318952264409,1.092384792701926,29,0.02080344332855093,2,3
NRTI/TDF,93,CV-min,0.013182567385564075,6.103739582767744,-0.010759265323657452,P181 & P215,2,-0.0877413190427458,0.9159977972656276,173,0.12410329985652797,1,3
NRTI/TDF,94,CV-min,0.013182567385564075,6.103739582767744,-0.010759265323657452,P69 & P135 & P215,3,0.08766771534112065,1.0916253314057862,117,0.08393113342898136,2,3
NRTI/TDF,95,CV-min,0.013182567385564075,6.103739582767744,-0.010759265323657452,P70 & P75,2,0.08729922781589179,1.091223155191949,34,0.024390243902439025,0,3
NRTI/TDF,96,CV-min,0.013182567385564075,6.103739582767744,-0.010759265323657452,P68 & P103 & P200,3,0.08707722732878705,1.0909809300080056,31,0.02223816355810617,2,3
NRTI/TDF,97,CV-min,0.013182567385564075,6.103739582767744,-0.010759265323657452,P162 & P207 & P211,3,-0.08598665992354232,0.9176064720789994,81,0.05810616929698709,3,3
NRTI/TDF,98,CV-min,0.013182567385564075,6.103739582767744,-0.010759265323657452,P174 & P177 & P178,3,0.08555650819861908,1.0893231152918572,28,0.020086083213773313,1,3
NRTI/TDF,99,CV-min,0.013182567385564075,6.103739582767744,-0.010759265323657452,P60 & P69,2,-0.08423007172546042,0.9192197452918534,100,0.07173601147776183,2,3
NRTI/TDF,100,CV-min,0.013182567385564075,6.103739582767744,-0.010759265323657452,P67 & P103 & P215 & P219,4,-0.0831191294904468,0.920241512787401,119,0.08536585365853659,1,3
NRTI/TDF,101,CV-min,0.013182567385564075,6.103739582767744,-0.010759265323657452,P123 & P135 & P181,3,-0.08236576987665017,0.9209350467855253,34,0.024390243902439025,0,3
NRTI/TDF,102,CV-min,0.013182567385564075,6.103739582767744,-0.010759265323657452,P64 & P67,2,0.08126754927717159,1.084661058030837,59,0.04232424677187949,1,3
NRTI/TDF,103,CV-min,0.013182567385564075,6.103739582767744,-0.010759265323657452,P60 & P121 & P122,3,0.08070905872284129,1.0840554542030267,28,0.020086083213773313,0,3
NRTI/TDF,104,CV-min,0.013182567385564075,6.103739582767744,-0.010759265323657452,P69 & P207 & P211,3,-0.08068602497090738,0.9224832826955401,60,0.043041606886657105,2,3
NRTI/TDF,105,CV-min,0.013182567385564075,6.103739582767744,-0.010759265323657452,P102,1,-0.08058936294738803,0.92257245610608,120,0.08608321377331421,2,3
NRTI/TDF,106,CV-min,0.013182567385564075,6.103739582767744,-0.010759265323657452,P98 & P211,2,0.0804209732989145,1.0837431986082446,118,0.08464849354375897,2,3
NRTI/TDF,107,CV-min,0.013182567385564075,6.103739582767744,-0.010759265323657452,P39 & P207 & P219,3,0.08020051124110934,1.0835043006874785,55,0.03945480631276901,0,3
NRTI/TDF,108,CV-min,0.013182567385564075,6.103739582767744,-0.010759265323657452,P101 & P135 & P211 & P219,4,0.07994963206372357,1.083232506115053,27,0.019368723098995694,1,3
NRTI/TDF,109,CV-min,0.013182567385564075,6.103739582767744,-0.010759265323657452,P102 & P211 & P215,3,-0.07898063892871413,0.9240578150211248,43,0.03084648493543759,1,3
NRTI/TDF,110,CV-min,0.013182567385564075,6.103739582767744,-0.010759265323657452,P177 & P179,2,-0.078046994952994,0.9249209589051806,83,0.05954088952654232,2,3
NRTI/TDF,111,CV-min,0.013182567385564075,6.103739582767744,-0.010759265323657452,P43 & P211 & P215 & P228,4,0.07785132446253419,1.0809619341259389,88,0.06312769010043041,0,3
NRTI/TDF,112,CV-min,0.013182567385564075,6.103739582767744,-0.010759265323657452,P101 & P210 & P211 & P215,4,0.07561487051421441,1.0785471138640566,65,0.046628407460545196,0,3
NRTI/TDF,113,CV-min,0.013182567385564075,6.103739582767744,-0.010759265323657452,P74,1,-0.07536517216043666,0.9274047620854152,205,0.14705882352941177,3,3
NRTI/TDF,114,CV-min,0.013182567385564075,6.103739582767744,-0.010759265323657452,P118 & P184 & P215,3,-0.07404339983133319,0.9286313905209955,215,0.15423242467718795,2,3
NRTI/TDF,115,CV-min,0.013182567385564075,6.103739582767744,-0.010759265323657452,P41 & P215,2,0.07372652176659863,1.0765123625370434,535,0.3837876614060258,2,3
NRTI/TDF,116,CV-min,0.013182567385564075,6.103739582767744,-0.010759265323657452,P67 & P70 & P123 & P219,4,0.07321243134505005,1.0759590800735777,87,0.062410329985652796,1,3
NRTI/TDF,117,CV-min,0.013182567385564075,6.103739582767744,-0.010759265323657452,P103 & P202,2,0.0723221459000163,1.0750015956456036,54,0.03873744619799139,1,3
NRTI/TDF,118,CV-min,0.013182567385564075,6.103739582767744,-0.010759265323657452,P122 & P177 & P178,3,0.07102475314611557,1.0736078007102123,75,0.05380200860832138,2,3
NRTI/TDF,119,CV-min,0.013182567385564075,6.103739582767744,-0.010759265323657452,P122 & P139 & P215,3,0.07071362128389769,1.073273819074744,28,0.020086083213773313,1,3
NRTI/TDF,120,CV-min,0.013182567385564075,6.103739582767744,-0.010759265323657452,P122 & P211 & P215,3,-0.07059569873965704,0.9318385594829531,283,0.203012912482066,1,3
NRTI/TDF,121,CV-min,0.013182567385564075,6.103739582767744,-0.010759265323657452,P98,1,0.06991284932632659,1.07241471551656,182,0.13055954088952654,1,3
NRTI/TDF,122,CV-min,0.013182567385564075,6.103739582767744,-0.010759265323657452,P44 & P67 & P215,3,0.06966648603455898,1.0721505444394697,135,0.09684361549497848,2,3
NRTI/TDF,123,CV-min,0.013182567385564075,6.103739582767744,-0.010759265323657452,P41 & P83 & P122 & P215,4,0.069147038387633,1.071593762983938,28,0.020086083213773313,0,3
NRTI/TDF,124,CV-min,0.013182567385564075,6.103739582767744,-0.010759265323657452,P69 & P200,2,-0.06855362043315694,0.9337433910360875,121,0.08680057388809183,2,3
NRTI/TDF,125,CV-min,0.013182567385564075,6.103739582767744,-0.010759265323657452,P118 & P123 & P135 & P215,4,-0.0671398592173523,0.9350644148139096,51,0.036585365853658534,1,3
NRTI/TDF,126,CV-min,0.013182567385564075,6.103739582767744,-0.010759265323657452,P122 & P210 & P211 & P219,4,0.06707627973657844,1.0693770468629793,120,0.08608321377331421,1,3
NRTI/TDF,127,CV-min,0.013182567385564075,6.103739582767744,-0.010759265323657452,P35 & P69 & P135 & P215,4,0.0649068259865909,1.0670595975270165,35,0.025107604017216643,1,3
NRTI/TDF,128,CV-min,0.013182567385564075,6.103739582767744,-0.010759265323657452,P200,1,-0.06452617055454696,0.9375115787430872,552,0.39598278335724535,3,3
NRTI/TDF,129,CV-min,0.013182567385564075,6.103739582767744,-0.010759265323657452,P67 & P122 & P215 & P219,4,-0.06419452923493861,0.9378225478824673,216,0.15494978479196556,1,3
NRTI/TDF,130,CV-min,0.013182567385564075,6.103739582767744,-0.010759265323657452,P166 & P219,2,0.06412354304522146,1.066224115199093,33,0.023672883787661407,0,3
NRTI/TDF,131,CV-min,0.013182567385564075,6.103739582767744,-0.010759265323657452,P67 & P90 & P219,3,0.06399467103713492,1.0660867176098388,29,0.02080344332855093,1,3
NRTI/TDF,132,CV-min,0.013182567385564075,6.103739582767744,-0.010759265323657452,P41 & P106 & P211,3,0.06394935569064958,1.0660384086154246,29,0.02080344332855093,0,3
NRTI/TDF,133,CV-min,0.013182567385564075,6.103739582767744,-0.010759265323657452,P103 & P210 & P211,3,0.06381315981815157,1.0658932284709395,111,0.07962697274031563,1,3
NRTI/TDF,134,CV-min,0.013182567385564075,6.103739582767744,-0.010759265323657452,P67 & P98 & P196,3,0.06367446304753055,1.065745402774034,36,0.02582496413199426,0,3
NRTI/TDF,135,CV-min,0.013182567385564075,6.103739582767744,-0.010759265323657452,P39 & P196 & P211 & P215,4,-0.06360527616058709,0.9383753255489784,57,0.040889526542324243,0,3
NRTI/TDF,136,CV-min,0.013182567385564075,6.103739582767744,-0.010759265323657452,P173,1,-0.06351723984451217,0.9384579402922307,111,0.07962697274031563,3,3
NRTI/TDF,137,CV-min,0.013182567385564075,6.103739582767744,-0.010759265323657452,P122 & P135 & P214,3,-0.06294310388050525,0.938996897448999,79,0.05667144906743185,2,3
NRTI/TDF,138,CV-min,0.013182567385564075,6.103739582767744,-0.010759265323657452,P67 & P69 & P103 & P210,4,-0.06257427238547139,0.9393432929553767,29,0.02080344332855093,0,3
NRTI/TDF,139,CV-min,0.013182567385564075,6.103739582767744,-0.010759265323657452,P135 & P200 & P211 & P219,4,0.062125669192360615,1.064096060418393,57,0.040889526542324243,0,3
NRTI/TDF,140,CV-min,0.013182567385564075,6.103739582767744,-0.010759265323657452,P142 & P190,2,0.061519646560635056,1.0634513894857676,27,0.019368723098995694,1,3
NRTI/TDF,141,CV-min,0.013182567385564075,6.103739582767744,-0.010759265323657452,P43 & P203 & P219,3,-0.061231112053939815,0.9406058293087283,49,0.0351506456241033,0,3
NRTI/TDF,142,CV-min,0.013182567385564075,6.103739582767744,-0.010759265323657452,P41 & P188 & P215,3,0.06077132660325511,1.0626558852702745,37,0.02654232424677188,1,3
NRTI/TDF,143,CV-min,0.013182567385564075,6.103739582767744,-0.010759265323657452,P35 & P67 & P190,3,-0.06054838773621329,0.9412482230457533,35,0.025107604017216643,0,3
NRTI/TDF,144,CV-min,0.013182567385564075,6.103739582767744,-0.010759265323657452,P162 & P169,2,0.05978349395927069,1.0616066774036923,33,0.023672883787661407,1,3
NRTI/TDF,145,CV-min,0.013182567385564075,6.103739582767744,-0.010759265323657452,P62 & P215,2,0.05865154415408303,1.0604056717992876,31,0.02223816355810617,1,3
NRTI/TDF,146,CV-min,0.013182567385564075,6.103739582767744,-0.010759265323657452,P41 & P177 & P196 & P215,4,0.058295323952796366,1.060028001148385,49,0.0351506456241033,1,3
NRTI/TDF,147,CV-min,0.013182567385564075,6.103739582767744,-0.010759265323657452,P67 & P70,2,0.05754435328932358,1.0592322500473264,247,0.17718794835007173,2,3
NRTI/TDF,148,CV-min,0.013182567385564075,6.103739582767744,-0.010759265323657452,P135 & P215,2,0.057380552577074494,1.0590587612595128,326,0.23385939741750358,2,3
NRTI/TDF,149,CV-min,0.013182567385564075,6.103739582767744,-0.010759265323657452,P69 & P118 & P207,3,-0.05692200183436731,0.9446677488445961,52,0.03730272596843615,1,3
NRTI/TDF,150,CV-min,0.013182567385564075,6.103739582767744,-0.010759265323657452,P135 & P210,2,0.05640542908563913,1.0580265515303668,182,0.13055954088952654,0,3
NRTI/TDF,151,CV-min,0.013182567385564075,6.103739582767744,-0.010759265323657452,P122 & P135 & P162 & P211,4,-0.05599978203979578,0.9455393419803219,66,0.047345767575322814,0,3
NRTI/TDF,152,CV-min,0.013182567385564075,6.103739582767744,-0.010759265323657452,P67 & P122 & P200 & P215,4,0.05596100548322888,1.0575564440300622,118,0.08464849354375897,0,3
NRTI/TDF,153,CV-min,0.013182567385564075,6.103739582767744,-0.010759265323657452,P101 & P219,2,0.05594114109819342,1.0575354365303125,107,0.07675753228120516,1,3
NRTI/TDF,154,CV-min,0.013182567385564075,6.103739582767744,-0.010759265323657452,P35 & P135 & P200 & P215,4,0.05536633042136467,1.0569277285455216,49,0.0351506456241033,1,3
NRTI/TDF,155,CV-min,0.013182567385564075,6.103739582767744,-0.010759265323657452,P60 & P202,2,0.05506584642900951,1.0566101863925736,33,0.023672883787661407,1,3
NRTI/TDF,156,CV-min,0.013182567385564075,6.103739582767744,-0.010759265323657452,P179 & P181 & P228,3,0.05505687611756174,1.0566007083126334,48,0.03443328550932568,1,3
NRTI/TDF,157,CV-min,0.013182567385564075,6.103739582767744,-0.010759265323657452,P103 & P162 & P177,3,-0.05495306847549703,0.946529568986762,27,0.019368723098995694,0,3
NRTI/TDF,158,CV-min,0.013182567385564075,6.103739582767744,-0.010759265323657452,P41 & P122,2,-0.05442748391584397,0.9470271810706355,375,0.26901004304160686,0,3
NRTI/TDF,159,CV-min,0.013182567385564075,6.103739582767744,-0.010759265323657452,P69 & P118,2,-0.05399048369575455,0.9474411225968755,127,0.09110473457675754,2,3
NRTI/TDF,160,CV-min,0.013182567385564075,6.103739582767744,-0.010759265323657452,P103 & P135,2,0.05391923915401549,1.0553993637676948,201,0.1441893830703013,1,3
NRTI/TDF,161,CV-min,0.013182567385564075,6.103739582767744,-0.010759265323657452,P177 & P178,2,0.05380584064557509,1.0552796898395853,115,0.0824964131994261,3,3
NRTI/TDF,162,CV-min,0.013182567385564075,6.103739582767744,-0.010759265323657452,P39 & P122 & P181 & P184,4,0.05365593157539516,1.0551215056994168,28,0.020086083213773313,0,3
NRTI/TDF,163,CV-min,0.013182567385564075,6.103739582767744,-0.010759265323657452,P90 & P103,2,-0.05356516054731285,0.947844176946198,55,0.03945480631276901,2,3
NRTI/TDF,164,CV-min,0.013182567385564075,6.103739582767744,-0.010759265323657452,P100 & P103 & P215,3,-0.052245477383344355,0.9490958566772567,37,0.02654232424677188,0,3
NRTI/TDF,165,CV-min,0.013182567385564075,6.103739582767744,-0.010759265323657452,P122,1,-0.051944604431542606,0.9493814569117363,767,0.5502152080344332,3,3
NRTI/TDF,166,CV-min,0.013182567385564075,6.103739582767744,-0.010759265323657452,P67 & P69 & P123 & P184,4,0.05161501732892047,1.0529702891576274,53,0.03802008608321377,0,3
NRTI/TDF,167,CV-min,0.013182567385564075,6.103739582767744,-0.010759265323657452,P122 & P123 & P228,3,-0.05112626331724367,0.9501586927697342,56,0.040172166427546625,0,3
NRTI/TDF,168,CV-min,0.013182567385564075,6.103739582767744,-0.010759265323657452,P35 & P67 & P203 & P207,4,0.05047081554529708,1.0517661676850085,27,0.019368723098995694,0,3
NRTI/TDF,169,CV-min,0.013182567385564075,6.103739582767744,-0.010759265323657452,P62 & P75,2,-0.050264463684949606,0.9509778921239337,34,0.024390243902439025,0,3
NRTI/TDF,170,CV-min,0.013182567385564075,6.103739582767744,-0.010759265323657452,P67 & P69 & P122 & P196,4,0.050180829568640825,1.0514612144638742,47,0.03371592539454806,1,3
NRTI/TDF,171,CV-min,0.013182567385564075,6.103739582767744,-0.010759265323657452,P67 & P118,2,0.04987585982256067,1.0511405994957037,248,0.17790530846484937,1,3
NRTI/TDF,172,CV-min,0.013182567385564075,6.103739582767744,-0.010759265323657452,P177 & P178 & P210 & P215,4,0.04952514576385336,1.0507720143475572,29,0.02080344332855093,1,3
NRTI/TDF,173,CV-min,0.013182567385564075,6.103739582767744,-0.010759265323657452,P184 & P207 & P210 & P215,4,0.04916016176526408,1.0503885693560546,115,0.0824964131994261,0,3
NRTI/TDF,174,CV-min,0.013182567385564075,6.103739582767744,-0.010759265323657452,P98 & P103,2,0.048836720426025305,1.0500488852073702,67,0.04806312769010043,1,3
NRTI/TDF,175,CV-min,0.013182567385564075,6.103739582767744,-0.010759265323657452,P67 & P203,2,0.048284269182560166,1.0494689446042418,120,0.08608321377331421,1,3
NRTI/TDF,176,CV-min,0.013182567385564075,6.103739582767744,-0.010759265323657452,P64 & P67 & P219,3,0.04804960821994579,1.0492227041041136,50,0.035868005738880916,1,3
NRTI/TDF,177,CV-min,0.013182567385564075,6.103739582767744,-0.010759265323657452,P68 & P184,2,-0.04782930680047799,0.9532964944193169,85,0.06097560975609756,2,3
NRTI/TDF,178,CV-min,0.013182567385564075,6.103739582767744,-0.010759265323657452,P75 & P184 & P211,3,0.047403215839879255,1.048544713690713,47,0.03371592539454806,2,3
NRTI/TDF,179,CV-min,0.013182567385564075,6.103739582767744,-0.010759265323657452,P39 & P181 & P184,3,0.04729945368668192,1.048435920077924,44,0.03156384505021521,1,3
NRTI/TDF,180,CV-min,0.013182567385564075,6.103739582767744,-0.010759265323657452,P69 & P118 & P215,3,-0.04698400437137128,0.9541026589401195,115,0.0824964131994261,0,3
NRTI/TDF,181,CV-min,0.013182567385564075,6.103739582767744,-0.010759265323657452,P41 & P75,2,-0.04646679346175799,0.9545962588808481,94,0.06743185078909612,1,3
NRTI/TDF,182,CV-min,0.013182567385564075,6.103739582767744,-0.010759265323657452,P122 & P162 & P196 & P215,4,0.046358988173400194,1.047450365764768,39,0.027977044476327116,1,3
NRTI/TDF,183,CV-min,0.013182567385564075,6.103739582767744,-0.010759265323657452,P122 & P135 & P181 & P184,4,0.0462809259969332,1.0473686027008182,40,0.028694404591104734,2,3
NRTI/TDF,184,CV-min,0.013182567385564075,6.103739582767744,-0.010759265323657452,P69 & P179 & P215,3,-0.04617746923458386,0.95487248666348,68,0.04878048780487805,0,3
NRTI/TDF,185,CV-min,0.013182567385564075,6.103739582767744,-0.010759265323657452,P123 & P219,2,0.045776813298668506,1.0468407439497613,160,0.11477761836441894,2,3
NRTI/TDF,186,CV-min,0.013182567385564075,6.103739582767744,-0.010759265323657452,P68 & P142,2,-0.04551244521850456,0.9555077109957119,29,0.02080344332855093,0,3
NRTI/TDF,187,CV-min,0.013182567385564075,6.103739582767744,-0.010759265323657452,P35 & P69 & P211,3,-0.04551145237683973,0.9555086596640493,50,0.035868005738880916,1,3
NRTI/TDF,188,CV-min,0.013182567385564075,6.103739582767744,-0.010759265323657452,P177 & P179 & P184,3,-0.0451239801001908,0.9558789645165663,42,0.03012912482065997,1,3
NRTI/TDF,189,CV-min,0.013182567385564075,6.103739582767744,-0.010759265323657452,P39 & P200 & P211,3,-0.04478623893035372,0.9562018587205285,87,0.062410329985652796,1,3
NRTI/TDF,190,CV-min,0.013182567385564075,6.103739582767744,-0.010759265323657452,P178 & P184 & P200,3,0.04458900229935671,1.045598033198431,51,0.036585365853658534,0,3
NRTI/TDF,191,CV-min,0.013182567385564075,6.103739582767744,-0.010759265323657452,P67 & P122 & P184,3,-0.04439084139684614,0.9565800133327758,213,0.15279770444763272,2,3
NRTI/TDF,192,CV-min,0.013182567385564075,6.103739582767744,-0.010759265323657452,P70 & P219,2,0.04400071567244142,1.0449831027537846,240,0.17216642754662842,1,3
NRTI/TDF,193,CV-min,0.013182567385564075,6.103739582767744,-0.010759265323657452,P69 & P210,2,0.043876108310191106,1.0448528982781409,127,0.09110473457675754,1,3
NRTI/TDF,194,CV-min,0.013182567385564075,6.103739582767744,-0.010759265323657452,P60 & P67 & P69 & P162,4,-0.04374876659152417,0.9571944064806842,31,0.02223816355810617,1,3
NRTI/TDF,195,CV-min,0.013182567385564075,6.103739582767744,-0.010759265323657452,P20 & P69,2,-0.043443251199136,0.9574868887820195,92,0.06599713055954089,2,3
NRTI/TDF,196,CV-min,0.013182567385564075,6.103739582767744,-0.010759265323657452,P20 & P118 & P219,3,0.042691113458611284,1.043615486281245,50,0.035868005738880916,0,3
NRTI/TDF,197,CV-min,0.013182567385564075,6.103739582767744,-0.010759265323657452,P196,1,-0.04255766475751871,0.9583352017605454,325,0.23314203730272598,2,3
NRTI/TDF,198,CV-min,0.013182567385564075,6.103739582767744,-0.010759265323657452,P41 & P106 & P211 & P215,4,0.04211275609433757,1.0430120780888898,28,0.020086083213773313,0,3
NRTI/TDF,199,CV-min,0.013182567385564075,6.103739582767744,-0.010759265323657452,P118 & P123 & P210 & P215,4,-0.04132983159390353,0.9595126001796217,77,0.055236728837876614,0,3
NRTI/TDF,200,CV-min,0.013182567385564075,6.103739582767744,-0.010759265323657452,P67 & P98 & P228,3,0.04078968989795406,1.0416330165619663,41,0.029411764705882353,1,3
NRTI/TDF,201,CV-min,0.013182567385564075,6.103739582767744,-0.010759265323657452,P35 & P184,2,-0.04072131551313706,0.9600966567124026,215,0.15423242467718795,1,3
NRTI/TDF,202,CV-min,0.013182567385564075,6.103739582767744,-0.010759265323657452,P39 & P135 & P184 & P215,4,-0.04070205972566418,0.9601151443075737,70,0.05021520803443329,1,3
NRTI/TDF,203,CV-min,0.013182567385564075,6.103739582767744,-0.010759265323657452,P179 & P203 & P215 & P219,4,-0.04056066681691989,0.9602509073782983,28,0.020086083213773313,0,3
NRTI/TDF,204,CV-min,0.013182567385564075,6.103739582767744,-0.010759265323657452,P64,1,0.04050148899931359,1.0413328602452772,84,0.06025824964131994,2,3
NRTI/TDF,205,CV-min,0.013182567385564075,6.103739582767744,-0.010759265323657452,P177 & P228,2,0.040415125058506106,1.0412429305191728,82,0.058823529411764705,1,3
NRTI/TDF,206,CV-min,0.013182567385564075,6.103739582767744,-0.010759265323657452,P35 & P123 & P215,3,0.039986022811074426,1.0407962266852284,85,0.06097560975609756,1,3
NRTI/TDF,207,CV-min,0.013182567385564075,6.103739582767744,-0.010759265323657452,P68 & P69,2,0.039818475399204765,1.0406218585790339,34,0.024390243902439025,1,3
NRTI/TDF,208,CV-min,0.013182567385564075,6.103739582767744,-0.010759265323657452,P197 & P211,2,0.03939215851344034,1.040178318460065,36,0.02582496413199426,2,3
NRTI/TDF,209,CV-min,0.013182567385564075,6.103739582767744,-0.010759265323657452,P67 & P184 & P210 & P215,4,-0.039078632131200795,0.9616750876116028,170,0.12195121951219512,2,3
NRTI/TDF,210,CV-min,0.013182567385564075,6.103739582767744,-0.010759265323657452,P69 & P162 & P207,3,-0.039049472606841475,0.9617031300085953,35,0.025107604017216643,1,3
NRTI/TDF,211,CV-min,0.013182567385564075,6.103739582767744,-0.010759265323657452,P67 & P122 & P196 & P215,4,0.03882701717475475,1.0395906367699486,94,0.06743185078909612,1,3
NRTI/TDF,212,CV-min,0.013182567385564075,6.103739582767744,-0.010759265323657452,P68 & P184 & P215,3,-0.03882421784061472,0.9619197826224258,65,0.046628407460545196,1,3
NRTI/TDF,213,CV-min,0.013182567385564075,6.103739582767744,-0.010759265323657452,P41 & P98 & P123 & P215,4,-0.03876963936080105,0.9619722841745785,45,0.032281205164992825,1,3
NRTI/TDF,214,CV-min,0.013182567385564075,6.103739582767744,-0.010759265323657452,P60 & P200 & P210 & P215,4,-0.03866639932635574,0.9620716033531016,45,0.032281205164992825,0,3
NRTI/TDF,215,CV-min,0.013182567385564075,6.103739582767744,-0.010759265323657452,P70 & P142,2,-0.038594913941458545,0.9621403798701945,38,0.027259684361549498,0,3
NRTI/TDF,216,CV-min,0.013182567385564075,6.103739582767744,-0.010759265323657452,P20 & P60 & P215,3,0.03799093067184208,1.038721812326798,57,0.040889526542324243,1,3
NRTI/TDF,217,CV-min,0.013182567385564075,6.103739582767744,-0.010759265323657452,P108 & P228,2,0.03777024144963299,1.038492602910898,46,0.03299856527977044,0,3
NRTI/TDF,218,CV-min,0.013182567385564075,6.103739582767744,-0.010759265323657452,P122 & P135 & P200,3,0.037610946891179386,1.0383271898653088,165,0.11836441893830703,1,3
NRTI/TDF,219,CV-min,0.013182567385564075,6.103739582767744,-0.010759265323657452,P67 & P70 & P203,3,0.036937326603350536,1.0376279871298246,39,0.027977044476327116,2,3
NRTI/TDF,220,CV-min,0.013182567385564075,6.103739582767744,-0.010759265323657452,P39 & P211,2,-0.03664280014491971,0.9640204218108209,205,0.14705882352941177,1,3
NRTI/TDF,221,CV-min,0.013182567385564075,6.103739582767744,-0.010759265323657452,P135 & P178 & P211 & P215,4,-0.036543684373771784,0.964115976173725,36,0.02582496413199426,1,3
NRTI/TDF,222,CV-min,0.013182567385564075,6.103739582767744,-0.010759265323657452,P69 & P102,2,-0.036389999453075916,0.9642641576474023,32,0.02295552367288379,1,3
NRTI/TDF,223,CV-min,0.013182567385564075,6.103739582767744,-0.010759265323657452,P41 & P135 & P181,3,-0.03637711966323821,0.9642765772470815,64,0.04591104734576758,1,3
NRTI/TDF,224,CV-min,0.013182567385564075,6.103739582767744,-0.010759265323657452,P202 & P210 & P215,3,-0.036306634687760776,0.9643445466533651,45,0.032281205164992825,1,3
NRTI/TDF,225,CV-min,0.013182567385564075,6.103739582767744,-0.010759265323657452,P67 & P69 & P135 & P162,4,-0.036060978931585455,0.9645814725420995,37,0.02654232424677188,1,3
NRTI/TDF,226,CV-min,0.013182567385564075,6.103739582767744,-0.010759265323657452,P43 & P118 & P122 & P203,4,-0.03555861647025655,0.9650661637999512,45,0.032281205164992825,0,3
NRTI/TDF,227,CV-min,0.013182567385564075,6.103739582767744,-0.010759265323657452,P6 & P67 & P215,3,0.03498757623945672,1.0356068425882707,41,0.029411764705882353,1,3
NRTI/TDF,228,CV-min,0.013182567385564075,6.103739582767744,-0.010759265323657452,P67 & P122 & P135 & P178,4,-0.034762076362433766,0.965835183943154,33,0.023672883787661407,2,3
NRTI/TDF,229,CV-min,0.013182567385564075,6.103739582767744,-0.010759265323657452,P173 & P219,2,-0.03462215882112983,0.9659703306818754,29,0.02080344332855093,0,3
NRTI/TDF,230,CV-min,0.013182567385564075,6.103739582767744,-0.010759265323657452,P39 & P67 & P103 & P211,4,0.03343244821156353,1.0339975929803888,40,0.028694404591104734,1,3
NRTI/TDF,231,CV-min,0.013182567385564075,6.103739582767744,-0.010759265323657452,P43 & P122 & P203 & P207,4,-0.03236221523858403,0.9681558377628025,35,0.025107604017216643,0,3
NRTI/TDF,232,CV-min,0.013182567385564075,6.103739582767744,-0.010759265323657452,P98 & P190,2,0.03226593842495991,1.0327921278989542,41,0.029411764705882353,0,3
NRTI/TDF,233,CV-min,0.013182567385564075,6.103739582767744,-0.010759265323657452,P177 & P211 & P215,3,-0.03226208387651008,0.968252785379205,121,0.08680057388809183,1,3
NRTI/TDF,234,CV-min,0.013182567385564075,6.103739582767744,-0.010759265323657452,P35 & P39 & P207 & P211,4,0.03225455135562447,1.0327803674903433,33,0.023672883787661407,1,3
NRTI/TDF,235,CV-min,0.013182567385564075,6.103739582767744,-0.010759265323657452,P69 & P214,2,-0.031244684068564597,0.9692383868674583,72,0.05164992826398852,1,3
NRTI/TDF,236,CV-min,0.013182567385564075,6.103739582767744,-0.010759265323657452,P135 & P200 & P215,3,0.030547237366272306,1.031018591501348,156,0.11190817790530846,1,3
NRTI/TDF,237,CV-min,0.013182567385564075,6.103739582767744,-0.010759265323657452,P39 & P207,2,0.03037118698800897,1.030837096264939,124,0.08895265423242468,0,3
NRTI/TDF,238,CV-min,0.013182567385564075,6.103739582767744,-0.010759265323657452,P67 & P215 & P219,3,-0.030224651423850023,0.9702275460641437,314,0.22525107604017217,1,3
NRTI/TDF,239,CV-min,0.013182567385564075,6.103739582767744,-0.010759265323657452,P67 & P103 & P211 & P219,4,-0.03011164943212194,0.970337189904148,74,0.05308464849354376,2,3
NRTI/TDF,240,CV-min,0.013182567385564075,6.103739582767744,-0.010759265323657452,P39 & P211 & P215,3,-0.029976256839714305,0.9704685752659002,165,0.11836441893830703,0,3
NRTI/TDF,241,CV-min,0.013182567385564075,6.103739582767744,-0.010759265323657452,P67 & P135 & P207 & P211,4,-0.02980214414988767,0.9706375608707742,55,0.03945480631276901,2,3
NRTI/TDF,242,CV-min,0.013182567385564075,6.103739582767744,-0.010759265323657452,P111 & P118,2,-0.029792454226772437,0.9706469663196808,28,0.020086083213773313,0,3
NRTI/TDF,243,CV-min,0.013182567385564075,6.103739582767744,-0.010759265323657452,P35 & P173,2,-0.029417158182809305,0.9710113146511926,59,0.04232424677187949,1,3
NRTI/TDF,244,CV-min,0.013182567385564075,6.103739582767744,-0.010759265323657452,P41 & P44 & P67 & P118,4,0.029203092077110863,1.029633683685714,111,0.07962697274031563,0,3
NRTI/TDF,245,CV-min,0.013182567385564075,6.103739582767744,-0.010759265323657452,P190 & P215 & P228,3,0.0290744747341837,1.029501263453082,55,0.03945480631276901,1,3
NRTI/TDF,246,CV-min,0.013182567385564075,6.103739582767744,-0.010759265323657452,P67 & P98 & P123 & P184,4,-0.028920279333551676,0.9714939095214956,27,0.019368723098995694,0,3
NRTI/TDF,247,CV-min,0.013182567385564075,6.103739582767744,-0.010759265323657452,P123 & P228,2,-0.028589362206912175,0.9718154466927265,103,0.07388809182209469,0,3
NRTI/TDF,248,CV-min,0.013182567385564075,6.103739582767744,-0.010759265323657452,P70 & P135 & P200,3,0.028503908230379706,1.028914032059744,71,0.050932568149210905,1,3
NRTI/TDF,249,CV-min,0.013182567385564075,6.103739582767744,-0.010759265323657452,P122 & P200 & P211 & P219,4,0.028287406041317048,1.0286912940319513,76,0.054519368723098996,0,3
NRTI/TDF,250,CV-min,0.013182567385564075,6.103739582767744,-0.010759265323657452,P35 & P122 & P162 & P215,4,0.02760618164771541,1.0279907630654537,40,0.028694404591104734,1,3
NRTI/TDF,251,CV-min,0.013182567385564075,6.103739582767744,-0.010759265323657452,P122 & P190 & P207 & P215,4,-0.027399378452273495,0.9729725796349518,28,0.020086083213773313,0,3
NRTI/TDF,252,CV-min,0.013182567385564075,6.103739582767744,-0.010759265323657452,P69 & P219,2,-0.026828388346612997,0.9735282959901742,185,0.1327116212338594,2,3
NRTI/TDF,253,CV-min,0.013182567385564075,6.103739582767744,-0.010759265323657452,P135 & P200 & P202,3,0.02671701031246234,1.0270771094035507,30,0.021520803443328552,1,3
NRTI/TDF,254,CV-min,0.013182567385564075,6.103739582767744,-0.010759265323657452,P69 & P103 & P122,3,-0.026697213040057153,0.9736560072389394,74,0.05308464849354376,1,3
NRTI/TDF,255,CV-min,0.013182567385564075,6.103739582767744,-0.010759265323657452,P67 & P200 & P215 & P219,4,-0.026530835426932745,0.9738180152783098,128,0.09182209469153516,1,3
NRTI/TDF,256,CV-min,0.013182567385564075,6.103739582767744,-0.010759265323657452,P75 & P207,2,0.026288086155981057,1.026636665685986,52,0.03730272596843615,2,3
NRTI/TDF,257,CV-min,0.013182567385564075,6.103739582767744,-0.010759265323657452,P74 & P177 & P215,3,-0.026227663938115365,0.974113293893606,47,0.03371592539454806,1,3
NRTI/TDF,258,CV-min,0.013182567385564075,6.103739582767744,-0.010759265323657452,P67 & P122 & P215,3,0.025795417009866872,1.0261309980501823,305,0.2187948350071736,2,3
NRTI/TDF,259,CV-min,0.013182567385564075,6.103739582767744,-0.010759265323657452,P67 & P70 & P190 & P219,4,0.02494348386696221,1.0252571753161066,45,0.032281205164992825,1,3
NRTI/TDF,260,CV-min,0.013182567385564075,6.103739582767744,-0.010759265323657452,P41 & P181,2,-0.024333756268385166,0.9759599226523112,138,0.09899569583931134,1,3
NRTI/TDF,261,CV-min,0.013182567385564075,6.103739582767744,-0.010759265323657452,P39 & P41 & P44 & P215,4,0.024331091584221393,1.0246295079430618,86,0.06169296987087518,0,3
NRTI/TDF,262,CV-min,0.013182567385564075,6.103739582767744,-0.010759265323657452,P41 & P106,2,0.02392413375262319,1.0242126117756518,37,0.02654232424677188,2,3
NRTI/TDF,263,CV-min,0.013182567385564075,6.103739582767744,-0.010759265323657452,P67 & P70 & P123 & P135,4,0.0239120024426236,1.0242001868103185,52,0.03730272596843615,1,3
NRTI/TDF,264,CV-min,0.013182567385564075,6.103739582767744,-0.010759265323657452,P202 & P211,2,-0.02389469486614285,0.976388523068548,101,0.07245337159253945,2,3
NRTI/TDF,265,CV-min,0.013182567385564075,6.103739582767744,-0.010759265323657452,P207,1,0.023781580128324716,1.0240666169620831,397,0.2847919655667145,1,3
NRTI/TDF,266,CV-min,0.013182567385564075,6.103739582767744,-0.010759265323657452,P98 & P103 & P135,3,0.023775551032613033,1.0240604427850466,34,0.024390243902439025,2,3
NRTI/TDF,267,CV-min,0.013182567385564075,6.103739582767744,-0.010759265323657452,P35 & P211 & P215,3,-0.023185180864488304,0.9770815302167851,132,0.09469153515064563,1,3
NRTI/TDF,268,CV-min,0.013182567385564075,6.103739582767744,-0.010759265323657452,P74 & P100 & P103 & P215,4,-0.022806272099069023,0.977451825122676,27,0.019368723098995694,0,3
NRTI/TDF,269,CV-min,0.013182567385564075,6.103739582767744,-0.010759265323657452,P20 & P60 & P123,3,0.022708884113357617,1.0229686937572098,31,0.02223816355810617,2,3
NRTI/TDF,270,CV-min,0.013182567385564075,6.103739582767744,-0.010759265323657452,P41 & P43 & P179 & P207,4,-0.022291492876814364,0.9779551265464473,28,0.020086083213773313,0,3
NRTI/TDF,271,CV-min,0.013182567385564075,6.103739582767744,-0.010759265323657452,P118 & P135 & P208 & P215,4,-0.022198540075568127,0.9780460344399591,54,0.03873744619799139,0,3
NRTI/TDF,272,CV-min,0.013182567385564075,6.103739582767744,-0.010759265323657452,P69 & P75 & P210 & P215,4,-0.021983520840103365,0.9782563557612883,34,0.024390243902439025,1,3
NRTI/TDF,273,CV-min,0.013182567385564075,6.103739582767744,-0.010759265323657452,P70 & P181,2,0.021548317573978407,1.0217821591797471,68,0.04878048780487805,0,3
NRTI/TDF,274,CV-min,0.013182567385564075,6.103739582767744,-0.010759265323657452,P43 & P203 & P210 & P215,4,-0.021271756323378705,0.9789528917789846,77,0.055236728837876614,0,3
NRTI/TDF,275,CV-min,0.013182567385564075,6.103739582767744,-0.010759265323657452,P41 & P135 & P215,3,0.019984571587932397,1.0201856000615117,242,0.17360114777618366,1,3
NRTI/TDF,276,CV-min,0.013182567385564075,6.103739582767744,-0.010759265323657452,P142,1,-0.019783266250574732,0.9804111384637562,216,0.15494978479196556,1,3
NRTI/TDF,277,CV-min,0.013182567385564075,6.103739582767744,-0.010759265323657452,P41 & P122 & P228,3,-0.019617217494261454,0.9805739480307627,149,0.10688665710186514,1,3
NRTI/TDF,278,CV-min,0.013182567385564075,6.103739582767744,-0.010759265323657452,P35 & P211,2,-0.01957336630144147,0.9806169483108319,263,0.18866571018651362,1,3
NRTI/TDF,279,CV-min,0.013182567385564075,6.103739582767744,-0.010759265323657452,P179 & P219,2,-0.019515091543566586,0.9806740951911569,122,0.08751793400286945,1,3
NRTI/TDF,280,CV-min,0.013182567385564075,6.103739582767744,-0.010759265323657452,P122 & P178 & P184 & P200,4,0.019483213106969034,1.019674249554432,33,0.023672883787661407,0,3
NRTI/TDF,281,CV-min,0.013182567385564075,6.103739582767744,-0.010759265323657452,P20 & P135 & P211,3,-0.019450262661060747,0.9807376732576758,67,0.04806312769010043,1,3
NRTI/TDF,282,CV-min,0.013182567385564075,6.103739582767744,-0.010759265323657452,P98 & P123,2,-0.019335816910591535,0.9808499209397178,66,0.047345767575322814,1,3
NRTI/TDF,283,CV-min,0.013182567385564075,6.103739582767744,-0.010759265323657452,P103 & P118 & P122 & P135,4,-0.01923198689135533,0.9809517678931708,53,0.03802008608321377,0,3
NRTI/TDF,284,CV-min,0.013182567385564075,6.103739582767744,-0.010759265323657452,P118 & P122 & P162,3,-0.019088081491750453,0.9810929423069592,88,0.06312769010043041,0,3
NRTI/TDF,285,CV-min,0.013182567385564075,6.103739582767744,-0.010759265323657452,P122 & P174 & P184,3,0.018833874143113726,1.0190123502555157,48,0.03443328550932568,0,3
NRTI/TDF,286,CV-min,0.013182567385564075,6.103739582767744,-0.010759265323657452,P39 & P67,2,0.018817314085898904,1.0189954754924169,174,0.12482065997130559,0,3
NRTI/TDF,287,CV-min,0.013182567385564075,6.103739582767744,-0.010759265323657452,P74 & P101 & P122 & P215,4,0.018707198565577864,1.0188832744530796,30,0.021520803443328552,0,3
NRTI/TDF,288,CV-min,0.013182567385564075,6.103739582767744,-0.010759265323657452,P41 & P83 & P215,3,0.01842952094967784,1.0186003926513387,42,0.03012912482065997,1,3
NRTI/TDF,289,CV-min,0.013182567385564075,6.103739582767744,-0.010759265323657452,P67 & P69 & P103,3,-0.01805050064051462,0.9821114338494669,83,0.05954088952654232,1,3
NRTI/TDF,290,CV-min,0.013182567385564075,6.103739582767744,-0.010759265323657452,P67 & P211 & P215 & P228,4,-0.01796872404008162,0.9821917508677551,102,0.07317073170731707,0,3
NRTI/TDF,291,CV-min,0.013182567385564075,6.103739582767744,-0.010759265323657452,P67 & P184,2,-0.017826505013336796,0.98233144715614,332,0.2381635581061693,2,3
NRTI/TDF,292,CV-min,0.013182567385564075,6.103739582767744,-0.010759265323657452,P43 & P211,2,0.01762676548797896,1.017783033736409,196,0.1406025824964132,1,3
NRTI/TDF,293,CV-min,0.013182567385564075,6.103739582767744,-0.010759265323657452,P41 & P210,2,0.01761468355150246,1.0177707370207327,392,0.2812051649928264,1,3
NRTI/TDF,294,CV-min,0.013182567385564075,6.103739582767744,-0.010759265323657452,P102 & P118,2,-0.01743513621698634,0.9827159762736714,38,0.027259684361549498,0,3
NRTI/TDF,295,CV-min,0.013182567385564075,6.103739582767744,-0.010759265323657452,P74 & P103 & P215,3,-0.017186031910750216,0.9829608055479154,91,0.06527977044476327,2,3
NRTI/TDF,296,CV-min,0.013182567385564075,6.103739582767744,-0.010759265323657452,P162 & P177 & P211,3,-0.0163161410875715,0.9838162461482265,63,0.04519368723098996,0,3
NRTI/TDF,297,CV-min,0.013182567385564075,6.103739582767744,-0.010759265323657452,P35 & P135 & P196 & P215,4,0.01594509231374936,1.016072893662758,33,0.023672883787661407,1,3
NRTI/TDF,298,CV-min,0.013182567385564075,6.103739582767744,-0.010759265323657452,P196 & P207 & P228,3,0.01587589110397827,1.0160025826221335,39,0.027977044476327116,0,3
NRTI/TDF,299,CV-min,0.013182567385564075,6.103739582767744,-0.010759265323657452,P35 & P41 & P60 & P215,4,0.015711182592771683,1.0158352521301242,50,0.035868005738880916,2,3
NRTI/TDF,300,CV-min,0.013182567385564075,6.103739582767744,-0.010759265323657452,P138 & P210 & P215,3,0.015316751518981323,1.0154346541501718,29,0.02080344332855093,0,3
NRTI/TDF,301,CV-min,0.013182567385564075,6.103739582767744,-0.010759265323657452,P101 & P181 & P215,3,-0.015249677521205816,0.9848660099986969,72,0.05164992826398852,0,3
NRTI/TDF,302,CV-min,0.013182567385564075,6.103739582767744,-0.010759265323657452,P64 & P211,2,0.015176660473978676,1.0152924108120815,44,0.03156384505021521,2,3
NRTI/TDF,303,CV-min,0.013182567385564075,6.103739582767744,-0.010759265323657452,P177 & P184 & P200 & P228,4,-0.01505533832584553,0.9850574266658958,34,0.024390243902439025,0,3
NRTI/TDF,304,CV-min,0.013182567385564075,6.103739582767744,-0.010759265323657452,P41 & P69 & P118,3,-0.014895658658722187,0.9852147328668499,99,0.07101865136298421,1,3
NRTI/TDF,305,CV-min,0.013182567385564075,6.103739582767744,-0.010759265323657452,P41 & P44 & P118 & P215,4,0.014761722309353279,1.0148712146338088,138,0.09899569583931134,0,3
NRTI/TDF,306,CV-min,0.013182567385564075,6.103739582767744,-0.010759265323657452,P102 & P215 & P228,3,-0.014232481598457258,0.985868321375621,28,0.020086083213773313,1,3
NRTI/TDF,307,CV-min,0.013182567385564075,6.103739582767744,-0.010759265323657452,P118 & P177 & P184 & P215,4,-0.013864056768719227,0.9862316066616185,59,0.04232424677187949,0,3
NRTI/TDF,308,CV-min,0.013182567385564075,6.103739582767744,-0.010759265323657452,P35 & P207 & P211 & P219,4,0.013834733839802047,1.0139308766283448,31,0.02223816355810617,0,3
NRTI/TDF,309,CV-min,0.013182567385564075,6.103739582767744,-0.010759265323657452,P35 & P108,2,0.013723860160378989,1.0138184646132544,37,0.02654232424677188,1,3
NRTI/TDF,310,CV-min,0.013182567385564075,6.103739582767744,-0.010759265323657452,P67 & P184 & P219,3,-0.013369428579451219,0.9867195452795697,246,0.17647058823529413,0,3
NRTI/TDF,311,CV-min,0.013182567385564075,6.103739582767744,-0.010759265323657452,P103 & P177 & P207,3,0.013318423308567457,1.0134075085606467,40,0.028694404591104734,2,3
NRTI/TDF,312,CV-min,0.013182567385564075,6.103739582767744,-0.010759265323657452,P103 & P174,2,0.012958278176527935,1.0130426004935424,56,0.040172166427546625,1,3
NRTI/TDF,313,CV-min,0.013182567385564075,6.103739582767744,-0.010759265323657452,P74 & P135 & P184,3,0.012873122740415813,1.0129563380820061,68,0.04878048780487805,1,3
NRTI/TDF,314,CV-min,0.013182567385564075,6.103739582767744,-0.010759265323657452,P101 & P211 & P219,3,0.012838862673536879,1.012921634724591,64,0.04591104734576758,0,3
NRTI/TDF,315,CV-min,0.013182567385564075,6.103739582767744,-0.010759265323657452,P64 & P69,2,0.012786127479625242,1.0128682195142096,31,0.02223816355810617,1,3
NRTI/TDF,316,CV-min,0.013182567385564075,6.103739582767744,-0.010759265323657452,P177 & P211,2,-0.012784781522087599,0.9872965966274099,228,0.16355810616929697,1,3
NRTI/TDF,317,CV-min,0.013182567385564075,6.103739582767744,-0.010759265323657452,P41 & P123 & P190,3,-0.012674280866253197,0.987405699576703,32,0.02295552367288379,0,3
NRTI/TDF,318,CV-min,0.013182567385564075,6.103739582767744,-0.010759265323657452,P67 & P69 & P218,3,-0.012660509130085843,0.9874192979611242,48,0.03443328550932568,1,3
NRTI/TDF,319,CV-min,0.013182567385564075,6.103739582767744,-0.010759265323657452,P67 & P177 & P208 & P219,4,-0.012161404355377095,0.9879122466536662,30,0.021520803443328552,0,3
NRTI/TDF,320,CV-min,0.013182567385564075,6.103739582767744,-0.010759265323657452,P64 & P67 & P118,3,0.010594957723688072,1.010651283033944,31,0.02223816355810617,1,3
NRTI/TDF,321,CV-min,0.013182567385564075,6.103739582767744,-0.010759265323657452,P101 & P135 & P184 & P211,4,0.010300303425941144,1.010353534158522,28,0.020086083213773313,0,3
NRTI/TDF,322,CV-min,0.013182567385564075,6.103739582767744,-0.010759265323657452,P41 & P69 & P122 & P207,4,-0.010154225327761713,0.9898971547628437,48,0.03443328550932568,0,3
NRTI/TDF,323,CV-min,0.013182567385564075,6.103739582767744,-0.010759265323657452,P122 & P178 & P184 & P207,4,0.009976502754395275,1.0100264339661515,30,0.021520803443328552,1,3
NRTI/TDF,324,CV-min,0.013182567385564075,6.103739582767744,-0.010759265323657452,P39 & P210 & P211 & P215,4,-0.009963961465134936,0.990085514337554,133,0.09540889526542325,2,3
NRTI/TDF,325,CV-min,0.013182567385564075,6.103739582767744,-0.010759265323657452,P90 & P211,2,0.009638072552416669,1.0096846683512657,67,0.04806312769010043,0,3
NRTI/TDF,326,CV-min,0.013182567385564075,6.103739582767744,-0.010759265323657452,P101 & P184 & P215,3,0.009389912863076414,1.0094341364048867,81,0.05810616929698709,0,3
NRTI/TDF,327,CV-min,0.013182567385564075,6.103739582767744,-0.010759265323657452,P98 & P228,2,0.009132860698440408,1.0091746925218008,65,0.046628407460545196,0,3
NRTI/TDF,328,CV-min,0.013182567385564075,6.103739582767744,-0.010759265323657452,P184 & P203 & P215 & P219,4,-0.009008648958198081,0.9910318073431421,61,0.04375896700143472,1,3
NRTI/TDF,329,CV-min,0.013182567385564075,6.103739582767744,-0.010759265323657452,P35 & P178,2,-0.008906676983687786,0.9911328699660293,100,0.07173601147776183,0,3
NRTI/TDF,330,CV-min,0.013182567385564075,6.103739582767744,-0.010759265323657452,P67 & P139,2,0.008892258246086082,1.008931911823913,32,0.02295552367288379,0,3
NRTI/TDF,331,CV-min,0.013182567385564075,6.103739582767744,-0.010759265323657452,P122 & P135 & P200 & P219,4,0.008809130757101227,1.0088480453333801,71,0.050932568149210905,0,3
NRTI/TDF,332,CV-min,0.013182567385564075,6.103739582767744,-0.010759265323657452,P67 & P177 & P184,3,-0.008622224683105723,0.9914148400926981,93,0.0667144906743185,0,3
NRTI/TDF,333,CV-min,0.013182567385564075,6.103739582767744,-0.010759265323657452,P41 & P67 & P69 & P207,4,-0.008275638745953188,0.9917585100863118,49,0.0351506456241033,0,3
NRTI/TDF,334,CV-min,0.013182567385564075,6.103739582767744,-0.010759265323657452,P177 & P184 & P215,3,-0.008165856681249185,0.9918673933598428,121,0.08680057388809183,0,3
NRTI/TDF,335,CV-min,0.013182567385564075,6.103739582767744,-0.010759265323657452,P35 & P122 & P135 & P211,4,-0.0077011344307593614,0.9923284433288644,71,0.050932568149210905,0,3
NRTI/TDF,336,CV-min,0.013182567385564075,6.103739582767744,-0.010759265323657452,P214,1,-0.007372668575166646,0.9926544428769606,242,0.17360114777618366,1,3
NRTI/TDF,337,CV-min,0.013182567385564075,6.103739582767744,-0.010759265323657452,P35 & P68,2,0.007254428732489055,1.0072808058456575,46,0.03299856527977044,1,3
NRTI/TDF,338,CV-min,0.013182567385564075,6.103739582767744,-0.010759265323657452,P74 & P118 & P177 & P215,4,-0.0072146790050385485,0.992811284315006,30,0.021520803443328552,1,3
NRTI/TDF,339,CV-min,0.013182567385564075,6.103739582767744,-0.010759265323657452,P67 & P177 & P184 & P219,4,-0.007201187365295829,0.9928246790575448,71,0.050932568149210905,0,3
NRTI/TDF,340,CV-min,0.013182567385564075,6.103739582767744,-0.010759265323657452,P39 & P103,2,0.006939140558570331,1.0069632721796944,98,0.0703012912482066,1,3
NRTI/TDF,341,CV-min,0.013182567385564075,6.103739582767744,-0.010759265323657452,P60 & P122 & P135 & P184,4,0.006710205510060165,1.0067327693802215,64,0.04591104734576758,2,3
NRTI/TDF,342,CV-min,0.013182567385564075,6.103739582767744,-0.010759265323657452,P67 & P69 & P208,3,-0.006589780077852068,0.9934318849075999,56,0.040172166427546625,0,3
NRTI/TDF,343,CV-min,0.013182567385564075,6.103739582767744,-0.010759265323657452,P67 & P103 & P122 & P162,4,-0.006535476562145761,0.9934858332163433,39,0.027977044476327116,0,3
NRTI/TDF,344,CV-min,0.013182567385564075,6.103739582767744,-0.010759265323657452,P74 & P101 & P184,3,0.006351206443344162,1.0063714181218448,29,0.02080344332855093,0,3
NRTI/TDF,345,CV-min,0.013182567385564075,6.103739582767744,-0.010759265323657452,P122 & P177 & P211 & P219,4,0.006264755464020371,1.0062844200877714,55,0.03945480631276901,1,3
NRTI/TDF,346,CV-min,0.013182567385564075,6.103739582767744,-0.010759265323657452,P215 & P219 & P228,3,-0.00624543091966156,0.9937740312464085,184,0.13199426111908177,0,3
NRTI/TDF,347,CV-min,0.013182567385564075,6.103739582767744,-0.010759265323657452,P20 & P60 & P122 & P219,4,0.006176034690909868,1.0061951457163563,31,0.02223816355810617,0,3
NRTI/TDF,348,CV-min,0.013182567385564075,6.103739582767744,-0.010759265323657452,P49 & P211,2,0.006082971146289794,1.0061015099866206,52,0.03730272596843615,0,3
NRTI/TDF,349,CV-min,0.013182567385564075,6.103739582767744,-0.010759265323657452,P43 & P122 & P181 & P211,4,0.005877663769384273,1.0058949711274057,41,0.029411764705882353,1,3
NRTI/TDF,350,CV-min,0.013182567385564075,6.103739582767744,-0.010759265323657452,P67 & P70 & P98,3,0.005493527610032241,1.0055086447022104,39,0.027977044476327116,0,3
NRTI/TDF,351,CV-min,0.013182567385564075,6.103739582767744,-0.010759265323657452,P35 & P68 & P122,3,0.0054446013020561105,1.0054594500800524,28,0.020086083213773313,0,3
NRTI/TDF,352,CV-min,0.013182567385564075,6.103739582767744,-0.010759265323657452,P103 & P135 & P200 & P210,4,0.005182784969565157,1.0051962388323694,30,0.021520803443328552,1,3
NRTI/TDF,353,CV-min,0.013182567385564075,6.103739582767744,-0.010759265323657452,P123 & P177 & P219,3,0.005114823457144348,1.0051279264970299,66,0.047345767575322814,1,3
NRTI/TDF,354,CV-min,0.013182567385564075,6.103739582767744,-0.010759265323657452,P67 & P122 & P219,3,-0.004726211456810774,0.9952849395063698,247,0.17718794835007173,2,3
NRTI/TDF,355,CV-min,0.013182567385564075,6.103739582767744,-0.010759265323657452,P20 & P70 & P122,3,0.0044536299899576815,1.0044635621392335,41,0.029411764705882353,0,3
NRTI/TDF,356,CV-min,0.013182567385564075,6.103739582767744,-0.010759265323657452,P41 & P101 & P181,3,-0.004259066338502291,0.9957499906219082,61,0.04375896700143472,0,3
NRTI/TDF,357,CV-min,0.013182567385564075,6.103739582767744,-0.010759265323657452,P123,1,-0.004239853097110987,0.9957691223906344,427,0.30631276901004306,2,3
NRTI/TDF,358,CV-min,0.013182567385564075,6.103739582767744,-0.010759265323657452,P67 & P103 & P210 & P215,4,-0.0041740360769274105,0.9958346631038846,91,0.06527977044476327,0,3
NRTI/TDF,359,CV-min,0.013182567385564075,6.103739582767744,-0.010759265323657452,P39 & P135 & P177 & P211,4,-0.0041242284914941515,0.9958842644591962,27,0.019368723098995694,0,3
NRTI/TDF,360,CV-min,0.013182567385564075,6.103739582767744,-0.010759265323657452,P20 & P103 & P207,3,-0.003904582443172921,0.9961030305271416,30,0.021520803443328552,0,3
NRTI/TDF,361,CV-min,0.013182567385564075,6.103739582767744,-0.010759265323657452,P70 & P190,2,0.0036753998880100377,1.0036821624526835,48,0.03443328550932568,0,3
NRTI/TDF,362,CV-min,0.013182567385564075,6.103739582767744,-0.010759265323657452,P69 & P215 & P219 & P228,4,-0.003582623850734667,0.9964237860890075,97,0.06958393113342898,1,3
NRTI/TDF,363,CV-min,0.013182567385564075,6.103739582767744,-0.010759265323657452,P174 & P184 & P211 & P219,4,0.003495328685000449,1.0035014444697918,30,0.021520803443328552,0,3
NRTI/TDF,364,CV-min,0.013182567385564075,6.103739582767744,-0.010759265323657452,P202 & P210,2,-0.0032489038593864696,0.9967563681178295,46,0.03299856527977044,1,3
NRTI/TDF,365,CV-min,0.013182567385564075,6.103739582767744,-0.010759265323657452,P20 & P35 & P41 & P215,4,0.0031884178387024966,1.0031935062494155,50,0.035868005738880916,2,3
NRTI/TDF,366,CV-min,0.013182567385564075,6.103739582767744,-0.010759265323657452,P135 & P181 & P221,3,-0.0030621805687456346,0.9969425031241813,27,0.019368723098995694,0,3
NRTI/TDF,367,CV-min,0.013182567385564075,6.103739582767744,-0.010759265323657452,P39 & P118 & P122 & P162,4,-0.0028680235923930807,0.997136085258238,42,0.03012912482065997,1,3
NRTI/TDF,368,CV-min,0.013182567385564075,6.103739582767744,-0.010759265323657452,P35 & P135 & P211,3,-0.0028484751112196035,0.9971555779447536,98,0.0703012912482066,0,3
NRTI/TDF,369,CV-min,0.013182567385564075,6.103739582767744,-0.010759265323657452,P43 & P123 & P135 & P215,4,-0.002629484654990228,0.9973739694116501,40,0.028694404591104734,0,3
NRTI/TDF,370,CV-min,0.013182567385564075,6.103739582767744,-0.010759265323657452,P103 & P207,2,0.002601730087937858,1.0026051175247581,129,0.09253945480631277,1,3
NRTI/TDF,371,CV-min,0.013182567385564075,6.103739582767744,-0.010759265323657452,P41 & P106 & P215,3,0.0025637282931789906,1.0025670174547978,36,0.02582496413199426,0,3
NRTI/TDF,372,CV-min,0.013182567385564075,6.103739582767744,-0.010759265323657452,P41 & P43 & P122 & P207,4,-0.002514508873142603,0.9974886498561883,64,0.04591104734576758,1,3
NRTI/TDF,373,CV-min,0.013182567385564075,6.103739582767744,-0.010759265323657452,P35 & P123 & P200 & P215,4,0.0024006345306094882,1.0024035183608968,42,0.03012912482065997,1,3
NRTI/TDF,374,CV-min,0.013182567385564075,6.103739582767744,-0.010759265323657452,P39 & P122 & P211,3,-0.002289047598174016,0.9977135702734208,140,0.10043041606886657,0,3
NRTI/TDF,375,CV-min,0.013182567385564075,6.103739582767744,-0.010759265323657452,P39 & P122 & P211 & P215,4,-0.0019641073881570092,0.9980378202085503,119,0.08536585365853659,1,3
NRTI/TDF,376,CV-min,0.013182567385564075,6.103739582767744,-0.010759265323657452,P123 & P177 & P215 & P219,4,0.0013692911720851809,1.0013702290792827,58,0.04160688665710186,1,3
NRTI/TDF,377,CV-min,0.013182567385564075,6.103739582767744,-0.010759265323657452,P210 & P211 & P219,3,0.0013121515669309413,1.0013130128144527,150,0.10760401721664276,0,3
NRTI/TDF,378,CV-min,0.013182567385564075,6.103739582767744,-0.010759265323657452,P207 & P210 & P215,3,0.0012736669894977538,1.0012744784477705,161,0.11549497847919656,1,3
NRTI/TDF,379,CV-min,0.013182567385564075,6.103739582767744,-0.010759265323657452,P67 & P118 & P122 & P142,4,0.0010613296400247467,1.0010618930496307,44,0.03156384505021521,1,3
NRTI/TDF,380,CV-min,0.013182567385564075,6.103739582767744,-0.010759265323657452,P67 & P211 & P215,3,-0.0010087922675470111,0.9989917163923141,262,0.18794835007173602,1,3
NRTI/TDF,381,CV-min,0.013182567385564075,6.103739582767744,-0.010759265323657452,P103 & P177 & P215,3,-0.0008894118822793131,0.9991109835272328,63,0.04519368723098996,1,3
NRTI/TDF,382,CV-min,0.013182567385564075,6.103739582767744,-0.010759265323657452,P69 & P75 & P210,3,-0.0006764869002070579,0.9993237418654675,35,0.025107604017216643,0,3
NRTI/TDF,383,CV-min,0.013182567385564075,6.103739582767744,-0.010759265323657452,P39 & P177,2,0.00031185545947282577,1.0003119040914419,85,0.06097560975609756,2,3
NRTI/TDF,384,CV-min,0.013182567385564075,6.103739582767744,-0.010759265323657452,P67 & P101 & P122,3,-0.0002478300091861119,0.9997522006981339,75,0.05380200860832138,1,3
NRTI/TDF,385,CV-min,0.013182567385564075,6.103739582767744,-0.010759265323657452,P68 & P215,2,0.00011519432295571815,1.0001152009580765,89,0.06384505021520803,0,3
NNRTI/DOR,1,CV-min,0.015848931924611134,18.7750917790512,1.563716862858504,P230,1,2.480772933411868,11.950497788028082,2,0.017094017094017096,2,3
NNRTI/DOR,2,CV-min,0.015848931924611134,18.7750917790512,1.563716862858504,P188,1,2.4470632764900695,11.554364871040649,13,0.1111111111111111,3,3
NNRTI/DOR,3,CV-min,0.015848931924611134,18.7750917790512,1.563716862858504,P227,1,2.434751737520884,11.412984945685668,18,0.15384615384615385,3,3
NNRTI/DOR,4,CV-min,0.015848931924611134,18.7750917790512,1.563716862858504,P106 & P225,2,1.1865975468923566,3.275916072908497,4,0.03418803418803419,2,3
NNRTI/DOR,5,CV-min,0.015848931924611134,18.7750917790512,1.563716862858504,P225,1,0.7969876377458087,2.2188468805150436,5,0.042735042735042736,2,3
NNRTI/DOR,6,CV-min,0.015848931924611134,18.7750917790512,1.563716862858504,P103 & P188,2,0.6024092426800116,1.8265140192208729,4,0.03418803418803419,2,3
NNRTI/DOR,7,CV-min,0.015848931924611134,18.7750917790512,1.563716862858504,P100 & P103,2,0.5869551180825301,1.7985038378753808,8,0.06837606837606838,2,3
NNRTI/DOR,8,CV-min,0.015848931924611134,18.7750917790512,1.563716862858504,P106,1,0.5538587692712145,1.7399541621216899,28,0.23931623931623933,3,3
NNRTI/DOR,9,CV-min,0.015848931924611134,18.7750917790512,1.563716862858504,P184,1,0.4523101198296562,1.5719393625627194,21,0.1794871794871795,3,3
NNRTI/DOR,10,CV-min,0.015848931924611134,18.7750917790512,1.563716862858504,P106 & P184 & P227,3,-0.44194212084988355,0.6427868383347941,11,0.09401709401709402,3,3
NNRTI/DOR,11,CV-min,0.015848931924611134,18.7750917790512,1.563716862858504,P65 & P106 & P225,3,0.41529127400256166,1.5148119017653088,3,0.02564102564102564,2,3
NNRTI/DOR,12,CV-min,0.015848931924611134,18.7750917790512,1.563716862858504,P181,1,0.10081561002887167,1.1060726742507485,25,0.21367521367521367,2,3
NNRTI/DOR,13,CV-min,0.015848931924611134,18.7750917790512,1.563716862858504,P184 & P188,2,0.09399255210197775,1.0985515639866839,4,0.03418803418803419,2,3
NNRTI/DOR,14,CV-min,0.015848931924611134,18.7750917790512,1.563716862858504,P103,1,-0.05617324272592468,0.9453753423014597,38,0.3247863247863248,3,3
NNRTI/DOR,15,CV-min,0.015848931924611134,18.7750917790512,1.563716862858504,P103 & P190,2,-0.04051496444734362,0.9602947941230098,8,0.06837606837606838,1,3
NNRTI/DOR,16,CV-min,0.015848931924611134,18.7750917790512,1.563716862858504,P98 & P184 & P227,3,0.03408402440538945,1.0346715407367613,5,0.042735042735042736,2,3
NNRTI/DOR,17,CV-min,0.015848931924611134,18.7750917790512,1.563716862858504,P65 & P106,2,0.02401650457400548,1.0243072235054858,6,0.05128205128205128,2,3
NNRTI/DOR,18,CV-min,0.015848931924611134,18.7750917790512,1.563716862858504,P108,1,0.015226774734863316,1.015343292715775,13,0.1111111111111111,1,3
NNRTI/EFV,1,CV-min,0.06918309709189366,1020.9252831159275,1.9154683128551362,P188,1,1.573575813532459,4.823866638058403,110,0.056381342901076374,3,3
NNRTI/EFV,2,CV-min,0.06918309709189366,1020.9252831159275,1.9154683128551362,P190,1,1.5392574037062061,4.6611276493649365,223,0.11430035879036392,3,3
NNRTI/EFV,3,CV-min,0.06918309709189366,1020.9252831159275,1.9154683128551362,P103,1,1.3471584609697282,3.846480063845551,566,0.2901076371091748,3,3
NNRTI/EFV,4,CV-min,0.06918309709189366,1020.9252831159275,1.9154683128551362,P100,1,0.9117895893686702,2.488772431136149,99,0.05074320861096873,3,3
NNRTI/EFV,5,CV-min,0.06918309709189366,1020.9252831159275,1.9154683128551362,P103 & P190,2,-0.5780877438697709,0.5609700599987669,45,0.023065094823167605,3,3
NNRTI/EFV,6,CV-min,0.06918309709189366,1020.9252831159275,1.9154683128551362,P101,1,0.5407591381112107,1.7173100429775605,264,0.1353152229625833,3,3
NNRTI/EFV,7,CV-min,0.06918309709189366,1020.9252831159275,1.9154683128551362,P106,1,0.299613518470453,1.3493372128792291,105,0.053818554587391085,3,3
NNRTI/EFV,8,CV-min,0.06918309709189366,1020.9252831159275,1.9154683128551362,P108,1,0.2813242078345584,1.3248830717848212,126,0.0645822655048693,3,3
NNRTI/EFV,9,CV-min,0.06918309709189366,1020.9252831159275,1.9154683128551362,P225,1,0.2566931190054568,1.29264837666551,46,0.023577652485904665,3,3
NNRTI/EFV,10,CV-min,0.06918309709189366,1020.9252831159275,1.9154683128551362,P100 & P103,2,0.21668359166891543,1.2419510762953783,85,0.04356740133264992,3,3
NNRTI/EFV,11,CV-min,0.06918309709189366,1020.9252831159275,1.9154683128551362,P74,1,0.06738358368355175,1.0697057211491492,284,0.14556637621732446,3,3
NNRTI/EFV,12,CV-min,0.06918309709189366,1020.9252831159275,1.9154683128551362,P102,1,0.041716297632822766,1.042598649084198,221,0.1132752434648898,3,3
NNRTI/EFV,13,CV-min,0.06918309709189366,1020.9252831159275,1.9154683128551362,P135 & P200,2,0.02131384873311189,1.0215426111856338,335,0.1717068170169144,2,3
NNRTI/EFV,14,CV-min,0.06918309709189366,1020.9252831159275,1.9154683128551362,P221,1,0.01810440929155877,1.0182692876146933,112,0.05740645822655049,2,3
NNRTI/EFV,15,CV-min,0.06918309709189366,1020.9252831159275,1.9154683128551362,P135 & P272,2,0.010564441441631635,1.0106204421849068,330,0.16914402870322912,2,3
NNRTI/EFV,16,CV-min,0.06918309709189366,1020.9252831159275,1.9154683128551362,P211,1,-0.009337227549257284,0.9907062290001563,1054,0.5402357765248591,2,3
NNRTI/EFV,17,CV-min,0.06918309709189366,1020.9252831159275,1.9154683128551362,P67 & P70 & P215,3,-0.008185890435118954,0.991847522731655,266,0.13634033828805742,1,3
NNRTI/EFV,18,CV-min,0.06918309709189366,1020.9252831159275,1.9154683128551362,P184 & P211,2,-0.005439923694540903,0.9945748458964079,540,0.2767811378780113,1,3
NNRTI/EFV,19,CV-min,0.06918309709189366,1020.9252831159275,1.9154683128551362,P67 & P103,2,-0.0018159233089893386,0.998185724482171,239,0.12250128139415685,0,3
NNRTI/ETR,1,CV-min,0.09549925860214359,223.46522361588012,1.1825320062533926,P181,1,1.189809749860288,3.286455899208539,162,0.18040089086859687,3,3
NNRTI/ETR,2,CV-min,0.09549925860214359,223.46522361588012,1.1825320062533926,P101 & P103,2,0.9114083468468657,2.487823786101708,43,0.04788418708240535,3,3
NNRTI/ETR,3,CV-min,0.09549925860214359,223.46522361588012,1.1825320062533926,P100,1,0.8637301064970488,2.37199199537115,66,0.07349665924276169,3,3
NNRTI/ETR,4,CV-min,0.09549925860214359,223.46522361588012,1.1825320062533926,P179 & P181,2,0.6632913353178171,1.9411708759462531,54,0.060133630289532294,3,3
NNRTI/ETR,5,CV-min,0.09549925860214359,223.46522361588012,1.1825320062533926,P230,1,0.5038249624023131,1.6550396436385912,18,0.0200445434298441,1,3
NNRTI/ETR,6,CV-min,0.09549925860214359,223.46522361588012,1.1825320062533926,P102 & P103 & P297,3,0.4026018034979939,1.4957111861052006,19,0.021158129175946547,1,3
NNRTI/ETR,7,CV-min,0.09549925860214359,223.46522361588012,1.1825320062533926,P122 & P184 & P219 & P245,4,0.34576090976055646,1.413064725442586,42,0.0467706013363029,1,3
NNRTI/ETR,8,CV-min,0.09549925860214359,223.46522361588012,1.1825320062533926,P90 & P122,2,0.2949692633091167,1.3430850760610216,55,0.061247216035634745,2,3
NNRTI/ETR,9,CV-min,0.09549925860214359,223.46522361588012,1.1825320062533926,P41 & P200,2,-0.277378492882873,0.7577676331699267,137,0.15256124721603564,2,3
NNRTI/ETR,10,CV-min,0.09549925860214359,223.46522361588012,1.1825320062533926,P211 & P245 & P286,3,0.2594462901168805,1.2962121624382825,58,0.0645879732739421,2,3
NNRTI/ETR,11,CV-min,0.09549925860214359,223.46522361588012,1.1825320062533926,P179,1,0.2509398101091365,1.2852327239856725,183,0.20378619153674832,3,3
NNRTI/ETR,12,CV-min,0.09549925860214359,223.46522361588012,1.1825320062533926,P118,1,-0.21728133813038386,0.8047035436649239,171,0.19042316258351893,2,3
NNRTI/ETR,13,CV-min,0.09549925860214359,223.46522361588012,1.1825320062533926,P272 & P293,2,-0.21460114191310536,0.8068631999171287,196,0.2182628062360802,2,3
NNRTI/ETR,14,CV-min,0.09549925860214359,223.46522361588012,1.1825320062533926,P101,1,0.20019833353696462,1.2216450273135089,145,0.16146993318485522,3,3
NNRTI/ETR,15,CV-min,0.09549925860214359,223.46522361588012,1.1825320062533926,P67 & P219 & P297,3,0.19709992421341688,1.2178657289010164,88,0.09799554565701558,1,3
NNRTI/ETR,16,CV-min,0.09549925860214359,223.46522361588012,1.1825320062533926,P178 & P219,2,0.19076236647927775,1.210171840514438,36,0.0400890868596882,0,3
NNRTI/ETR,17,CV-min,0.09549925860214359,223.46522361588012,1.1825320062533926,P67 & P68 & P219,3,0.18152878952649026,1.199049056267379,19,0.021158129175946547,1,3
NNRTI/ETR,18,CV-min,0.09549925860214359,223.46522361588012,1.1825320062533926,P196 & P211 & P215 & P245,4,0.1732208351805177,1.1891286775365102,19,0.021158129175946547,0,3
NNRTI/ETR,19,CV-min,0.09549925860214359,223.46522361588012,1.1825320062533926,P122 & P184 & P219 & P228,4,0.16641721410120042,1.1810657562328708,51,0.05679287305122494,1,3
NNRTI/ETR,20,CV-min,0.09549925860214359,223.46522361588012,1.1825320062533926,P277,1,-0.14101099168494205,0.8684797655892422,220,0.24498886414253898,2,3
NNRTI/ETR,21,CV-min,0.09549925860214359,223.46522361588012,1.1825320062533926,P122 & P142 & P179,3,0.13985620668070078,1.1501084090608455,21,0.02338530066815145,0,3
NNRTI/ETR,22,CV-min,0.09549925860214359,223.46522361588012,1.1825320062533926,P103 & P211 & P245 & P297,4,0.13778618607940385,1.1477301233598065,20,0.022271714922048998,2,3
NNRTI/ETR,23,CV-min,0.09549925860214359,223.46522361588012,1.1825320062533926,P41 & P219,2,-0.12558531533387146,0.8819805147550186,125,0.13919821826280623,2,3
NNRTI/ETR,24,CV-min,0.09549925860214359,223.46522361588012,1.1825320062533926,P67 & P70 & P219,3,0.1184478141241741,1.1257481244172147,131,0.14587973273942093,1,3
NNRTI/ETR,25,CV-min,0.09549925860214359,223.46522361588012,1.1825320062533926,P41,1,-0.1157879197077028,0.8906640955704485,276,0.30734966592427615,2,3
NNRTI/ETR,26,CV-min,0.09549925860214359,223.46522361588012,1.1825320062533926,P74 & P135,2,0.11418490237004011,1.120959373768086,61,0.06792873051224944,1,3
NNRTI/ETR,27,CV-min,0.09549925860214359,223.46522361588012,1.1825320062533926,P162 & P297,2,-0.11296640249575285,0.8931806682532085,85,0.09465478841870824,1,3
NNRTI/ETR,28,CV-min,0.09549925860214359,223.46522361588012,1.1825320062533926,P162,1,-0.11255770362007397,0.8935457847943794,190,0.21158129175946547,2,3
NNRTI/ETR,29,CV-min,0.09549925860214359,223.46522361588012,1.1825320062533926,P200 & P219,2,0.09907354316206214,1.1041474990714755,104,0.11581291759465479,1,3
NNRTI/ETR,30,CV-min,0.09549925860214359,223.46522361588012,1.1825320062533926,P162 & P286,2,-0.09328924112597112,0.9109299837738823,74,0.08240534521158129,2,3
NNRTI/ETR,31,CV-min,0.09549925860214359,223.46522361588012,1.1825320062533926,P211 & P245 & P272 & P286,4,0.09249657959225015,1.09690938967651,33,0.036748329621380846,1,3
NNRTI/ETR,32,CV-min,0.09549925860214359,223.46522361588012,1.1825320062533926,P135 & P179 & P181,3,0.09108239077310049,1.095359249036138,23,0.025612472160356347,1,3
NNRTI/ETR,33,CV-min,0.09549925860214359,223.46522361588012,1.1825320062533926,P41 & P200 & P215,3,-0.08836163354724344,0.9154297667428963,132,0.14699331848552338,1,3
NNRTI/ETR,34,CV-min,0.09549925860214359,223.46522361588012,1.1825320062533926,P101 & P103 & P211,3,0.08068757543412193,1.0840321653768774,26,0.028953229398663696,2,3
NNRTI/ETR,35,CV-min,0.09549925860214359,223.46522361588012,1.1825320062533926,P200 & P219 & P228 & P245,4,0.07096064114206752,1.0735389717689514,24,0.026726057906458798,0,3
NNRTI/ETR,36,CV-min,0.09549925860214359,223.46522361588012,1.1825320062533926,P35,1,-0.06147905711420325,0.9403726396500028,301,0.3351893095768374,1,3
NNRTI/ETR,37,CV-min,0.09549925860214359,223.46522361588012,1.1825320062533926,P200 & P219 & P245,3,0.061154805950446055,1.063063470000615,39,0.043429844097995544,0,3
NNRTI/ETR,38,CV-min,0.09549925860214359,223.46522361588012,1.1825320062533926,P245,1,0.058933867944019384,1.0607050918121275,268,0.2984409799554566,0,3
NNRTI/ETR,39,CV-min,0.09549925860214359,223.46522361588012,1.1825320062533926,P200 & P219 & P228,3,0.0538551821771644,1.0553317602403431,60,0.066815144766147,1,3
NNRTI/ETR,40,CV-min,0.09549925860214359,223.46522361588012,1.1825320062533926,P138,1,0.046415741795159476,1.0475098140535752,83,0.09242761692650334,1,3
NNRTI/ETR,41,CV-min,0.09549925860214359,223.46522361588012,1.1825320062533926,P245 & P272 & P286,3,0.04462100569624605,1.0456314964227396,57,0.06347438752783964,0,3
NNRTI/ETR,42,CV-min,0.09549925860214359,223.46522361588012,1.1825320062533926,P41 & P122,2,-0.041441684984538804,0.9594052814440285,190,0.21158129175946547,0,3
NNRTI/ETR,43,CV-min,0.09549925860214359,223.46522361588012,1.1825320062533926,P177 & P207,2,-0.03775940074510802,0.9629445967744518,83,0.09242761692650334,1,3
NNRTI/ETR,44,CV-min,0.09549925860214359,223.46522361588012,1.1825320062533926,P20 & P122 & P245,3,0.03694711180916243,1.0376381405829116,39,0.043429844097995544,0,3
NNRTI/ETR,45,CV-min,0.09549925860214359,223.46522361588012,1.1825320062533926,P67 & P70 & P219 & P245,4,0.026118914247981496,1.0264630022923276,42,0.0467706013363029,1,3
NNRTI/ETR,46,CV-min,0.09549925860214359,223.46522361588012,1.1825320062533926,P179 & P215 & P272 & P297,4,0.02220641637047996,1.0224548141014103,33,0.036748329621380846,0,3
NNRTI/ETR,47,CV-min,0.09549925860214359,223.46522361588012,1.1825320062533926,P43 & P211,2,-0.01791682026179795,0.9822427316536604,93,0.10356347438752785,1,3
NNRTI/ETR,48,CV-min,0.09549925860214359,223.46522361588012,1.1825320062533926,P123,1,-0.010753968714174207,0.9893036484845686,261,0.2906458797327394,1,3
NNRTI/ETR,49,CV-min,0.09549925860214359,223.46522361588012,1.1825320062533926,P177 & P272,2,-0.004243559315987128,0.9957654318591558,128,0.14253897550111358,1,3
NNRTI/ETR,50,CV-min,0.09549925860214359,223.46522361588012,1.1825320062533926,P69,1,-0.001114189372333927,0.9988864311061799,182,0.2026726057906459,2,3
NNRTI/NVP,1,CV-min,0.08317637711026708,1311.9705629742516,2.6807340467221916,P181,1,1.3033581778495509,3.681639531578475,288,0.1560130010834236,3,3
NNRTI/NVP,2,CV-min,0.08317637711026708,1311.9705629742516,2.6807340467221916,P103,1,1.1161176739751215,3.0529785076345792,520,0.28169014084507044,3,3
NNRTI/NVP,3,CV-min,0.08317637711026708,1311.9705629742516,2.6807340467221916,P190,1,1.0840717019680415,2.956693851315326,202,0.1094257854821235,3,3
NNRTI/NVP,4,CV-min,0.08317637711026708,1311.9705629742516,2.6807340467221916,P188,1,1.0308626400567418,2.803483188792992,90,0.04875406283856988,3,3
NNRTI/NVP,5,CV-min,0.08317637711026708,1311.9705629742516,2.6807340467221916,P181 & P190,2,-0.7074206178320889,0.4929139726505867,87,0.047128927410617555,3,3
NNRTI/NVP,6,CV-min,0.08317637711026708,1311.9705629742516,2.6807340467221916,P103 & P181,2,-0.5537137044269895,0.5748111629257332,85,0.04604550379198267,3,3
NNRTI/NVP,7,CV-min,0.08317637711026708,1311.9705629742516,2.6807340467221916,P101,1,0.25005872840224025,1.2841008276632608,250,0.13542795232936078,3,3
NNRTI/NVP,8,CV-min,0.08317637711026708,1311.9705629742516,2.6807340467221916,P106,1,0.2003600279161937,1.2218425764186982,89,0.048212351029252434,3,3
NNRTI/NVP,9,CV-min,0.08317637711026708,1311.9705629742516,2.6807340467221916,P100,1,0.11235388360826322,1.1189087540580223,89,0.048212351029252434,3,3
NNRTI/NVP,10,CV-min,0.08317637711026708,1311.9705629742516,2.6807340467221916,P103 & P135,2,0.06116977481626124,1.0630793829741498,239,0.1294691224268689,3,3
NNRTI/NVP,11,CV-min,0.08317637711026708,1311.9705629742516,2.6807340467221916,P108,1,0.05228083849860243,1.053671612519256,116,0.0628385698808234,3,3
NNRTI/NVP,12,CV-min,0.08317637711026708,1311.9705629742516,2.6807340467221916,P67 & P103 & P219,3,-0.0499637436240684,0.9512639132575408,177,0.09588299024918744,0,3
NNRTI/NVP,13,CV-min,0.08317637711026708,1311.9705629742516,2.6807340467221916,P75,1,0.028268555283535397,1.0286719026043074,175,0.09479956663055254,2,3
NNRTI/NVP,14,CV-min,0.08317637711026708,1311.9705629742516,2.6807340467221916,P35 & P215,2,0.026909177977403123,1.0272744993787566,296,0.16034669555796316,3,3
NNRTI/NVP,15,CV-min,0.08317637711026708,1311.9705629742516,2.6807340467221916,P215 & P245,2,0.02257214098239246,1.0228288193787942,274,0.14842903575297942,1,3
NNRTI/NVP,16,CV-min,0.08317637711026708,1311.9705629742516,2.6807340467221916,P74,1,0.02180676946055406,1.022046274835581,281,0.15222101841820151,2,3
NNRTI/NVP,17,CV-min,0.08317637711026708,1311.9705629742516,2.6807340467221916,P181 & P190 & P215,3,-0.018042701016098946,0.9821190939796582,75,0.040628385698808236,2,3
NNRTI/NVP,18,CV-min,0.08317637711026708,1311.9705629742516,2.6807340467221916,P211 & P272 & P293,3,-0.017695647453729788,0.9824600010629818,197,0.1067172264355363,2,3
NNRTI/NVP,19,CV-min,0.08317637711026708,1311.9705629742516,2.6807340467221916,P184 & P211,2,-0.01136167646918247,0.9887026236275569,545,0.2952329360780065,1,3
NNRTI/NVP,20,CV-min,0.08317637711026708,1311.9705629742516,2.6807340467221916,P179 & P245,2,0.0106310272784498,1.0106877374331855,127,0.06879739978331528,1,3
NNRTI/NVP,21,CV-min,0.08317637711026708,1311.9705629742516,2.6807340467221916,P227,1,0.009852419157407765,1.0099011140284078,39,0.02112676056338028,1,3
NNRTI/NVP,22,CV-min,0.08317637711026708,1311.9705629742516,2.6807340467221916,P90,1,0.008142075886168923,1.0081753127304347,115,0.06229685807150596,2,3
NNRTI/NVP,23,CV-min,0.08317637711026708,1311.9705629742516,2.6807340467221916,P98,1,0.0014897477575124814,1.0014908579829531,256,0.13867822318526543,1,3
NNRTI/RPV,1,CV-min,0.14454397707459277,109.74151756218112,1.2791181981518136,P188,1,1.243411790102744,3.467423427681994,24,0.08602150537634409,3,3
NNRTI/RPV,2,CV-min,0.14454397707459277,109.74151756218112,1.2791181981518136,P207 & P211 & P219,3,1.169363069695631,3.2199411071871635,6,0.021505376344086023,2,3
NNRTI/RPV,3,CV-min,0.14454397707459277,109.74151756218112,1.2791181981518136,P101 & P184 & P200 & P293,4,0.9221295196268957,2.514639666744709,6,0.021505376344086023,0,3
NNRTI/RPV,4,CV-min,0.14454397707459277,109.74151756218112,1.2791181981518136,P103,1,0.6191439266506434,1.8573373440654812,96,0.34408602150537637,3,3
NNRTI/RPV,5,CV-min,0.14454397707459277,109.74151756218112,1.2791181981518136,P100 & P103,2,0.5659420458495764,1.7611060441595916,18,0.06451612903225806,3,3
NNRTI/RPV,6,CV-min,0.14454397707459277,109.74151756218112,1.2791181981518136,P100,1,0.5608095428730362,1.7520903185566385,22,0.07885304659498207,2,3
NNRTI/RPV,7,CV-min,0.14454397707459277,109.74151756218112,1.2791181981518136,P101,1,0.46928187639396535,1.5988456120786674,49,0.17562724014336917,2,3
NNRTI/RPV,8,CV-min,0.14454397707459277,109.74151756218112,1.2791181981518136,P103 & P188,2,0.43066334622352004,1.5382775958142425,6,0.021505376344086023,2,3
NNRTI/RPV,9,CV-min,0.14454397707459277,109.74151756218112,1.2791181981518136,P200 & P293 & P297,3,0.4256688645714737,1.5306138507341942,12,0.043010752688172046,1,3
NNRTI/RPV,10,CV-min,0.14454397707459277,109.74151756218112,1.2791181981518136,P67 & P70 & P211,3,0.3331604918169365,1.3953712261634297,13,0.04659498207885305,0,3
NNRTI/RPV,11,CV-min,0.14454397707459277,109.74151756218112,1.2791181981518136,P103 & P200 & P245 & P293,4,0.31190282859220386,1.3660219483042912,6,0.021505376344086023,1,3
NNRTI/RPV,12,CV-min,0.14454397707459277,109.74151756218112,1.2791181981518136,P122 & P181,2,0.2938177393660441,1.3415393715670219,16,0.05734767025089606,1,3
NNRTI/RPV,13,CV-min,0.14454397707459277,109.74151756218112,1.2791181981518136,P181,1,0.2535253523144552,1.288560047050698,58,0.2078853046594982,3,3
NNRTI/RPV,14,CV-min,0.14454397707459277,109.74151756218112,1.2791181981518136,P245 & P248 & P272,3,0.2424994855231007,1.274430593498149,5,0.017921146953405017,0,3
NNRTI/RPV,15,CV-min,0.14454397707459277,109.74151756218112,1.2791181981518136,P272 & P297,2,-0.23630443701465317,0.7895402720576712,28,0.1003584229390681,2,3
NNRTI/RPV,16,CV-min,0.14454397707459277,109.74151756218112,1.2791181981518136,P68,1,0.22900025905006458,1.2573423647244177,9,0.03225806451612903,0,3
NNRTI/RPV,17,CV-min,0.14454397707459277,109.74151756218112,1.2791181981518136,P103 & P122 & P211,3,0.220323457757108,1.2464798489642095,7,0.025089605734767026,0,3
NNRTI/RPV,18,CV-min,0.14454397707459277,109.74151756218112,1.2791181981518136,P35 & P181,2,0.21126479617315758,1.2352393984252044,13,0.04659498207885305,1,3
NNRTI/RPV,19,CV-min,0.14454397707459277,109.74151756218112,1.2791181981518136,P74 & P286,2,0.20921047227700412,1.2327044213350744,5,0.017921146953405017,1,3
NNRTI/RPV,20,CV-min,0.14454397707459277,109.74151756218112,1.2791181981518136,P211 & P245,2,0.15794636871385934,1.171103385242654,41,0.14695340501792115,2,3
NNRTI/RPV,21,CV-min,0.14454397707459277,109.74151756218112,1.2791181981518136,P74 & P135,2,0.15725190313534732,1.1702903765886616,8,0.02867383512544803,0,3
NNRTI/RPV,22,CV-min,0.14454397707459277,109.74151756218112,1.2791181981518136,P74 & P211,2,0.11448363104419584,1.1212942864971214,14,0.05017921146953405,1,3
NNRTI/RPV,23,CV-min,0.14454397707459277,109.74151756218112,1.2791181981518136,P135 & P248,2,0.08859851946048401,1.0926418937978957,8,0.02867383512544803,1,3
NNRTI/RPV,24,CV-min,0.14454397707459277,109.74151756218112,1.2791181981518136,P60 & P67 & P178,3,0.07812892444821694,1.0812620507976405,5,0.017921146953405017,1,3
NNRTI/RPV,25,CV-min,0.14454397707459277,109.74151756218112,1.2791181981518136,P101 & P293,2,0.07652100894461217,1.0795248697771258,16,0.05734767025089606,1,3
NNRTI/RPV,26,CV-min,0.14454397707459277,109.74151756218112,1.2791181981518136,P135 & P248 & P272,3,0.054403524582226775,1.0559106020831523,5,0.017921146953405017,0,3
NNRTI/RPV,27,CV-min,0.14454397707459277,109.74151756218112,1.2791181981518136,P35 & P177,2,-0.04767394656847057,0.9534446102892218,26,0.0931899641577061,0,3
NNRTI/RPV,28,CV-min,0.14454397707459277,109.74151756218112,1.2791181981518136,P67 & P101 & P219,3,0.03016973437538491,1.030629452354613,13,0.04659498207885305,0,3
NNRTI/RPV,29,CV-min,0.14454397707459277,109.74151756218112,1.2791181981518136,P101 & P103 & P184,3,0.02493377694198443,1.0252472232699248,7,0.025089605734767026,1,3
NNRTI/RPV,30,CV-min,0.14454397707459277,109.74151756218112,1.2791181981518136,P74 & P211 & P245,3,0.021946583970500505,1.0221891817246351,5,0.017921146953405017,1,3
NNRTI/RPV,31,CV-min,0.14454397707459277,109.74151756218112,1.2791181981518136,P138 & P211 & P245,3,0.016925924667952456,1.017069979738297,5,0.017921146953405017,0,3
NNRTI/RPV,32,CV-min,0.14454397707459277,109.74151756218112,1.2791181981518136,P211 & P219,2,0.00954016084825033,1.0095858132443318,17,0.06093189964157706,1,3
NNRTI/RPV,33,CV-min,0.14454397707459277,109.74151756218112,1.2791181981518136,P230,1,8.211687910373834e-05,1.000082120250787,8,0.02867383512544803,1,3
PI/ATV,1,CV-min,0.038018939632056124,518.8384377936529,0.9261700332909957,P48 & P82,2,0.6146918123286917,1.8490866460290258,70,0.051698670605613,2,3
PI/ATV,2,CV-min,0.038018939632056124,518.8384377936529,0.9261700332909957,P54,1,0.5966863899502823,1.8160910016244804,528,0.38995568685376664,3,3
PI/ATV,3,CV-min,0.038018939632056124,518.8384377936529,0.9261700332909957,P84,1,0.5425795512445953,1.7204391039616282,277,0.20457902511078285,3,3
PI/ATV,4,CV-min,0.038018939632056124,518.8384377936529,0.9261700332909957,P71,1,0.48841105607362373,1.6297246205101146,699,0.516248153618907,3,3
PI/ATV,5,CV-min,0.038018939632056124,518.8384377936529,0.9261700332909957,P33,1,0.3845328264808329,1.4689279168942762,392,0.2895125553914328,3,3
PI/ATV,6,CV-min,0.038018939632056124,518.8384377936529,0.9261700332909957,P10,1,0.3642599940413579,1.4394484135214936,789,0.5827178729689808,3,3
PI/ATV,7,CV-min,0.038018939632056124,518.8384377936529,0.9261700332909957,P46,1,0.3272078538018709,1.3870897590989828,530,0.3914327917282127,2,3
PI/ATV,8,CV-min,0.038018939632056124,518.8384377936529,0.9261700332909957,P73,1,0.3149878851041099,1.3702427105086585,266,0.1964549483013294,2,3
PI/ATV,9,CV-min,0.038018939632056124,518.8384377936529,0.9261700332909957,P63 & P90,2,0.282806832157673,1.3268488325345922,477,0.3522895125553914,3,3
PI/ATV,10,CV-min,0.038018939632056124,518.8384377936529,0.9261700332909957,P20 & P63,2,0.2217136152390493,1.248213857245376,421,0.310930576070901,3,3
PI/ATV,11,CV-min,0.038018939632056124,518.8384377936529,0.9261700332909957,P10 & P43,2,0.21776410698787987,1.2432937487171474,156,0.11521418020679468,1,3
PI/ATV,12,CV-min,0.038018939632056124,518.8384377936529,0.9261700332909957,P24 & P63,2,0.20983300916922523,1.2334720642327797,106,0.07828655834564253,3,3
PI/ATV,13,CV-min,0.038018939632056124,518.8384377936529,0.9261700332909957,P32,1,0.20475401486781253,1.2272231491827281,172,0.12703101920236337,2,3
PI/ATV,14,CV-min,0.038018939632056124,518.8384377936529,0.9261700332909957,P76,1,-0.16278458654641606,0.8497742214998079,56,0.0413589364844904,3,3
PI/ATV,15,CV-min,0.038018939632056124,518.8384377936529,0.9261700332909957,P10 & P33 & P46 & P54,4,-0.14625220789112522,0.8639397832744385,191,0.1410635155096012,2,3
PI/ATV,16,CV-min,0.038018939632056124,518.8384377936529,0.9261700332909957,P54 & P62,2,0.14265582850090294,1.1533327890747465,298,0.22008862629246675,3,3
PI/ATV,17,CV-min,0.038018939632056124,518.8384377936529,0.9261700332909957,P48 & P54,2,0.13058228218770174,1.1394916959058898,71,0.05243722304283604,1,3
PI/ATV,18,CV-min,0.038018939632056124,518.8384377936529,0.9261700332909957,P20 & P54 & P62 & P71,4,-0.1213329511236505,0.8857390026962766,145,0.10709010339734121,3,3
PI/ATV,19,CV-min,0.038018939632056124,518.8384377936529,0.9261700332909957,P74 & P82,2,0.1165081207358261,1.1235666346179793,80,0.059084194977843424,1,3
PI/ATV,20,CV-min,0.038018939632056124,518.8384377936529,0.9261700332909957,P63 & P88,2,0.11601182951434175,1.1230091567076048,93,0.06868537666174299,3,3
PI/ATV,21,CV-min,0.038018939632056124,518.8384377936529,0.9261700332909957,P36,1,0.09018589958287711,1.0943777091559135,621,0.4586410635155096,2,3
PI/ATV,22,CV-min,0.038018939632056124,518.8384377936529,0.9261700332909957,P46 & P72,2,0.08208745951825074,1.0855507474232968,192,0.14180206794682423,1,3
PI/ATV,23,CV-min,0.038018939632056124,518.8384377936529,0.9261700332909957,P35 & P36,2,0.08051122779741632,1.0838410157212908,385,0.2843426883308715,2,3
PI/ATV,24,CV-min,0.038018939632056124,518.8384377936529,0.9261700332909957,P36 & P37 & P63,3,0.07799134103559918,1.0811132973079987,259,0.1912850812407681,2,3
PI/ATV,25,CV-min,0.038018939632056124,518.8384377936529,0.9261700332909957,P10 & P46 & P47 & P54,4,-0.07769678776333296,0.9252449295999795,67,0.04948301329394387,1,3
PI/ATV,26,CV-min,0.038018939632056124,518.8384377936529,0.9261700332909957,P20 & P53,2,0.07515109582325345,1.0780470269824205,70,0.051698670605613,1,3
PI/ATV,27,CV-min,0.038018939632056124,518.8384377936529,0.9261700332909957,P46 & P54 & P63 & P82,4,-0.06903425870161184,0.93329470606566,247,0.18242245199409157,1,3
PI/ATV,28,CV-min,0.038018939632056124,518.8384377936529,0.9261700332909957,P10 & P54 & P74,3,0.06525270715251846,1.0674287371802702,89,0.06573116691285082,1,3
PI/ATV,29,CV-min,0.038018939632056124,518.8384377936529,0.9261700332909957,P74,1,0.06412325605365062,1.0662238092018033,139,0.10265878877400296,2,3
PI/ATV,30,CV-min,0.038018939632056124,518.8384377936529,0.9261700332909957,P20 & P74,2,0.06380553356404348,1.065885099729323,66,0.04874446085672083,1,3
PI/ATV,31,CV-min,0.038018939632056124,518.8384377936529,0.9261700332909957,P15 & P35 & P63,3,0.05968521362082051,1.0615023474670107,132,0.09748892171344166,1,3
PI/ATV,32,CV-min,0.038018939632056124,518.8384377936529,0.9261700332909957,P10 & P15 & P63,3,0.05835691395086522,1.0600932902814868,194,0.1432791728212703,2,3
PI/ATV,33,CV-min,0.038018939632056124,518.8384377936529,0.9261700332909957,P10 & P33 & P54 & P84,4,-0.050821231495391805,0.9504485656148115,119,0.0878877400295421,2,3
PI/ATV,34,CV-min,0.038018939632056124,518.8384377936529,0.9261700332909957,P10 & P63 & P95,3,0.05052809118760398,1.0518264099930112,28,0.0206794682422452,2,3
PI/ATV,35,CV-min,0.038018939632056124,518.8384377936529,0.9261700332909957,P20,1,0.0426909235898979,1.043615288131334,451,0.3330871491875923,1,3
PI/ATV,36,CV-min,0.038018939632056124,518.8384377936529,0.9261700332909957,P47 & P54 & P63 & P82,4,-0.04024080450794392,0.9605581045785124,50,0.03692762186115214,1,3
PI/ATV,37,CV-min,0.038018939632056124,518.8384377936529,0.9261700332909957,P11 & P43 & P63,3,-0.04012521480936983,0.9606691416175288,36,0.026587887740029542,1,3
PI/ATV,38,CV-min,0.038018939632056124,518.8384377936529,0.9261700332909957,P36 & P63 & P82 & P93,4,0.038754322365226586,1.0395150666734314,128,0.09453471196454949,2,3
PI/ATV,39,CV-min,0.038018939632056124,518.8384377936529,0.9261700332909957,P53 & P63,2,0.0383014236737156,1.0390443782550591,107,0.07902511078286559,1,3
PI/ATV,40,CV-min,0.038018939632056124,518.8384377936529,0.9261700332909957,P10 & P11 & P54 & P63,4,-0.03795090823632575,0.9627602033274686,89,0.06573116691285082,2,3
PI/ATV,41,CV-min,0.038018939632056124,518.8384377936529,0.9261700332909957,P36 & P46,2,0.037392421011365945,1.0381003132927136,298,0.22008862629246675,1,3
PI/ATV,42,CV-min,0.038018939632056124,518.8384377936529,0.9261700332909957,P37 & P62 & P63,3,0.02022723105014124,1.0204331877891133,218,0.16100443131462333,1,3
PI/ATV,43,CV-min,0.038018939632056124,518.8384377936529,0.9261700332909957,P37 & P46 & P54 & P82,4,-0.019781995355378744,0.9804123844643539,116,0.08567208271787297,1,3
PI/ATV,44,CV-min,0.038018939632056124,518.8384377936529,0.9261700332909957,P33 & P36 & P37 & P41,4,0.017140816964219038,1.0172885637268732,37,0.027326440177252585,0,3
PI/ATV,45,CV-min,0.038018939632056124,518.8384377936529,0.9261700332909957,P48 & P54 & P82,3,0.013966811942957472,1.0140648035394721,66,0.04874446085672083,2,3
PI/ATV,46,CV-min,0.038018939632056124,518.8384377936529,0.9261700332909957,P33 & P35 & P41,3,0.013717154283996856,1.0138116660947518,60,0.04431314623338257,1,3
PI/ATV,47,CV-min,0.038018939632056124,518.8384377936529,0.9261700332909957,P11 & P33 & P46 & P63,4,-0.010440508915095533,0.989613804015556,53,0.03914327917282127,1,3
PI/ATV,48,CV-min,0.038018939632056124,518.8384377936529,0.9261700332909957,P46 & P54 & P82,3,-0.009487713792605372,0.9905571525587507,252,0.1861152141802068,0,3
PI/ATV,49,CV-min,0.038018939632056124,518.8384377936529,0.9261700332909957,P13 & P60 & P63 & P90,4,-0.006341574563171797,0.9936784907830963,39,0.02880354505169867,0,3
PI/ATV,50,CV-min,0.038018939632056124,518.8384377936529,0.9261700332909957,P20 & P53 & P63,3,0.002128368728131747,1.0021306353126105,66,0.04874446085672083,1,3
PI/ATV,51,CV-min,0.038018939632056124,518.8384377936529,0.9261700332909957,P36 & P37 & P41,3,0.0015920855058965844,1.0015933535468795,83,0.061299852289512555,0,3
PI/ATV,52,CV-min,0.038018939632056124,518.8384377936529,0.9261700332909957,P55 & P71,2,0.0009575749615067656,1.0009580335827866,125,0.09231905465288036,1,3
PI/ATV,53,CV-min,0.038018939632056124,518.8384377936529,0.9261700332909957,P15 & P63,2,0.00023104067993978046,1.0002310673718933,283,0.20901033973412111,0,3
PI/DRV,1,CV-min,0.12022644346174129,660.5609830307135,0.8442039942340056,P32 & P63,2,1.1348494381205492,3.1107051540308492,113,0.1265397536394177,3,3
PI/DRV,2,CV-min,0.12022644346174129,660.5609830307135,0.8442039942340056,P10 & P33,2,0.5913808976802675,1.8064812596011688,223,0.24972004479283313,3,3
PI/DRV,3,CV-min,0.12022644346174129,660.5609830307135,0.8442039942340056,P54,1,0.4678905881042494,1.5966227036133476,324,0.3628219484882419,3,3
PI/DRV,4,CV-min,0.12022644346174129,660.5609830307135,0.8442039942340056,P84,1,0.46299182523953114,1.588820354137169,177,0.19820828667413215,3,3
PI/DRV,5,CV-min,0.12022644346174129,660.5609830307135,0.8442039942340056,P10 & P89,2,0.3592014643446891,1.4321853067832306,97,0.10862262038073908,3,3
PI/DRV,6,CV-min,0.12022644346174129,660.5609830307135,0.8442039942340056,P10 & P63 & P73,3,0.22417443417366661,1.251289268002286,157,0.17581187010078386,2,3
PI/DRV,7,CV-min,0.12022644346174129,660.5609830307135,0.8442039942340056,P46,1,0.22322383226932757,1.25010035522215,310,0.3471444568868981,1,3
PI/DRV,8,CV-min,0.12022644346174129,660.5609830307135,0.8442039942340056,P10 & P71,2,0.12341993380274197,1.131359417269365,341,0.3818589025755879,0,3
PI/DRV,9,CV-min,0.12022644346174129,660.5609830307135,0.8442039942340056,P32,1,0.09367805752730632,1.098206129801249,116,0.12989921612541994,2,3
PI/DRV,10,CV-min,0.12022644346174129,660.5609830307135,0.8442039942340056,P33,1,0.07553320723486782,1.0784590397660674,252,0.2821948488241881,1,3
PI/DRV,11,CV-min,0.12022644346174129,660.5609830307135,0.8442039942340056,P32 & P54,2,0.06219393447599372,1.06416870371725,87,0.09742441209406495,1,3
PI/DRV,12,CV-min,0.12022644346174129,660.5609830307135,0.8442039942340056,P10 & P20 & P63 & P71,4,0.05722737184129183,1.058896546283648,186,0.20828667413213886,1,3
PI/DRV,13,CV-min,0.12022644346174129,660.5609830307135,0.8442039942340056,P10 & P13 & P90,3,0.030831135482495504,1.0313113372902891,145,0.1623740201567749,0,3
PI/DRV,14,CV-min,0.12022644346174129,660.5609830307135,0.8442039942340056,P11 & P63 & P71,3,0.01741600226617316,1.0175685451090706,81,0.09070548712206047,1,3
PI/DRV,15,CV-min,0.12022644346174129,660.5609830307135,0.8442039942340056,P10 & P35 & P71,3,0.01267691297599306,1.0127576056547993,175,0.1959686450167973,0,3
PI/DRV,16,CV-min,0.12022644346174129,660.5609830307135,0.8442039942340056,P54 & P63,2,0.011253797617578486,1.011317359812902,312,0.3493840985442329,0,3
PI/DRV,17,CV-min,0.12022644346174129,660.5609830307135,0.8442039942340056,P10 & P13,2,0.008360482766729188,1.008395529203067,239,0.26763717805151177,2,3
PI/FPV,1,CV-min,0.08317637711026708,992.1779978375239,0.7784944294642084,P10,1,0.7875692102175267,2.1980469371120925,1006,0.5449620801733478,3,3
PI/FPV,2,CV-min,0.08317637711026708,992.1779978375239,0.7784944294642084,P84,1,0.5233880945877096,1.6877361835407405,372,0.20151679306608883,3,3
PI/FPV,3,CV-min,0.08317637711026708,992.1779978375239,0.7784944294642084,P54,1,0.39432151702483687,1.4833774031015925,650,0.352112676056338,3,3
PI/FPV,4,CV-min,0.08317637711026708,992.1779978375239,0.7784944294642084,P33,1,0.37937909594390556,1.461376932814479,437,0.23672806067172264,3,3
PI/FPV,5,CV-min,0.08317637711026708,992.1779978375239,0.7784944294642084,P10 & P33,2,0.3505297641997006,1.4198195189433576,383,0.20747562296858071,3,3
PI/FPV,6,CV-min,0.08317637711026708,992.1779978375239,0.7784944294642084,P46,1,0.349474748550151,1.4183223770242805,679,0.3678223185265439,3,3
PI/FPV,7,CV-min,0.08317637711026708,992.1779978375239,0.7784944294642084,P32,1,0.317256403361251,1.3733546595362012,167,0.090465872156013,2,3
PI/FPV,8,CV-min,0.08317637711026708,992.1779978375239,0.7784944294642084,P10 & P89,2,0.22929833384666287,1.257717202656132,162,0.08775731310942579,2,3
PI/FPV,9,CV-min,0.08317637711026708,992.1779978375239,0.7784944294642084,P47,1,0.22616745843008054,1.2537856046686513,107,0.05796316359696641,3,3
PI/FPV,10,CV-min,0.08317637711026708,992.1779978375239,0.7784944294642084,P32 & P63,2,0.17271734412897902,1.1885301125869352,161,0.08721560130010834,2,3
PI/FPV,11,CV-min,0.08317637711026708,992.1779978375239,0.7784944294642084,P50,1,0.14799619655738475,1.1595084862305978,80,0.04333694474539545,1,3
PI/FPV,12,CV-min,0.08317637711026708,992.1779978375239,0.7784944294642084,P10 & P20 & P36,3,0.12973405863370263,1.138525562016523,383,0.20747562296858071,2,3
PI/FPV,13,CV-min,0.08317637711026708,992.1779978375239,0.7784944294642084,P10 & P13,2,0.0791137497253375,1.0823274295162957,409,0.22156013001083424,3,3
PI/FPV,14,CV-min,0.08317637711026708,992.1779978375239,0.7784944294642084,P34,1,0.07287030741611293,1.075591031688397,95,0.051462621885157094,2,3
PI/FPV,15,CV-min,0.08317637711026708,992.1779978375239,0.7784944294642084,P10 & P20,2,0.06567605249064415,1.067880723826406,446,0.24160346695557963,2,3
PI/FPV,16,CV-min,0.08317637711026708,992.1779978375239,0.7784944294642084,P10 & P71,2,0.06260977853506051,1.0646113239746595,715,0.3873239436619718,2,3
PI/FPV,17,CV-min,0.08317637711026708,992.1779978375239,0.7784944294642084,P43 & P63,2,0.06069147785898823,1.0625710369198103,194,0.10509209100758396,0,3
PI/FPV,18,CV-min,0.08317637711026708,992.1779978375239,0.7784944294642084,P73,1,0.04709550224232392,1.048222111861696,320,0.1733477789815818,1,3
PI/FPV,19,CV-min,0.08317637711026708,992.1779978375239,0.7784944294642084,P10 & P15 & P63,3,0.04319284775276082,1.044139235341063,215,0.11646803900325027,1,3
PI/FPV,20,CV-min,0.08317637711026708,992.1779978375239,0.7784944294642084,P10 & P15 & P36 & P63,4,0.03576445479492199,1.0364116959323422,149,0.08071505958829903,0,3
PI/FPV,21,CV-min,0.08317637711026708,992.1779978375239,0.7784944294642084,P10 & P33 & P41,3,0.03538155017621858,1.0360149250746362,112,0.06067172264355363,1,3
PI/FPV,22,CV-min,0.08317637711026708,992.1779978375239,0.7784944294642084,P10 & P63 & P89,3,0.03258713628795739,1.0331239118046445,148,0.08017334777898158,2,3
PI/FPV,23,CV-min,0.08317637711026708,992.1779978375239,0.7784944294642084,P76,1,0.03220051575303339,1.0327245620885945,61,0.03304442036836403,0,3
PI/FPV,24,CV-min,0.08317637711026708,992.1779978375239,0.7784944294642084,P13 & P90,2,0.020210354801976284,1.0204159668507131,260,0.14084507042253522,2,3
PI/FPV,25,CV-min,0.08317637711026708,992.1779978375239,0.7784944294642084,P20 & P35 & P63,3,0.007774101811590411,1.0078043986002971,312,0.16901408450704225,1,3
PI/IDV,1,CV-min,0.02754228703338166,399.11751337632484,0.46945076182001344,P10,1,0.86928132475888,2.385196056056137,1023,0.541843220338983,3,3
PI/IDV,2,CV-min,0.02754228703338166,399.11751337632484,0.46945076182001344,P54,1,0.532306812747994,1.7028559511404104,655,0.3469279661016949,3,3
PI/IDV,3,CV-min,0.02754228703338166,399.11751337632484,0.46945076182001344,P48 & P54 & P82,3,0.5146898735094774,1.6731195426382142,83,0.04396186440677966,2,3
PI/IDV,4,CV-min,0.02754228703338166,399.11751337632484,0.46945076182001344,P84,1,0.4436767574605512,1.5584266544071463,365,0.1933262711864407,3,3
PI/IDV,5,CV-min,0.02754228703338166,399.11751337632484,0.46945076182001344,P82 & P84,2,-0.4160674952403274,0.6596357467085818,124,0.06567796610169492,3,3
PI/IDV,6,CV-min,0.02754228703338166,399.11751337632484,0.46945076182001344,P10 & P48 & P54 & P71,4,0.4061353841319727,1.5010057510634698,68,0.036016949152542374,1,3
PI/IDV,7,CV-min,0.02754228703338166,399.11751337632484,0.46945076182001344,P71,1,0.3939048831260883,1.482759506518092,880,0.4661016949152542,3,3
PI/IDV,8,CV-min,0.02754228703338166,399.11751337632484,0.46945076182001344,P82,1,0.37781506315041535,1.459093077845504,621,0.3289194915254237,3,3
PI/IDV,9,CV-min,0.02754228703338166,399.11751337632484,0.46945076182001344,P46 & P63,2,0.32870422501184693,1.3891669139899554,659,0.3490466101694915,3,3
PI/IDV,10,CV-min,0.02754228703338166,399.11751337632484,0.46945076182001344,P73,1,0.2807145518328061,1.3240755950350211,323,0.17108050847457626,3,3
PI/IDV,11,CV-min,0.02754228703338166,399.11751337632484,0.46945076182001344,P46,1,0.2609989027262234,1.298226240923298,699,0.3702330508474576,3,3
PI/IDV,12,CV-min,0.02754228703338166,399.11751337632484,0.46945076182001344,P90,1,0.1950974665037565,1.215429444375305,662,0.350635593220339,3,3
PI/IDV,13,CV-min,0.02754228703338166,399.11751337632484,0.46945076182001344,P10 & P33 & P46 & P54,4,-0.19131074924831065,0.8258759079540756,222,0.11758474576271187,2,3
PI/IDV,14,CV-min,0.02754228703338166,399.11751337632484,0.46945076182001344,P46 & P50,2,-0.18034165972046134,0.8349848819698957,46,0.024364406779661018,2,3
PI/IDV,15,CV-min,0.02754228703338166,399.11751337632484,0.46945076182001344,P54 & P62 & P64,3,0.15314318978106942,1.1654918535184293,64,0.03389830508474576,1,3
PI/IDV,16,CV-min,0.02754228703338166,399.11751337632484,0.46945076182001344,P46 & P84,2,0.13811315010923883,1.148105451182108,251,0.1329449152542373,3,3
PI/IDV,17,CV-min,0.02754228703338166,399.11751337632484,0.46945076182001344,P19 & P20 & P36 & P46,4,0.12423334246198954,1.1322800491903213,66,0.034957627118644065,1,3
PI/IDV,18,CV-min,0.02754228703338166,399.11751337632484,0.46945076182001344,P20,1,0.12171203318207559,1.1294288169244622,591,0.3130296610169492,2,3
PI/IDV,19,CV-min,0.02754228703338166,399.11751337632484,0.46945076182001344,P10 & P54 & P62 & P74,4,0.11073387822108403,1.1170975832979861,61,0.0323093220338983,2,3
PI/IDV,20,CV-min,0.02754228703338166,399.11751337632484,0.46945076182001344,P46 & P54 & P71 & P90,4,-0.1101663454038075,0.8956851297990812,228,0.12076271186440678,1,3
PI/IDV,21,CV-min,0.02754228703338166,399.11751337632484,0.46945076182001344,P72 & P90,2,0.10514590536149701,1.1108726808120144,214,0.11334745762711865,3,3
PI/IDV,22,CV-min,0.02754228703338166,399.11751337632484,0.46945076182001344,P10 & P82 & P89,3,0.10476481825053541,1.1104494222057597,90,0.04766949152542373,1,3
PI/IDV,23,CV-min,0.02754228703338166,399.11751337632484,0.46945076182001344,P10 & P19 & P37,3,0.10455618602793375,1.110217770840528,67,0.03548728813559322,2,3
PI/IDV,24,CV-min,0.02754228703338166,399.11751337632484,0.46945076182001344,P20 & P61,2,0.10372652259497879,1.1092970457522282,38,0.020127118644067795,1,3
PI/IDV,25,CV-min,0.02754228703338166,399.11751337632484,0.46945076182001344,P35 & P72,2,0.09088283876788039,1.0951406897092577,171,0.09057203389830508,2,3
PI/IDV,26,CV-min,0.02754228703338166,399.11751337632484,0.46945076182001344,P46 & P63 & P76,3,0.08970805443731983,1.0938548910031936,45,0.023834745762711863,1,3
PI/IDV,27,CV-min,0.02754228703338166,399.11751337632484,0.46945076182001344,P48 & P54 & P77 & P82,4,0.08632598016830326,1.090161641464823,39,0.02065677966101695,2,3
PI/IDV,28,CV-min,0.02754228703338166,399.11751337632484,0.46945076182001344,P10 & P35 & P62 & P74,4,0.0847905095598249,1.0884890147690534,44,0.023305084745762712,1,3
PI/IDV,29,CV-min,0.02754228703338166,399.11751337632484,0.46945076182001344,P46 & P54 & P71 & P93,4,-0.08296540478820581,0.9203829875137455,183,0.09692796610169492,2,3
PI/IDV,30,CV-min,0.02754228703338166,399.11751337632484,0.46945076182001344,P33 & P46 & P54 & P71,4,-0.07549917539628384,0.9272804951726258,200,0.1059322033898305,3,3
PI/IDV,31,CV-min,0.02754228703338166,399.11751337632484,0.46945076182001344,P33 & P36 & P37 & P41,4,0.07400605847712828,1.0768133293253848,39,0.02065677966101695,0,3
PI/IDV,32,CV-min,0.02754228703338166,399.11751337632484,0.46945076182001344,P10 & P54 & P63 & P69,4,0.07221335904914013,1.0748846559681915,59,0.03125,2,3
PI/IDV,33,CV-min,0.02754228703338166,399.11751337632484,0.46945076182001344,P46 & P76,2,0.06810544851869471,1.0704781828661296,47,0.02489406779661017,0,3
PI/IDV,34,CV-min,0.02754228703338166,399.11751337632484,0.46945076182001344,P57 & P71 & P82,3,0.06676116175384893,1.0690401200138373,106,0.05614406779661017,1,3
PI/IDV,35,CV-min,0.02754228703338166,399.11751337632484,0.46945076182001344,P63 & P67 & P90,3,0.06592065649122056,1.0681419636724456,53,0.028072033898305086,2,3
PI/IDV,36,CV-min,0.02754228703338166,399.11751337632484,0.46945076182001344,P10 & P57 & P82,3,0.06347687431880242,1.065534844297428,115,0.06091101694915254,2,3
PI/IDV,37,CV-min,0.02754228703338166,399.11751337632484,0.46945076182001344,P13 & P33 & P54 & P82,4,0.0624956245378727,1.0644898012728594,136,0.07203389830508475,1,3
PI/IDV,38,CV-min,0.02754228703338166,399.11751337632484,0.46945076182001344,P46 & P63 & P82 & P84,4,-0.057413536317736935,0.9442035261707845,83,0.04396186440677966,1,3
PI/IDV,39,CV-min,0.02754228703338166,399.11751337632484,0.46945076182001344,P10 & P36 & P37,3,0.05669415264715002,1.058332072827974,240,0.1271186440677966,1,3
PI/IDV,40,CV-min,0.02754228703338166,399.11751337632484,0.46945076182001344,P24 & P63,2,0.05539644566425684,1.0569595586600697,135,0.0715042372881356,1,3
PI/IDV,41,CV-min,0.02754228703338166,399.11751337632484,0.46945076182001344,P10 & P72 & P73 & P84,4,0.05498932249287111,1.0565293335157766,70,0.037076271186440676,1,3
PI/IDV,42,CV-min,0.02754228703338166,399.11751337632484,0.46945076182001344,P16 & P82,2,0.0544306762012499,1.0559392721547602,83,0.04396186440677966,1,3
PI/IDV,43,CV-min,0.02754228703338166,399.11751337632484,0.46945076182001344,P33 & P63 & P77 & P82,4,0.05274562372378901,1.0541614573444538,61,0.0323093220338983,1,3
PI/IDV,44,CV-min,0.02754228703338166,399.11751337632484,0.46945076182001344,P13 & P43,2,0.05080496817636169,1.0521176768427893,107,0.056673728813559324,1,3
PI/IDV,45,CV-min,0.02754228703338166,399.11751337632484,0.46945076182001344,P35 & P54 & P62,3,0.04786186000749467,1.0490257329080284,190,0.10063559322033898,2,3
PI/IDV,46,CV-min,0.02754228703338166,399.11751337632484,0.46945076182001344,P20 & P41 & P46 & P71,4,-0.044296479635885934,0.9566702821662292,71,0.03760593220338983,1,3
PI/IDV,47,CV-min,0.02754228703338166,399.11751337632484,0.46945076182001344,P10 & P63 & P66 & P84,4,0.04180612096823349,1.0426923029784432,47,0.02489406779661017,1,3
PI/IDV,48,CV-min,0.02754228703338166,399.11751337632484,0.46945076182001344,P33 & P82,2,0.0415319010317772,1.042406415161238,260,0.13771186440677965,1,3
PI/IDV,49,CV-min,0.02754228703338166,399.11751337632484,0.46945076182001344,P36 & P54,2,0.040562629135767796,1.0413965294247982,406,0.21504237288135594,1,3
PI/IDV,50,CV-min,0.02754228703338166,399.11751337632484,0.46945076182001344,P47,1,0.039398519831577314,1.040184935386314,114,0.06038135593220339,0,3
PI/IDV,51,CV-min,0.02754228703338166,399.11751337632484,0.46945076182001344,P20 & P36,2,0.039360958807096474,1.0401458657082445,498,0.263771186440678,2,3
PI/IDV,52,CV-min,0.02754228703338166,399.11751337632484,0.46945076182001344,P54 & P62,2,0.03542744312208223,1.036062471942531,336,0.17796610169491525,1,3
PI/IDV,53,CV-min,0.02754228703338166,399.11751337632484,0.46945076182001344,P54 & P74 & P82,3,0.035244425523510425,1.0358728716275722,74,0.03919491525423729,0,3
PI/IDV,54,CV-min,0.02754228703338166,399.11751337632484,0.46945076182001344,P14,1,-0.035096877585889905,0.9655118752670031,231,0.12235169491525423,2,3
PI/IDV,55,CV-min,0.02754228703338166,399.11751337632484,0.46945076182001344,P33 & P46 & P62 & P71,4,-0.02987515045844296,0.9705667007921578,134,0.07097457627118645,1,3
PI/IDV,56,CV-min,0.02754228703338166,399.11751337632484,0.46945076182001344,P36 & P82,2,0.028243365990884485,1.0286459914130548,357,0.18908898305084745,0,3
PI/IDV,57,CV-min,0.02754228703338166,399.11751337632484,0.46945076182001344,P10 & P35 & P54 & P74,4,0.027487650520355376,1.0278689213825505,41,0.021716101694915255,0,3
PI/IDV,58,CV-min,0.02754228703338166,399.11751337632484,0.46945076182001344,P10 & P62 & P63 & P66,4,0.027344738497637352,1.027722037051925,47,0.02489406779661017,1,3
PI/IDV,59,CV-min,0.02754228703338166,399.11751337632484,0.46945076182001344,P46 & P73,2,0.024888771957362076,1.0252010830726848,222,0.11758474576271187,2,3
PI/IDV,60,CV-min,0.02754228703338166,399.11751337632484,0.46945076182001344,P11 & P33 & P63,3,-0.02400298944086257,0.9762827912138774,70,0.037076271186440676,2,3
PI/IDV,61,CV-min,0.02754228703338166,399.11751337632484,0.46945076182001344,P13 & P90,2,0.020451367303078425,1.0206619294938937,260,0.13771186440677965,0,3
PI/IDV,62,CV-min,0.02754228703338166,399.11751337632484,0.46945076182001344,P10 & P15,2,0.01965302869850416,1.0198474208434694,225,0.11917372881355932,1,3
PI/IDV,63,CV-min,0.02754228703338166,399.11751337632484,0.46945076182001344,P20 & P36 & P82,3,0.018599979552040673,1.0187740366497724,279,0.14777542372881355,2,3
PI/IDV,64,CV-min,0.02754228703338166,399.11751337632484,0.46945076182001344,P62 & P71 & P82 & P90,4,-0.01739799900956154,0.9827524722783976,138,0.07309322033898305,1,3
PI/IDV,65,CV-min,0.02754228703338166,399.11751337632484,0.46945076182001344,P24 & P63 & P71,3,0.017370129699611377,1.0175218676988684,100,0.05296610169491525,1,3
PI/IDV,66,CV-min,0.02754228703338166,399.11751337632484,0.46945076182001344,P10 & P46 & P71 & P90,4,-0.016567377724159706,0.9835691065100891,310,0.1641949152542373,2,3
PI/IDV,67,CV-min,0.02754228703338166,399.11751337632484,0.46945076182001344,P10 & P16 & P71,3,0.014601128418927786,1.0147082456034355,85,0.045021186440677964,1,3
PI/IDV,68,CV-min,0.02754228703338166,399.11751337632484,0.46945076182001344,P19 & P36 & P46,3,0.014366852275146974,1.0144705515127077,80,0.0423728813559322,0,3
PI/IDV,69,CV-min,0.02754228703338166,399.11751337632484,0.46945076182001344,P54 & P63 & P64 & P93,4,0.012607903322761701,1.0126877180151144,49,0.025953389830508475,0,3
PI/IDV,70,CV-min,0.02754228703338166,399.11751337632484,0.46945076182001344,P32 & P33 & P54 & P73,4,-0.012576364082409964,0.9875023879007816,46,0.024364406779661018,0,3
PI/IDV,71,CV-min,0.02754228703338166,399.11751337632484,0.46945076182001344,P10 & P63 & P69,3,0.010358570568059668,1.0104124062866253,92,0.048728813559322036,0,3
PI/IDV,72,CV-min,0.02754228703338166,399.11751337632484,0.46945076182001344,P36 & P63 & P82,3,0.009338021152303073,1.0093817564996888,331,0.1753177966101695,0,3
PI/IDV,73,CV-min,0.02754228703338166,399.11751337632484,0.46945076182001344,P46 & P72,2,0.00909592220356945,1.0091374158160742,215,0.1138771186440678,1,3
PI/IDV,74,CV-min,0.02754228703338166,399.11751337632484,0.46945076182001344,P10 & P66 & P84,3,0.007787786498731861,1.0078181901825582,51,0.02701271186440678,0,3
PI/IDV,75,CV-min,0.02754228703338166,399.11751337632484,0.46945076182001344,P54 & P82,2,0.006967768563951346,1.0069920999423074,464,0.2457627118644068,1,3
PI/IDV,76,CV-min,0.02754228703338166,399.11751337632484,0.46945076182001344,P36 & P90,2,0.005406773799703692,1.0054214167796962,364,0.19279661016949154,2,3
PI/IDV,77,CV-min,0.02754228703338166,399.11751337632484,0.46945076182001344,P13 & P35 & P36 & P54,4,0.005290388646525164,1.005304407463301,138,0.07309322033898305,1,3
PI/IDV,78,CV-min,0.02754228703338166,399.11751337632484,0.46945076182001344,P10 & P62 & P64,3,0.004403712735598088,1.0044134233275135,107,0.056673728813559324,0,3
PI/IDV,79,CV-min,0.02754228703338166,399.11751337632484,0.46945076182001344,P10 & P13 & P33 & P82,4,0.004151672081331198,1.0041603022108896,148,0.07838983050847458,0,3
PI/IDV,80,CV-min,0.02754228703338166,399.11751337632484,0.46945076182001344,P10 & P37 & P72,3,0.0031072496859918335,1.0031120821902668,125,0.06620762711864407,1,3
PI/IDV,81,CV-min,0.02754228703338166,399.11751337632484,0.46945076182001344,P16 & P71,2,0.0025188332988083637,1.0025220082245452,92,0.048728813559322036,1,3
PI/IDV,82,CV-min,0.02754228703338166,399.11751337632484,0.46945076182001344,P10 & P36 & P82,3,0.0017891770268308091,1.0017907785590465,305,0.16154661016949154,0,3
PI/IDV,83,CV-min,0.02754228703338166,399.11751337632484,0.46945076182001344,P77 & P93,2,-0.0016999825576131562,0.9983014615942747,310,0.1641949152542373,1,3
PI/LPV,1,CV-min,0.020892961308540396,454.07895551210083,0.5687026261745753,P54,1,1.0261751272218682,2.790372577449016,633,0.3892988929889299,3,3
PI/LPV,2,CV-min,0.020892961308540396,454.07895551210083,0.5687026261745753,P10,1,0.788644611308076,2.2004119906479875,954,0.5867158671586716,3,3
PI/LPV,3,CV-min,0.020892961308540396,454.07895551210083,0.5687026261745753,P82,1,0.6298084058924324,1.8772508746007968,579,0.35608856088560886,3,3
PI/LPV,4,CV-min,0.020892961308540396,454.07895551210083,0.5687026261745753,P46,1,0.621846204264559,1.862363172725635,646,0.3972939729397294,3,3
PI/LPV,5,CV-min,0.020892961308540396,454.07895551210083,0.5687026261745753,P47,1,0.4913475522317026,1.6345173340454433,112,0.06888068880688807,3,3
PI/LPV,6,CV-min,0.020892961308540396,454.07895551210083,0.5687026261745753,P33,1,0.4764969638484734,1.6104231392067359,423,0.26014760147601473,3,3
PI/LPV,7,CV-min,0.020892961308540396,454.07895551210083,0.5687026261745753,P84,1,0.4306287911103691,1.5382244413762458,341,0.2097170971709717,3,3
PI/LPV,8,CV-min,0.020892961308540396,454.07895551210083,0.5687026261745753,P48 & P54 & P82,3,0.41790383649940027,1.5187746166958789,79,0.04858548585485855,3,3
PI/LPV,9,CV-min,0.020892961308540396,454.07895551210083,0.5687026261745753,P76,1,0.3947362170038042,1.483992687249803,62,0.038130381303813035,3,3
PI/LPV,10,CV-min,0.020892961308540396,454.07895551210083,0.5687026261745753,P63 & P82 & P84,3,-0.3251659464176424,0.7224074627640926,115,0.07072570725707257,2,3
PI/LPV,11,CV-min,0.020892961308540396,454.07895551210083,0.5687026261745753,P10 & P33 & P46 & P54,4,-0.24948053759458957,0.7792054458939767,221,0.13591635916359163,3,3
PI/LPV,12,CV-min,0.020892961308540396,454.07895551210083,0.5687026261745753,P20 & P36,2,0.2037094594244803,1.225941915838194,455,0.27982779827798276,3,3
PI/LPV,13,CV-min,0.020892961308540396,454.07895551210083,0.5687026261745753,P10 & P46 & P54 & P82,4,-0.2011301742707126,0.8178059673291769,293,0.18019680196801968,3,3
PI/LPV,14,CV-min,0.020892961308540396,454.07895551210083,0.5687026261745753,P71,1,0.11554188521033304,1.1224815289386032,825,0.507380073800738,3,3
PI/LPV,15,CV-min,0.020892961308540396,454.07895551210083,0.5687026261745753,P24 & P63 & P71,3,0.1075661415798301,1.113564511226845,97,0.05965559655596556,1,3
PI/LPV,16,CV-min,0.020892961308540396,454.07895551210083,0.5687026261745753,P73,1,0.10740824867051109,1.1133887011663992,307,0.18880688806888068,3,3
PI/LPV,17,CV-min,0.020892961308540396,454.07895551210083,0.5687026261745753,P46 & P84,2,0.08949609520672346,1.09362306293203,233,0.14329643296432965,3,3
PI/LPV,18,CV-min,0.020892961308540396,454.07895551210083,0.5687026261745753,P19 & P46,2,0.08708023258434977,1.090984208689441,126,0.07749077490774908,1,3
PI/LPV,19,CV-min,0.020892961308540396,454.07895551210083,0.5687026261745753,P10 & P89,2,0.08544805079804675,1.0892049765450158,161,0.0990159901599016,3,3
PI/LPV,20,CV-min,0.020892961308540396,454.07895551210083,0.5687026261745753,P71 & P72 & P90,3,0.07966394618492398,1.0829230860851702,177,0.1088560885608856,2,3
PI/LPV,21,CV-min,0.020892961308540396,454.07895551210083,0.5687026261745753,P57 & P82,2,0.0793825281922625,1.0826183749216904,131,0.08056580565805659,2,3
PI/LPV,22,CV-min,0.020892961308540396,454.07895551210083,0.5687026261745753,P53,1,0.07747255127478264,1.0805525722608555,133,0.08179581795817958,2,3
PI/LPV,23,CV-min,0.020892961308540396,454.07895551210083,0.5687026261745753,P10 & P62,2,0.07574215393021971,1.07868440376221,454,0.27921279212792127,2,3
PI/LPV,24,CV-min,0.020892961308540396,454.07895551210083,0.5687026261745753,P63 & P67,2,0.0625975381098488,1.0645982927591229,74,0.04551045510455105,1,3
PI/LPV,25,CV-min,0.020892961308540396,454.07895551210083,0.5687026261745753,P47 & P54 & P62 & P63,4,-0.0611952444347561,0.9406395672054614,34,0.020910209102091022,0,3
PI/LPV,26,CV-min,0.020892961308540396,454.07895551210083,0.5687026261745753,P10 & P91,2,0.05365751491941624,1.055123176321067,46,0.028290282902829027,1,3
PI/LPV,27,CV-min,0.020892961308540396,454.07895551210083,0.5687026261745753,P36 & P47 & P54,3,-0.048845553864769284,0.9523282017510891,54,0.033210332103321034,0,3
PI/LPV,28,CV-min,0.020892961308540396,454.07895551210083,0.5687026261745753,P36 & P37 & P63 & P82,4,0.042412747814059015,1.043325020013532,152,0.09348093480934809,0,3
PI/LPV,29,CV-min,0.020892961308540396,454.07895551210083,0.5687026261745753,P46 & P72,2,0.04152972790017758,1.0424041498773788,211,0.12976629766297662,2,3
PI/LPV,30,CV-min,0.020892961308540396,454.07895551210083,0.5687026261745753,P10 & P20 & P32 & P54,4,-0.04145484364338314,0.9593926570402969,69,0.042435424354243544,1,3
PI/LPV,31,CV-min,0.020892961308540396,454.07895551210083,0.5687026261745753,P10 & P15,2,0.03995100182375207,1.0407597776120134,234,0.14391143911439114,2,3
PI/LPV,32,CV-min,0.020892961308540396,454.07895551210083,0.5687026261745753,P10 & P92,2,0.03948315972329289,1.0402729802526107,68,0.041820418204182044,2,3
PI/LPV,33,CV-min,0.020892961308540396,454.07895551210083,0.5687026261745753,P46 & P57,2,0.03943347651108271,1.0402212974332712,129,0.07933579335793357,2,3
PI/LPV,34,CV-min,0.020892961308540396,454.07895551210083,0.5687026261745753,P10 & P77 & P82,3,0.039335349174561565,1.0401192282959297,139,0.08548585485854858,2,3
PI/LPV,35,CV-min,0.020892961308540396,454.07895551210083,0.5687026261745753,P13,1,0.03767584643265351,1.03839457901057,537,0.33025830258302585,1,3
PI/LPV,36,CV-min,0.020892961308540396,454.07895551210083,0.5687026261745753,P20 & P33 & P46 & P54,4,-0.03520234029893178,0.9654100551343714,101,0.06211562115621156,0,3
PI/LPV,37,CV-min,0.020892961308540396,454.07895551210083,0.5687026261745753,P36 & P90,2,0.034279546775895564,1.0348738619476183,335,0.20602706027060272,1,3
PI/LPV,38,CV-min,0.020892961308540396,454.07895551210083,0.5687026261745753,P10 & P57,2,0.030779131685696213,1.03125770657958,205,0.12607626076260764,2,3
PI/LPV,39,CV-min,0.020892961308540396,454.07895551210083,0.5687026261745753,P16,1,0.03005288232192359,1.030509028222788,152,0.09348093480934809,1,3
PI/LPV,40,CV-min,0.020892961308540396,454.07895551210083,0.5687026261745753,P14,1,-0.029072572945501314,0.971345968470552,200,0.12300123001230012,1,3
PI/LPV,41,CV-min,0.020892961308540396,454.07895551210083,0.5687026261745753,P10 & P36,2,0.027512161265789634,1.0278941155247845,506,0.3111931119311193,2,3
PI/LPV,42,CV-min,0.020892961308540396,454.07895551210083,0.5687026261745753,P84 & P90,2,0.027402324011431264,1.0277812206575088,202,0.12423124231242312,1,3
PI/LPV,43,CV-min,0.020892961308540396,454.07895551210083,0.5687026261745753,P33 & P82,2,0.025696961878990576,1.0260299751616655,262,0.16113161131611317,2,3
PI/LPV,44,CV-min,0.020892961308540396,454.07895551210083,0.5687026261745753,P24 & P63 & P73,3,0.025346618349490896,1.0256705751592037,41,0.025215252152521524,0,3
PI/LPV,45,CV-min,0.020892961308540396,454.07895551210083,0.5687026261745753,P10 & P20 & P33 & P46,4,-0.025141198952631668,0.9751722090122525,116,0.07134071340713408,1,3
PI/LPV,46,CV-min,0.020892961308540396,454.07895551210083,0.5687026261745753,P33 & P46 & P54 & P93,4,-0.024791584280467027,0.9755132031292104,117,0.07195571955719557,0,3
PI/LPV,47,CV-min,0.020892961308540396,454.07895551210083,0.5687026261745753,P32 & P33 & P36 & P46,4,-0.023846862516751353,0.9764352271424991,54,0.033210332103321034,1,3
PI/LPV,48,CV-min,0.020892961308540396,454.07895551210083,0.5687026261745753,P16 & P41,2,0.023604062335638557,1.0238848430512053,47,0.02890528905289053,1,3
PI/LPV,49,CV-min,0.020892961308540396,454.07895551210083,0.5687026261745753,P61,1,0.022036821893213925,1.0222814261149227,108,0.06642066420664207,2,3
PI/LPV,50,CV-min,0.020892961308540396,454.07895551210083,0.5687026261745753,P10 & P72 & P84 & P90,4,0.020462988421222884,1.0206737907956827,77,0.047355473554735544,0,3
PI/LPV,51,CV-min,0.020892961308540396,454.07895551210083,0.5687026261745753,P54 & P63 & P64,3,0.01788674051018976,1.0180476663006484,100,0.06150061500615006,0,3
PI/LPV,52,CV-min,0.020892961308540396,454.07895551210083,0.5687026261745753,P72 & P90,2,0.017646393595307733,1.0178030110870908,206,0.12669126691266913,1,3
PI/LPV,53,CV-min,0.020892961308540396,454.07895551210083,0.5687026261745753,P20 & P61,2,0.01703083623176912,1.017176687737736,42,0.025830258302583026,1,3
PI/LPV,54,CV-min,0.020892961308540396,454.07895551210083,0.5687026261745753,P13 & P20 & P71 & P82,4,-0.0126961704750853,0.9873840858887392,100,0.06150061500615006,1,3
PI/LPV,55,CV-min,0.020892961308540396,454.07895551210083,0.5687026261745753,P33 & P46 & P54 & P63,4,-0.012437313871861897,0.9876397098628386,224,0.13776137761377613,1,3
PI/LPV,56,CV-min,0.020892961308540396,454.07895551210083,0.5687026261745753,P36 & P62 & P63,3,0.012114624811164461,1.0121883041100594,365,0.22447724477244774,0,3
PI/LPV,57,CV-min,0.020892961308540396,454.07895551210083,0.5687026261745753,P33 & P35 & P46 & P54,4,-0.008535888184773398,0.9915004390734914,102,0.06273062730627306,0,3
PI/LPV,58,CV-min,0.020892961308540396,454.07895551210083,0.5687026261745753,P13 & P35,2,0.008070176176345235,1.008102827823851,227,0.13960639606396064,2,3
PI/LPV,59,CV-min,0.020892961308540396,454.07895551210083,0.5687026261745753,P10 & P37 & P74,3,0.006507278362908403,1.0065284966983241,43,0.026445264452644526,0,3
PI/LPV,60,CV-min,0.020892961308540396,454.07895551210083,0.5687026261745753,P10 & P32 & P46 & P54,4,-0.00522348720031362,0.994790131486289,87,0.05350553505535055,1,3
PI/LPV,61,CV-min,0.020892961308540396,454.07895551210083,0.5687026261745753,P20 & P33 & P47 & P63,4,-0.005098268791176103,0.9949147053232855,32,0.01968019680196802,0,3
PI/LPV,62,CV-min,0.020892961308540396,454.07895551210083,0.5687026261745753,P24 & P63,2,0.003958898188580806,1.003966744977477,127,0.07810578105781057,0,3
PI/LPV,63,CV-min,0.020892961308540396,454.07895551210083,0.5687026261745753,P10 & P37,2,0.00336026444180894,1.0033659164593531,352,0.21648216482164823,0,3
PI/LPV,64,CV-min,0.020892961308540396,454.07895551210083,0.5687026261745753,P13 & P62,2,0.0025831505804698794,1.0025864897885373,238,0.14637146371463713,1,3
PI/LPV,65,CV-min,0.020892961308540396,454.07895551210083,0.5687026261745753,P10 & P13 & P41 & P82,4,0.0023235303844066583,1.0023262318730555,48,0.02952029520295203,2,3
PI/LPV,66,CV-min,0.020892961308540396,454.07895551210083,0.5687026261745753,P20 & P33 & P62 & P71,4,-0.0018577201563598359,0.9981440043376888,102,0.06273062730627306,2,3
PI/LPV,67,CV-min,0.020892961308540396,454.07895551210083,0.5687026261745753,P24 & P33 & P63,3,0.0018255407063794472,1.0018272080202435,66,0.04059040590405904,1,3
PI/LPV,68,CV-min,0.020892961308540396,454.07895551210083,0.5687026261745753,P15 & P57,2,0.000594411738695919,1.000594588436362,97,0.05965559655596556,1,3
PI/NFV,1,CV-min,0.043651583224016584,725.0829462870306,1.3920230300431182,P30,1,1.0467787830431254,2.848460813753599,102,0.053152683689421575,3,3
PI/NFV,2,CV-min,0.043651583224016584,725.0829462870306,1.3920230300431182,P48 & P54 & P82,3,0.5887714203634614,1.8017734328859616,86,0.044815007816571134,2,3
PI/NFV,3,CV-min,0.043651583224016584,725.0829462870306,1.3920230300431182,P10,1,0.5528697018824511,1.7382340809802967,1037,0.5403856175091193,3,3
PI/NFV,4,CV-min,0.043651583224016584,725.0829462870306,1.3920230300431182,P90,1,0.4772009876108706,1.6115573145606055,685,0.3569567483064096,3,3
PI/NFV,5,CV-min,0.043651583224016584,725.0829462870306,1.3920230300431182,P54,1,0.4673112388764526,1.5956979693808235,672,0.3501823866597186,3,3
PI/NFV,6,CV-min,0.043651583224016584,725.0829462870306,1.3920230300431182,P46,1,0.3761625655064995,1.4566839210832805,712,0.3710265763418447,3,3
PI/NFV,7,CV-min,0.043651583224016584,725.0829462870306,1.3920230300431182,P71,1,0.30473770752804413,1.3562692171426851,909,0.47368421052631576,3,3
PI/NFV,8,CV-min,0.043651583224016584,725.0829462870306,1.3920230300431182,P84,1,0.29758905427894566,1.3466082912435835,373,0.19437206878582594,3,3
PI/NFV,9,CV-min,0.043651583224016584,725.0829462870306,1.3920230300431182,P88,1,0.28866874598983555,1.3346495472806952,158,0.08233454924439812,2,3
PI/NFV,10,CV-min,0.043651583224016584,725.0829462870306,1.3920230300431182,P20,1,0.23353384007315903,1.2630555690605876,599,0.31214174048983845,3,3
PI/NFV,11,CV-min,0.043651583224016584,725.0829462870306,1.3920230300431182,P24 & P63,2,0.23152119935516782,1.2605160484217726,132,0.06878582595101615,3,3
PI/NFV,12,CV-min,0.043651583224016584,725.0829462870306,1.3920230300431182,P10 & P54 & P63 & P88,4,-0.2299426169081286,0.7945791966061941,47,0.024491922876498175,3,3
PI/NFV,13,CV-min,0.043651583224016584,725.0829462870306,1.3920230300431182,P73,1,0.14612391276646755,1.1573395883161817,336,0.1750911933298593,3,3
PI/NFV,14,CV-min,0.043651583224016584,725.0829462870306,1.3920230300431182,P35 & P36,2,0.14294847657644355,1.1536703590881252,494,0.25742574257425743,3,3
PI/NFV,15,CV-min,0.043651583224016584,725.0829462870306,1.3920230300431182,P63 & P88,2,0.12375913195717954,1.1317432373875662,149,0.07764460656591975,2,3
PI/NFV,16,CV-min,0.043651583224016584,725.0829462870306,1.3920230300431182,P74,1,0.1148123274952538,1.1216629125294,165,0.0859822824387702,2,3
PI/NFV,17,CV-min,0.043651583224016584,725.0829462870306,1.3920230300431182,P63 & P82 & P84,3,-0.10271403583610288,0.902384986356677,121,0.06305367378843148,3,3
PI/NFV,18,CV-min,0.043651583224016584,725.0829462870306,1.3920230300431182,P10 & P33 & P46 & P54,4,-0.07256783855836849,0.9300026544809026,219,0.11412193850964043,1,3
PI/NFV,19,CV-min,0.043651583224016584,725.0829462870306,1.3920230300431182,P33 & P36 & P82,3,0.07127790545550884,1.073879621408912,165,0.0859822824387702,1,3
PI/NFV,20,CV-min,0.043651583224016584,725.0829462870306,1.3920230300431182,P10 & P46 & P71 & P90,4,-0.0705504370331896,0.9318807370408144,307,0.15997915581031788,2,3
PI/NFV,21,CV-min,0.043651583224016584,725.0829462870306,1.3920230300431182,P46 & P63,2,0.05190583976562476,1.0532765610761115,671,0.34966128191766543,2,3
PI/NFV,22,CV-min,0.043651583224016584,725.0829462870306,1.3920230300431182,P54 & P82,2,0.046461671209685286,1.0475579266709285,472,0.24596143824908806,3,3
PI/NFV,23,CV-min,0.043651583224016584,725.0829462870306,1.3920230300431182,P13 & P43,2,0.0437888705168945,1.0447617515927512,113,0.058884835852006254,1,3
PI/NFV,24,CV-min,0.043651583224016584,725.0829462870306,1.3920230300431182,P36 & P90,2,0.03952413694801015,1.04031560862568,374,0.1948931735278791,3,3
PI/NFV,25,CV-min,0.043651583224016584,725.0829462870306,1.3920230300431182,P10 & P33 & P46 & P63,4,-0.03860021632822627,0.962135278243301,256,0.13340281396560708,0,3
PI/NFV,26,CV-min,0.043651583224016584,725.0829462870306,1.3920230300431182,P46 & P84,2,0.037999127043132325,1.03873032611133,254,0.13236060448150078,2,3
PI/NFV,27,CV-min,0.043651583224016584,725.0829462870306,1.3920230300431182,P36 & P72 & P82,3,0.034592126691268404,1.0351973932938736,109,0.05680041688379364,1,3
PI/NFV,28,CV-min,0.043651583224016584,725.0829462870306,1.3920230300431182,P36 & P41 & P54 & P72,4,0.03327983387069112,1.0338398021601498,47,0.024491922876498175,2,3
PI/NFV,29,CV-min,0.043651583224016584,725.0829462870306,1.3920230300431182,P33 & P54 & P62 & P82,4,0.03192196623352945,1.0324369372187892,146,0.0760812923397603,1,3
PI/NFV,30,CV-min,0.043651583224016584,725.0829462870306,1.3920230300431182,P10 & P74,2,0.028037929073167368,1.0284346912563262,138,0.07191245440333507,1,3
PI/NFV,31,CV-min,0.043651583224016584,725.0829462870306,1.3920230300431182,P12,1,-0.02796825852004012,0.9724192323369613,259,0.13496612819176654,1,3
PI/NFV,32,CV-min,0.043651583224016584,725.0829462870306,1.3920230300431182,P14,1,-0.025664724972194172,0.974661814601315,226,0.11776967170401251,2,3
PI/NFV,33,CV-min,0.043651583224016584,725.0829462870306,1.3920230300431182,P36 & P73,2,0.022838839953091786,1.0231016431514168,169,0.0880667014069828,1,3
PI/NFV,34,CV-min,0.043651583224016584,725.0829462870306,1.3920230300431182,P54 & P62 & P82,3,0.02237666307889796,1.0226288984862435,249,0.12975508077123502,0,3
PI/NFV,35,CV-min,0.043651583224016584,725.0829462870306,1.3920230300431182,P37 & P46 & P63 & P71,4,-0.020660654199230657,0.9795513148007583,198,0.10317873892652424,1,3
PI/NFV,36,CV-min,0.043651583224016584,725.0829462870306,1.3920230300431182,P36 & P37 & P63,3,0.019822405174541396,1.0200201736354242,314,0.16362688900468994,1,3
PI/NFV,37,CV-min,0.043651583224016584,725.0829462870306,1.3920230300431182,P48 & P54 & P77 & P82,4,0.016343730527744457,1.0164780198904095,43,0.022407503908285567,0,3
PI/NFV,38,CV-min,0.043651583224016584,725.0829462870306,1.3920230300431182,P37 & P46 & P71 & P90,4,-0.01532391575049162,0.9847928980039169,139,0.07243355914538822,2,3
PI/NFV,39,CV-min,0.043651583224016584,725.0829462870306,1.3920230300431182,P46 & P63 & P71 & P93,4,-0.01235850017689768,0.9877175524651575,261,0.13600833767587284,0,3
PI/NFV,40,CV-min,0.043651583224016584,725.0829462870306,1.3920230300431182,P46 & P63 & P72,3,0.008862801807270998,1.0089021927204953,214,0.11151641479937467,1,3
PI/NFV,41,CV-min,0.043651583224016584,725.0829462870306,1.3920230300431182,P54 & P62,2,0.008822552766811905,1.0088615861925136,347,0.18082334549244397,1,3
PI/NFV,42,CV-min,0.043651583224016584,725.0829462870306,1.3920230300431182,P10 & P46 & P47 & P54,4,-0.0070167576626835836,0.9930078023040133,72,0.03751954142782699,1,3
PI/NFV,43,CV-min,0.043651583224016584,725.0829462870306,1.3920230300431182,P10 & P54 & P62 & P64,4,0.0031556662304898816,1.0031606505867783,69,0.03595622720166754,1,3
PI/NFV,44,CV-min,0.043651583224016584,725.0829462870306,1.3920230300431182,P10 & P15 & P90,3,0.0024458330926545257,1.002448826582441,138,0.07191245440333507,1,3
PI/SQV,1,CV-min,0.06918309709189366,1137.0590505373807,1.025905599044238,P48 & P82,2,1.0084772941307023,2.7414234536423985,82,0.04373333333333333,3,3
PI/SQV,2,CV-min,0.06918309709189366,1137.0590505373807,1.025905599044238,P84,1,0.9125509325570086,2.4906679625573256,363,0.1936,3,3
PI/SQV,3,CV-min,0.06918309709189366,1137.0590505373807,1.025905599044238,P10,1,0.6501375509542008,1.9158043316048385,1012,0.5397333333333333,3,3
PI/SQV,4,CV-min,0.06918309709189366,1137.0590505373807,1.025905599044238,P54,1,0.6258584461213654,1.869850434508166,658,0.3509333333333333,3,3
PI/SQV,5,CV-min,0.06918309709189366,1137.0590505373807,1.025905599044238,P90,1,0.4124275806847373,1.5104801504084666,647,0.3450666666666667,3,3
PI/SQV,6,CV-min,0.06918309709189366,1137.0590505373807,1.025905599044238,P71,1,0.3248673249758265,1.383847031862112,882,0.4704,2,3
PI/SQV,7,CV-min,0.06918309709189366,1137.0590505373807,1.025905599044238,P88 & P90,2,0.28076557699350724,1.3241431579287275,67,0.03573333333333333,1,3
PI/SQV,8,CV-min,0.06918309709189366,1137.0590505373807,1.025905599044238,P48,1,0.23387522010308587,1.2634868246153816,91,0.04853333333333333,3,3
PI/SQV,9,CV-min,0.06918309709189366,1137.0590505373807,1.025905599044238,P53 & P63,2,0.22629906779575243,1.2539506254556727,128,0.06826666666666667,3,3
PI/SQV,10,CV-min,0.06918309709189366,1137.0590505373807,1.025905599044238,P10 & P32 & P33 & P54,4,-0.20109339846961727,0.8178360433517975,89,0.047466666666666664,1,3
PI/SQV,11,CV-min,0.06918309709189366,1137.0590505373807,1.025905599044238,P73,1,0.1945134554940892,1.2147198274305393,325,0.17333333333333334,3,3
PI/SQV,12,CV-min,0.06918309709189366,1137.0590505373807,1.025905599044238,P20,1,0.19149873159269482,1.2110632970174855,576,0.3072,3,3
PI/SQV,13,CV-min,0.06918309709189366,1137.0590505373807,1.025905599044238,P24 & P63,2,0.11976613940963646,1.1272332053294678,136,0.07253333333333334,3,3
PI/SQV,14,CV-min,0.06918309709189366,1137.0590505373807,1.025905599044238,P46 & P73,2,0.06981563622268566,1.0723104678208777,219,0.1168,2,3
PI/SQV,15,CV-min,0.06918309709189366,1137.0590505373807,1.025905599044238,P36 & P71,2,0.06063512883756646,1.062511163768601,483,0.2576,2,3
PI/SQV,16,CV-min,0.06918309709189366,1137.0590505373807,1.025905599044238,P35 & P36 & P63,3,0.05200611116608083,1.0533821798871428,443,0.23626666666666668,1,3
PI/SQV,17,CV-min,0.06918309709189366,1137.0590505373807,1.025905599044238,P36 & P90,2,0.04568363176313137,1.0467432022663898,356,0.18986666666666666,1,3
PI/SQV,18,CV-min,0.06918309709189366,1137.0590505373807,1.025905599044238,P10 & P32,2,-0.038974917580461316,0.9617748324836797,155,0.08266666666666667,0,3
PI/SQV,19,CV-min,0.06918309709189366,1137.0590505373807,1.025905599044238,P33 & P63,2,0.03799435144461327,1.0387253655641677,406,0.21653333333333333,1,3
PI/SQV,20,CV-min,0.06918309709189366,1137.0590505373807,1.025905599044238,P46 & P84,2,0.03520507199680507,1.0358321071789731,244,0.13013333333333332,2,3
PI/SQV,21,CV-min,0.06918309709189366,1137.0590505373807,1.025905599044238,P36 & P37 & P63,3,0.011569482716218018,1.0116366680311617,305,0.16266666666666665,1,3
PI/SQV,22,CV-min,0.06918309709189366,1137.0590505373807,1.025905599044238,P35 & P36 & P37 & P63,4,0.0047374912253829865,1.0047487308791825,229,0.12213333333333333,1,3
PI/SQV,23,CV-min,0.06918309709189366,1137.0590505373807,1.025905599044238,P46 & P63,2,0.00015420704484563053,1.0001542189353632,657,0.3504,1,3
PI/TPV,1,CV-min,0.19952623149688797,558.159075716888,0.7931011518912037,P63 & P84,2,0.7372439835097255,2.090167034318379,222,0.20126926563916592,3,3
PI/TPV,2,CV-min,0.19952623149688797,558.159075716888,0.7931011518912037,P10 & P13 & P33 & P82,4,0.416034505485321,1.5159381761506043,120,0.10879419764279238,2,3
PI/TPV,3,CV-min,0.19952623149688797,558.159075716888,0.7931011518912037,P47,1,0.3074100044086678,1.359898418132455,100,0.09066183136899365,3,3
PI/TPV,4,CV-min,0.19952623149688797,558.159075716888,0.7931011518912037,P47 & P71,2,0.2960099197431363,1.344483493696812,85,0.0770625566636446,3,3
PI/TPV,5,CV-min,0.19952623149688797,558.159075716888,0.7931011518912037,P36 & P46,2,0.20549720876285543,1.2281355529395108,264,0.23934723481414324,1,3
PI/TPV,6,CV-min,0.19952623149688797,558.159075716888,0.7931011518912037,P89 & P90,2,0.19045586997538044,1.2098009839122346,88,0.07978241160471441,0,3
PI/TPV,7,CV-min,0.19952623149688797,558.159075716888,0.7931011518912037,P35 & P36 & P84,3,0.18857452964308702,1.2075270761949992,97,0.08794197642792384,2,3
PI/TPV,8,CV-min,0.19952623149688797,558.159075716888,0.7931011518912037,P34 & P46 & P63,3,0.18111164508408462,1.1985489839258359,59,0.05349048050770626,0,3
PI/TPV,9,CV-min,0.19952623149688797,558.159075716888,0.7931011518912037,P33,1,0.17611905934088504,1.1925800379917944,344,0.3118766999093382,2,3
PI/TPV,10,CV-min,0.19952623149688797,558.159075716888,0.7931011518912037,P36 & P46 & P71,3,0.15175692283795233,1.163877290055966,228,0.20670897552130554,1,3
PI/TPV,11,CV-min,0.19952623149688797,558.159075716888,0.7931011518912037,P36 & P63 & P71,3,0.13150267811230631,1.140540962215068,335,0.30371713508612874,2,3
PI/TPV,12,CV-min,0.19952623149688797,558.159075716888,0.7931011518912037,P10 & P15 & P54 & P82,4,0.13056917177703473,1.1394767567997341,92,0.08340888485947416,0,3
PI/TPV,13,CV-min,0.19952623149688797,558.159075716888,0.7931011518912037,P10 & P63 & P82 & P84,4,0.1273324488408097,1.1357945486042487,72,0.06527651858567543,1,3
PI/TPV,14,CV-min,0.19952623149688797,558.159075716888,0.7931011518912037,P36 & P46 & P63 & P71,4,0.12671363738522126,1.1350919233450782,224,0.20308250226654578,1,3
PI/TPV,15,CV-min,0.19952623149688797,558.159075716888,0.7931011518912037,P35 & P36 & P63,3,0.12546037011773084,1.1336702408521075,316,0.28649138712601996,2,3
PI/TPV,16,CV-min,0.19952623149688797,558.159075716888,0.7931011518912037,P54 & P63 & P84,3,0.11515600225768687,1.1220484660130996,165,0.14959202175883954,1,3
PI/TPV,17,CV-min,0.19952623149688797,558.159075716888,0.7931011518912037,P36 & P47 & P71,3,0.10607671561439803,1.1119071738766664,62,0.056210335448776065,1,3
PI/TPV,18,CV-min,0.19952623149688797,558.159075716888,0.7931011518912037,P13 & P71,2,0.09753729387565048,1.102452555525188,251,0.22756119673617406,1,3
PI/TPV,19,CV-min,0.19952623149688797,558.159075716888,0.7931011518912037,P35 & P36 & P54,3,0.061330543026625196,1.0632503060831584,228,0.20670897552130554,1,3
PI/TPV,20,CV-min,0.19952623149688797,558.159075716888,0.7931011518912037,P36 & P46 & P47 & P71,4,0.06112770371317936,1.0630346589926447,57,0.051677243880326386,0,3
PI/TPV,21,CV-min,0.19952623149688797,558.159075716888,0.7931011518912037,P34 & P36 & P46 & P63,4,0.053743434913200425,1.0552138363925185,36,0.032638259292837715,1,3
PI/TPV,22,CV-min,0.19952623149688797,558.159075716888,0.7931011518912037,P37 & P54,2,0.05094982462176432,1.0522700939086327,200,0.1813236627379873,0,3
PI/TPV,23,CV-min,0.19952623149688797,558.159075716888,0.7931011518912037,P10 & P33 & P82,3,0.048531519021464534,1.0497284577126955,195,0.1767905711695376,2,3
PI/TPV,24,CV-min,0.19952623149688797,558.159075716888,0.7931011518912037,P33 & P63 & P71,3,0.018289576205487764,1.0184578548538976,268,0.242973708068903,1,3
PI/TPV,25,CV-min,0.19952623149688797,558.159075716888,0.7931011518912037,P33 & P89 & P90,3,0.012363483975231617,1.012440227790757,63,0.057116953762466005,0,3
PI/TPV,26,CV-min,0.19952623149688797,558.159075716888,0.7931011518912037,P15 & P54 & P82,3,0.010497778351157734,1.0105530733484671,96,0.08703535811423391,0,3
PI/TPV,27,CV-min,0.19952623149688797,558.159075716888,0.7931011518912037,P63 & P71 & P90,3,0.00891316593806481,1.0089530064820724,339,0.3073436083408885,1,3
PI/TPV,28,CV-min,0.19952623149688797,558.159075716888,0.7931011518912037,P63 & P89 & P90,3,0.005755127388755413,1.0057717199498817,86,0.07796917497733455,1,3
PI/TPV,29,CV-min,0.19952623149688797,558.159075716888,0.7931011518912037,P33 & P82,2,0.004268180283093435,1.0042773019375626,208,0.1885766092475068,0,3
INI/BIC,1,CV-min,0.3311311214825911,86.22012676427055,0.5757892947476968,P138,1,0.9967331178038926,2.7094160116242847,38,0.14728682170542637,3,3
INI/BIC,2,CV-min,0.3311311214825911,86.22012676427055,0.5757892947476968,P148,1,0.4023389278806847,1.4953180517788152,93,0.36046511627906974,2,3
INI/BIC,3,CV-min,0.3311311214825911,86.22012676427055,0.5757892947476968,P74,1,0.2450378386083842,1.2776696575320556,29,0.1124031007751938,1,3
INI/BIC,4,CV-min,0.3311311214825911,86.22012676427055,0.5757892947476968,P140 & P148,2,0.0979410515011305,1.1028977690243358,70,0.2713178294573643,2,3
INI/CAB,1,CV-min,0.5011872336272722,210.904863565447,2.4648509207871703,P138 & P140 & P148,3,0.9893130854534291,2.6893864590282544,14,0.24561403508771928,3,3
INI/DTG,1,CV-min,0.05011872336272722,27.4968925649103,0.1257509434868247,P118,1,1.8308896438699274,6.239435065263369,16,0.04804804804804805,3,3
INI/DTG,2,CV-min,0.05011872336272722,27.4968925649103,0.1257509434868247,P138,1,0.718908230137102,2.0521914663362804,27,0.08108108108108109,2,3
INI/DTG,3,CV-min,0.05011872336272722,27.4968925649103,0.1257509434868247,P155,1,0.7142679084854351,2.042690698199722,26,0.07807807807807808,2,3
INI/DTG,4,CV-min,0.05011872336272722,27.4968925649103,0.1257509434868247,P140 & P148,2,0.713511696518123,2.0411465749640456,45,0.13513513513513514,3,3
INI/DTG,5,CV-min,0.05011872336272722,27.4968925649103,0.1257509434868247,P101 & P112 & P124,3,0.5746292319001661,1.7764717457404864,17,0.05105105105105105,2,3
INI/DTG,6,CV-min,0.05011872336272722,27.4968925649103,0.1257509434868247,P147,1,0.5020407274437322,1.6520892968871819,8,0.024024024024024024,2,3
INI/DTG,7,CV-min,0.05011872336272722,27.4968925649103,0.1257509434868247,P148,1,0.47707339800387816,1.6113517097129946,75,0.22522522522522523,3,3
INI/DTG,8,CV-min,0.05011872336272722,27.4968925649103,0.1257509434868247,P74,1,0.46705365120748155,1.5952869901943665,31,0.09309309309309309,2,3
INI/DTG,9,CV-min,0.05011872336272722,27.4968925649103,0.1257509434868247,P97 & P143,2,0.4606376827622433,1.5850844438106744,6,0.018018018018018018,2,3
INI/DTG,10,CV-min,0.05011872336272722,27.4968925649103,0.1257509434868247,P140,1,0.4582239237414605,1.5812630457580972,56,0.16816816816816818,2,3
INI/DTG,11,CV-min,0.05011872336272722,27.4968925649103,0.1257509434868247,P124 & P140 & P148,3,0.44604965213086045,1.5621290276430924,14,0.042042042042042045,2,3
INI/DTG,12,CV-min,0.05011872336272722,27.4968925649103,0.1257509434868247,P119 & P140,2,0.38931378031443836,1.4759676082604023,6,0.018018018018018018,1,3
INI/DTG,13,CV-min,0.05011872336272722,27.4968925649103,0.1257509434868247,P138 & P148,2,0.3682169894210935,1.4451555884287146,18,0.05405405405405406,3,3
INI/DTG,14,CV-min,0.05011872336272722,27.4968925649103,0.1257509434868247,P97,1,0.3514430587916107,1.4211168247525123,37,0.1111111111111111,2,3
INI/DTG,15,CV-min,0.05011872336272722,27.4968925649103,0.1257509434868247,P101 & P124 & P156,3,0.2117178076481406,1.2357991028137256,6,0.018018018018018018,2,3
INI/DTG,16,CV-min,0.05011872336272722,27.4968925649103,0.1257509434868247,P157,1,0.2048438717407251,1.227333428571886,15,0.04504504504504504,2,3
INI/DTG,17,CV-min,0.05011872336272722,27.4968925649103,0.1257509434868247,P218,1,-0.172369274013042,0.8416683095407884,14,0.042042042042042045,0,3
INI/DTG,18,CV-min,0.05011872336272722,27.4968925649103,0.1257509434868247,P201,1,-0.1644534434207627,0.8483572526365941,40,0.12012012012012012,2,3
INI/DTG,19,CV-min,0.05011872336272722,27.4968925649103,0.1257509434868247,P17 & P119 & P124 & P125,4,0.1500277624320787,1.1618664985202811,6,0.018018018018018018,0,3
INI/DTG,20,CV-min,0.05011872336272722,27.4968925649103,0.1257509434868247,P72 & P118,2,0.1475299668784768,1.1589680149630344,7,0.021021021021021023,1,3
INI/DTG,21,CV-min,0.05011872336272722,27.4968925649103,0.1257509434868247,P24 & P125,2,-0.12224624747485356,0.8849304297865431,10,0.03003003003003003,0,3
INI/DTG,22,CV-min,0.05011872336272722,27.4968925649103,0.1257509434868247,P17 & P119 & P124,3,0.12154427535262267,1.1292393622893069,10,0.03003003003003003,1,3
INI/DTG,23,CV-min,0.05011872336272722,27.4968925649103,0.1257509434868247,P125 & P140,2,0.11765253979545416,1.124853201734946,10,0.03003003003003003,1,3
INI/DTG,24,CV-min,0.05011872336272722,27.4968925649103,0.1257509434868247,P113,1,0.05212871391891116,1.0535113353594256,25,0.07507507507507508,1,3
INI/DTG,25,CV-min,0.05011872336272722,27.4968925649103,0.1257509434868247,P101 & P112,2,0.04876943104100131,1.049978230440824,23,0.06906906906906907,0,3
INI/DTG,26,CV-min,0.05011872336272722,27.4968925649103,0.1257509434868247,P74 & P119,2,-0.002689602048941908,0.9973140116900829,13,0.03903903903903904,1,3
INI/DTG,27,CV-min,0.05011872336272722,27.4968925649103,0.1257509434868247,P17 & P125,2,0.002217578007747503,1.002220038652412,17,0.05105105105105105,0,3
INI/EVG,1,CV-min,0.047863009232263824,362.57254524257047,2.2253237311631384,P148,1,1.8533090006958801,6.380899026640419,117,0.17256637168141592,3,3
INI/EVG,2,CV-min,0.047863009232263824,362.57254524257047,2.2253237311631384,P92,1,1.246496727981752,3.4781367299962707,38,0.05604719764011799,3,3
INI/EVG,3,CV-min,0.047863009232263824,362.57254524257047,2.2253237311631384,P155,1,1.1555872058862922,3.1758877700874293,44,0.06489675516224189,3,3
INI/EVG,4,CV-min,0.047863009232263824,362.57254524257047,2.2253237311631384,P66,1,0.48264239101281725,1.620350349543747,27,0.03982300884955752,3,3
INI/EVG,5,CV-min,0.047863009232263824,362.57254524257047,2.2253237311631384,P140 & P148,2,0.4531189774409981,1.5732113520405315,77,0.11356932153392331,3,3
INI/EVG,6,CV-min,0.047863009232263824,362.57254524257047,2.2253237311631384,P97,1,0.4468408031726658,1.5633653966635768,73,0.10766961651917405,3,3
INI/EVG,7,CV-min,0.047863009232263824,362.57254524257047,2.2253237311631384,P101,1,-0.19216683406063823,0.8251691906805327,174,0.25663716814159293,3,3
INI/EVG,8,CV-min,0.047863009232263824,362.57254524257047,2.2253237311631384,P232,1,0.10593822864373802,1.1117531998824433,95,0.140117994100295,2,3
INI/EVG,9,CV-min,0.047863009232263824,362.57254524257047,2.2253237311631384,P201,1,-0.09077767385094807,0.9132207211773568,146,0.2153392330383481,2,3
INI/EVG,10,CV-min,0.047863009232263824,362.57254524257047,2.2253237311631384,P138 & P148,2,0.05433107780154239,1.0558341075302664,33,0.048672566371681415,3,3
INI/EVG,11,CV-min,0.047863009232263824,362.57254524257047,2.2253237311631384,P125,1,-0.051369613368183104,0.9499274997350075,116,0.1710914454277286,2,3
INI/RAL,1,CV-min,0.12589254117941673,673.6192822701564,2.030117384480005,P148,1,1.736539555119868,5.6776621524098445,104,0.1536189069423929,3,3
INI/RAL,2,CV-min,0.12589254117941673,673.6192822701564,2.030117384480005,P155,1,1.0003912302529523,2.719345510605139,44,0.06499261447562776,3,3
INI/RAL,3,CV-min,0.12589254117941673,673.6192822701564,2.030117384480005,P97 & P143,2,0.9589807295403804,2.609035804559203,46,0.06794682422451995,3,3
INI/RAL,4,CV-min,0.12589254117941673,673.6192822701564,2.030117384480005,P140 & P148,2,0.6461363456019336,1.9081541202989634,56,0.0827178729689808,3,3
INI/RAL,5,CV-min,0.12589254117941673,673.6192822701564,2.030117384480005,P143,1,0.5272870755013019,1.6943294799232873,91,0.1344165435745938,3,3
INI/RAL,6,CV-min,0.12589254117941673,673.6192822701564,2.030117384480005,P97,1,0.2975090520414352,1.3465005638765064,77,0.1137370753323486,2,3
INI/RAL,7,CV-min,0.12589254117941673,673.6192822701564,2.030117384480005,P124,1,-0.2121621018602248,0.8088335735121818,253,0.37370753323485967,3,3
INI/RAL,8,CV-min,0.12589254117941673,673.6192822701564,2.030117384480005,P143 & P230,2,0.025088701212681367,1.0254060712526603,22,0.03249630723781388,2,3
CAI/LEN,1,CV-min,0.038018939632056124,75.98751925598057,2.776896827164302,P66,1,1.7566440443656808,5.792963806904228,37,0.29365079365079366,3,3
CAI/LEN,2,CV-min,0.038018939632056124,75.98751925598057,2.776896827164302,P56,1,1.3497938293627363,3.8566303247939837,2,0.015873015873015872,1,3
CAI/LEN,3,CV-min,0.038018939632056124,75.98751925598057,2.776896827164302,P67 & P107,2,0.8748146379812789,2.3984306748089734,7,0.05555555555555555,3,3
CAI/LEN,4,CV-min,0.038018939632056124,75.98751925598057,2.776896827164302,P70 & P74,2,0.6379509774181435,1.8925989256207731,2,0.015873015873015872,1,3
CAI/LEN,5,CV-min,0.038018939632056124,75.98751925598057,2.776896827164302,P67 & P74,2,0.5051378523886433,1.657213955617598,7,0.05555555555555555,2,3
CAI/LEN,6,CV-min,0.038018939632056124,75.98751925598057,2.776896827164302,P74,1,0.40680394378234164,1.502009598472148,21,0.16666666666666666,2,3
CAI/LEN,7,CV-min,0.038018939632056124,75.98751925598057,2.776896827164302,P66 & P74,2,-0.33515982803925026,0.7152237644049869,8,0.06349206349206349,2,3
CAI/LEN,8,CV-min,0.038018939632056124,75.98751925598057,2.776896827164302,P70,1,0.3053259958006622,1.3570673291545936,40,0.31746031746031744,3,3
CAI/LEN,9,CV-min,0.038018939632056124,75.98751925598057,2.776896827164302,P66 & P67 & P74,3,-0.15756157209614957,0.8542242156136747,2,0.015873015873015872,1,3
CAI/LEN,10,CV-min,0.038018939632056124,75.98751925598057,2.776896827164302,P66 & P67,2,-0.02552427711561256,0.9747987133774125,9,0.07142857142857142,1,3
